{"type": "FeatureCollection", "features": [{"type": "Feature", "id": "voimaantulleetkaavatmal_2020_2023.fid-7dddb29f_19d8b225a81_12a9", "geometry": {"type": "Polygon", "coordinates": [[[24.76162163, 60.17458836], [24.76162579, 60.17476818], [24.76162924, 60.17491752], [24.763258, 60.17650457], [24.76514683, 60.17606955], [24.76514117, 60.17582548], [24.76512251, 60.17502247], [24.76511665, 60.1747702], [24.76511373, 60.17464456], [24.76511092, 60.17452339], [24.76532004, 60.17452219], [24.76570384, 60.1744289], [24.76567022, 60.17347764], [24.76663518, 60.17317434], [24.76718792, 60.1730006], [24.76718395, 60.17283009], [24.76718383, 60.17282719], [24.76717884, 60.17280197], [24.76716674, 60.17277735], [24.76714783, 60.17275382], [24.76712244, 60.17273184], [24.76709109, 60.17271188], [24.76705443, 60.17269431], [24.76701314, 60.17267949], [24.76696809, 60.17266772], [24.76692014, 60.17265922], [24.76687029, 60.17265418], [24.7668195, 60.17265268], [24.76481552, 60.17266424], [24.76421672, 60.17266768], [24.7634486, 60.1726721], [24.76327474, 60.1726731], [24.76277037, 60.172676], [24.76267537, 60.17274929], [24.7623157, 60.17275626], [24.76182663, 60.17317108], [24.76159832, 60.1735803], [24.76160757, 60.17397984], [24.76162163, 60.17458836]]]}, "geometry_name": "geom", "properties": {"id": 1, "kuntanimi": "Espoo", "kaavatun": "211835", "kaavanimi": "Vuoritonttu", "vtulvuosi": "2020", "netkrostal": 55660, "netrivketj": 0, "neterillis": 0, "netyhteens": 55660, "brutyhteen": 57700}}, {"type": "Feature", "id": "voimaantulleetkaavatmal_2020_2023.fid-7dddb29f_19d8b225a81_12aa", "geometry": {"type": "Polygon", "coordinates": [[[24.76854137, 60.16140184], [24.76782108, 60.16151685], [24.76775627, 60.16229971], [24.76933331, 60.16235613], [24.76943254, 60.16235932], [24.76966194, 60.1621512], [24.77076589, 60.16114973], [24.77098976, 60.16114843], [24.77084901, 60.16107565], [24.77079947, 60.16102605], [24.77051408, 60.16073718], [24.76918992, 60.16033688], [24.76854137, 60.16140184]]]}, "geometry_name": "geom", "properties": {"id": 2, "kuntanimi": "Espoo", "kaavatun": "230964", "kaavanimi": "Haukilahti", "vtulvuosi": "2020", "netkrostal": 5645, "netrivketj": 0, "neterillis": 0, "netyhteens": 5645, "brutyhteen": 19500}}, {"type": "Feature", "id": "voimaantulleetkaavatmal_2020_2023.fid-7dddb29f_19d8b225a81_12ab", "geometry": {"type": "Polygon", "coordinates": [[[24.75734481, 60.16979833], [24.75689941, 60.170446], [24.75723151, 60.17045925], [24.75749114, 60.17046944], [24.75880164, 60.17052352], [24.75921454, 60.17054057], [24.76126107, 60.17062499], [24.76142117, 60.1706297], [24.76140233, 60.17055658], [24.76132554, 60.1702584], [24.76128508, 60.17010138], [24.76089564, 60.17008532], [24.76091646, 60.16993334], [24.76010015, 60.16989516], [24.75947117, 60.16987396], [24.75835616, 60.16983599], [24.75826722, 60.16983194], [24.75816661, 60.16982398], [24.75806739, 60.16981249], [24.75797006, 60.16979753], [24.75787509, 60.16977919], [24.75778294, 60.16975755], [24.7576941, 60.16973272], [24.757609, 60.16970483], [24.75752807, 60.16967401], [24.75745633, 60.16963977], [24.75762004, 60.16955497], [24.75753876, 60.1695163], [24.75734481, 60.16979833]]]}, "geometry_name": "geom", "properties": {"id": 3, "kuntanimi": "Espoo", "kaavatun": "212308", "kaavanimi": "Niittykumpu I", "vtulvuosi": "2020", "netkrostal": 14650, "netrivketj": 0, "neterillis": 0, "netyhteens": 14650, "brutyhteen": 14850}}, {"type": "Feature", "id": "voimaantulleetkaavatmal_2020_2023.fid-7dddb29f_19d8b225a81_12ac", "geometry": {"type": "Polygon", "coordinates": [[[24.80358612, 60.18429321], [24.80355785, 60.18449016], [24.80553515, 60.18456051], [24.80562974, 60.18456387], [24.80567468, 60.18456547], [24.80584054, 60.18457052], [24.80589796, 60.18445338], [24.80586212, 60.18433172], [24.8057805, 60.18435788], [24.80568506, 60.18432405], [24.80566418, 60.18433867], [24.80562775, 60.18434048], [24.80521903, 60.1842573], [24.80509602, 60.18434693], [24.80490873, 60.18434026], [24.80358612, 60.18429321]]]}, "geometry_name": "geom", "properties": {"id": 4, "kuntanimi": "Espoo", "kaavatun": "210211", "kaavanimi": "Mimerkinkuja", "vtulvuosi": "2020", "netkrostal": 5600, "netrivketj": 0, "neterillis": 0, "netyhteens": 5600, "brutyhteen": 5600}}, {"type": "Feature", "id": "voimaantulleetkaavatmal_2020_2023.fid-7dddb29f_19d8b225a81_12ad", "geometry": {"type": "Polygon", "coordinates": [[[24.80167893, 60.1739798], [24.80152587, 60.17425018], [24.80151087, 60.17427669], [24.8015057, 60.17428823], [24.80150279, 60.1743078], [24.80150705, 60.1743273], [24.80151836, 60.17434609], [24.80153631, 60.17436355], [24.80158864, 60.1743709], [24.80137255, 60.17475263], [24.80138643, 60.17475178], [24.80142579, 60.17475181], [24.80146453, 60.17475539], [24.80205512, 60.17483835], [24.80256731, 60.17491031], [24.80270605, 60.1749298], [24.80291678, 60.17455749], [24.80277805, 60.174538], [24.80307042, 60.17402142], [24.80324383, 60.17404578], [24.80330249, 60.17394215], [24.80273724, 60.17386274], [24.80275925, 60.17382386], [24.80200499, 60.17371789], [24.80200425, 60.17371778], [24.80197177, 60.17371129], [24.80194261, 60.17370164], [24.801918, 60.17368922], [24.8017917, 60.17391236], [24.801771, 60.17391815], [24.80173983, 60.17393014], [24.80171355, 60.17394474], [24.80169302, 60.17396149], [24.80167893, 60.1739798]]]}, "geometry_name": "geom", "properties": {"id": 5, "kuntanimi": "Espoo", "kaavatun": "210431", "kaavanimi": "Tapiolan keskus", "vtulvuosi": "2020", "netkrostal": 8650, "netrivketj": 0, "neterillis": 0, "netyhteens": 8650, "brutyhteen": 13690}}, {"type": "Feature", "id": "voimaantulleetkaavatmal_2020_2023.fid-7dddb29f_19d8b225a81_12ae", "geometry": {"type": "Polygon", "coordinates": [[[24.67396222, 60.14379699], [24.67354558, 60.14403972], [24.67349867, 60.14406705], [24.67345176, 60.14409438], [24.67355273, 60.14413225], [24.67374325, 60.14420347], [24.67401273, 60.14430422], [24.67439041, 60.14399393], [24.6743954, 60.14398972], [24.67442004, 60.1439648], [24.67443804, 60.14393853], [24.67444913, 60.14391131], [24.67445308, 60.14388359], [24.67444986, 60.14385587], [24.67443951, 60.14382858], [24.6744222, 60.14380217], [24.67409456, 60.14371988], [24.67404635, 60.14374797], [24.67396222, 60.14379699]]]}, "geometry_name": "geom", "properties": {"id": 6, "kuntanimi": "Espoo", "kaavatun": "411124", "kaavanimi": "Yläkartanonristi", "vtulvuosi": "2020", "netkrostal": 2050, "netrivketj": -764, "neterillis": 0, "netyhteens": 1286, "brutyhteen": 2050}}, {"type": "Feature", "id": "voimaantulleetkaavatmal_2020_2023.fid-7dddb29f_19d8b225a81_12af", "geometry": {"type": "Polygon", "coordinates": [[[24.75834616, 60.20903831], [24.75820174, 60.20936127], [24.75820135, 60.20936216], [24.75819831, 60.20937808], [24.75820243, 60.20939395], [24.75821352, 60.20940897], [24.75823101, 60.2094224], [24.75825403, 60.20943356], [24.75828145, 60.2094419], [24.75857632, 60.20951052], [24.75863755, 60.20952521], [24.75879778, 60.20956638], [24.75895458, 60.2096107], [24.75910769, 60.20965812], [24.75925689, 60.20970853], [24.75926124, 60.20971002], [24.75937421, 60.20975083], [24.7596412, 60.20985263], [24.76011453, 60.21003308], [24.76050165, 60.21018068], [24.76122476, 60.20971098], [24.76134761, 60.20932945], [24.76115171, 60.20872743], [24.75848266, 60.20873306], [24.75834616, 60.20903831]]]}, "geometry_name": "geom", "properties": {"id": 7, "kuntanimi": "Espoo", "kaavatun": "130133", "kaavanimi": "Nihtisilta", "vtulvuosi": "2020", "netkrostal": 18200, "netrivketj": 0, "neterillis": 0, "netyhteens": 18200, "brutyhteen": 18200}}, {"type": "Feature", "id": "voimaantulleetkaavatmal_2020_2023.fid-7dddb29f_19d8b225a81_12b0", "geometry": {"type": "Polygon", "coordinates": [[[24.81857377, 60.2235479], [24.81825613, 60.22374454], [24.81892946, 60.22402084], [24.81900374, 60.22401473], [24.81928816, 60.22384637], [24.81857377, 60.2235479]]]}, "geometry_name": "geom", "properties": {"id": 8, "kuntanimi": "Espoo", "kaavatun": "110211", "kaavanimi": "Vallikallio I", "vtulvuosi": "2020", "netkrostal": 3000, "netrivketj": 0, "neterillis": 0, "netyhteens": 3000, "brutyhteen": 3000}}, {"type": "Feature", "id": "voimaantulleetkaavatmal_2020_2023.fid-7dddb29f_19d8b225a81_12b1", "geometry": {"type": "Polygon", "coordinates": [[[24.81089317, 60.21139934], [24.81117693, 60.21173585], [24.81234832, 60.21175377], [24.81237677, 60.21171769], [24.81241857, 60.21165682], [24.8124535, 60.21159488], [24.81248142, 60.21153206], [24.81250225, 60.21146857], [24.81251594, 60.2114046], [24.81252244, 60.21134035], [24.81252175, 60.21127601], [24.81251383, 60.2112118], [24.81249874, 60.21114791], [24.8124765, 60.21108454], [24.81244721, 60.21102188], [24.81225687, 60.21106117], [24.81179962, 60.21115459], [24.81122575, 60.21127186], [24.81085124, 60.21134839], [24.81087968, 60.21138335], [24.81089317, 60.21139934]]]}, "geometry_name": "geom", "properties": {"id": 9, "kuntanimi": "Espoo", "kaavatun": "118300", "kaavanimi": "Leirimetsänrinne", "vtulvuosi": "2020", "netkrostal": 3200, "netrivketj": 0, "neterillis": 0, "netyhteens": 3200, "brutyhteen": 3200}}, {"type": "Feature", "id": "voimaantulleetkaavatmal_2020_2023.fid-7dddb29f_19d8b225a81_12b2", "geometry": {"type": "Polygon", "coordinates": [[[24.60326457, 60.18281358], [24.60285197, 60.18316624], [24.60279755, 60.18321276], [24.60301215, 60.18347494], [24.60325357, 60.18341462], [24.60368365, 60.18329142], [24.60349633, 60.18321772], [24.6037381, 60.18311611], [24.60363304, 60.18305421], [24.60326457, 60.18281358]]]}, "geometry_name": "geom", "properties": {"id": 10, "kuntanimi": "Espoo", "kaavatun": "521302", "kaavanimi": "Kurtinmalmi", "vtulvuosi": "2020", "netkrostal": 0, "netrivketj": 0, "neterillis": 46, "netyhteens": 46, "brutyhteen": 290}}, {"type": "Feature", "id": "voimaantulleetkaavatmal_2020_2023.fid-7dddb29f_19d8b225a81_12b3", "geometry": {"type": "Polygon", "coordinates": [[[24.60146531, 60.18269596], [24.60125258, 60.18290506], [24.60104119, 60.18285954], [24.60044827, 60.18273183], [24.60043694, 60.18272939], [24.60042918, 60.18276481], [24.60041948, 60.18280942], [24.60037109, 60.18298911], [24.60080993, 60.18309199], [24.60098929, 60.18313403], [24.60132937, 60.18321375], [24.60176622, 60.18277462], [24.60146531, 60.18269596]]]}, "geometry_name": "geom", "properties": {"id": 11, "kuntanimi": "Espoo", "kaavatun": "521303", "kaavanimi": "Hans Westerlundin tie", "vtulvuosi": "2020", "netkrostal": 0, "netrivketj": 0, "neterillis": 0, "netyhteens": 0, "brutyhteen": 599}}, {"type": "Feature", "id": "voimaantulleetkaavatmal_2020_2023.fid-7dddb29f_19d8b225a81_12b4", "geometry": {"type": "Polygon", "coordinates": [[[24.74839799, 60.14914454], [24.74835108, 60.14908678], [24.74833095, 60.14906197], [24.7483173, 60.14904517], [24.74813775, 60.14885859], [24.74760119, 60.14825127], [24.74729508, 60.14809673], [24.74723274, 60.14806477], [24.74711507, 60.14803759], [24.74696801, 60.14800722], [24.74681836, 60.14798021], [24.74666641, 60.14795658], [24.74651247, 60.14793642], [24.74635759, 60.14791924], [24.74612632, 60.14789623], [24.74612119, 60.14793015], [24.74606861, 60.14827845], [24.74593545, 60.14916066], [24.74589548, 60.14918617], [24.74609295, 60.14919357], [24.74675766, 60.14923421], [24.74695651, 60.14918997], [24.74755238, 60.14921233], [24.74801525, 60.14922969], [24.74839799, 60.14914454]]]}, "geometry_name": "geom", "properties": {"id": 12, "kuntanimi": "Espoo", "kaavatun": "310106", "kaavanimi": "Nuotanvetäjä", "vtulvuosi": "2020", "netkrostal": 2010, "netrivketj": -130, "neterillis": 0, "netyhteens": 1880, "brutyhteen": 4200}}, {"type": "Feature", "id": "voimaantulleetkaavatmal_2020_2023.fid-7dddb29f_19d8b225a81_12b5", "geometry": {"type": "Polygon", "coordinates": [[[24.74243107, 60.20096554], [24.74194625, 60.20064737], [24.74191028, 60.20062744], [24.74184852, 60.2005976], [24.74178199, 60.20057045], [24.74174059, 60.20055487], [24.74068864, 60.20015928], [24.7404153, 60.20005649], [24.74020669, 60.19997805], [24.74019719, 60.19997423], [24.74014102, 60.19994905], [24.74008993, 60.19992133], [24.74004435, 60.19989131], [24.74000612, 60.19986049], [24.7399996, 60.19985488], [24.73996228, 60.19982694], [24.7399192, 60.19980113], [24.73987083, 60.19977776], [24.73981771, 60.1997571], [24.73976048, 60.19973937], [24.73969978, 60.19972478], [24.7396363, 60.1997135], [24.73957077, 60.19970565], [24.73950393, 60.19970133], [24.73943654, 60.19970059], [24.73936937, 60.19970342], [24.7393032, 60.19970981], [24.73875508, 60.19978383], [24.73869665, 60.19979258], [24.73861694, 60.1998077], [24.73854009, 60.19982611], [24.73846665, 60.19984769], [24.73839713, 60.19987228], [24.738332, 60.19989971], [24.73827178, 60.19992976], [24.73821687, 60.19996225], [24.73816764, 60.19999692], [24.73812449, 60.20003354], [24.73808767, 60.20007184], [24.7380575, 60.20011155], [24.73802633, 60.20015841], [24.73799228, 60.20020961], [24.73773547, 60.2001597], [24.73769188, 60.20014995], [24.73764521, 60.20013584], [24.73755734, 60.2001031], [24.73750215, 60.20008252], [24.73747194, 60.20007207], [24.73742692, 60.20006022], [24.73737899, 60.20005166], [24.73732911, 60.20004654], [24.73691718, 60.20001838], [24.73692214, 60.19996435], [24.73745788, 60.19963849], [24.73762672, 60.19962791], [24.73781401, 60.199514], [24.73772983, 60.19947971], [24.7375364, 60.1994009], [24.73745124, 60.1993662], [24.73648443, 60.19995425], [24.73632697, 60.19999278], [24.73646218, 60.20012972], [24.7360253, 60.20023663], [24.73687995, 60.20110207], [24.73691585, 60.20113598], [24.73696773, 60.20117817], [24.73702563, 60.20121837], [24.73708922, 60.20125639], [24.73715818, 60.20129201], [24.73723215, 60.20132504], [24.73746162, 60.20142028], [24.7376638, 60.20144319], [24.73780999, 60.20149572], [24.73783738, 60.20154594], [24.73785189, 60.20155073], [24.73803419, 60.20160863], [24.73822027, 60.20166349], [24.73840992, 60.20171522], [24.73860294, 60.20176376], [24.7387991, 60.20180909], [24.73885755, 60.20182135], [24.73897699, 60.20184351], [24.73909877, 60.20186228], [24.73922247, 60.20187759], [24.73934771, 60.20188939], [24.73947409, 60.20189764], [24.73960121, 60.20190233], [24.73972867, 60.20190343], [24.73985604, 60.20190095], [24.73998292, 60.20189489], [24.74010891, 60.20188526], [24.74023361, 60.2018721], [24.74035662, 60.20185546], [24.74047754, 60.20183538], [24.74059599, 60.20181193], [24.74071158, 60.20178517], [24.74074336, 60.20177712], [24.74085477, 60.20174628], [24.74096248, 60.20171236], [24.74106618, 60.20167546], [24.7413159, 60.20158116], [24.74188582, 60.20136597], [24.74194333, 60.20134425], [24.74219025, 60.20125101], [24.74224675, 60.20111658], [24.74227699, 60.20104464], [24.74228745, 60.20101977], [24.74243107, 60.20096554]], [[24.74164626, 60.20063189], [24.74148924, 60.200661], [24.74063252, 60.20081987], [24.74019323, 60.20090133], [24.74010129, 60.20075556], [24.73992388, 60.20078845], [24.73984966, 60.20086926], [24.73935108, 60.20096171], [24.73833098, 60.20078864], [24.73829926, 60.20077406], [24.7382464, 60.200746], [24.73819902, 60.20071559], [24.73815754, 60.20068312], [24.73812231, 60.20064888], [24.73809364, 60.20061315], [24.73807177, 60.20057625], [24.73805689, 60.20053849], [24.73804915, 60.20050021], [24.7380486, 60.20046173], [24.73805525, 60.2004234], [24.73806902, 60.20038554], [24.73808983, 60.20034848], [24.73822867, 60.20013975], [24.73824282, 60.20012014], [24.73827407, 60.20008494], [24.73831179, 60.20005136], [24.73835562, 60.20001967], [24.73840517, 60.19999015], [24.73846003, 60.19996305], [24.73851975, 60.19993861], [24.73858374, 60.19991704], [24.7386515, 60.19989854], [24.73872243, 60.19988325], [24.73879591, 60.19987132], [24.73932788, 60.19979947], [24.73936356, 60.19979498], [24.73941992, 60.19979092], [24.73947686, 60.19979042], [24.73953347, 60.19979351], [24.73958884, 60.19980012], [24.73964209, 60.19981016], [24.7396924, 60.19982347], [24.73973891, 60.19983982], [24.73978092, 60.19985895], [24.73981774, 60.19988058], [24.7398488, 60.19990434], [24.73988235, 60.19993212], [24.73992128, 60.19995984], [24.73997445, 60.19999205], [24.74003297, 60.20002187], [24.74009644, 60.20004907], [24.74015729, 60.20007195], [24.74159907, 60.20061413], [24.74164626, 60.20063189]]]}, "geometry_name": "geom", "properties": {"id": 13, "kuntanimi": "Espoo", "kaavatun": "331200", "kaavanimi": "Sepänkallio", "vtulvuosi": "2020", "netkrostal": 40552, "netrivketj": 0, "neterillis": 0, "netyhteens": 40552, "brutyhteen": 40552}}, {"type": "Feature", "id": "voimaantulleetkaavatmal_2020_2023.fid-7dddb29f_19d8b225a81_12b6", "geometry": {"type": "Polygon", "coordinates": [[[24.71931515, 60.32420019], [24.71903401, 60.3251151], [24.71917051, 60.32529296], [24.71937807, 60.32534605], [24.71925724, 60.3258755], [24.71998071, 60.32670458], [24.72061769, 60.32656789], [24.72113996, 60.3264133], [24.72170481, 60.32649203], [24.72194819, 60.3260626], [24.72224505, 60.3259918], [24.7218562, 60.32570797], [24.72194611, 60.32521765], [24.72126022, 60.3245282], [24.72078087, 60.32452195], [24.72026795, 60.32407363], [24.71977911, 60.32362872], [24.71959771, 60.32327106], [24.71893026, 60.32277889], [24.7190138, 60.32250492], [24.71903598, 60.3220632], [24.71870909, 60.32205887], [24.71823866, 60.3220632], [24.71819015, 60.32206435], [24.71813959, 60.32207065], [24.71808778, 60.32208032], [24.71804025, 60.32209365], [24.71799761, 60.32211128], [24.71796421, 60.32212861], [24.71792888, 60.32215462], [24.71781639, 60.32239504], [24.71738623, 60.32277447], [24.71720262, 60.3228945], [24.71632622, 60.32346746], [24.71605632, 60.32364389], [24.71618816, 60.32372606], [24.71636712, 60.32387987], [24.7171339, 60.32382935], [24.71715058, 60.32389163], [24.71745296, 60.32387395], [24.71757773, 60.32393897], [24.71777377, 60.32392174], [24.71809522, 60.32419247], [24.71831072, 60.32423233], [24.71873459, 60.32431071], [24.71920712, 60.32411496], [24.71931515, 60.32420019]]]}, "geometry_name": "geom", "properties": {"id": 14, "kuntanimi": "Espoo", "kaavatun": "720606", "kaavanimi": "Manninpelto", "vtulvuosi": "2020", "netkrostal": 0, "netrivketj": -662, "neterillis": 4943, "netyhteens": 4281, "brutyhteen": 11190}}, {"type": "Feature", "id": "voimaantulleetkaavatmal_2020_2023.fid-7dddb29f_19d8b225a81_12b7", "geometry": {"type": "Polygon", "coordinates": [[[24.70788667, 60.15700961], [24.70767965, 60.15738505], [24.70744178, 60.15775325], [24.7084477, 60.15796204], [24.70936732, 60.15686113], [24.70931744, 60.15685078], [24.70807626, 60.1565932], [24.70805387, 60.15664689], [24.70788667, 60.15700961]]]}, "geometry_name": "geom", "properties": {"id": 15, "kuntanimi": "Espoo", "kaavatun": "440713", "kaavanimi": "Luoteisrinne", "vtulvuosi": "2020", "netkrostal": 16900, "netrivketj": 0, "neterillis": 0, "netyhteens": 16900, "brutyhteen": 18000}}, {"type": "Feature", "id": "voimaantulleetkaavatmal_2020_2023.fid-7dddb29f_19d8b225a81_12b8", "geometry": {"type": "Polygon", "coordinates": [[[24.73779913, 60.15696602], [24.73862825, 60.15714093], [24.73925836, 60.15727385], [24.73928645, 60.1572408], [24.73946884, 60.15727927], [24.73970743, 60.15699824], [24.73932603, 60.15691778], [24.73889489, 60.15682684], [24.73816531, 60.15667292], [24.73810792, 60.15660234], [24.73795353, 60.15678417], [24.73779913, 60.15696602]]]}, "geometry_name": "geom", "properties": {"id": 16, "kuntanimi": "Espoo", "kaavatun": "310219", "kaavanimi": "Satukuja", "vtulvuosi": "2020", "netkrostal": 2600, "netrivketj": 0, "neterillis": 0, "netyhteens": 2600, "brutyhteen": 2600}}, {"type": "Feature", "id": "voimaantulleetkaavatmal_2020_2023.fid-7dddb29f_19d8b225a81_12b9", "geometry": {"type": "MultiPolygon", "coordinates": [[[[24.65498538, 60.19867661], [24.6548313, 60.19862999], [24.6547187, 60.19834939], [24.65470248, 60.19830897], [24.65456827, 60.19797452], [24.65389771, 60.19809159], [24.65388197, 60.19806708], [24.65380023, 60.19792297], [24.65366074, 60.19792798], [24.65265875, 60.19796105], [24.65266667, 60.19831564], [24.65244667, 60.1983216], [24.65280164, 60.19872319], [24.6529048, 60.19922078], [24.6529737, 60.19923138], [24.65296941, 60.19923805], [24.65321417, 60.19927568], [24.65385431, 60.19888123], [24.65394483, 60.19889744], [24.6541172, 60.19892373], [24.65498538, 60.19867661]]], [[[24.65705004, 60.19796403], [24.65659597, 60.19776236], [24.65615563, 60.19761798], [24.65572787, 60.19752328], [24.65536275, 60.19771957], [24.65532364, 60.1977406], [24.65582561, 60.19797215], [24.65612525, 60.1981056], [24.65636477, 60.19821227], [24.65705004, 60.19796403]]]]}, "geometry_name": "geom", "properties": {"id": 17, "kuntanimi": "Espoo", "kaavatun": "613005", "kaavanimi": "Kiuaskuja", "vtulvuosi": "2020", "netkrostal": 0, "netrivketj": 0, "neterillis": 894, "netyhteens": 894, "brutyhteen": 3577}}, {"type": "Feature", "id": "voimaantulleetkaavatmal_2020_2023.fid-7dddb29f_19d8b225a81_12ba", "geometry": {"type": "MultiPolygon", "coordinates": [[[[24.65566134, 60.19561715], [24.65561886, 60.19559468], [24.65534626, 60.1954504], [24.65512451, 60.19533173], [24.65468105, 60.19509441], [24.65416956, 60.19516562], [24.65411698, 60.19542007], [24.65406049, 60.19569351], [24.65403207, 60.19583101], [24.65385073, 60.19650897], [24.65386678, 60.19656479], [24.65394394, 60.19656224], [24.654854, 60.19605791], [24.65497448, 60.19599115], [24.65566134, 60.19561715]]], [[[24.65535732, 60.19472611], [24.65492365, 60.19451685], [24.65461939, 60.19435013], [24.65456605, 60.19437428], [24.65445705, 60.1943386], [24.65353987, 60.19447193], [24.65411967, 60.19486961], [24.65444012, 60.19479511], [24.65467758, 60.1947399], [24.65517487, 60.19482546], [24.65535732, 60.19472611]]]]}, "geometry_name": "geom", "properties": {"id": 18, "kuntanimi": "Espoo", "kaavatun": "613006", "kaavanimi": "Kiuastie", "vtulvuosi": "2020", "netkrostal": 0, "netrivketj": 0, "neterillis": 659, "netyhteens": 659, "brutyhteen": 2636}}, {"type": "Feature", "id": "voimaantulleetkaavatmal_2020_2023.fid-7dddb29f_19d8b225a81_12bb", "geometry": {"type": "Polygon", "coordinates": [[[24.82903462, 60.17442615], [24.82975908, 60.17526748], [24.82976958, 60.17547033], [24.83003324, 60.17577083], [24.83092442, 60.17557677], [24.83097819, 60.17558747], [24.8314801, 60.17568739], [24.83153357, 60.1756207], [24.83196856, 60.17570729], [24.83207246, 60.17572798], [24.83215276, 60.17562797], [24.83255067, 60.17570717], [24.83259746, 60.17564884], [24.83261822, 60.17565296], [24.83310569, 60.17504518], [24.83371588, 60.17428433], [24.83427553, 60.17358645], [24.8320968, 60.17315278], [24.83029339, 60.1734512], [24.82988236, 60.17336927], [24.82974368, 60.17354216], [24.82914607, 60.17428722], [24.82903462, 60.17442615]]]}, "geometry_name": "geom", "properties": {"id": 19, "kuntanimi": "Espoo", "kaavatun": "220833", "kaavanimi": "Keilaniemenranta", "vtulvuosi": "2020", "netkrostal": -21580, "netrivketj": 0, "neterillis": 0, "netyhteens": -21580, "brutyhteen": 18300}}, {"type": "Feature", "id": "voimaantulleetkaavatmal_2020_2023.fid-7dddb29f_19d8b225a81_12bc", "geometry": {"type": "Polygon", "coordinates": [[[24.80695078, 60.22977502], [24.80691999, 60.23043234], [24.80705603, 60.2305476], [24.81066963, 60.2305983], [24.81077115, 60.2305547], [24.81092489, 60.23054907], [24.81095916, 60.22988374], [24.81084779, 60.22959074], [24.80995588, 60.2295787], [24.80994978, 60.2294987], [24.80798791, 60.22947965], [24.80695078, 60.22977502]]]}, "geometry_name": "geom", "properties": {"id": 20, "kuntanimi": "Espoo", "kaavatun": "112302", "kaavanimi": "Palokärki", "vtulvuosi": "2020", "netkrostal": 29810, "netrivketj": 0, "neterillis": 0, "netyhteens": 29810, "brutyhteen": 29810}}, {"type": "Feature", "id": "voimaantulleetkaavatmal_2020_2023.fid-7dddb29f_19d8b225a81_12bd", "geometry": {"type": "Polygon", "coordinates": [[[24.75267995, 60.24735013], [24.75307257, 60.24759712], [24.75346391, 60.2478433], [24.75396607, 60.24762787], [24.75313719, 60.24715665], [24.75387959, 60.24684246], [24.75398714, 60.24690302], [24.75410896, 60.24684956], [24.75393886, 60.24675514], [24.75262549, 60.24730932], [24.75267995, 60.24735013]]]}, "geometry_name": "geom", "properties": {"id": 21, "kuntanimi": "Espoo", "kaavatun": "140703", "kaavanimi": "Laaksolahti I", "vtulvuosi": "2020", "netkrostal": 0, "netrivketj": 0, "neterillis": 593, "netyhteens": 593, "brutyhteen": 593}}, {"type": "Feature", "id": "voimaantulleetkaavatmal_2020_2023.fid-7dddb29f_19d8b225a81_12be", "geometry": {"type": "Polygon", "coordinates": [[[24.66358615, 60.1393814], [24.66327233, 60.13975002], [24.66426777, 60.13996079], [24.66428233, 60.13993199], [24.66429099, 60.1399145], [24.66430214, 60.13988827], [24.66431511, 60.13985589], [24.66432387, 60.13983461], [24.66433262, 60.13980747], [24.66434551, 60.13975669], [24.6640998, 60.13970488], [24.66425733, 60.13952266], [24.66414936, 60.13950066], [24.66358615, 60.1393814]]]}, "geometry_name": "geom", "properties": {"id": 22, "kuntanimi": "Espoo", "kaavatun": "411007", "kaavanimi": "Ylä-Soukka B", "vtulvuosi": "2020", "netkrostal": 3080, "netrivketj": 0, "neterillis": 0, "netyhteens": 3080, "brutyhteen": 3080}}, {"type": "Feature", "id": "voimaantulleetkaavatmal_2020_2023.fid-7dddb29f_19d8b225a81_12bf", "geometry": {"type": "Polygon", "coordinates": [[[24.60693125, 60.17387158], [24.60744323, 60.17426863], [24.60840304, 60.17449265], [24.6088301, 60.17410842], [24.60853998, 60.17403329], [24.60835413, 60.17404674], [24.6081689, 60.17401165], [24.60793963, 60.17393956], [24.60766092, 60.17390499], [24.60693125, 60.17387158]]]}, "geometry_name": "geom", "properties": {"id": 23, "kuntanimi": "Espoo", "kaavatun": "421301", "kaavanimi": "Lambro", "vtulvuosi": "2020", "netkrostal": 0, "netrivketj": 1000, "neterillis": 0, "netyhteens": 1000, "brutyhteen": 1000}}, {"type": "Feature", "id": "voimaantulleetkaavatmal_2020_2023.fid-7dddb29f_19d8b225a81_12c0", "geometry": {"type": "Polygon", "coordinates": [[[24.65095886, 60.19967195], [24.65066196, 60.20026592], [24.65137638, 60.20031505], [24.65130867, 60.20052127], [24.65126331, 60.200677], [24.65165495, 60.2006986], [24.65208024, 60.20068544], [24.65313722, 60.20065692], [24.65314139, 60.20056678], [24.65268589, 60.20057921], [24.65207778, 60.20059561], [24.65207586, 60.20052616], [24.65205868, 60.20036195], [24.65203106, 60.20009795], [24.65213076, 60.19997324], [24.65201402, 60.19975642], [24.65095886, 60.19967195]]]}, "geometry_name": "geom", "properties": {"id": 24, "kuntanimi": "Espoo", "kaavatun": "613004", "kaavanimi": "Honkaportinrinne", "vtulvuosi": "2020", "netkrostal": 2542, "netrivketj": 0, "neterillis": 0, "netyhteens": 2542, "brutyhteen": 2542}}, {"type": "Feature", "id": "voimaantulleetkaavatmal_2020_2023.fid-7dddb29f_19d8b225a81_12c1", "geometry": {"type": "Polygon", "coordinates": [[[24.74693976, 60.16768132], [24.74646511, 60.16827527], [24.74631418, 60.16843926], [24.74641295, 60.16852599], [24.74648288, 60.16851736], [24.7469927, 60.16850397], [24.74746558, 60.16855344], [24.74829433, 60.16863366], [24.74832458, 60.16876872], [24.74933439, 60.1685023], [24.74964646, 60.16838816], [24.74996257, 60.16819221], [24.75027967, 60.16789959], [24.75024409, 60.16784873], [24.74989957, 60.16735638], [24.74971234, 60.1672211], [24.74830746, 60.16721617], [24.74807085, 60.16721146], [24.74693976, 60.16768132]]]}, "geometry_name": "geom", "properties": {"id": 25, "kuntanimi": "Espoo", "kaavatun": "321610", "kaavanimi": "Gräsantulli", "vtulvuosi": "2020", "netkrostal": 18350, "netrivketj": 0, "neterillis": 0, "netyhteens": 18350, "brutyhteen": 18350}}, {"type": "Feature", "id": "voimaantulleetkaavatmal_2020_2023.fid-7dddb29f_19d8b225a81_12c2", "geometry": {"type": "Polygon", "coordinates": [[[24.70200266, 60.23306713], [24.70160801, 60.23328992], [24.70182162, 60.23330943], [24.70200771, 60.23333666], [24.70216622, 60.23336803], [24.70229531, 60.23339974], [24.70300682, 60.23327427], [24.7029215, 60.23290557], [24.70200266, 60.23306713]]]}, "geometry_name": "geom", "properties": {"id": 26, "kuntanimi": "Espoo", "kaavatun": "630411", "kaavanimi": "Pihlajarinne", "vtulvuosi": "2020", "netkrostal": 0, "netrivketj": 0, "neterillis": 141, "netyhteens": 141, "brutyhteen": 698}}, {"type": "Feature", "id": "voimaantulleetkaavatmal_2020_2023.fid-7dddb29f_19d8b225a81_12c3", "geometry": {"type": "Polygon", "coordinates": [[[24.79458401, 60.21179419], [24.79429268, 60.21273541], [24.79453243, 60.21279965], [24.79541013, 60.21202079], [24.79571807, 60.2117475], [24.7946329, 60.21163627], [24.79458401, 60.21179419]]]}, "geometry_name": "geom", "properties": {"id": 27, "kuntanimi": "Espoo", "kaavatun": "130305", "kaavanimi": "Kesäyönpolku", "vtulvuosi": "2020", "netkrostal": 0, "netrivketj": 0, "neterillis": 450, "netyhteens": 450, "brutyhteen": 500}}, {"type": "Feature", "id": "voimaantulleetkaavatmal_2020_2023.fid-7dddb29f_19d8b225a81_12c4", "geometry": {"type": "Polygon", "coordinates": [[[24.78903091, 60.17960834], [24.78914604, 60.17993147], [24.78917314, 60.18007327], [24.78921046, 60.1802876], [24.78922817, 60.18055115], [24.78919029, 60.18062969], [24.78968006, 60.180918], [24.78870593, 60.18099692], [24.7883516, 60.18115369], [24.78887808, 60.18151699], [24.78892257, 60.18187609], [24.78950498, 60.18227742], [24.78968128, 60.18226819], [24.79010601, 60.18258076], [24.79033511, 60.18274501], [24.79290569, 60.1826539], [24.79370137, 60.18262785], [24.79485272, 60.18215767], [24.79551605, 60.18157227], [24.79646946, 60.18075768], [24.79659425, 60.18065116], [24.7971824, 60.18014908], [24.79700736, 60.17998966], [24.79655522, 60.18020877], [24.79484419, 60.17995857], [24.79375247, 60.17911245], [24.79368548, 60.1790603], [24.79267331, 60.17827492], [24.79256684, 60.17828305], [24.79246031, 60.17827514], [24.79244187, 60.17827204], [24.79211211, 60.17824569], [24.79178556, 60.17820875], [24.79144793, 60.17817436], [24.79122765, 60.17815083], [24.79097411, 60.17813988], [24.79079749, 60.17815063], [24.79032188, 60.17822398], [24.78945585, 60.17785659], [24.78868507, 60.17754786], [24.78880236, 60.17771517], [24.78878799, 60.17960788], [24.78903091, 60.17960834]]]}, "geometry_name": "geom", "properties": {"id": 28, "kuntanimi": "Espoo", "kaavatun": "213800", "kaavanimi": "Kaskenkaataja", "vtulvuosi": "2020", "netkrostal": 0, "netrivketj": -1280, "neterillis": -353, "netyhteens": -1633, "brutyhteen": 31330}}, {"type": "Feature", "id": "voimaantulleetkaavatmal_2020_2023.fid-7dddb29f_19d8b225a81_12c5", "geometry": {"type": "Polygon", "coordinates": [[[24.76111186, 60.23048955], [24.76277064, 60.2311981], [24.76277811, 60.2315199], [24.76428599, 60.23162055], [24.76427323, 60.23107161], [24.76401307, 60.2308559], [24.76353584, 60.2305645], [24.76359004, 60.23051685], [24.76317222, 60.23039933], [24.76243707, 60.23019256], [24.76167059, 60.22967853], [24.76066912, 60.22968427], [24.76068782, 60.23049198], [24.76111186, 60.23048955]]]}, "geometry_name": "geom", "properties": {"id": 29, "kuntanimi": "Espoo", "kaavatun": "131407", "kaavanimi": "Karakallio", "vtulvuosi": "2020", "netkrostal": 6873, "netrivketj": 0, "neterillis": 0, "netyhteens": 6873, "brutyhteen": 15265}}, {"type": "Feature", "id": "voimaantulleetkaavatmal_2020_2023.fid-7dddb29f_19d8b225a81_12c6", "geometry": {"type": "Polygon", "coordinates": [[[24.65856023, 60.20150433], [24.65777273, 60.2018006], [24.65775457, 60.20182614], [24.65791917, 60.20193656], [24.65828937, 60.20200824], [24.6583605, 60.20191473], [24.65875415, 60.20179821], [24.65895615, 60.20173841], [24.65955703, 60.20156054], [24.65938368, 60.20121598], [24.65878902, 60.20129011], [24.65880921, 60.20139089], [24.65866401, 60.20144705], [24.65856023, 60.20150433]]]}, "geometry_name": "geom", "properties": {"id": 30, "kuntanimi": "Espoo", "kaavatun": "610203", "kaavanimi": "Kiltaportti", "vtulvuosi": "2020", "netkrostal": 1540, "netrivketj": 0, "neterillis": 0, "netyhteens": 1540, "brutyhteen": 4060}}, {"type": "Feature", "id": "voimaantulleetkaavatmal_2020_2023.fid-7dddb29f_19d8b225a81_12c7", "geometry": {"type": "Polygon", "coordinates": [[[24.72570401, 60.1708595], [24.72549705, 60.17150702], [24.72574612, 60.17152678], [24.72684911, 60.17161427], [24.72705547, 60.17096854], [24.72692153, 60.17095679], [24.72633365, 60.17090912], [24.72628555, 60.17090523], [24.72570401, 60.1708595]]]}, "geometry_name": "geom", "properties": {"id": 31, "kuntanimi": "Espoo", "kaavatun": "322028", "kaavanimi": "Maapallonkatu", "vtulvuosi": "2020", "netkrostal": 2489, "netrivketj": 0, "neterillis": 0, "netyhteens": 2489, "brutyhteen": 8040}}, {"type": "Feature", "id": "voimaantulleetkaavatmal_2020_2023.fid-7dddb29f_19d8b225a81_12c8", "geometry": {"type": "Polygon", "coordinates": [[[24.77104532, 60.17050614], [24.77108397, 60.17085175], [24.77139954, 60.17085791], [24.77178563, 60.17085567], [24.77284053, 60.17084953], [24.77333394, 60.17084666], [24.77345511, 60.17063387], [24.77348075, 60.17058887], [24.77356897, 60.17043395], [24.77379396, 60.17031145], [24.77380775, 60.17030471], [24.77383693, 60.17029427], [24.77386969, 60.17028693], [24.77390472, 60.17028298], [24.77394062, 60.17028256], [24.773976, 60.1702857], [24.77371406, 60.17016783], [24.77361864, 60.17022078], [24.77323053, 60.17043209], [24.77317755, 60.17046092], [24.77279893, 60.17040362], [24.77261393, 60.17037561], [24.77156791, 60.17021727], [24.77156478, 60.17021684], [24.77142264, 60.17019552], [24.77135391, 60.17018385], [24.77122085, 60.17015861], [24.77102762, 60.17034773], [24.77104532, 60.17050614]]]}, "geometry_name": "geom", "properties": {"id": 32, "kuntanimi": "Espoo", "kaavatun": "212218", "kaavanimi": "Niittyportti", "vtulvuosi": "2020", "netkrostal": 6850, "netrivketj": 0, "neterillis": 0, "netyhteens": 6850, "brutyhteen": 6850}}, {"type": "Feature", "id": "voimaantulleetkaavatmal_2020_2023.fid-7dddb29f_19d8b225a81_12c9", "geometry": {"type": "Polygon", "coordinates": [[[24.94323986, 60.16330561], [24.94349678, 60.16339588], [24.94350423, 60.16339849], [24.94390233, 60.16311283], [24.94363522, 60.16302273], [24.94323986, 60.16330561]]]}, "geometry_name": "geom", "properties": {"id": 33, "kuntanimi": "Helsinki", "kaavatun": "12468", "kaavanimi": "Punavuori, tontti 94/8, Ratakatu 9", "vtulvuosi": "2020", "netkrostal": 1304, "netrivketj": 0, "neterillis": 0, "netyhteens": 1304, "brutyhteen": 1304}}, {"type": "Feature", "id": "voimaantulleetkaavatmal_2020_2023.fid-7dddb29f_19d8b225a81_12ca", "geometry": {"type": "Polygon", "coordinates": [[[24.96484553, 60.17836804], [24.96434223, 60.17824729], [24.96418006, 60.17821541], [24.96371965, 60.17814184], [24.96347711, 60.17811258], [24.96345406, 60.17846919], [24.96353741, 60.1784799], [24.96400113, 60.17855615], [24.96407296, 60.17857062], [24.96452026, 60.17867845], [24.96460347, 60.1787009], [24.96463996, 60.17870901], [24.96467658, 60.17871697], [24.96475694, 60.17873813], [24.964876, 60.17877727], [24.96488801, 60.17878181], [24.96500651, 60.17883363], [24.96504836, 60.17885557], [24.96640121, 60.17960187], [24.96610936, 60.17973315], [24.96630252, 60.1798397], [24.96657848, 60.17971558], [24.96688448, 60.17988438], [24.96723471, 60.17972685], [24.96685826, 60.17951919], [24.96568163, 60.17887011], [24.96594157, 60.17889087], [24.96640107, 60.17890994], [24.96656483, 60.17891138], [24.96712433, 60.17889513], [24.96906477, 60.17874267], [24.97124143, 60.18060654], [24.97137151, 60.18071791], [24.97280073, 60.18022831], [24.97317094, 60.1801203], [24.97682032, 60.17890816], [24.97681107, 60.17890285], [24.97713059, 60.17876444], [24.97717405, 60.17878934], [24.97728518, 60.17875234], [24.97704419, 60.17825492], [24.97814123, 60.1779099], [24.97682045, 60.17499734], [24.9662258, 60.17631128], [24.96868574, 60.17841807], [24.96778389, 60.17848894], [24.96698782, 60.17852894], [24.96654652, 60.17853995], [24.96597538, 60.17852115], [24.96589637, 60.17851559], [24.96541405, 60.17846539], [24.96487215, 60.17837359], [24.96484553, 60.17836804]]]}, "geometry_name": "geom", "properties": {"id": 34, "kuntanimi": "Helsinki", "kaavatun": "12576", "kaavanimi": "Sörnäinen, Hanasaari, Vilhonvuori, Nihti", "vtulvuosi": "2020", "netkrostal": 124050, "netrivketj": 0, "neterillis": 0, "netyhteens": 124050, "brutyhteen": 124050}}, {"type": "Feature", "id": "voimaantulleetkaavatmal_2020_2023.fid-7dddb29f_19d8b225a81_12cb", "geometry": {"type": "Polygon", "coordinates": [[[24.95683391, 60.22717784], [24.95683385, 60.22717792], [24.95682205, 60.22718184], [24.95680932, 60.22718496], [24.95679588, 60.22718722], [24.95678196, 60.22718859], [24.95676779, 60.22718905], [24.95675927, 60.22718889], [24.95675364, 60.22718858], [24.95673972, 60.2271872], [24.95672628, 60.22718493], [24.95671356, 60.2271818], [24.95670176, 60.22717787], [24.9566911, 60.22717322], [24.95668903, 60.22717216], [24.95693154, 60.22730002], [24.9569379, 60.22730337], [24.95752758, 60.22761427], [24.95792533, 60.22738096], [24.95846374, 60.22739832], [24.95841368, 60.22702635], [24.95841123, 60.22700811], [24.95886923, 60.22703635], [24.95904053, 60.22697455], [24.9585577, 60.22694478], [24.95769294, 60.22689147], [24.95769179, 60.2268913], [24.95768028, 60.22689015], [24.95766917, 60.22688827], [24.95765864, 60.22688569], [24.95764888, 60.22688244], [24.95764006, 60.22687858], [24.95763811, 60.22687758], [24.95763233, 60.22687419], [24.95762581, 60.22686934], [24.95762062, 60.2268641], [24.95761686, 60.22685856], [24.95761457, 60.22685284], [24.95761395, 60.22684943], [24.95747316, 60.22688332], [24.95747337, 60.22688824], [24.9574718, 60.22689999], [24.95746717, 60.22691155], [24.95745954, 60.22692269], [24.95745708, 60.22692564], [24.95744905, 60.22693326], [24.95743588, 60.22694305], [24.95742026, 60.22695189], [24.95740321, 60.22695936], [24.95683391, 60.22717784]]]}, "geometry_name": "geom", "properties": {"id": 35, "kuntanimi": "Helsinki", "kaavatun": "12513", "kaavanimi": "Oulunkylä, Patola, tontit 28157/1 ja 6 ja katualue, Paturintie 3 ja 5", "vtulvuosi": "2020", "netkrostal": 1245, "netrivketj": 0, "neterillis": 0, "netyhteens": 1245, "brutyhteen": 3050}}, {"type": "Feature", "id": "voimaantulleetkaavatmal_2020_2023.fid-7dddb29f_19d8b225a81_12cc", "geometry": {"type": "MultiPolygon", "coordinates": [[[[25.21201163, 60.24919597], [25.21198912, 60.24921173], [25.21194103, 60.24923917], [25.21188613, 60.24926325], [25.21186379, 60.24927141], [25.21182539, 60.24928357], [25.21175983, 60.24929977], [25.21169057, 60.24931158], [25.21167012, 60.24931413], [25.21151102, 60.24933262], [25.21073201, 60.24942314], [25.21094857, 60.249883], [25.21158313, 60.24981199], [25.21241477, 60.2497178], [25.21318369, 60.24970797], [25.21307523, 60.24911273], [25.21295636, 60.24905587], [25.21242492, 60.2490742], [25.21239183, 60.2490759], [25.21232251, 60.24908287], [25.21229289, 60.24908734], [25.21225561, 60.24909427], [25.21219229, 60.24910992], [25.21217146, 60.24911625], [25.21213555, 60.24912893], [25.21208308, 60.24915192], [25.21208248, 60.24915222], [25.21203596, 60.24917875], [25.21201163, 60.24919597]]], [[[25.2174656, 60.2474993], [25.21746592, 60.2475116], [25.21745565, 60.24759362], [25.21742393, 60.24767427], [25.21739699, 60.24771832], [25.2173713, 60.24775218], [25.21729867, 60.247826], [25.21720727, 60.24789448], [25.21717964, 60.24791186], [25.21714007, 60.24793675], [25.2170095, 60.24803458], [25.21697662, 60.2480644], [25.21690573, 60.24814005], [25.21684001, 60.24823423], [25.21684884, 60.2482409], [25.21685831, 60.24825037], [25.21686521, 60.24826037], [25.21686943, 60.24827074], [25.21687089, 60.24828129], [25.21687078, 60.24828441], [25.21686957, 60.24829184], [25.21686549, 60.24830222], [25.21685872, 60.24831224], [25.21684937, 60.24832174], [25.21683761, 60.24833055], [25.21683304, 60.2483334], [25.21682613, 60.24833997], [25.21681436, 60.24834878], [25.21680037, 60.24835676], [25.21678441, 60.24836377], [25.21677787, 60.24836622], [25.21676674, 60.24836968], [25.21674767, 60.24837439], [25.21672754, 60.24837783], [25.21670666, 60.24837992], [25.21669673, 60.24838044], [25.21669361, 60.24838047], [25.21667235, 60.24837981], [25.21665145, 60.24837779], [25.21663126, 60.24837441], [25.21662156, 60.24837226], [25.21661213, 60.24836976], [25.21659439, 60.24836391], [25.21657832, 60.24835696], [25.21656423, 60.24834902], [25.21656239, 60.24834782], [25.21655149, 60.24833965], [25.21654201, 60.24833018], [25.2165351, 60.24832016], [25.21653087, 60.24830979], [25.21652941, 60.24829923], [25.21652988, 60.24829201], [25.21653074, 60.24828866], [25.21653482, 60.24827827], [25.2165416, 60.24826824], [25.21655096, 60.24825872], [25.21656273, 60.2482499], [25.21657672, 60.24824192], [25.21658112, 60.2482398], [25.21591447, 60.24825412], [25.21588396, 60.24839732], [25.21602107, 60.24886425], [25.21650702, 60.24881342], [25.21656138, 60.24873159], [25.21675815, 60.24869288], [25.21690916, 60.24866333], [25.21734373, 60.24873684], [25.21751399, 60.24847252], [25.21748283, 60.24837954], [25.21741499, 60.24826064], [25.2176278, 60.24825135], [25.21796846, 60.24810004], [25.21784331, 60.24797535], [25.21808862, 60.24752736], [25.21753774, 60.24746451], [25.2174656, 60.2474993]]], [[[25.21592214, 60.24746614], [25.2159342, 60.24746695], [25.21608973, 60.24747176], [25.21617229, 60.2474702], [25.21624517, 60.24746644], [25.2163979, 60.24745108], [25.21641863, 60.24744818], [25.21649235, 60.24743752], [25.21656681, 60.246883], [25.21658437, 60.2467388], [25.21637224, 60.24671381], [25.21615578, 60.24672028], [25.21592244, 60.24675833], [25.21570272, 60.24684561], [25.21554801, 60.24688743], [25.21533073, 60.24687146], [25.21513985, 60.24683731], [25.21500131, 60.2467533], [25.21482629, 60.24670104], [25.21482426, 60.24677283], [25.21480732, 60.24738987], [25.21565422, 60.24744768], [25.21592214, 60.24746614]]], [[[25.22020909, 60.24719021], [25.22029877, 60.24714595], [25.22035965, 60.24717933], [25.22042164, 60.24721885], [25.22076516, 60.24725916], [25.22051885, 60.24697639], [25.22018902, 60.24693533], [25.21929863, 60.24691774], [25.21910889, 60.24711733], [25.21907804, 60.24714979], [25.2187388, 60.24750691], [25.21926435, 60.24765653], [25.22020909, 60.24719021]]], [[[25.23164158, 60.25082938], [25.23276219, 60.25061639], [25.2325996, 60.2504115], [25.23237962, 60.25032394], [25.23183602, 60.25024704], [25.23178385, 60.25017479], [25.23156931, 60.25016533], [25.23156048, 60.25016521], [25.23154638, 60.25016569], [25.2315325, 60.25016709], [25.23151912, 60.25016937], [25.23150645, 60.2501725], [25.23149471, 60.25017643], [25.2314841, 60.25018108], [25.23148056, 60.25018298], [25.23147481, 60.25018639], [25.23146699, 60.25019225], [25.23146078, 60.25019857], [25.23145628, 60.25020524], [25.23145356, 60.25021214], [25.23145269, 60.25021916], [25.23145366, 60.25022618], [25.23145447, 60.25022869], [25.23124969, 60.25024717], [25.23149679, 60.25063839], [25.23156331, 60.25073498], [25.23160781, 60.25079065], [25.23164158, 60.25082938]]], [[[25.21323083, 60.24829537], [25.21324618, 60.24836536], [25.21460316, 60.24846479], [25.21473361, 60.24832014], [25.21351057, 60.24780875], [25.21350025, 60.24781539], [25.21340231, 60.24788876], [25.21332448, 60.24796785], [25.21327519, 60.2480385], [25.21326809, 60.24805132], [25.21323409, 60.24813773], [25.21322308, 60.24822561], [25.21323083, 60.24829537]]], [[[25.2184939, 60.24908497], [25.21849384, 60.24908492], [25.21849748, 60.2490757], [25.21850349, 60.24906678], [25.21851181, 60.24905833], [25.21852226, 60.24905049], [25.21853468, 60.24904341], [25.21853469, 60.2490434], [25.21854887, 60.24903718], [25.21856457, 60.24903193], [25.21858151, 60.24902774], [25.2185994, 60.24902469], [25.21861794, 60.24902282], [25.21861799, 60.24902282], [25.21846679, 60.24868323], [25.21816613, 60.24858168], [25.21807943, 60.24863992], [25.21766683, 60.24900921], [25.218215, 60.24910978], [25.2184939, 60.24908497]]]]}, "geometry_name": "geom", "properties": {"id": 36, "kuntanimi": "Helsinki", "kaavatun": "12512", "kaavanimi": "Karhusaaren eteläosan pientalotontit II", "vtulvuosi": "2020", "netkrostal": 0, "netrivketj": 0, "neterillis": 2050, "netyhteens": 2050, "brutyhteen": 8450}}, {"type": "Feature", "id": "voimaantulleetkaavatmal_2020_2023.fid-7dddb29f_19d8b225a81_12cd", "geometry": {"type": "Polygon", "coordinates": [[[24.97481194, 60.18882849], [24.97437322, 60.18893875], [24.97455172, 60.18911507], [24.97499052, 60.18900491], [24.97481194, 60.18882849]]]}, "geometry_name": "geom", "properties": {"id": 37, "kuntanimi": "Helsinki", "kaavatun": "12628", "kaavanimi": "Sörnäinen, Kalasatama, tontti 10575/6, Työpajankatu 4)", "vtulvuosi": "2020", "netkrostal": 1990, "netrivketj": 0, "neterillis": 0, "netyhteens": 1990, "brutyhteen": 1990}}, {"type": "Feature", "id": "voimaantulleetkaavatmal_2020_2023.fid-7dddb29f_19d8b225a81_12ce", "geometry": {"type": "Polygon", "coordinates": [[[24.92332954, 60.16919709], [24.92342758, 60.1696071], [24.92352207, 60.16960076], [24.92398621, 60.16956957], [24.92445035, 60.16953839], [24.92442146, 60.16943164], [24.92450795, 60.16932248], [24.92373269, 60.16917], [24.92332954, 60.16919709]]]}, "geometry_name": "geom", "properties": {"id": 38, "kuntanimi": "Helsinki", "kaavatun": "12596", "kaavanimi": "Etu-Töölö, tontti 411/22 tason -2.0 yläpuoli, Leppäsuonkatu 7", "vtulvuosi": "2020", "netkrostal": 1250, "netrivketj": 0, "neterillis": 0, "netyhteens": 1250, "brutyhteen": 5660}}, {"type": "Feature", "id": "voimaantulleetkaavatmal_2020_2023.fid-7dddb29f_19d8b225a81_12cf", "geometry": {"type": "Polygon", "coordinates": [[[25.04139971, 60.16848533], [25.04147404, 60.16850453], [25.04147787, 60.16850107], [25.04149328, 60.16848957], [25.04151156, 60.16847916], [25.04152642, 60.16847244], [25.04153242, 60.16847004], [25.04155548, 60.16846235], [25.04158037, 60.16845622], [25.04159949, 60.1684528], [25.04177311, 60.1684262], [25.0432408, 60.16820142], [25.04332308, 60.16807207], [25.04332636, 60.1680678], [25.0433326, 60.16806148], [25.04334045, 60.16805561], [25.04334976, 60.16805032], [25.04336039, 60.16804567], [25.04337214, 60.16804175], [25.04337635, 60.16804054], [25.04338481, 60.16803863], [25.0433982, 60.16803636], [25.04341207, 60.16803499], [25.04342617, 60.16803452], [25.04344028, 60.16803498], [25.04345415, 60.16803634], [25.04345876, 60.16803702], [25.04353909, 60.16791071], [25.04159492, 60.16761812], [25.04155852, 60.16761296], [25.04150293, 60.16760628], [25.04140932, 60.16759819], [25.04140854, 60.16759813], [25.0412911, 60.16759433], [25.04122375, 60.16759563], [25.04117368, 60.16759821], [25.04105828, 60.16760969], [25.04104106, 60.16761208], [25.04103407, 60.1676131], [25.04102709, 60.16761415], [25.04093256, 60.16762863], [25.04100135, 60.16774018], [25.04124633, 60.16813509], [25.0414047, 60.16839422], [25.04140734, 60.16839882], [25.04141472, 60.16841724], [25.0414172, 60.16843598], [25.0414171, 60.16843998], [25.04141477, 60.16845472], [25.04140743, 60.16847314], [25.04139971, 60.16848533]]]}, "geometry_name": "geom", "properties": {"id": 39, "kuntanimi": "Helsinki", "kaavatun": "12568", "kaavanimi": "Laajasalo, Yliskylä, tontti 49077/2 sekä katu-, pysäköimis- ja puistoalueet, Gunillantie 3", "vtulvuosi": "2020", "netkrostal": 5400, "netrivketj": 0, "neterillis": 0, "netyhteens": 5400, "brutyhteen": 5400}}, {"type": "Feature", "id": "voimaantulleetkaavatmal_2020_2023.fid-7dddb29f_19d8b225a81_12d0", "geometry": {"type": "Polygon", "coordinates": [[[24.87901218, 60.14850935], [24.88046906, 60.14866604], [24.88053186, 60.14852166], [24.88067544, 60.148189], [24.87921857, 60.1480323], [24.87919959, 60.14807618], [24.87901218, 60.14850935]]]}, "geometry_name": "geom", "properties": {"id": 40, "kuntanimi": "Helsinki", "kaavatun": "12533", "kaavanimi": "Lauttasaari, Vattuniemi, tontti 31120/1, Särkiniementie 3", "vtulvuosi": "2020", "netkrostal": 8554, "netrivketj": 0, "neterillis": 0, "netyhteens": 8554, "brutyhteen": 8554}}, {"type": "Feature", "id": "voimaantulleetkaavatmal_2020_2023.fid-7dddb29f_19d8b225a81_12d1", "geometry": {"type": "Polygon", "coordinates": [[[25.12314761, 60.23801938], [25.12301374, 60.238189], [25.12332404, 60.23821435], [25.12316469, 60.23869657], [25.12337136, 60.23894693], [25.12420851, 60.23894615], [25.12439232, 60.23891213], [25.12443756, 60.23891209], [25.12461006, 60.23767609], [25.12384583, 60.2376684], [25.12384716, 60.23763576], [25.12376878, 60.23763498], [25.12323303, 60.23775563], [25.12323492, 60.23778871], [25.12322442, 60.23787073], [25.12321884, 60.23788979], [25.12319248, 60.23795136], [25.12314761, 60.23801938]]]}, "geometry_name": "geom", "properties": {"id": 41, "kuntanimi": "Helsinki", "kaavatun": "12632", "kaavanimi": "Mellunkylä, Mellunmäki, tontit 47208/8 ja 9 sekä lähivirkistysalue, Saariseläntie 3", "vtulvuosi": "2020", "netkrostal": 400, "netrivketj": 0, "neterillis": 0, "netyhteens": 400, "brutyhteen": 6000}}, {"type": "Feature", "id": "voimaantulleetkaavatmal_2020_2023.fid-7dddb29f_19d8b225a81_12d2", "geometry": {"type": "Polygon", "coordinates": [[[25.09455213, 60.21347305], [25.09550564, 60.21382771], [25.09560677, 60.21386532], [25.09630874, 60.21339804], [25.09643833, 60.21331177], [25.09710787, 60.21286605], [25.09743603, 60.21284245], [25.09761249, 60.21273999], [25.09650007, 60.21232623], [25.09609557, 60.21217578], [25.0957716, 60.21239145], [25.09559882, 60.21250646], [25.09478888, 60.21304563], [25.0943461, 60.21334039], [25.09453389, 60.21341023], [25.09452797, 60.21341469], [25.09452277, 60.21341995], [25.09451899, 60.21342552], [25.0945167, 60.21343129], [25.09451594, 60.21343715], [25.09451674, 60.21344301], [25.09451687, 60.21344352], [25.09451905, 60.21344877], [25.09452287, 60.21345433], [25.0945281, 60.2134596], [25.09453467, 60.21346447], [25.09454247, 60.21346889], [25.09455136, 60.21347276], [25.09455213, 60.21347305]]]}, "geometry_name": "geom", "properties": {"id": 42, "kuntanimi": "Helsinki", "kaavatun": "12595", "kaavanimi": "Vartiokylä, Puotila, kortteli 45205 ja katualueet, Puotilan ostari", "vtulvuosi": "2020", "netkrostal": 9200, "netrivketj": 0, "neterillis": 0, "netyhteens": 9200, "brutyhteen": 9200}}, {"type": "Feature", "id": "voimaantulleetkaavatmal_2020_2023.fid-7dddb29f_19d8b225a81_12d3", "geometry": {"type": "Polygon", "coordinates": [[[25.09336478, 60.22333266], [25.0933654, 60.22333257], [25.09337696, 60.22333142], [25.09338872, 60.22333103], [25.09340048, 60.2233314], [25.09341204, 60.22333254], [25.09342321, 60.22333442], [25.09343379, 60.223337], [25.09344251, 60.22333989], [25.09344359, 60.22334025], [25.09345247, 60.22334411], [25.09346025, 60.22334851], [25.09346682, 60.22335338], [25.09347205, 60.22335864], [25.09347585, 60.22336419], [25.09347817, 60.22336993], [25.09347893, 60.22337481], [25.09347215, 60.2233025], [25.09345904, 60.2232304], [25.09344234, 60.22318985], [25.0933911, 60.22306393], [25.09336398, 60.22301079], [25.09332264, 60.22294005], [25.09327726, 60.22287228], [25.09322673, 60.22280542], [25.09322474, 60.22280305], [25.09310284, 60.22262522], [25.09310178, 60.22262327], [25.09302863, 60.222441], [25.09302691, 60.22243445], [25.09264947, 60.22247676], [25.09226488, 60.22252176], [25.09187977, 60.22256647], [25.09183703, 60.22257068], [25.09135013, 60.22262399], [25.09084081, 60.22268224], [25.09089938, 60.22273484], [25.09115183, 60.2229791], [25.09138242, 60.22320218], [25.09164348, 60.22345477], [25.09168661, 60.223544], [25.09169118, 60.22354347], [25.09231764, 60.22346532], [25.09238775, 60.2234568], [25.09301263, 60.22338088], [25.09320398, 60.22335468], [25.09336478, 60.22333266]]]}, "geometry_name": "geom", "properties": {"id": 43, "kuntanimi": "Helsinki", "kaavatun": "12582", "kaavanimi": "Vartiokylä, tontti 45270/34, Kiviportintie 46-48", "vtulvuosi": "2020", "netkrostal": 1085, "netrivketj": 0, "neterillis": 0, "netyhteens": 1085, "brutyhteen": 4292}}, {"type": "Feature", "id": "voimaantulleetkaavatmal_2020_2023.fid-7dddb29f_19d8b225a81_12d4", "geometry": {"type": "MultiPolygon", "coordinates": [[[[24.86367669, 60.16072351], [24.86364709, 60.16078638], [24.86356481, 60.16090636], [24.86352661, 60.16094912], [24.86345181, 60.16101997], [24.86331002, 60.16112525], [24.86327087, 60.16114975], [24.86343339, 60.16123148], [24.86384397, 60.16179187], [24.86426131, 60.16150737], [24.86450958, 60.16100761], [24.86381936, 60.16071942], [24.86367669, 60.16072351]]], [[[24.85787654, 60.16426657], [24.85846372, 60.1643357], [24.85858485, 60.16429117], [24.85889225, 60.16349507], [24.85814324, 60.16357589], [24.85787654, 60.16426657]]], [[[24.86115394, 60.16469675], [24.8615615, 60.16454124], [24.86100314, 60.16417779], [24.86055983, 60.16434692], [24.86115394, 60.16469675]]]]}, "geometry_name": "geom", "properties": {"id": 44, "kuntanimi": "Helsinki", "kaavatun": "12511", "kaavanimi": "Lauttasaaren, Myllykallion tonttien 31052/13, 31052/14, 31066/7 ja 31086/1 asemakaavan muutoksen, Lauttasaaren luoteisosan neljä tonttia", "vtulvuosi": "2020", "netkrostal": 960, "netrivketj": 0, "neterillis": 0, "netyhteens": 960, "brutyhteen": 960}}, {"type": "Feature", "id": "voimaantulleetkaavatmal_2020_2023.fid-7dddb29f_19d8b225a81_12d5", "geometry": {"type": "Polygon", "coordinates": [[[24.87596254, 60.15832142], [24.87626405, 60.15905984], [24.87652849, 60.15903301], [24.87643909, 60.15881408], [24.87677174, 60.15878034], [24.87656235, 60.15826022], [24.87596254, 60.15832142]]]}, "geometry_name": "geom", "properties": {"id": 45, "kuntanimi": "Helsinki", "kaavatun": "12529", "kaavanimi": "Lauttasaari, Kotkavuori, tontti 31035/2, Gyldénintie 2", "vtulvuosi": "2020", "netkrostal": 4160, "netrivketj": 0, "neterillis": 0, "netyhteens": 4160, "brutyhteen": 4160}}, {"type": "Feature", "id": "voimaantulleetkaavatmal_2020_2023.fid-7dddb29f_19d8b225a81_12d6", "geometry": {"type": "Polygon", "coordinates": [[[24.95390055, 60.18768156], [24.9538878, 60.18773153], [24.95457409, 60.18773442], [24.95464411, 60.18726901], [24.95401948, 60.18721493], [24.95398735, 60.18734098], [24.95390055, 60.18768156]]]}, "geometry_name": "geom", "properties": {"id": 46, "kuntanimi": "Helsinki", "kaavatun": "12588", "kaavanimi": "Alppiharju, Harju, tontti 575 tonttia/17, Helsinginkuja 6", "vtulvuosi": "2020", "netkrostal": 1915, "netrivketj": 0, "neterillis": 0, "netyhteens": 1915, "brutyhteen": 4865}}, {"type": "Feature", "id": "voimaantulleetkaavatmal_2020_2023.fid-7dddb29f_19d8b225a81_12d7", "geometry": {"type": "Polygon", "coordinates": [[[24.97910561, 60.21300392], [24.98016914, 60.21280479], [24.97991505, 60.21246877], [24.97885152, 60.21266791], [24.97910561, 60.21300392]]]}, "geometry_name": "geom", "properties": {"id": 47, "kuntanimi": "Helsinki", "kaavatun": "12592", "kaavanimi": "Vanhakaupunki, tontti 27671/7, Hämeentie 157", "vtulvuosi": "2020", "netkrostal": 9600, "netrivketj": 0, "neterillis": 0, "netyhteens": 9600, "brutyhteen": 9600}}, {"type": "Feature", "id": "voimaantulleetkaavatmal_2020_2023.fid-7dddb29f_19d8b225a81_12d8", "geometry": {"type": "Polygon", "coordinates": [[[25.07773337, 60.20900428], [25.07844114, 60.20911788], [25.07914256, 60.20924087], [25.07931851, 60.20908227], [25.07939347, 60.20901469], [25.0794231, 60.20898798], [25.07982842, 60.20862261], [25.07911795, 60.2084274], [25.07902207, 60.20851383], [25.07810952, 60.2082631], [25.07795781, 60.20826243], [25.07786629, 60.20834493], [25.07770368, 60.20830025], [25.07767975, 60.20824753], [25.07750279, 60.20823991], [25.0766108, 60.20799481], [25.07682871, 60.20779838], [25.07606301, 60.20758798], [25.07610659, 60.20754869], [25.07592504, 60.20749879], [25.07578939, 60.20746697], [25.07574138, 60.20786116], [25.07573522, 60.20791492], [25.0756448, 60.20864456], [25.0756117, 60.20864072], [25.07560815, 60.20867485], [25.0775595, 60.20894774], [25.07757823, 60.20895098], [25.07759855, 60.20895595], [25.07760597, 60.20895816], [25.07761739, 60.2089622], [25.07763443, 60.20896962], [25.07764422, 60.20897491], [25.0776553, 60.20898096], [25.07767389, 60.20898905], [25.07768455, 60.20899279], [25.07769444, 60.20899587], [25.0777166, 60.20900129], [25.07773337, 60.20900428]]]}, "geometry_name": "geom", "properties": {"id": 48, "kuntanimi": "Helsinki", "kaavatun": "12599", "kaavanimi": "Vartiokylä, Itäkeskus, kortteli 45052 sekä puisto- ja katualueet, Gotlanninkatu 1?3", "vtulvuosi": "2020", "netkrostal": 6800, "netrivketj": 0, "neterillis": 0, "netyhteens": 6800, "brutyhteen": 12050}}, {"type": "Feature", "id": "voimaantulleetkaavatmal_2020_2023.fid-7dddb29f_19d8b225a81_12d9", "geometry": {"type": "Polygon", "coordinates": [[[24.96853464, 60.16845985], [24.96855164, 60.16847572], [24.96861631, 60.16845902], [24.96859891, 60.16844282], [24.96985984, 60.16810859], [24.96990088, 60.16806914], [24.96920378, 60.16788901], [24.96915417, 60.1679266], [24.96849694, 60.16842464], [24.96853464, 60.16845985]]]}, "geometry_name": "geom", "properties": {"id": 49, "kuntanimi": "Helsinki", "kaavatun": "12562", "kaavanimi": "Katajanokka, tontti 8001/1 sekä puisto- ja katualueita, Laivastokatu 20", "vtulvuosi": "2020", "netkrostal": 1500, "netrivketj": 0, "neterillis": 0, "netyhteens": 1500, "brutyhteen": 1500}}, {"type": "Feature", "id": "voimaantulleetkaavatmal_2020_2023.fid-7dddb29f_19d8b225a81_12da", "geometry": {"type": "Polygon", "coordinates": [[[24.95729637, 60.17808802], [24.95431616, 60.17803958], [24.95403802, 60.17803505], [24.95384108, 60.17808196], [24.95332263, 60.1780674], [24.95327715, 60.17806612], [24.95273487, 60.1780495], [24.95209662, 60.17803297], [24.95162665, 60.17802079], [24.95027198, 60.17798326], [24.95023535, 60.17846446], [24.9507423, 60.17847276], [24.95215927, 60.17849597], [24.95233935, 60.17849891], [24.95292349, 60.17850847], [24.95324765, 60.17851378], [24.953653, 60.17852041], [24.95378806, 60.17852262], [24.95409562, 60.17864719], [24.95448704, 60.17880574], [24.95461287, 60.17885669], [24.95494839, 60.17899259], [24.95528391, 60.17912849], [24.95564041, 60.17927288], [24.95540711, 60.17943252], [24.95519502, 60.17957765], [24.95516802, 60.17957721], [24.95514771, 60.17989076], [24.95518425, 60.17989131], [24.95576959, 60.17990019], [24.95638195, 60.17990946], [24.95647201, 60.17991083], [24.95729148, 60.17992324], [24.95778797, 60.18019848], [24.95787298, 60.18015945], [24.95828119, 60.17997205], [24.95865887, 60.17979866], [24.95798653, 60.17938787], [24.95805755, 60.17830242], [24.95873286, 60.17831339], [24.95940819, 60.17832435], [24.9604977, 60.17834202], [24.96073181, 60.17834582], [24.96197439, 60.17836597], [24.96321698, 60.17838609], [24.96345917, 60.17839001], [24.96347484, 60.1781478], [24.9608467, 60.17810522], [24.95980623, 60.17808834], [24.95812782, 60.17806111], [24.95729902, 60.17804765], [24.95729637, 60.17808802]]]}, "geometry_name": "geom", "properties": {"id": 50, "kuntanimi": "Helsinki", "kaavatun": "12575", "kaavanimi": "Hakaniemenranta", "vtulvuosi": "2020", "netkrostal": 31200, "netrivketj": 0, "neterillis": 0, "netyhteens": 31200, "brutyhteen": 31200}}, {"type": "Feature", "id": "voimaantulleetkaavatmal_2020_2023.fid-7dddb29f_19d8b225a81_12db", "geometry": {"type": "Polygon", "coordinates": [[[24.91108432, 60.15612524], [24.91202833, 60.15670825], [24.91314412, 60.15618192], [24.91269539, 60.15592313], [24.91230641, 60.15563524], [24.91227749, 60.15561047], [24.91194504, 60.1552733], [24.91175354, 60.15500495], [24.91041884, 60.15519272], [24.91092794, 60.15598092], [24.91095266, 60.15601454], [24.91099279, 60.15605668], [24.91100462, 60.15606725], [24.91106995, 60.15611613], [24.91108432, 60.15612524]]]}, "geometry_name": "geom", "properties": {"id": 51, "kuntanimi": "Helsinki", "kaavatun": "12608", "kaavanimi": "Länsisatama, Jätkäsaari, satama-alue, Jätkäsaaren Palvelukorttelit", "vtulvuosi": "2020", "netkrostal": 34600, "netrivketj": 0, "neterillis": 0, "netyhteens": 34600, "brutyhteen": 34600}}, {"type": "Feature", "id": "voimaantulleetkaavatmal_2020_2023.fid-7dddb29f_19d8b225a81_12dc", "geometry": {"type": "MultiPolygon", "coordinates": [[[[24.92844138, 60.23890606], [24.92843961, 60.23891148], [24.92843803, 60.23892321], [24.92843956, 60.23893495], [24.92844415, 60.23894649], [24.92845173, 60.23895764], [24.92846217, 60.2389682], [24.92846645, 60.23897184], [24.9284753, 60.23897799], [24.92849088, 60.23898684], [24.92850865, 60.23899461], [24.9285283, 60.23900115], [24.92854952, 60.23900637], [24.92857191, 60.23901016], [24.92857615, 60.2390107], [24.92915535, 60.23908019], [24.92934898, 60.2386155], [24.92894617, 60.23856933], [24.92895051, 60.23856096], [24.9285949, 60.23851956], [24.92844138, 60.23890606]]], [[[24.92534523, 60.24506981], [24.92533287, 60.24506876], [24.92531404, 60.24506813], [24.9252952, 60.24506874], [24.92527669, 60.24507056], [24.92525881, 60.24507356], [24.92524186, 60.2450777], [24.92523497, 60.24507982], [24.92522616, 60.24508291], [24.92521196, 60.24508909], [24.92519949, 60.24509613], [24.92518899, 60.24510393], [24.92518062, 60.24511234], [24.92517454, 60.24512122], [24.9251723, 60.24512601], [24.92511318, 60.24527479], [24.92575091, 60.24534502], [24.92572705, 60.24539857], [24.92603878, 60.24543565], [24.92634965, 60.24547263], [24.92647424, 60.24519412], [24.92584884, 60.24512526], [24.92534523, 60.24506981]]]]}, "geometry_name": "geom", "properties": {"id": 52, "kuntanimi": "Helsinki", "kaavatun": "12233", "kaavanimi": "Pakila, Länsi-Pakila, tontit 34089/25 ja 34163/19 ja 28, Pakilantie 59, 81 a ja Ripusuontie 59", "vtulvuosi": "2020", "netkrostal": 2806, "netrivketj": 0, "neterillis": 0, "netyhteens": 2806, "brutyhteen": 3310}}, {"type": "Feature", "id": "voimaantulleetkaavatmal_2020_2023.fid-7dddb29f_19d8b225a81_12dd", "geometry": {"type": "Polygon", "coordinates": [[[25.00623747, 60.25304244], [25.00644408, 60.25326215], [25.00690192, 60.25316234], [25.00692974, 60.25312689], [25.00650116, 60.25264208], [25.00638481, 60.25263317], [25.00626494, 60.25249759], [25.00583093, 60.25257164], [25.00602541, 60.25279509], [25.00623747, 60.25304244]]]}, "geometry_name": "geom", "properties": {"id": 53, "kuntanimi": "Helsinki", "kaavatun": "12622", "kaavanimi": "Malmi, Ylä-Malmi, tontti 38139/4, Askartie 2.", "vtulvuosi": "2020", "netkrostal": 2500, "netrivketj": 0, "neterillis": 0, "netyhteens": 2500, "brutyhteen": 3900}}, {"type": "Feature", "id": "voimaantulleetkaavatmal_2020_2023.fid-7dddb29f_19d8b225a81_12de", "geometry": {"type": "Polygon", "coordinates": [[[25.07525226, 60.20858367], [25.07521983, 60.20857391], [25.07511608, 60.20854851], [25.07507531, 60.20854072], [25.07500657, 60.20853008], [25.07489315, 60.20851892], [25.07488364, 60.20851833], [25.07192438, 60.20834148], [25.07193393, 60.20825844], [25.07194083, 60.20819836], [25.07194448, 60.20816664], [25.0719042, 60.2081975], [25.07189453, 60.20819727], [25.07114973, 60.20815658], [25.07106719, 60.20845451], [25.07100883, 60.2086589], [25.07098261, 60.20875676], [25.07092302, 60.20897917], [25.07089443, 60.20908593], [25.07157539, 60.20922421], [25.07201711, 60.20931389], [25.07253288, 60.20941862], [25.07279293, 60.20945752], [25.07282062, 60.20945678], [25.07285569, 60.2094579], [25.07287461, 60.20945953], [25.07289017, 60.20946129], [25.07292347, 60.2094669], [25.07295135, 60.20947359], [25.07477623, 60.20997507], [25.074779, 60.20997583], [25.07479857, 60.20998232], [25.07479918, 60.20998257], [25.07481626, 60.20999002], [25.07481958, 60.20999171], [25.07528145, 60.2101139], [25.07558143, 60.21019633], [25.07719979, 60.21064102], [25.07862081, 60.21103143], [25.07862365, 60.21103222], [25.07864328, 60.21103873], [25.07866104, 60.21104646], [25.07867662, 60.21105528], [25.07868974, 60.21106503], [25.0787002, 60.21107555], [25.07870692, 60.21108512], [25.07870781, 60.21108667], [25.07871244, 60.21109817], [25.07871401, 60.21110989], [25.07871249, 60.21112161], [25.07870792, 60.21113312], [25.07870037, 60.21114424], [25.07869153, 60.21115339], [25.07892346, 60.21120431], [25.0792473, 60.2109124], [25.07923069, 60.21090784], [25.07810966, 60.21059984], [25.07848232, 60.21026394], [25.07840338, 60.21024225], [25.07843389, 60.21021474], [25.07844178, 60.21021691], [25.07870765, 60.20997727], [25.07845811, 60.20991435], [25.0786517, 60.20973986], [25.0786131, 60.20968877], [25.07869073, 60.20970467], [25.07919467, 60.20925043], [25.07846745, 60.20912231], [25.07773337, 60.20900428], [25.07771659, 60.20900124], [25.07769443, 60.20899581], [25.07768455, 60.20899279], [25.07767388, 60.208989], [25.0776553, 60.20898091], [25.07764422, 60.20897491], [25.07763437, 60.20896958], [25.07761736, 60.20896218], [25.07760597, 60.20895816], [25.07759856, 60.20895595], [25.07757828, 60.20895098], [25.0775595, 60.20894774], [25.07560815, 60.20867485], [25.0756117, 60.20864072], [25.0756448, 60.20864456], [25.07565083, 60.2085959], [25.07525226, 60.20858367]]]}, "geometry_name": "geom", "properties": {"id": 54, "kuntanimi": "Helsinki", "kaavatun": "12633", "kaavanimi": "Vartiokylä, Itäkeskus, kortteli 45172 sekä katu- ja raideliikennealueet, Itäkeskuksen Jokerikortteli", "vtulvuosi": "2020", "netkrostal": 19200, "netrivketj": 0, "neterillis": 0, "netyhteens": 19200, "brutyhteen": 19200}}, {"type": "Feature", "id": "voimaantulleetkaavatmal_2020_2023.fid-7dddb29f_19d8b225a81_12df", "geometry": {"type": "Polygon", "coordinates": [[[24.85158094, 60.25269372], [24.85204974, 60.25257666], [24.85214714, 60.25241673], [24.85186338, 60.25213604], [24.85083102, 60.25239382], [24.85088931, 60.25263135], [24.85087788, 60.25268505], [24.8515616, 60.2527467], [24.85158094, 60.25269372]]]}, "geometry_name": "geom", "properties": {"id": 63, "kuntanimi": "Helsinki", "kaavatun": "12606", "kaavanimi": "Kaarela, Malminkartano, tontti 33274 ja katualue, Neulastie 8 ja 10", "vtulvuosi": "2020", "netkrostal": 0, "netrivketj": 1505, "neterillis": 0, "netyhteens": 1505, "brutyhteen": 2105}}, {"type": "Feature", "id": "voimaantulleetkaavatmal_2020_2023.fid-7dddb29f_19d8b225a81_12e0", "geometry": {"type": "Polygon", "coordinates": [[[25.02516497, 60.16845401], [25.02516851, 60.16845241], [25.02506895, 60.16844105], [25.02606146, 60.16728586], [25.02592966, 60.1665429], [25.02703422, 60.16490826], [25.02668834, 60.16461273], [25.02613347, 60.16469688], [25.02501289, 60.16480818], [25.02464873, 60.16482828], [25.02387274, 60.16484563], [25.02273253, 60.16480859], [25.02256471, 60.16479678], [25.02248959, 60.16479085], [25.02241465, 60.1647844], [25.02102106, 60.16692111], [25.02021858, 60.16712147], [25.02136165, 60.16825818], [25.02137244, 60.16826991], [25.0213843, 60.16828648], [25.02138753, 60.16829204], [25.02139668, 60.16831496], [25.02139703, 60.16831627], [25.02139718, 60.16831687], [25.02140416, 60.16833435], [25.02140657, 60.16833862], [25.02141567, 60.16835122], [25.02142356, 60.16835984], [25.02144061, 60.16837679], [25.02151475, 60.16845052], [25.02151702, 60.1684528], [25.02152219, 60.16845665], [25.02152832, 60.16846013], [25.02153532, 60.16846319], [25.02154304, 60.16846576], [25.02155139, 60.16846781], [25.02155359, 60.168468], [25.0215602, 60.1684693], [25.02156932, 60.1684702], [25.0215786, 60.1684705], [25.02158787, 60.16847019], [25.021597, 60.16846929], [25.02160579, 60.1684678], [25.02160592, 60.16846778], [25.02184271, 60.16842851], [25.02211364, 60.16840161], [25.02222635, 60.16839573], [25.02238931, 60.16839256], [25.02266498, 60.16840152], [25.02286168, 60.16841914], [25.02494072, 60.16865646], [25.02494555, 60.16865409], [25.0249507, 60.16865136], [25.02495687, 60.16864765], [25.02495962, 60.1686458], [25.02496729, 60.16863982], [25.02497162, 60.1686359], [25.02497598, 60.16863103], [25.02498029, 60.16862516], [25.02501273, 60.16857318], [25.02502944, 60.16855013], [25.02506064, 60.16851858], [25.02507288, 60.16850854], [25.02509984, 60.16848931], [25.02514638, 60.16846286], [25.02516497, 60.16845401]]]}, "geometry_name": "geom", "properties": {"id": 55, "kuntanimi": "Helsinki", "kaavatun": "12410", "kaavanimi": "Laajasalo, Kruunuvuorenranta, korttelit 49332?49342, lähivirkistys- ja katualueet sekä Laajasalo, Kruunuvuorenranta, lähivirkistysalue. Stansvikinkallio", "vtulvuosi": "2020", "netkrostal": 88350, "netrivketj": 0, "neterillis": 0, "netyhteens": 88350, "brutyhteen": 88350}}, {"type": "Feature", "id": "voimaantulleetkaavatmal_2020_2023.fid-7dddb29f_19d8b225a81_12e1", "geometry": {"type": "Polygon", "coordinates": [[[24.89856607, 60.21783365], [24.89875499, 60.21800378], [24.89935747, 60.2178384], [24.89945977, 60.2175009], [24.89876385, 60.21746438], [24.89877521, 60.21771006], [24.89856607, 60.21783365]]]}, "geometry_name": "geom", "properties": {"id": 56, "kuntanimi": "Helsinki", "kaavatun": "12639", "kaavanimi": "Haaga, Etelä-Haaga, tontti 29050/1, Tunnelitie 8", "vtulvuosi": "2020", "netkrostal": 830, "netrivketj": 0, "neterillis": 0, "netyhteens": 830, "brutyhteen": 1910}}, {"type": "Feature", "id": "voimaantulleetkaavatmal_2020_2023.fid-7dddb29f_19d8b225a81_12e2", "geometry": {"type": "Polygon", "coordinates": [[[24.96651734, 60.2294902], [24.9660176, 60.22972843], [24.96638841, 60.22992089], [24.96694502, 60.22966022], [24.96661942, 60.22949128], [24.96661836, 60.2294908], [24.96661126, 60.2294877], [24.9666034, 60.22948508], [24.96659493, 60.229483], [24.96658598, 60.22948149], [24.9665767, 60.22948057], [24.96656883, 60.22948023], [24.96656728, 60.22948026], [24.96655784, 60.22948057], [24.96654857, 60.22948148], [24.96653962, 60.22948299], [24.96653113, 60.22948506], [24.96652327, 60.22948767], [24.96651734, 60.2294902]]]}, "geometry_name": "geom", "properties": {"id": 57, "kuntanimi": "Helsinki", "kaavatun": "12644", "kaavanimi": "Oulunkylä, Patola, tontti 28054/3, Oulunkylän Tori 1", "vtulvuosi": "2020", "netkrostal": 1888, "netrivketj": 0, "neterillis": 0, "netyhteens": 1888, "brutyhteen": 3100}}, {"type": "Feature", "id": "voimaantulleetkaavatmal_2020_2023.fid-7dddb29f_19d8b225a81_12e3", "geometry": {"type": "Polygon", "coordinates": [[[24.99907659, 60.27076829], [24.99892236, 60.27104273], [24.99849732, 60.27098561], [24.99727818, 60.2715408], [24.99688855, 60.27171824], [24.99755382, 60.27179216], [24.99790504, 60.27183118], [24.99750047, 60.27205655], [24.99782673, 60.27210399], [24.99832831, 60.27182606], [24.99838172, 60.27179621], [24.99869014, 60.27162379], [24.99911367, 60.27167091], [24.99948544, 60.27171141], [24.99983565, 60.27174956], [25.00004417, 60.27163289], [25.00031373, 60.2714862], [25.00043591, 60.27125974], [25.00059163, 60.27097108], [24.99954462, 60.27082984], [24.99907659, 60.27076829]]]}, "geometry_name": "geom", "properties": {"id": 58, "kuntanimi": "Helsinki", "kaavatun": "12585", "kaavanimi": "Suutarila, Töyrynummi, tontit 40196/5, 19?22 ja 25, Puutarhakortteli", "vtulvuosi": "2020", "netkrostal": 0, "netrivketj": 1564, "neterillis": 1520, "netyhteens": 3084, "brutyhteen": 5246}}, {"type": "Feature", "id": "voimaantulleetkaavatmal_2020_2023.fid-7dddb29f_19d8b225a81_12e4", "geometry": {"type": "Polygon", "coordinates": [[[25.01039465, 60.17082777], [25.01034083, 60.17086869], [25.01028662, 60.17090948], [25.01006843, 60.17106937], [25.00984405, 60.17122714], [25.01004108, 60.17205616], [25.01433062, 60.17574895], [25.01796255, 60.17668869], [25.01825737, 60.17607054], [25.01846691, 60.17563117], [25.01851562, 60.17552905], [25.01881497, 60.17490134], [25.01887546, 60.17408966], [25.01907587, 60.17392207], [25.01870582, 60.17385351], [25.01899417, 60.17362833], [25.0187867, 60.17324159], [25.01860204, 60.17289265], [25.01846091, 60.17261597], [25.01830261, 60.17232222], [25.01819215, 60.17212035], [25.01805018, 60.17184773], [25.01795158, 60.17171818], [25.01788908, 60.17154666], [25.01783816, 60.17140692], [25.01805705, 60.17134076], [25.01847248, 60.17109625], [25.01933287, 60.17112772], [25.01932345, 60.17108753], [25.02104921, 60.17111814], [25.02169041, 60.17088006], [25.0216662, 60.17087475], [25.02160743, 60.17086445], [25.02159492, 60.1708627], [25.02152108, 60.1708554], [25.02152062, 60.17085537], [25.01951411, 60.1707247], [25.01951349, 60.17072466], [25.01937248, 60.17071071], [25.01923634, 60.1706877], [25.01916295, 60.17067098], [25.01910738, 60.17065604], [25.01898783, 60.17061626], [25.01887971, 60.17056905], [25.01886695, 60.17056259], [25.01878498, 60.17051528], [25.01878486, 60.17051518], [25.01871418, 60.17046342], [25.01890934, 60.17040254], [25.01889841, 60.17039341], [25.01887671, 60.17037328], [25.01885458, 60.17034915], [25.01884935, 60.17034271], [25.01882213, 60.17030161], [25.01881865, 60.17029492], [25.01880257, 60.17025269], [25.01880081, 60.17024553], [25.01871075, 60.16984752], [25.01862111, 60.16945136], [25.01862081, 60.16944713], [25.01862141, 60.16944248], [25.01862183, 60.16944088], [25.01862323, 60.16943791], [25.01862623, 60.1694335], [25.0186286, 60.16943095], [25.01833372, 60.16942372], [25.01833224, 60.16942188], [25.0183183, 60.16940769], [25.01831782, 60.16940733], [25.01829972, 60.16939384], [25.01829833, 60.16939295], [25.01822211, 60.16939181], [25.01820238, 60.16938713], [25.01818541, 60.16938399], [25.01817604, 60.16938267], [25.01814877, 60.16937997], [25.01814636, 60.16937982], [25.01704817, 60.16931688], [25.01653793, 60.16928764], [25.01651719, 60.16928703], [25.01649376, 60.1692878], [25.01648103, 60.16928889], [25.01647074, 60.16929008], [25.01644851, 60.16929385], [25.01642776, 60.16929893], [25.0163866, 60.16930902], [25.01634197, 60.16931657], [25.01629575, 60.16932116], [25.01624873, 60.1693227], [25.01620171, 60.16932117], [25.01615548, 60.1693166], [25.01611085, 60.16930906], [25.01606858, 60.16929867], [25.01602939, 60.16928563], [25.01599395, 60.16927015], [25.01596348, 60.16925293], [25.01596287, 60.16925251], [25.01593668, 60.16923298], [25.01591582, 60.16921193], [25.01590067, 60.1691897], [25.01589146, 60.16916666], [25.01588837, 60.16914324], [25.01589144, 60.1691198], [25.01590062, 60.16909677], [25.01591575, 60.16907453], [25.01593659, 60.16905347], [25.01596276, 60.16903394], [25.01599147, 60.16901747], [25.0159914, 60.16901739], [25.01599904, 60.16901304], [25.01600548, 60.16900824], [25.0160106, 60.16900306], [25.0160136, 60.16899868], [25.01601433, 60.16899759], [25.01601658, 60.16899192], [25.01601734, 60.16898616], [25.01601658, 60.16898039], [25.01601537, 60.16897692], [25.01587536, 60.16864086], [25.0152193, 60.16706606], [25.01519367, 60.16700454], [25.01446178, 60.16708024], [25.01438459, 60.16689495], [25.01419232, 60.16687411], [25.01413432, 60.16700698], [25.01416494, 60.16700798], [25.01430565, 60.16734579], [25.01211677, 60.16744272], [25.00928196, 60.16888152], [25.00902449, 60.16984468], [25.00931742, 60.17033482], [25.00936746, 60.17029523], [25.00941709, 60.17025553], [25.00966338, 60.1700723], [25.00976966, 60.17000118], [25.00993521, 60.16989826], [25.01004364, 60.16983371], [25.0100607, 60.16982356], [25.01051328, 60.17002475], [25.01067044, 60.16994052], [25.01073232, 60.16990919], [25.0108344, 60.16985959], [25.01109098, 60.1699734], [25.01146261, 60.17013823], [25.01132474, 60.17020424], [25.01129647, 60.17021845], [25.01113834, 60.1703026], [25.01057938, 60.17068653], [25.01039465, 60.17082777]], [[25.01882283, 60.17074448], [25.01882443, 60.17076343], [25.01882059, 60.17079275], [25.01880909, 60.17082158], [25.01880251, 60.17083276], [25.01879015, 60.17084941], [25.01876408, 60.17087577], [25.01873133, 60.17090021], [25.01871503, 60.17091019], [25.01863155, 60.17095838], [25.01854299, 60.17104062], [25.01838248, 60.17110605], [25.01796877, 60.17134655], [25.01778709, 60.17140358], [25.01771955, 60.17144366], [25.01756742, 60.1714817], [25.01739872, 60.17147771], [25.01725434, 60.17143346], [25.01716534, 60.17136821], [25.01711431, 60.17127343], [25.01710971, 60.17114702], [25.01745503, 60.17065373], [25.01751247, 60.17059217], [25.01777465, 60.17057257], [25.01781846, 60.17057129], [25.01871194, 60.17069862], [25.01875785, 60.17070516], [25.0187675, 60.17070686], [25.01877808, 60.17070946], [25.01878788, 60.17071272], [25.01879675, 60.17071659], [25.01880262, 60.17071978], [25.01880452, 60.17072101], [25.01881107, 60.17072589], [25.01881629, 60.17073116], [25.01882009, 60.17073672], [25.01882239, 60.17074248], [25.01882283, 60.17074448]], [[25.01639906, 60.1704265], [25.01640697, 60.17042641], [25.01642577, 60.17042702], [25.01644423, 60.17042885], [25.01645079, 60.17042981], [25.01646207, 60.17043187], [25.01647896, 60.17043602], [25.01649461, 60.17044123], [25.01649677, 60.17044207], [25.01722564, 60.17073174], [25.01689021, 60.17094126], [25.01550993, 60.17107942], [25.01548737, 60.17103413], [25.01528756, 60.17063313], [25.01526832, 60.1704572], [25.01639906, 60.1704265]], [[25.01413793, 60.17048788], [25.01508845, 60.17046209], [25.01515212, 60.1710444], [25.01429144, 60.17115149], [25.01425418, 60.17107716], [25.01407252, 60.17071469], [25.01413793, 60.17048788]], [[25.01250351, 60.16946862], [25.01257611, 60.1694496], [25.0126329, 60.16943694], [25.01265128, 60.16943324], [25.01272981, 60.1696109], [25.01252434, 60.16963858], [25.0124728, 60.16967966], [25.01212747, 60.16971814], [25.01207734, 60.16960643], [25.01215602, 60.16958099], [25.01250351, 60.16946862]]]}, "geometry_name": "geom", "properties": {"id": 59, "kuntanimi": "Helsinki", "kaavatun": "12330", "kaavanimi": "Laajasalo, Kruunuvuori", "vtulvuosi": "2020", "netkrostal": 52930, "netrivketj": 0, "neterillis": 0, "netyhteens": 52930, "brutyhteen": 52930}}, {"type": "Feature", "id": "voimaantulleetkaavatmal_2020_2023.fid-7dddb29f_19d8b225a81_12e5", "geometry": {"type": "Polygon", "coordinates": [[[25.03962672, 60.19389101], [25.03985793, 60.19500515], [25.04062002, 60.19496594], [25.04038877, 60.19385181], [25.03962672, 60.19389101]]]}, "geometry_name": "geom", "properties": {"id": 60, "kuntanimi": "Helsinki", "kaavatun": "12366", "kaavanimi": "Herttoniemi, Herttoniemen yritysalue, osa tonttia 43057/9 ja tontit 43057/10 ja 11, Puusepänkadun korttelit", "vtulvuosi": "2020", "netkrostal": 11350, "netrivketj": 0, "neterillis": 0, "netyhteens": 11350, "brutyhteen": 11350}}, {"type": "Feature", "id": "voimaantulleetkaavatmal_2020_2023.fid-7dddb29f_19d8b225a81_12e6", "geometry": {"type": "Polygon", "coordinates": [[[25.02640351, 60.16910402], [25.02640329, 60.16910479], [25.02640222, 60.16910526], [25.02640227, 60.16910532], [25.02640104, 60.16910565], [25.02639977, 60.16910596], [25.02639971, 60.16910598], [25.02639322, 60.16910646], [25.0263814, 60.1691071], [25.02636299, 60.1691077], [25.02620817, 60.169112], [25.02620232, 60.16911232], [25.0261918, 60.16911336], [25.02618165, 60.16911508], [25.02617626, 60.16911625], [25.02617204, 60.16911745], [25.02616313, 60.16912042], [25.02615507, 60.16912394], [25.02615039, 60.16912648], [25.02614809, 60.16912765], [25.02614497, 60.16912902], [25.02614153, 60.16913016], [25.02613782, 60.16913107], [25.02613648, 60.16913131], [25.02613389, 60.16913174], [25.02612984, 60.16913214], [25.02612571, 60.16913228], [25.02612157, 60.16913214], [25.02611957, 60.16913198], [25.02596858, 60.16911475], [25.02592824, 60.1691107], [25.02589769, 60.16910837], [25.02588753, 60.16910774], [25.02586551, 60.16915565], [25.02582227, 60.16915417], [25.02579444, 60.1691539], [25.02577893, 60.16915399], [25.02575735, 60.16915412], [25.02570259, 60.16915336], [25.02563045, 60.16915], [25.02562659, 60.16914974], [25.0256148, 60.16917538], [25.02559385, 60.16922094], [25.02484714, 60.16948206], [25.02483837, 60.16948514], [25.02482959, 60.16948823], [25.02482644, 60.16948934], [25.02482331, 60.16949045], [25.02524233, 60.16978794], [25.02590034, 60.16955784], [25.02661095, 60.16981136], [25.02711198, 60.16944784], [25.02740224, 60.16949795], [25.027895, 60.16961946], [25.02827722, 60.16974984], [25.02857491, 60.16988376], [25.02879881, 60.16999407], [25.02898054, 60.17009211], [25.02914328, 60.17019794], [25.02931174, 60.1703075], [25.02856618, 60.1696078], [25.02853871, 60.16958311], [25.02849821, 60.16955011], [25.02842449, 60.169498], [25.02842063, 60.16949552], [25.0282887, 60.16942091], [25.028134, 60.16935338], [25.02802389, 60.16931493], [25.02796293, 60.16929647], [25.02777843, 60.16925118], [25.02758363, 60.16921828], [25.02752829, 60.16921144], [25.02695142, 60.16914561], [25.02686342, 60.16913671], [25.02678379, 60.16913059], [25.02677464, 60.16913001], [25.02653918, 60.16911521], [25.02653003, 60.16911463], [25.02647113, 60.16911027], [25.02640351, 60.16910402]]]}, "geometry_name": "geom", "properties": {"id": 61, "kuntanimi": "Helsinki", "kaavatun": "12405", "kaavanimi": "Laajasalo, Kruunuvuorenranta, korttelit 49187 ja 49188 sekä lähivirkistys- ja urheilualueet, Kaivoskallion huvilat", "vtulvuosi": "2020", "netkrostal": 0, "netrivketj": 0, "neterillis": 1340, "netyhteens": 1340, "brutyhteen": 1340}}, {"type": "Feature", "id": "voimaantulleetkaavatmal_2020_2023.fid-7dddb29f_19d8b225a81_12e7", "geometry": {"type": "Polygon", "coordinates": [[[24.86938306, 60.19839242], [24.86901567, 60.19806885], [24.86832106, 60.19830209], [24.86861135, 60.19855732], [24.86862465, 60.1985629], [24.86864607, 60.19857006], [24.8686692, 60.19857577], [24.86867609, 60.19857708], [24.86869362, 60.19857992], [24.86871892, 60.19858245], [24.86874467, 60.19858332], [24.868751, 60.19858327], [24.86895007, 60.19852723], [24.86898529, 60.19851724], [24.86916957, 60.19846221], [24.86938306, 60.19839242]]]}, "geometry_name": "geom", "properties": {"id": 62, "kuntanimi": "Helsinki", "kaavatun": "12573", "kaavanimi": "Munkkiniemi, tontti 30024/23 ja katualue, Tiilimäki 22", "vtulvuosi": "2020", "netkrostal": 0, "netrivketj": 380, "neterillis": 0, "netyhteens": 380, "brutyhteen": 740}}, {"type": "Feature", "id": "voimaantulleetkaavatmal_2020_2023.fid-7dddb29f_19d8b225a81_12e8", "geometry": {"type": "Polygon", "coordinates": [[[24.95653288, 60.17336693], [24.95646293, 60.17410694], [24.95753246, 60.17413391], [24.95755702, 60.17388908], [24.95758184, 60.17364155], [24.95760666, 60.17339402], [24.95653288, 60.17336693]]]}, "geometry_name": "geom", "properties": {"id": 64, "kuntanimi": "Helsinki", "kaavatun": "12559", "kaavanimi": "Kruununhaka, tontti 118/3, Mariankatu 23", "vtulvuosi": "2020", "netkrostal": 6302, "netrivketj": 0, "neterillis": 0, "netyhteens": 6302, "brutyhteen": 6302}}, {"type": "Feature", "id": "voimaantulleetkaavatmal_2020_2023.fid-7dddb29f_19d8b225a81_12e9", "geometry": {"type": "Polygon", "coordinates": [[[25.10646285, 60.2773397], [25.10654029, 60.27730874], [25.10682189, 60.2771962], [25.10739914, 60.27696549], [25.10771752, 60.27683825], [25.10774833, 60.27682475], [25.10777655, 60.2768099], [25.10865985, 60.27678674], [25.10855835, 60.27583224], [25.10780042, 60.27585212], [25.10745901, 60.27595994], [25.10717336, 60.27596743], [25.10612669, 60.27599487], [25.10616288, 60.27633543], [25.1063132, 60.2763315], [25.10632557, 60.276448], [25.10621729, 60.27645084], [25.10499005, 60.276483], [25.10492762, 60.27676623], [25.10498953, 60.27684253], [25.10510015, 60.27696717], [25.10522078, 60.2770895], [25.10531878, 60.27718056], [25.105403, 60.27725385], [25.10549086, 60.27732607], [25.10557824, 60.27739409], [25.10558768, 60.27740058], [25.10560708, 60.27741095], [25.10562952, 60.27741967], [25.10565444, 60.27742653], [25.10568123, 60.27743136], [25.10570921, 60.27743404], [25.10573769, 60.27743451], [25.10576597, 60.27743274], [25.10579333, 60.27742878], [25.10581911, 60.27742275], [25.10584265, 60.27741477], [25.10600113, 60.27752423], [25.10646285, 60.2773397]]]}, "geometry_name": "geom", "properties": {"id": 65, "kuntanimi": "Vantaa", "kaavatun": "002340", "kaavanimi": "Raudikkokuja", "vtulvuosi": "2020", "netkrostal": 18660, "netrivketj": 0, "neterillis": 0, "netyhteens": 18660, "brutyhteen": 36210}}, {"type": "Feature", "id": "voimaantulleetkaavatmal_2020_2023.fid-7dddb29f_19d8b225a81_12ea", "geometry": {"type": "Polygon", "coordinates": [[[25.04404659, 60.30100631], [25.04451507, 60.30111253], [25.04487303, 60.30119547], [25.04527336, 60.30128633], [25.04567227, 60.30137854], [25.04600766, 60.30101224], [25.0456093, 60.30091649], [25.04521655, 60.30082338], [25.04485595, 60.30073727], [25.04440143, 60.30062851], [25.04404659, 60.30100631]]]}, "geometry_name": "geom", "properties": {"id": 66, "kuntanimi": "Vantaa", "kaavatun": "002354", "kaavanimi": "Vanha Sahatie", "vtulvuosi": "2020", "netkrostal": 3710, "netrivketj": 0, "neterillis": -550, "netyhteens": 3160, "brutyhteen": 3710}}, {"type": "Feature", "id": "voimaantulleetkaavatmal_2020_2023.fid-7dddb29f_19d8b225a81_12eb", "geometry": {"type": "Polygon", "coordinates": [[[24.83998798, 60.26863314], [24.84003255, 60.26852141], [24.84041194, 60.26815216], [24.84041191, 60.2680654], [24.84041168, 60.26794154], [24.84041098, 60.26735559], [24.8374537, 60.26729643], [24.83660688, 60.26727948], [24.83622635, 60.26702992], [24.8357682, 60.26672944], [24.83555463, 60.26791131], [24.83551975, 60.26810425], [24.83549431, 60.26824494], [24.83652898, 60.26865792], [24.83757583, 60.26903313], [24.83860574, 60.26936733], [24.83903316, 60.26947247], [24.83962734, 60.26963396], [24.8399437, 60.2696803], [24.84045346, 60.2697512], [24.84147472, 60.26983869], [24.84158376, 60.26949183], [24.84153379, 60.26947092], [24.84160877, 60.26924052], [24.84170495, 60.26874208], [24.84186606, 60.26825839], [24.84194797, 60.26802352], [24.84211553, 60.26771618], [24.84215541, 60.26762602], [24.84223858, 60.26737839], [24.8413787, 60.26737494], [24.8412855, 60.26765644], [24.8411046, 60.26820281], [24.84094854, 60.2686741], [24.84093005, 60.26872944], [24.84082119, 60.26874556], [24.83997921, 60.26865514], [24.83998798, 60.26863314]]]}, "geometry_name": "geom", "properties": {"id": 67, "kuntanimi": "Vantaa", "kaavatun": "002156", "kaavanimi": "Kelokuusenmäki", "vtulvuosi": "2020", "netkrostal": 12600, "netrivketj": 0, "neterillis": 0, "netyhteens": 12600, "brutyhteen": 17600}}, {"type": "Feature", "id": "voimaantulleetkaavatmal_2020_2023.fid-7dddb29f_19d8b225a81_12ec", "geometry": {"type": "Polygon", "coordinates": [[[24.96975522, 60.27642977], [24.96970249, 60.27655265], [24.96996801, 60.27658075], [24.97080064, 60.27666887], [24.97083266, 60.27598583], [24.97029067, 60.27597956], [24.96876821, 60.27588399], [24.96841563, 60.276288], [24.96975522, 60.27642977]]]}, "geometry_name": "geom", "properties": {"id": 68, "kuntanimi": "Vantaa", "kaavatun": "002390", "kaavanimi": "Tammistontie 2", "vtulvuosi": "2020", "netkrostal": 4400, "netrivketj": 0, "neterillis": 0, "netyhteens": 4400, "brutyhteen": 4400}}, {"type": "Feature", "id": "voimaantulleetkaavatmal_2020_2023.fid-7dddb29f_19d8b225a81_12ed", "geometry": {"type": "Polygon", "coordinates": [[[24.81852356, 60.25816134], [24.81851565, 60.25812814], [24.81851608, 60.2580947], [24.81852486, 60.25806154], [24.81854584, 60.25800813], [24.81858897, 60.25791008], [24.8186409, 60.2578131], [24.81868711, 60.25774241], [24.81874229, 60.25767334], [24.81880621, 60.25760615], [24.8188786, 60.25754112], [24.81889028, 60.25752928], [24.81889794, 60.25751665], [24.81890135, 60.25750357], [24.81890043, 60.25749038], [24.81889521, 60.25747745], [24.81888582, 60.25746511], [24.8188725, 60.2574537], [24.81885564, 60.25744351], [24.81874935, 60.25738912], [24.81842272, 60.25755955], [24.8182397, 60.25765505], [24.81817802, 60.25773902], [24.81809747, 60.25784867], [24.81802971, 60.25794093], [24.81790501, 60.25811071], [24.81785492, 60.2581789], [24.81782227, 60.25822335], [24.8181655, 60.25839085], [24.81858359, 60.25859487], [24.81862852, 60.25861679], [24.81874327, 60.25853064], [24.81867343, 60.25844065], [24.81861342, 60.25834893], [24.81856342, 60.25825573], [24.81852356, 60.25816134]]]}, "geometry_name": "geom", "properties": {"id": 69, "kuntanimi": "Vantaa", "kaavatun": "002120", "kaavanimi": "Vapaalantie 10", "vtulvuosi": "2020", "netkrostal": 0, "netrivketj": 0, "neterillis": 950, "netyhteens": 950, "brutyhteen": 950}}, {"type": "Feature", "id": "voimaantulleetkaavatmal_2020_2023.fid-7dddb29f_19d8b225a81_12ee", "geometry": {"type": "Polygon", "coordinates": [[[24.78221381, 60.24849896], [24.78314985, 60.24740225], [24.78326884, 60.2472887], [24.78340018, 60.24717856], [24.78354347, 60.24707216], [24.78369829, 60.24696984], [24.78386415, 60.24687189], [24.78404059, 60.24677861], [24.78432326, 60.24678545], [24.78433771, 60.24675929], [24.78481771, 60.24659491], [24.7849898, 60.24653597], [24.78533075, 60.2468518], [24.78570174, 60.24720584], [24.78580802, 60.24730083], [24.78592323, 60.24740338], [24.78612236, 60.24758208], [24.7862298, 60.24768626], [24.78626402, 60.24781655], [24.78628881, 60.24791099], [24.78624436, 60.24806178], [24.78620175, 60.24820631], [24.78600993, 60.24843696], [24.78590645, 60.24856137], [24.78580039, 60.2486908], [24.78560382, 60.24893068], [24.78546093, 60.24910609], [24.78530741, 60.24929453], [24.78513934, 60.24949642], [24.78497302, 60.2496962], [24.78426344, 60.2494606], [24.78424285, 60.24941734], [24.78408167, 60.24957774], [24.78416532, 60.24957446], [24.78485378, 60.24980596], [24.78433541, 60.25010253], [24.78400951, 60.2502578], [24.78368653, 60.25041168], [24.78300872, 60.2506649], [24.78296763, 60.25068322], [24.78272534, 60.25074544], [24.78347747, 60.25107844], [24.78367971, 60.251168], [24.78408565, 60.2511554], [24.78426768, 60.25123599], [24.78463176, 60.25139718], [24.78499583, 60.25155836], [24.7853599, 60.25171954], [24.78586402, 60.2519427], [24.78597037, 60.25198979], [24.78729889, 60.25257801], [24.78941774, 60.25060892], [24.78995101, 60.2501133], [24.79434069, 60.24607101], [24.79293198, 60.24616551], [24.79025344, 60.24617289], [24.78902136, 60.24524381], [24.78351353, 60.24335175], [24.78336833, 60.24356917], [24.78334973, 60.24359721], [24.78308854, 60.24397719], [24.78284265, 60.24433492], [24.78279527, 60.24440383], [24.78241608, 60.24499092], [24.78231783, 60.24512846], [24.78203026, 60.24552959], [24.7819898, 60.24558601], [24.78172377, 60.24599494], [24.78144853, 60.24641801], [24.78126108, 60.24669876], [24.78115869, 60.24685209], [24.78114243, 60.24687635], [24.78101184, 60.24707204], [24.78087082, 60.24726708], [24.78079162, 60.24738641], [24.78058463, 60.24769832], [24.78057331, 60.24771536], [24.780556, 60.24774088], [24.780417, 60.24794584], [24.78029819, 60.24812105], [24.78025906, 60.2481705], [24.7806959, 60.24824414], [24.78128903, 60.248344], [24.78221381, 60.24849896]]]}, "geometry_name": "geom", "properties": {"id": 70, "kuntanimi": "Vantaa", "kaavatun": "100400", "kaavanimi": "Linnainen/Aisaparintie", "vtulvuosi": "2020", "netkrostal": 0, "netrivketj": 0, "neterillis": 14630, "netyhteens": 14630, "brutyhteen": 14630}}, {"type": "Feature", "id": "voimaantulleetkaavatmal_2020_2023.fid-7dddb29f_19d8b225a81_12ef", "geometry": {"type": "Polygon", "coordinates": [[[24.97834414, 60.30073698], [24.97804246, 60.30073953], [24.97760096, 60.30074327], [24.97716058, 60.30061089], [24.97656975, 60.30042747], [24.97638281, 60.30051091], [24.97630695, 60.30107507], [24.97626531, 60.30138872], [24.97620499, 60.30184328], [24.97662244, 60.30178583], [24.97738482, 60.30177264], [24.97763786, 60.30176826], [24.97763218, 60.30236347], [24.97848137, 60.30235776], [24.97944052, 60.30173352], [24.97940153, 60.3011766], [24.97936337, 60.30072371], [24.97912634, 60.30071768], [24.97888901, 60.30071719], [24.97865189, 60.30072221], [24.97834414, 60.30073698]]]}, "geometry_name": "geom", "properties": {"id": 71, "kuntanimi": "Vantaa", "kaavatun": "002357", "kaavanimi": "Pyhtäänkorventie 15", "vtulvuosi": "2020", "netkrostal": 23000, "netrivketj": 0, "neterillis": 0, "netyhteens": 23000, "brutyhteen": 23000}}, {"type": "Feature", "id": "voimaantulleetkaavatmal_2020_2023.fid-7dddb29f_19d8b225a81_12f0", "geometry": {"type": "Polygon", "coordinates": [[[25.01521868, 60.29164498], [25.01537781, 60.2918544], [25.01553958, 60.29183486], [25.01570007, 60.29181288], [25.01588012, 60.29178571], [25.016059, 60.29175669], [25.01639597, 60.29169636], [25.01643429, 60.29168718], [25.01646897, 60.29167493], [25.01649902, 60.29165997], [25.0165236, 60.29164272], [25.01654201, 60.29162367], [25.01655374, 60.29160337], [25.01655844, 60.29158237], [25.01655598, 60.29156128], [25.01654645, 60.29154069], [25.01645844, 60.29140437], [25.0163051, 60.29116799], [25.01568892, 60.29127966], [25.01572617, 60.29132912], [25.01576611, 60.29138217], [25.01589625, 60.291516], [25.01521868, 60.29164498]]]}, "geometry_name": "geom", "properties": {"id": 72, "kuntanimi": "Vantaa", "kaavatun": "002333", "kaavanimi": "Mönkkösen kulma", "vtulvuosi": "2020", "netkrostal": 2500, "netrivketj": 0, "neterillis": -374, "netyhteens": 2126, "brutyhteen": 2500}}, {"type": "Feature", "id": "voimaantulleetkaavatmal_2020_2023.fid-7dddb29f_19d8b225a81_12f1", "geometry": {"type": "Polygon", "coordinates": [[[24.83933809, 60.27091181], [24.83961403, 60.27117726], [24.83951102, 60.27127507], [24.83940227, 60.27137133], [24.83932113, 60.27143913], [24.83923714, 60.27150608], [24.83923708, 60.27150611], [24.83915034, 60.27157213], [24.83887131, 60.2717796], [24.83962463, 60.2721771], [24.83963213, 60.27218076], [24.83990698, 60.27188067], [24.84034951, 60.27140884], [24.84073067, 60.27097379], [24.84091389, 60.27070971], [24.84095854, 60.27064535], [24.84112301, 60.27036009], [24.84123381, 60.27025044], [24.84140265, 60.26986697], [24.8414047, 60.26986363], [24.84140736, 60.26986041], [24.84147472, 60.26983869], [24.84054802, 60.26938824], [24.83967358, 60.26926055], [24.83925828, 60.26917071], [24.83901575, 60.26910904], [24.83841389, 60.26892012], [24.83829927, 60.26888903], [24.83807445, 60.26900369], [24.83767252, 60.26871901], [24.83758935, 60.26869644], [24.8372985, 60.26859575], [24.83725026, 60.26857905], [24.83697687, 60.26848022], [24.83655008, 60.26830373], [24.83614992, 60.26811928], [24.83585596, 60.26800617], [24.83555477, 60.26791135], [24.83555463, 60.26791131], [24.83549431, 60.26824494], [24.83535471, 60.26901681], [24.83769583, 60.26942102], [24.83914353, 60.26996726], [24.83929143, 60.27086692], [24.83933809, 60.27091181]]]}, "geometry_name": "geom", "properties": {"id": 73, "kuntanimi": "Vantaa", "kaavatun": "002049", "kaavanimi": "Raappavuorenpuisto", "vtulvuosi": "2020", "netkrostal": 11100, "netrivketj": 0, "neterillis": 0, "netyhteens": 11100, "brutyhteen": 11100}}, {"type": "Feature", "id": "voimaantulleetkaavatmal_2020_2023.fid-7dddb29f_19d8b225a81_12f2", "geometry": {"type": "Polygon", "coordinates": [[[24.85387011, 60.27304738], [24.8538752, 60.27313775], [24.85389337, 60.27322771], [24.8539245, 60.27331678], [24.85396845, 60.2734045], [24.85402499, 60.27349044], [24.85410854, 60.27359351], [24.85420476, 60.2736938], [24.85431329, 60.27379095], [24.85443372, 60.27388458], [24.85447361, 60.27390971], [24.85483525, 60.27413756], [24.85636066, 60.2739348], [24.8582563, 60.27368279], [24.85811335, 60.27344926], [24.85809798, 60.27342416], [24.86025583, 60.27312744], [24.86148985, 60.27295774], [24.86162949, 60.27293877], [24.86295273, 60.27275904], [24.86357607, 60.27267436], [24.86219, 60.27218845], [24.86159792, 60.27176101], [24.86103679, 60.27064053], [24.86083416, 60.27023585], [24.86097472, 60.26958763], [24.86115785, 60.26886232], [24.86148848, 60.26830437], [24.86203258, 60.26738617], [24.86209618, 60.26727882], [24.86225599, 60.26700913], [24.86152722, 60.26737069], [24.8608068, 60.26772808], [24.85949194, 60.26838035], [24.85938202, 60.26843489], [24.859046, 60.26858344], [24.85872082, 60.26873785], [24.85838191, 60.26890126], [24.85791879, 60.26912455], [24.85765191, 60.26929433], [24.85657235, 60.26998109], [24.85631337, 60.27014583], [24.85663514, 60.27026822], [24.85641162, 60.27041501], [24.85699657, 60.27146195], [24.85713388, 60.27169599], [24.85756495, 60.27246872], [24.85746918, 60.2724819], [24.857434, 60.27248675], [24.85798349, 60.27346887], [24.85684573, 60.27360961], [24.85651472, 60.27300999], [24.8563112, 60.27264128], [24.85594692, 60.27198825], [24.85591628, 60.27193333], [24.85570358, 60.27196366], [24.85484805, 60.27208104], [24.85457449, 60.27200804], [24.85452637, 60.27199519], [24.85404979, 60.27262332], [24.85393552, 60.2727734], [24.85390024, 60.27286385], [24.8538784, 60.27295534], [24.85387011, 60.27304738]]]}, "geometry_name": "geom", "properties": {"id": 74, "kuntanimi": "Vantaa", "kaavatun": "152400", "kaavanimi": "Louhela 2", "vtulvuosi": "2020", "netkrostal": 12139, "netrivketj": 0, "neterillis": 0, "netyhteens": 12139, "brutyhteen": 63510}}, {"type": "Feature", "id": "voimaantulleetkaavatmal_2020_2023.fid-7dddb29f_19d8b225a81_12f3", "geometry": {"type": "Polygon", "coordinates": [[[24.97574436, 60.29996309], [24.97732838, 60.30046177], [24.97741445, 60.30048497], [24.97750605, 60.30050219], [24.97760148, 60.30051311], [24.97769903, 60.30051753], [24.97779688, 60.30051536], [24.97789324, 60.30050666], [24.97798635, 60.30049158], [24.9780745, 60.3004704], [24.97815608, 60.3004435], [24.97820875, 60.30042608], [24.97783158, 60.29958026], [24.977616, 60.29910226], [24.97748955, 60.2988219], [24.97742778, 60.29882877], [24.97714202, 60.29819516], [24.97712915, 60.29816665], [24.97622026, 60.29826994], [24.9761428, 60.2984055], [24.97593474, 60.29877709], [24.97587692, 60.29888036], [24.97577767, 60.29905762], [24.97566265, 60.29924309], [24.9755954, 60.29934125], [24.97543553, 60.29954308], [24.97519004, 60.29985295], [24.97533572, 60.29987083], [24.97547746, 60.29989529], [24.97561406, 60.29992614], [24.97574436, 60.29996309]]]}, "geometry_name": "geom", "properties": {"id": 75, "kuntanimi": "Vantaa", "kaavatun": "002196", "kaavanimi": "Manttaalitie 10-14", "vtulvuosi": "2020", "netkrostal": 32000, "netrivketj": 0, "neterillis": 0, "netyhteens": 32000, "brutyhteen": 32000}}, {"type": "Feature", "id": "voimaantulleetkaavatmal_2020_2023.fid-7dddb29f_19d8b225a81_12f4", "geometry": {"type": "Polygon", "coordinates": [[[25.05380257, 60.29373419], [25.05426302, 60.29377499], [25.05448237, 60.29379738], [25.05469906, 60.29382546], [25.05480252, 60.29384031], [25.05515766, 60.29353722], [25.05598644, 60.29355785], [25.0560762, 60.29352415], [25.05550168, 60.29350985], [25.05553246, 60.29320508], [25.05529771, 60.29319924], [25.05531402, 60.2930379], [25.05459634, 60.29303318], [25.05399547, 60.29356384], [25.05380257, 60.29373419]]]}, "geometry_name": "geom", "properties": {"id": 76, "kuntanimi": "Vantaa", "kaavatun": "002388", "kaavanimi": "Relanderinpiha", "vtulvuosi": "2020", "netkrostal": 0, "netrivketj": 0, "neterillis": 190, "netyhteens": 190, "brutyhteen": 190}}, {"type": "Feature", "id": "voimaantulleetkaavatmal_2020_2023.fid-7dddb29f_19d8b225a81_12f5", "geometry": {"type": "Polygon", "coordinates": [[[24.83169819, 60.26537927], [24.83171257, 60.26536952], [24.83173004, 60.26536111], [24.83157166, 60.26537291], [24.83141229, 60.26538081], [24.83125299, 60.26538479], [24.83125234, 60.2653848], [24.83109219, 60.26538488], [24.83093222, 60.26538104], [24.83090274, 60.26538117], [24.83087368, 60.26538369], [24.83084584, 60.26538851], [24.83081995, 60.26539552], [24.8307967, 60.26540454], [24.8307767, 60.2654153], [24.83076051, 60.26542755], [24.83074853, 60.26544093], [24.83074111, 60.26545511], [24.83073842, 60.2654697], [24.83073897, 60.2654776], [24.83074091, 60.26548545], [24.83079426, 60.26564293], [24.83079176, 60.26562881], [24.83079377, 60.26561468], [24.83080022, 60.26560089], [24.83081096, 60.26558776], [24.83082573, 60.26557564], [24.83084415, 60.26556482], [24.83086577, 60.26555559], [24.83116236, 60.26544783], [24.8311893, 60.26543973], [24.83121866, 60.26543408], [24.83124955, 60.26543104], [24.83128103, 60.26543072], [24.83131214, 60.26543312], [24.83134195, 60.26543817], [24.83136954, 60.26544571], [24.83139408, 60.26545551], [24.83141481, 60.26546729], [24.83177011, 60.26570864], [24.83209233, 60.26592751], [24.83220785, 60.26600791], [24.83150623, 60.26626283], [24.83112619, 60.26640091], [24.83078195, 60.26652598], [24.83042859, 60.26665437], [24.83007978, 60.26641742], [24.82998456, 60.26646233], [24.82944775, 60.26671509], [24.82912091, 60.26686899], [24.82832444, 60.26723928], [24.82763672, 60.26756311], [24.8272466, 60.267757], [24.82689056, 60.26764396], [24.82654802, 60.26753521], [24.82685618, 60.26725364], [24.82655462, 60.26717219], [24.82625806, 60.26744315], [24.82587654, 60.26732201], [24.825495, 60.26720087], [24.82530507, 60.26714057], [24.82511349, 60.26707973], [24.82503929, 60.26705359], [24.82496717, 60.26702818], [24.82420251, 60.2676743], [24.82383036, 60.26796986], [24.82361972, 60.26821799], [24.82371899, 60.26823963], [24.82424838, 60.26835505], [24.82533717, 60.26859243], [24.82537979, 60.26860393], [24.82537996, 60.26860399], [24.82541802, 60.26861885], [24.82541816, 60.26861891], [24.82545073, 60.26863676], [24.82547682, 60.26865707], [24.82547692, 60.26865716], [24.82549577, 60.26867932], [24.82549582, 60.2686794], [24.82550694, 60.26870286], [24.82569495, 60.26933263], [24.82604959, 60.26929686], [24.82610012, 60.26946611], [24.82620005, 60.26945874], [24.826815, 60.26941344], [24.82752159, 60.26943002], [24.82864686, 60.26919909], [24.82853466, 60.26910489], [24.82940205, 60.26893593], [24.82959668, 60.26888839], [24.83011811, 60.26878681], [24.83026097, 60.26875899], [24.83069908, 60.26867365], [24.8311351, 60.2685887], [24.83164643, 60.26906346], [24.83236794, 60.26878989], [24.8323701, 60.26878906], [24.83237221, 60.26878819], [24.83237427, 60.2687873], [24.83237629, 60.26878639], [24.83237826, 60.26878545], [24.83238019, 60.26878448], [24.83238052, 60.2687843], [24.83238056, 60.26878428], [24.83238062, 60.26878426], [24.83238207, 60.26878349], [24.83238389, 60.26878247], [24.83238566, 60.26878144], [24.83238738, 60.26878038], [24.83238904, 60.2687793], [24.83239065, 60.2687782], [24.83239121, 60.2687778], [24.83239128, 60.26877775], [24.83239134, 60.26877771], [24.83239221, 60.26877708], [24.8323937, 60.26877594], [24.83239514, 60.26877479], [24.83239652, 60.26877361], [24.83239783, 60.26877242], [24.83239909, 60.26877121], [24.83239976, 60.26877053], [24.83239981, 60.26877049], [24.83239985, 60.26877043], [24.83240029, 60.26876999], [24.83240142, 60.26876876], [24.83240248, 60.2687675], [24.83240349, 60.26876624], [24.83240443, 60.26876496], [24.8324053, 60.26876367], [24.83240593, 60.26876267], [24.83240596, 60.26876264], [24.83240598, 60.2687626], [24.83240612, 60.26876237], [24.83240686, 60.26876107], [24.83240754, 60.26875975], [24.83240815, 60.26875842], [24.83240869, 60.26875709], [24.83240917, 60.26875575], [24.83240957, 60.2687544], [24.83268761, 60.26871513], [24.83267022, 60.26871267], [24.83267002, 60.26871262], [24.83265373, 60.26870875], [24.83265366, 60.26870873], [24.8326389, 60.26870356], [24.83263876, 60.2687035], [24.83262597, 60.26869718], [24.83262587, 60.26869712], [24.8326154, 60.26868984], [24.83261531, 60.26868976], [24.83260743, 60.2686817], [24.83260737, 60.26868162], [24.83260231, 60.26867301], [24.83260229, 60.26867296], [24.83260021, 60.26866406], [24.8326002, 60.26866396], [24.83260114, 60.26865498], [24.8326558, 60.26845699], [24.83303713, 60.2684467], [24.83331465, 60.26841482], [24.83380483, 60.26835852], [24.83385686, 60.26835255], [24.83432094, 60.26837208], [24.83485067, 60.26843831], [24.83479569, 60.2687387], [24.83473017, 60.26909654], [24.83464149, 60.26958097], [24.83526512, 60.26951216], [24.83549431, 60.26824494], [24.83551976, 60.26810425], [24.83555463, 60.26791131], [24.8357682, 60.26672944], [24.8358783, 60.26628139], [24.83606156, 60.26540856], [24.83556657, 60.26553253], [24.83506674, 60.26565796], [24.83499385, 60.26558427], [24.8343351, 60.2656417], [24.83367771, 60.26570149], [24.83304332, 60.26582113], [24.8324129, 60.26594003], [24.83239865, 60.26593034], [24.83170487, 60.26545908], [24.83169221, 60.26544876], [24.83168322, 60.26543753], [24.83167815, 60.2654257], [24.83167713, 60.26541363], [24.83168021, 60.26540164], [24.8316873, 60.26539008], [24.83169819, 60.26537927]]]}, "geometry_name": "geom", "properties": {"id": 77, "kuntanimi": "Vantaa", "kaavatun": "141100", "kaavanimi": "Luhtitie", "vtulvuosi": "2020", "netkrostal": 0, "netrivketj": 0, "neterillis": 7002, "netyhteens": 7002, "brutyhteen": 7610}}, {"type": "Feature", "id": "voimaantulleetkaavatmal_2020_2023.fid-7dddb29f_19d8b225a81_12f6", "geometry": {"type": "Polygon", "coordinates": [[[25.10274038, 60.27355932], [25.10310129, 60.27354986], [25.10310602, 60.27359465], [25.10344887, 60.27358568], [25.10387589, 60.2735745], [25.10389343, 60.27357474], [25.10391067, 60.2735764], [25.10392714, 60.27357941], [25.10394242, 60.2735837], [25.1039561, 60.27358915], [25.10396783, 60.27359564], [25.10397731, 60.27360298], [25.10398427, 60.27361099], [25.10398854, 60.27361944], [25.10399002, 60.27362813], [25.10398895, 60.27342595], [25.10398849, 60.27333524], [25.10398601, 60.27286664], [25.10398402, 60.27248922], [25.10350568, 60.27250174], [25.1032032, 60.27246473], [25.10309494, 60.27246757], [25.10313966, 60.27288881], [25.10319051, 60.27336776], [25.10308225, 60.2733706], [25.10309365, 60.27347817], [25.10273276, 60.27348763], [25.10274038, 60.27355932]]]}, "geometry_name": "geom", "properties": {"id": 78, "kuntanimi": "Vantaa", "kaavatun": "002412", "kaavanimi": "Heporinne", "vtulvuosi": "2020", "netkrostal": 7220, "netrivketj": 0, "neterillis": 0, "netyhteens": 7220, "brutyhteen": 7220}}, {"type": "Feature", "id": "voimaantulleetkaavatmal_2020_2023.fid-7dddb29f_19d8b225a81_12f7", "geometry": {"type": "Polygon", "coordinates": [[[24.72173802, 60.21783245], [24.7209744, 60.21840465], [24.72106385, 60.21857865], [24.72194635, 60.21873142], [24.7217192, 60.21890435], [24.72283803, 60.21927356], [24.72294594, 60.21918507], [24.72298075, 60.21916454], [24.72302579, 60.21914996], [24.72307781, 60.21914266], [24.72313193, 60.21914331], [24.72318273, 60.2191519], [24.72322644, 60.21916761], [24.72323721, 60.21917329], [24.72336721, 60.21909682], [24.72334782, 60.21908507], [24.7233059, 60.21905065], [24.7232862, 60.2190117], [24.72328528, 60.21899312], [24.72330267, 60.21879121], [24.72330806, 60.21873023], [24.72333203, 60.21845388], [24.72336548, 60.21840279], [24.72342754, 60.2183589], [24.72351279, 60.21832622], [24.72355292, 60.21831661], [24.72395307, 60.21822845], [24.72407886, 60.21820071], [24.72427037, 60.21814618], [24.7243567, 60.21811216], [24.72459446, 60.21796281], [24.72446055, 60.21792659], [24.72443085, 60.21791872], [24.72267918, 60.21744615], [24.72237145, 60.21735772], [24.72214325, 60.2175285], [24.72173802, 60.21783245]]]}, "geometry_name": "geom", "properties": {"id": 79, "kuntanimi": "Kauniainen", "kaavatun": "Ak 218", "kaavanimi": "Pohjoinen Suotie 1-3, Pohjoinen Heikelintie 10-12", "vtulvuosi": "2020", "netkrostal": 0, "netrivketj": -1250, "neterillis": 1160, "netyhteens": -90, "brutyhteen": 2060}}, {"type": "Feature", "id": "voimaantulleetkaavatmal_2020_2023.fid-7dddb29f_19d8b225a81_12f8", "geometry": {"type": "Polygon", "coordinates": [[[25.27221931, 60.39189341], [25.27143005, 60.39122071], [25.27167312, 60.39105247], [25.27153252, 60.3910033], [25.27159348, 60.3909408], [25.27132444, 60.39086569], [25.27149713, 60.39071725], [25.27172274, 60.39058719], [25.27185682, 60.39052902], [25.27200184, 60.39047748], [25.27215634, 60.39043309], [25.27305809, 60.39020193], [25.27238258, 60.39005334], [25.2722828, 60.39024391], [25.27168962, 60.3903556], [25.27098178, 60.39041915], [25.27060076, 60.39044138], [25.270217, 60.39044009], [25.2698541, 60.39041696], [25.26949938, 60.3903728], [25.26926196, 60.39047963], [25.26965492, 60.39073894], [25.26913731, 60.3911322], [25.26894306, 60.39128383], [25.26864478, 60.39151078], [25.26822538, 60.3918298], [25.26813635, 60.39189828], [25.2676454, 60.39227264], [25.26776637, 60.39249399], [25.2678229, 60.39259808], [25.26803098, 60.39297928], [25.26822746, 60.39333942], [25.27074945, 60.39389015], [25.27092355, 60.39329869], [25.27093483, 60.39326017], [25.2710471, 60.39312935], [25.27058973, 60.39302527], [25.27033041, 60.39254751], [25.27021775, 60.39234678], [25.27030601, 60.39227328], [25.27231152, 60.39201124], [25.27253773, 60.39195289], [25.27241964, 60.39184166], [25.27221931, 60.39189341]]]}, "geometry_name": "geom", "properties": {"id": 80, "kuntanimi": "Sipoo", "kaavatun": "NG9", "kaavanimi": "Pohjanniitty", "vtulvuosi": "2020", "netkrostal": 0, "netrivketj": 0, "neterillis": 5623, "netyhteens": 5623, "brutyhteen": 5623}}, {"type": "Feature", "id": "voimaantulleetkaavatmal_2020_2023.fid-7dddb29f_19d8b225a81_12f9", "geometry": {"type": "Polygon", "coordinates": [[[25.34994262, 60.31440655], [25.3498932, 60.31222172], [25.34822562, 60.31230401], [25.34742963, 60.31234334], [25.34618536, 60.31240474], [25.34501323, 60.31246272], [25.34409192, 60.31250855], [25.34291709, 60.31256804], [25.34179126, 60.31262515], [25.34180185, 60.3158723], [25.34407044, 60.31665987], [25.34659206, 60.31665682], [25.34994262, 60.31440655]]]}, "geometry_name": "geom", "properties": {"id": 81, "kuntanimi": "Sipoo", "kaavatun": "T9", "kaavanimi": "Taasjärvi IV", "vtulvuosi": "2020", "netkrostal": 0, "netrivketj": 0, "neterillis": 12728, "netyhteens": 12728, "brutyhteen": 12728}}, {"type": "Feature", "id": "voimaantulleetkaavatmal_2020_2023.fid-7dddb29f_19d8b225a81_12fa", "geometry": {"type": "Polygon", "coordinates": [[[25.36781266, 60.2819929], [25.36923152, 60.28134624], [25.37105188, 60.28211376], [25.37113021, 60.28204004], [25.37216284, 60.28106808], [25.37226529, 60.28098522], [25.37251001, 60.28069795], [25.37273359, 60.28023688], [25.37330021, 60.27969605], [25.37232612, 60.27953112], [25.37227709, 60.27946233], [25.37242466, 60.27940663], [25.37310718, 60.27923589], [25.37377662, 60.27902892], [25.37406898, 60.27886429], [25.37439671, 60.27866367], [25.37472562, 60.27875546], [25.37497935, 60.27829574], [25.37494849, 60.27812592], [25.37484424, 60.27814497], [25.37311654, 60.27845554], [25.37220248, 60.27862262], [25.36944039, 60.27912703], [25.36861503, 60.27927778], [25.36844927, 60.27930803], [25.36891831, 60.28008104], [25.36871404, 60.28039897], [25.36608711, 60.28080511], [25.36570055, 60.28115073], [25.36700017, 60.28192828], [25.36757321, 60.28227117], [25.36781266, 60.2819929]]]}, "geometry_name": "geom", "properties": {"id": 82, "kuntanimi": "Sipoo", "kaavatun": "E4A", "kaavanimi": "Jontaksen urheilupuisto / Jontas idrottspark", "vtulvuosi": "2020", "netkrostal": 0, "netrivketj": 0, "neterillis": 500, "netyhteens": 500, "brutyhteen": 500}}, {"type": "Feature", "id": "voimaantulleetkaavatmal_2020_2023.fid-7dddb29f_19d8b225a81_12fb", "geometry": {"type": "Polygon", "coordinates": [[[24.86910129, 60.60191485], [24.86945251, 60.60197527], [24.86973311, 60.60202354], [24.8697971, 60.60203455], [24.8701417, 60.60209383], [24.87046086, 60.60214873], [24.87053216, 60.6021454], [24.87083199, 60.60213137], [24.87130342, 60.60210933], [24.87097888, 60.60142945], [24.87025238, 60.60146295], [24.87023717, 60.60146369], [24.8699008, 60.60140583], [24.86970509, 60.60138414], [24.86944914, 60.60150141], [24.86936685, 60.60159922], [24.86933191, 60.60164075], [24.86910129, 60.60191485]]]}, "geometry_name": "geom", "properties": {"id": 83, "kuntanimi": "Hyvinkää", "kaavatun": "28:013", "kaavanimi": "Myötätuulentie 4", "vtulvuosi": "2020", "netkrostal": 0, "netrivketj": -2100, "neterillis": 1275, "netyhteens": -825, "brutyhteen": 1275}}, {"type": "Feature", "id": "voimaantulleetkaavatmal_2020_2023.fid-7dddb29f_19d8b225a81_12fc", "geometry": {"type": "Polygon", "coordinates": [[[24.88638346, 60.59917598], [24.88655301, 60.59920807], [24.88655552, 60.59920848], [24.88695856, 60.59912044], [24.88737556, 60.59902934], [24.88779256, 60.59893824], [24.88820955, 60.59884714], [24.88862655, 60.59875604], [24.88904354, 60.59866494], [24.88915589, 60.59862528], [24.88891056, 60.59845724], [24.88866958, 60.5983538], [24.88833012, 60.59842797], [24.88791313, 60.59851907], [24.88749613, 60.59861017], [24.88707914, 60.59870127], [24.88666214, 60.59879236], [24.88639309, 60.59885114], [24.88629307, 60.59887299], [24.88630934, 60.59897491], [24.88633951, 60.59907605], [24.88638346, 60.59917598]]]}, "geometry_name": "geom", "properties": {"id": 84, "kuntanimi": "Hyvinkää", "kaavatun": "29:002", "kaavanimi": "Palojoenkierto", "vtulvuosi": "2020", "netkrostal": 0, "netrivketj": 0, "neterillis": 0, "netyhteens": 0, "brutyhteen": 1550}}, {"type": "Feature", "id": "voimaantulleetkaavatmal_2020_2023.fid-7dddb29f_19d8b225a81_12fd", "geometry": {"type": "Polygon", "coordinates": [[[24.88481481, 60.60448301], [24.88479924, 60.60476917], [24.88488566, 60.60482111], [24.88573473, 60.60480931], [24.88611107, 60.60482633], [24.88623578, 60.60477635], [24.88623614, 60.6047738], [24.8862677, 60.60455097], [24.88484389, 60.60449019], [24.88481481, 60.60448301]]]}, "geometry_name": "geom", "properties": {"id": 85, "kuntanimi": "Hyvinkää", "kaavatun": "28:014", "kaavanimi": "Versotie II", "vtulvuosi": "2020", "netkrostal": 0, "netrivketj": 0, "neterillis": -87, "netyhteens": -87, "brutyhteen": 633}}, {"type": "Feature", "id": "voimaantulleetkaavatmal_2020_2023.fid-7dddb29f_19d8b225a81_12fe", "geometry": {"type": "Polygon", "coordinates": [[[24.81262657, 60.59631612], [24.81342014, 60.59625878], [24.81343703, 60.59566404], [24.81332117, 60.59557672], [24.81263772, 60.59579601], [24.81262657, 60.59631612]]]}, "geometry_name": "geom", "properties": {"id": 86, "kuntanimi": "Hyvinkää", "kaavatun": "17:038", "kaavanimi": "Puntuntie", "vtulvuosi": "2020", "netkrostal": 0, "netrivketj": 510, "neterillis": 0, "netyhteens": 510, "brutyhteen": 510}}, {"type": "Feature", "id": "voimaantulleetkaavatmal_2020_2023.fid-7dddb29f_19d8b225a81_12ff", "geometry": {"type": "Polygon", "coordinates": [[[25.06354426, 60.48651481], [25.06570023, 60.48689719], [25.06603326, 60.48671911], [25.06573108, 60.48663385], [25.06513474, 60.48636783], [25.06458222, 60.48618613], [25.06450572, 60.48613308], [25.06439348, 60.48608739], [25.06429357, 60.48614715], [25.06424724, 60.48617451], [25.06415556, 60.48622801], [25.06410679, 60.48625315], [25.06405214, 60.48627515], [25.06399243, 60.48629368], [25.06368253, 60.48637812], [25.06364351, 60.48639103], [25.06360956, 60.48640705], [25.06358169, 60.48642571], [25.06356071, 60.48644644], [25.06354725, 60.48646865], [25.06354172, 60.48649167], [25.06354426, 60.48651481]]]}, "geometry_name": "geom", "properties": {"id": 87, "kuntanimi": "Järvenpää", "kaavatun": "30026", "kaavanimi": "Loutinkatu", "vtulvuosi": "2020", "netkrostal": 0, "netrivketj": 17, "neterillis": 0, "netyhteens": 17, "brutyhteen": 675}}, {"type": "Feature", "id": "voimaantulleetkaavatmal_2020_2023.fid-7dddb29f_19d8b225a81_1300", "geometry": {"type": "Polygon", "coordinates": [[[25.09599072, 60.45852162], [25.0973876, 60.45875546], [25.0972389, 60.45939305], [25.09912432, 60.45945863], [25.09986687, 60.45964124], [25.10002332, 60.45906219], [25.10055451, 60.45905614], [25.10096214, 60.45908177], [25.10126569, 60.4579762], [25.10175882, 60.45616483], [25.10175722, 60.45616462], [25.10145345, 60.45614808], [25.10146684, 60.45610039], [25.10133471, 60.45609958], [25.10154107, 60.45547735], [25.10168123, 60.45496173], [25.10182126, 60.45444644], [25.1021013, 60.45341604], [25.10209873, 60.45302325], [25.10221575, 60.45276843], [25.10153044, 60.45275088], [25.10094442, 60.45490707], [25.10100438, 60.4550453], [25.10073853, 60.45501335], [25.10001054, 60.45497105], [25.09944537, 60.45493862], [25.09928673, 60.45568149], [25.09901783, 60.45569463], [25.09874962, 60.4556917], [25.09836324, 60.45567723], [25.09826173, 60.45566925], [25.09809112, 60.45564461], [25.0977548, 60.45556534], [25.09760919, 60.45553329], [25.09763642, 60.45597691], [25.09764584, 60.45613034], [25.09735415, 60.45637383], [25.09619671, 60.45734], [25.09599072, 60.45852162]]]}, "geometry_name": "geom", "properties": {"id": 88, "kuntanimi": "Järvenpää", "kaavatun": "220011", "kaavanimi": "Lepola IV", "vtulvuosi": "2020", "netkrostal": 30040, "netrivketj": 3700, "neterillis": 3440, "netyhteens": 37180, "brutyhteen": 37180}}, {"type": "Feature", "id": "voimaantulleetkaavatmal_2020_2023.fid-7dddb29f_19d8b225a81_1301", "geometry": {"type": "Polygon", "coordinates": [[[25.10461982, 60.47975378], [25.10492486, 60.47987163], [25.10509004, 60.48039518], [25.10509981, 60.48040275], [25.10603528, 60.47967475], [25.10675682, 60.47976425], [25.10710701, 60.47921763], [25.10778768, 60.47863773], [25.10901796, 60.47788273], [25.10880198, 60.47762679], [25.10890218, 60.47752639], [25.10787897, 60.47716986], [25.10773094, 60.47726221], [25.10757684, 60.47735211], [25.10705796, 60.47764486], [25.10682192, 60.47778205], [25.10659418, 60.47792261], [25.10637494, 60.47806643], [25.10616438, 60.47821337], [25.10596269, 60.47836332], [25.10577005, 60.47851613], [25.10574789, 60.4785322], [25.10572064, 60.47854622], [25.10568905, 60.47855782], [25.10565401, 60.47856666], [25.10561647, 60.47857252], [25.10557748, 60.47857522], [25.10553813, 60.47857469], [25.1054995, 60.47857094], [25.10546267, 60.47856408], [25.10542865, 60.4785543], [25.1053984, 60.47854187], [25.10537275, 60.47852713], [25.10525636, 60.47880334], [25.10527357, 60.47884806], [25.10527787, 60.47889354], [25.10526917, 60.47893886], [25.10524765, 60.47898314], [25.10521374, 60.47902547], [25.10504752, 60.47920392], [25.10489303, 60.47938491], [25.10475041, 60.47956826], [25.10461982, 60.47975378]]]}, "geometry_name": "geom", "properties": {"id": 89, "kuntanimi": "Järvenpää", "kaavatun": "190020", "kaavanimi": "Alhotie", "vtulvuosi": "2020", "netkrostal": 22600, "netrivketj": 0, "neterillis": 0, "netyhteens": 22600, "brutyhteen": 22600}}, {"type": "Feature", "id": "voimaantulleetkaavatmal_2020_2023.fid-7dddb29f_19d8b225a81_1302", "geometry": {"type": "Polygon", "coordinates": [[[25.08384369, 60.47992388], [25.08458023, 60.47898489], [25.08375389, 60.47890284], [25.08304595, 60.47869423], [25.08208653, 60.47907047], [25.0820136, 60.47909855], [25.08154099, 60.4792844], [25.08104762, 60.47954117], [25.08192271, 60.47992439], [25.08222195, 60.48005543], [25.08251769, 60.47989045], [25.08262168, 60.47985595], [25.08273299, 60.47982756], [25.08285017, 60.47980565], [25.08297167, 60.47979053], [25.08309587, 60.47978237], [25.08322116, 60.4797813], [25.08334586, 60.47978733], [25.08346834, 60.47980037], [25.08358699, 60.47982026], [25.08370023, 60.47984673], [25.08380658, 60.47987943], [25.08381774, 60.47988411], [25.08382727, 60.47988959], [25.08383492, 60.47989576], [25.08384049, 60.47990244], [25.08384386, 60.47990947], [25.08384494, 60.47991668], [25.08384369, 60.47992388]]]}, "geometry_name": "geom", "properties": {"id": 90, "kuntanimi": "Järvenpää", "kaavatun": "70060", "kaavanimi": "Wärtsilänkatu 4 ja 6", "vtulvuosi": "2020", "netkrostal": 9350, "netrivketj": 0, "neterillis": 0, "netyhteens": 9350, "brutyhteen": 9350}}, {"type": "Feature", "id": "voimaantulleetkaavatmal_2020_2023.fid-7dddb29f_19d8b225a81_1303", "geometry": {"type": "Polygon", "coordinates": [[[25.08961969, 60.48006692], [25.08906629, 60.47991274], [25.08920619, 60.4797559], [25.08824225, 60.47948733], [25.08798538, 60.47941575], [25.08728003, 60.47921922], [25.08677339, 60.47907804], [25.08632162, 60.47897149], [25.08629566, 60.47896553], [25.08539201, 60.47871372], [25.08469571, 60.47851852], [25.08445955, 60.47883692], [25.08460826, 60.4788717], [25.08458023, 60.47898489], [25.08384369, 60.47992388], [25.08419785, 60.4800873], [25.0845905, 60.48019263], [25.08461746, 60.48046345], [25.08469297, 60.48072843], [25.08479672, 60.48098804], [25.08495694, 60.48124956], [25.08512537, 60.48149674], [25.0853144, 60.48171604], [25.08545237, 60.48184655], [25.08525228, 60.48208328], [25.08531574, 60.48212475], [25.08638483, 60.48085991], [25.08872582, 60.48131951], [25.0896979, 60.48017989], [25.08970707, 60.48016612], [25.08971163, 60.4801518], [25.08971146, 60.48013731], [25.08970656, 60.48012301], [25.08969707, 60.4801093], [25.08968322, 60.48009651], [25.08966538, 60.480085], [25.08964402, 60.48007505], [25.08961969, 60.48006692]]]}, "geometry_name": "geom", "properties": {"id": 91, "kuntanimi": "Järvenpää", "kaavatun": "70058", "kaavanimi": "Pajalantie 19", "vtulvuosi": "2020", "netkrostal": 10000, "netrivketj": 0, "neterillis": 0, "netyhteens": 10000, "brutyhteen": 10000}}, {"type": "Feature", "id": "voimaantulleetkaavatmal_2020_2023.fid-7dddb29f_19d8b225a81_1304", "geometry": {"type": "MultiPolygon", "coordinates": [[[[25.08931584, 60.47101284], [25.08915264, 60.47096726], [25.08850877, 60.47152906], [25.0894587, 60.47226516], [25.08950799, 60.47225768], [25.08955464, 60.47224684], [25.08959772, 60.47223285], [25.09024342, 60.47198826], [25.09029149, 60.47196747], [25.09033318, 60.47194357], [25.09036767, 60.47191701], [25.09039427, 60.47188833], [25.09041247, 60.47185809], [25.09047686, 60.47171181], [25.09048472, 60.47168246], [25.0904827, 60.47165287], [25.09047086, 60.47162385], [25.09044951, 60.47159619], [25.09041925, 60.47157063], [25.09038088, 60.47154788], [25.08931584, 60.47101284]]], [[[25.09222525, 60.47238877], [25.0913585, 60.47203376], [25.09090974, 60.47220362], [25.09169954, 60.47270303], [25.09222525, 60.47238877]]]]}, "geometry_name": "geom", "properties": {"id": 92, "kuntanimi": "Järvenpää", "kaavatun": "10107", "kaavanimi": "Perhelä", "vtulvuosi": "2020", "netkrostal": -5000, "netrivketj": 0, "neterillis": 0, "netyhteens": -5000, "brutyhteen": 30500}}, {"type": "Feature", "id": "voimaantulleetkaavatmal_2020_2023.fid-7dddb29f_19d8b225a81_1305", "geometry": {"type": "Polygon", "coordinates": [[[25.07268879, 60.46956868], [25.07290472, 60.46963809], [25.07372404, 60.4698984], [25.07435312, 60.47014285], [25.07468373, 60.47026993], [25.07508825, 60.47043991], [25.07554119, 60.47058471], [25.07605035, 60.4707025], [25.07678257, 60.47087189], [25.07796896, 60.47097044], [25.07864462, 60.47102536], [25.0786417, 60.47104331], [25.07926112, 60.47109366], [25.07986324, 60.47114261], [25.08058076, 60.47120093], [25.08070178, 60.47079238], [25.07999911, 60.47073526], [25.07928098, 60.47067689], [25.07870861, 60.47063035], [25.07748319, 60.4703146], [25.07666299, 60.46971955], [25.07637957, 60.4695179], [25.07552386, 60.46889205], [25.07497714, 60.46884672], [25.07446989, 60.46846892], [25.07440271, 60.46854701], [25.07403111, 60.46827023], [25.07315099, 60.46933905], [25.0731036, 60.46932954], [25.07302141, 60.4694293], [25.07268879, 60.46956868]]]}, "geometry_name": "geom", "properties": {"id": 93, "kuntanimi": "Järvenpää", "kaavatun": "10099", "kaavanimi": "Harjuvaarankuja", "vtulvuosi": "2020", "netkrostal": 2400, "netrivketj": 2728, "neterillis": -1008, "netyhteens": 4120, "brutyhteen": 5128}}, {"type": "Feature", "id": "voimaantulleetkaavatmal_2020_2023.fid-7dddb29f_19d8b225a81_1306", "geometry": {"type": "Polygon", "coordinates": [[[25.07969641, 60.40755889], [25.08070803, 60.40744634], [25.08071828, 60.4058829], [25.08091076, 60.40578013], [25.08090947, 60.40526037], [25.07967479, 60.40526111], [25.07969641, 60.40755889]]]}, "geometry_name": "geom", "properties": {"id": 94, "kuntanimi": "Kerava", "kaavatun": "2275", "kaavanimi": "Kankurinkatu", "vtulvuosi": "2020", "netkrostal": 6200, "netrivketj": 0, "neterillis": 0, "netyhteens": 6200, "brutyhteen": 8000}}, {"type": "Feature", "id": "voimaantulleetkaavatmal_2020_2023.fid-7dddb29f_19d8b225a81_1307", "geometry": {"type": "Polygon", "coordinates": [[[25.105977, 60.42356436], [25.10640666, 60.42354129], [25.10689306, 60.42351518], [25.10718966, 60.42349925], [25.10737657, 60.42348921], [25.10751657, 60.4234817], [25.10774328, 60.42347219], [25.10787006, 60.42346271], [25.10810619, 60.42345003], [25.10823903, 60.4234429], [25.10833654, 60.42343766], [25.10840943, 60.42343375], [25.10849987, 60.42342778], [25.10858784, 60.42341983], [25.10862655, 60.42341564], [25.1086947, 60.42340722], [25.10876977, 60.42339637], [25.10884334, 60.42338406], [25.10892031, 60.42336934], [25.10900064, 60.42335186], [25.1090935, 60.42332878], [25.10914993, 60.42331314], [25.10920775, 60.42329576], [25.10926422, 60.42327736], [25.10933038, 60.42325389], [25.109388, 60.42323161], [25.10945426, 60.42320364], [25.10951107, 60.42317744], [25.10955477, 60.42315572], [25.10959614, 60.42313376], [25.10962552, 60.42311726], [25.10966866, 60.42309152], [25.10971026, 60.42306477], [25.10975732, 60.42303186], [25.10980388, 60.42299599], [25.10985762, 60.42294943], [25.10989958, 60.42290802], [25.10994048, 60.42286176], [25.109964, 60.42283154], [25.10998845, 60.42279621], [25.11001241, 60.42275603], [25.11002741, 60.4227267], [25.11004148, 60.42269462], [25.11005082, 60.42266952], [25.11006418, 60.4226237], [25.11007506, 60.4225707], [25.11008222, 60.42253456], [25.11008779, 60.42250013], [25.11009518, 60.42246908], [25.11010053, 60.42244202], [25.11010711, 60.42240875], [25.10994446, 60.42242143], [25.10976936, 60.42243862], [25.10962119, 60.42245362], [25.10947295, 60.422473], [25.10930661, 60.4224948], [25.10915432, 60.4225191], [25.10904824, 60.42253736], [25.10895477, 60.42255355], [25.1088007, 60.4225877], [25.10863675, 60.42262403], [25.10848542, 60.42265446], [25.10834352, 60.42269034], [25.10824795, 60.4227099], [25.10814441, 60.42273334], [25.10804666, 60.42275528], [25.10793247, 60.42278215], [25.10785608, 60.42279769], [25.10778434, 60.42281417], [25.10769599, 60.4228297], [25.10758772, 60.42284886], [25.10748668, 60.42286673], [25.1074222, 60.42287814], [25.10734229, 60.4228902], [25.10726175, 60.42290238], [25.10713819, 60.42292108], [25.10698964, 60.42294229], [25.10688141, 60.4229581], [25.10682836, 60.42296418], [25.10672168, 60.42297506], [25.10662432, 60.42298272], [25.10653199, 60.42299082], [25.10641108, 60.42300267], [25.10629648, 60.42301287], [25.10621527, 60.42302195], [25.10612611, 60.42302722], [25.10606436, 60.42303042], [25.10599214, 60.42303415], [25.10592974, 60.42303882], [25.1058509, 60.42304348], [25.105977, 60.42356436]]]}, "geometry_name": "geom", "properties": {"id": 95, "kuntanimi": "Kerava", "kaavatun": "2336", "kaavanimi": "Ahokuja", "vtulvuosi": "2020", "netkrostal": 3650, "netrivketj": 0, "neterillis": 0, "netyhteens": 3650, "brutyhteen": 3650}}, {"type": "Feature", "id": "voimaantulleetkaavatmal_2020_2023.fid-7dddb29f_19d8b225a81_1308", "geometry": {"type": "Polygon", "coordinates": [[[24.44064473, 60.12193198], [24.43989385, 60.1228588], [24.43984134, 60.12308239], [24.43973233, 60.12354654], [24.44025935, 60.12357736], [24.4405474, 60.1235942], [24.44062088, 60.1235985], [24.44069321, 60.12360272], [24.44123878, 60.12363462], [24.441247, 60.12363478], [24.44125518, 60.12363433], [24.44126312, 60.12363325], [24.44127064, 60.12363159], [24.44127757, 60.12362937], [24.44128427, 60.12362638], [24.44128988, 60.12362287], [24.44129425, 60.12361895], [24.44129725, 60.12361472], [24.4412988, 60.1236103], [24.4413028, 60.12359317], [24.44134861, 60.12339674], [24.44137486, 60.12328494], [24.44154993, 60.12253929], [24.44163067, 60.12219679], [24.44164451, 60.12212234], [24.44160635, 60.12212013], [24.44119172, 60.12209616], [24.44102464, 60.12199709], [24.44098575, 60.12197403], [24.44093139, 60.12194179], [24.4407553, 60.12190601], [24.44067842, 60.12189039], [24.44064473, 60.12193198]]]}, "geometry_name": "geom", "properties": {"id": 96, "kuntanimi": "Kirkkonummi", "kaavatun": "10110", "kaavanimi": "Kirkkonummen keskusta, kortteli 108", "vtulvuosi": "2020", "netkrostal": -480, "netrivketj": 0, "neterillis": 0, "netyhteens": -480, "brutyhteen": 14400}}, {"type": "Feature", "id": "voimaantulleetkaavatmal_2020_2023.fid-7dddb29f_19d8b225a81_1309", "geometry": {"type": "Polygon", "coordinates": [[[25.12730663, 60.54927694], [25.12779506, 60.54933584], [25.12764567, 60.5496625], [25.1286346, 60.54977434], [25.12891807, 60.54982156], [25.12888218, 60.54988987], [25.129503, 60.54989223], [25.12957994, 60.54953597], [25.13016486, 60.54960367], [25.13069315, 60.54908074], [25.13095783, 60.54895284], [25.13089611, 60.54859374], [25.13087395, 60.54848037], [25.13092458, 60.54848032], [25.130883, 60.54833314], [25.13047781, 60.5476906], [25.12917676, 60.54788481], [25.12889179, 60.54745765], [25.12873457, 60.5473272], [25.12837333, 60.54742253], [25.12814959, 60.54723277], [25.12650609, 60.54770333], [25.12699035, 60.54824013], [25.12783774, 60.54915355], [25.12730663, 60.54927694]]]}, "geometry_name": "geom", "properties": {"id": 97, "kuntanimi": "Mäntsälä", "kaavatun": "263", "kaavanimi": "Pyydyskorven asemakaava", "vtulvuosi": "2020", "netkrostal": 0, "netrivketj": 1580, "neterillis": 3930, "netyhteens": 5510, "brutyhteen": 5510}}, {"type": "Feature", "id": "voimaantulleetkaavatmal_2020_2023.fid-7dddb29f_19d8b225a81_130a", "geometry": {"type": "Polygon", "coordinates": [[[24.82123494, 60.4592647], [24.82127193, 60.45892386], [24.82068333, 60.45898758], [24.82010384, 60.45906918], [24.81948101, 60.45920091], [24.81927306, 60.45924489], [24.81934235, 60.45945163], [24.81941431, 60.45966632], [24.81945487, 60.45978601], [24.81989051, 60.45979715], [24.82034953, 60.45980888], [24.82098877, 60.45978835], [24.82123494, 60.4592647]]]}, "geometry_name": "geom", "properties": {"id": 98, "kuntanimi": "Nurmijärvi", "kaavatun": "543-2-179", "kaavanimi": "Kirkonkylä, Heikkiläntie, kortteli 2344", "vtulvuosi": "2020", "netkrostal": 0, "netrivketj": 2000, "neterillis": 0, "netyhteens": 2000, "brutyhteen": 2000}}, {"type": "Feature", "id": "voimaantulleetkaavatmal_2020_2023.fid-7dddb29f_19d8b225a81_130b", "geometry": {"type": "Polygon", "coordinates": [[[24.74468333, 60.38771894], [24.74455107, 60.38772609], [24.74394215, 60.387759], [24.74387562, 60.38780774], [24.74364918, 60.38797364], [24.74371613, 60.38810491], [24.74418312, 60.38815596], [24.74420175, 60.38815817], [24.74429951, 60.38816974], [24.74435172, 60.38817537], [24.74447712, 60.38819077], [24.74453984, 60.38804918], [24.74468333, 60.38771894]]]}, "geometry_name": "geom", "properties": {"id": 99, "kuntanimi": "Nurmijärvi", "kaavatun": "543-3-343", "kaavanimi": "Klaukkala, Roosankuja", "vtulvuosi": "2020", "netkrostal": 0, "netrivketj": 0, "neterillis": 88, "netyhteens": 88, "brutyhteen": 519}}, {"type": "Feature", "id": "voimaantulleetkaavatmal_2020_2023.fid-7dddb29f_19d8b225a81_130c", "geometry": {"type": "Polygon", "coordinates": [[[24.76489396, 60.5150265], [24.76302872, 60.5155603], [24.76300417, 60.51590046], [24.76328989, 60.51598591], [24.76423357, 60.51570741], [24.76450402, 60.5156276], [24.76502823, 60.51547289], [24.76532843, 60.51538429], [24.76489396, 60.5150265]]]}, "geometry_name": "geom", "properties": {"id": 100, "kuntanimi": "Nurmijärvi", "kaavatun": "543-1-154", "kaavanimi": "Rajamäki, Puusepäntie", "vtulvuosi": "2020", "netkrostal": 0, "netrivketj": 0, "neterillis": 775, "netyhteens": 775, "brutyhteen": 1550}}, {"type": "Feature", "id": "voimaantulleetkaavatmal_2020_2023.fid-7dddb29f_19d8b225a81_130d", "geometry": {"type": "Polygon", "coordinates": [[[25.38551308, 60.46842993], [25.38728782, 60.46748128], [25.38815566, 60.46687032], [25.3855565, 60.46606662], [25.38369672, 60.46586035], [25.38344701, 60.46588752], [25.38324984, 60.46582637], [25.38447133, 60.46491461], [25.3799468, 60.46437205], [25.37966304, 60.4645404], [25.37925385, 60.46467383], [25.37854262, 60.46494039], [25.37822354, 60.4651441], [25.37772935, 60.46564812], [25.37727056, 60.46612558], [25.3768285, 60.466506], [25.38551308, 60.46842993]]]}, "geometry_name": "geom", "properties": {"id": 101, "kuntanimi": "Pornainen", "kaavatun": null, "kaavanimi": "Laidunalue", "vtulvuosi": "2020", "netkrostal": 0, "netrivketj": 6576, "neterillis": 7351, "netyhteens": 13927, "brutyhteen": 14027}}, {"type": "Feature", "id": "voimaantulleetkaavatmal_2020_2023.fid-7dddb29f_19d8b225a81_130e", "geometry": {"type": "MultiPolygon", "coordinates": [[[[25.38723891, 60.45133069], [25.38754193, 60.45113589], [25.38810998, 60.45122043], [25.3887048, 60.45111096], [25.38874713, 60.45100311], [25.3880047, 60.45092626], [25.38705846, 60.45082846], [25.38684541, 60.45125283], [25.38723891, 60.45133069]]], [[[25.38862297, 60.45156368], [25.38818499, 60.45141413], [25.38766406, 60.45162393], [25.38807287, 60.45176639], [25.38862297, 60.45156368]]], [[[25.38750464, 60.45166749], [25.38671738, 60.45149022], [25.38627373, 60.45208763], [25.38694196, 60.45203541], [25.38750464, 60.45166749]]]]}, "geometry_name": "geom", "properties": {"id": 102, "kuntanimi": "Pornainen", "kaavatun": null, "kaavanimi": "Kotojärvenranta, muutos", "vtulvuosi": "2020", "netkrostal": 0, "netrivketj": 0, "neterillis": -20, "netyhteens": -20, "brutyhteen": 1180}}, {"type": "Feature", "id": "voimaantulleetkaavatmal_2020_2023.fid-7dddb29f_19d8b225a81_130f", "geometry": {"type": "Polygon", "coordinates": [[[25.37615073, 60.44751457], [25.37395255, 60.45073608], [25.37493861, 60.45072249], [25.37612278, 60.45078411], [25.37616186, 60.45037261], [25.37607307, 60.45027542], [25.37615698, 60.44995041], [25.37593583, 60.44977781], [25.37691935, 60.44954769], [25.37676332, 60.44932078], [25.37730979, 60.44920015], [25.37757276, 60.44919941], [25.37849064, 60.44898028], [25.37820223, 60.44867797], [25.37826483, 60.44840715], [25.37817416, 60.44814758], [25.37897562, 60.44734417], [25.37615073, 60.44751457]]]}, "geometry_name": "geom", "properties": {"id": 103, "kuntanimi": "Pornainen", "kaavatun": null, "kaavanimi": "Kartanorinne, laajennus", "vtulvuosi": "2020", "netkrostal": 0, "netrivketj": 0, "neterillis": 4214, "netyhteens": 4214, "brutyhteen": 4214}}, {"type": "Feature", "id": "voimaantulleetkaavatmal_2020_2023.fid-7dddb29f_19d8b225a81_1310", "geometry": {"type": "Polygon", "coordinates": [[[25.02371651, 60.40261936], [25.02375063, 60.40232423], [25.02401057, 60.402229], [25.02405682, 60.40222639], [25.02430779, 60.40212808], [25.024135, 60.40202202], [25.02433359, 60.40194453], [25.02373917, 60.40156052], [25.02365539, 60.40159495], [25.02304086, 60.40120306], [25.02295679, 60.4011141], [25.02269909, 60.40113053], [25.0220883, 60.40094293], [25.02196566, 60.40087816], [25.02190969, 60.40083358], [25.02184174, 60.40076366], [25.02154269, 60.4008909], [25.02158687, 60.40093635], [25.02156478, 60.40098583], [25.02029396, 60.40153998], [25.02015877, 60.40154112], [25.01981386, 60.40169434], [25.02006246, 60.40183452], [25.02020064, 60.40177579], [25.02042861, 60.40190503], [25.02058946, 60.40209589], [25.02069165, 60.40215735], [25.02015106, 60.40237731], [25.0200125, 60.40278158], [25.02009653, 60.40278676], [25.02018722, 60.4028001], [25.02032078, 60.40283772], [25.02039623, 60.40287281], [25.02045859, 60.40291579], [25.02049469, 60.40295301], [25.02115972, 60.40330383], [25.02200815, 60.40330411], [25.02158484, 60.40303414], [25.02164623, 60.40300111], [25.02268022, 60.40261656], [25.02270896, 60.40251344], [25.02353004, 60.40259027], [25.02371651, 60.40261936]]]}, "geometry_name": "geom", "properties": {"id": 104, "kuntanimi": "Tuusula", "kaavatun": "3517", "kaavanimi": "Suutarintie, asemakaavan muutos", "vtulvuosi": "2020", "netkrostal": 16800, "netrivketj": 0, "neterillis": 0, "netyhteens": 16800, "brutyhteen": 16800}}, {"type": "Feature", "id": "voimaantulleetkaavatmal_2020_2023.fid-7dddb29f_19d8b225a81_1311", "geometry": {"type": "Polygon", "coordinates": [[[25.00528854, 60.38016075], [25.00558384, 60.37999604], [25.00632593, 60.37956852], [25.0065283, 60.37945194], [25.00670723, 60.37934885], [25.00690596, 60.37923699], [25.00715203, 60.37909947], [25.00800837, 60.37862087], [25.00865533, 60.37824519], [25.00903435, 60.37826403], [25.00906976, 60.37814868], [25.00796896, 60.37809648], [25.00768099, 60.37776573], [25.00783728, 60.37700707], [25.00794164, 60.37650791], [25.00985905, 60.37664621], [25.00988504, 60.37655987], [25.01028139, 60.37658883], [25.01098611, 60.37576596], [25.01127718, 60.37582843], [25.0120349, 60.37496293], [25.01067704, 60.37468342], [25.01069595, 60.37467091], [25.01137296, 60.37422648], [25.01148362, 60.3741554], [25.01187611, 60.3739033], [25.01228341, 60.37363947], [25.01256105, 60.37345705], [25.01287265, 60.373256], [25.01303139, 60.37315305], [25.01202368, 60.37277501], [25.01198086, 60.37262434], [25.01228827, 60.37242228], [25.01212459, 60.37230935], [25.01178358, 60.37253039], [25.0112825, 60.37233634], [25.01031035, 60.37285202], [25.01061143, 60.37354099], [25.00973899, 60.37370926], [25.00871073, 60.3736871], [25.00838964, 60.37329964], [25.00827175, 60.37325783], [25.00813612, 60.37335488], [25.00825488, 60.37339529], [25.00865594, 60.37396239], [25.00871714, 60.37405097], [25.00880617, 60.37417981], [25.00792938, 60.37445282], [25.00769287, 60.37444153], [25.00719107, 60.37441512], [25.00662002, 60.3746178], [25.00614463, 60.37480261], [25.00552011, 60.37503109], [25.0049831, 60.37468847], [25.00478081, 60.37456115], [25.00418734, 60.37418934], [25.00394148, 60.37425334], [25.00461842, 60.37467744], [25.00411617, 60.37502575], [25.00384701, 60.3752124], [25.00375942, 60.37527108], [25.00363935, 60.37535786], [25.00331866, 60.37544499], [25.00315165, 60.37549075], [25.00239787, 60.3756968], [25.00218838, 60.37575082], [25.0018734, 60.37583204], [25.00195476, 60.37590878], [25.00126964, 60.37609451], [25.00105376, 60.37604937], [25.00038822, 60.37622469], [24.99988038, 60.3763633], [24.99951181, 60.3762853], [24.99887303, 60.37839406], [24.99881681, 60.37857963], [24.99905957, 60.37863646], [24.99922315, 60.37867098], [24.99934855, 60.37869621], [24.99947946, 60.37871695], [24.99962814, 60.37874051], [24.99971231, 60.37875043], [24.9998325, 60.37876459], [25.00000902, 60.37878059], [25.00015364, 60.3787923], [25.00034035, 60.37880111], [25.0005136, 60.37880736], [25.00069411, 60.37881388], [25.00095964, 60.37882346], [25.00142228, 60.37886656], [25.00183286, 60.37892759], [25.00237594, 60.37902644], [25.00272191, 60.37910421], [25.00327025, 60.37927198], [25.00389739, 60.37946557], [25.00425553, 60.37957612], [25.00459104, 60.37967969], [25.00476229, 60.37975071], [25.00489252, 60.37981746], [25.00503595, 60.37991179], [25.00523399, 60.38009086], [25.00528854, 60.38016075]]]}, "geometry_name": "geom", "properties": {"id": 105, "kuntanimi": "Tuusula", "kaavatun": "3557", "kaavanimi": "Pellavamäentie", "vtulvuosi": "2020", "netkrostal": 4195, "netrivketj": 10687, "neterillis": 5883, "netyhteens": 20765, "brutyhteen": 20765}}, {"type": "Feature", "id": "voimaantulleetkaavatmal_2020_2023.fid-7dddb29f_19d8b225a81_1312", "geometry": {"type": "Polygon", "coordinates": [[[25.00279674, 60.41388144], [25.00283138, 60.41380575], [25.00473337, 60.41075129], [25.00394568, 60.41063822], [25.00326107, 60.41054085], [25.00270265, 60.4104582], [25.00245036, 60.41041982], [25.00156722, 60.41028581], [25.0019476, 60.40967083], [25.00106306, 60.40953694], [25.00122229, 60.40927948], [25.00070249, 60.40920045], [25.00054327, 60.40945835], [24.99909167, 60.40923596], [24.99927049, 60.40894685], [24.99902724, 60.40866444], [24.99849173, 60.40859166], [24.99838364, 60.4089072], [24.99693513, 60.40879532], [24.99664814, 60.40974369], [24.99591245, 60.40970412], [24.99579696, 60.40971385], [24.99513206, 60.40976987], [24.99516764, 60.40966374], [24.99454009, 60.40961377], [24.9946114, 60.40940162], [24.99439647, 60.40938451], [24.99432532, 60.40959669], [24.99369725, 60.40954627], [24.99347063, 60.41024022], [24.99292866, 60.41335221], [24.99551308, 60.41352348], [24.99546704, 60.41368047], [24.99920223, 60.41415518], [24.99943679, 60.41368112], [25.00012101, 60.4137731], [25.00171502, 60.41377136], [25.0019745, 60.41376717], [25.00279674, 60.41388144]]]}, "geometry_name": "geom", "properties": {"id": 106, "kuntanimi": "Tuusula", "kaavatun": "3500", "kaavanimi": "Häriskivi, asemakaava ja asemakaavan muutos", "vtulvuosi": "2020", "netkrostal": 0, "netrivketj": 12687, "neterillis": 15287, "netyhteens": 27974, "brutyhteen": 28929}}, {"type": "Feature", "id": "voimaantulleetkaavatmal_2020_2023.fid-7dddb29f_19d8b225a81_1313", "geometry": {"type": "MultiPolygon", "coordinates": [[[[25.02214326, 60.39442188], [25.02254479, 60.39375524], [25.02262069, 60.39376307], [25.0227158, 60.39377212], [25.02283262, 60.39346211], [25.02292546, 60.39321052], [25.02295192, 60.39313881], [25.02282143, 60.39314077], [25.02315494, 60.39245785], [25.02341938, 60.39191963], [25.02471418, 60.39205862], [25.02474416, 60.39198302], [25.02489049, 60.39199696], [25.02503999, 60.39165068], [25.02515158, 60.39164522], [25.02559346, 60.39162786], [25.02613083, 60.39160712], [25.02630177, 60.3915965], [25.02674302, 60.39156907], [25.02701926, 60.39137568], [25.02536743, 60.39115484], [25.0252596, 60.39114042], [25.0253805, 60.3908595], [25.02522004, 60.39084672], [25.02497628, 60.39081099], [25.02503727, 60.39068621], [25.02522879, 60.39063574], [25.02524629, 60.39060002], [25.02482733, 60.39053583], [25.02425371, 60.39044836], [25.02410754, 60.39068366], [25.02429093, 60.39071054], [25.02434138, 60.39071897], [25.02422307, 60.39099651], [25.02406558, 60.39136435], [25.02371121, 60.39132133], [25.02237981, 60.39115972], [25.02238534, 60.39148454], [25.02226073, 60.39190924], [25.02221442, 60.39197308], [25.02211316, 60.39215653], [25.02202165, 60.39233559], [25.02199301, 60.39239162], [25.02194052, 60.39249433], [25.02188803, 60.39259704], [25.02181727, 60.39274202], [25.02165591, 60.39312273], [25.0215938, 60.39320441], [25.02153813, 60.39325913], [25.02148519, 60.39331115], [25.0213242, 60.39359014], [25.02127171, 60.39370233], [25.02123701, 60.3937739], [25.02108104, 60.39407838], [25.02090461, 60.39431574], [25.02213159, 60.39447151], [25.02214326, 60.39442188]]], [[[25.01721003, 60.39590715], [25.01587266, 60.39542494], [25.01581647, 60.3954602], [25.01653809, 60.39572039], [25.01640204, 60.39584247], [25.01629311, 60.39597141], [25.016258, 60.39605949], [25.01622993, 60.39614778], [25.0162181, 60.39623697], [25.01622263, 60.39632632], [25.01624346, 60.39641515], [25.01628045, 60.39650267], [25.01558849, 60.39681139], [25.01577971, 60.39690987], [25.01599757, 60.39699371], [25.0161092, 60.39702791], [25.01625872, 60.39707029], [25.01640824, 60.39711267], [25.01685442, 60.39723913], [25.01824455, 60.39638383], [25.01721003, 60.39590715]]], [[[25.10138077, 60.53300675], [25.10073151, 60.53290702], [25.10051599, 60.53296792], [25.10132222, 60.53309494], [25.10138077, 60.53300675]]], [[[25.10336738, 60.53335267], [25.10342931, 60.53332758], [25.1034042, 60.53326977], [25.1024305, 60.53287844], [25.10225604, 60.53314119], [25.10222771, 60.53318385], [25.10234827, 60.53320236], [25.1022671, 60.5333307], [25.10118326, 60.53316524], [25.10083298, 60.53369291], [25.10186045, 60.5338607], [25.10314403, 60.53373185], [25.10316086, 60.533683], [25.10315418, 60.53366318], [25.10313812, 60.53364276], [25.1031314, 60.53358687], [25.10311471, 60.53352834], [25.10307793, 60.53350284], [25.10307797, 60.53349098], [25.103119, 60.5334617], [25.10316177, 60.53342851], [25.10328881, 60.5334091], [25.10336738, 60.53335267]]], [[[24.9546572, 60.55642867], [24.95492195, 60.55619566], [24.95563761, 60.55639285], [24.95582007, 60.55623223], [24.95552089, 60.55614982], [24.95609782, 60.55564199], [24.95609791, 60.55564192], [24.95539106, 60.55544229], [24.95501421, 60.55533586], [24.95421608, 60.55602092], [24.95301447, 60.55568151], [24.95250199, 60.55547432], [24.95234419, 60.55561914], [24.95291334, 60.55577602], [24.95262406, 60.55603056], [24.95233476, 60.5562851], [24.95279605, 60.55641214], [24.95325734, 60.55653918], [24.95294584, 60.55681335], [24.95391622, 60.55708064], [24.95416321, 60.55686328], [24.95422772, 60.55680655], [24.95441021, 60.55664602], [24.9546572, 60.55642867]]]]}, "geometry_name": "geom", "properties": {"id": 107, "kuntanimi": "Tuusula", "kaavatun": "3552", "kaavanimi": "Kehitettävät kiinteistöt", "vtulvuosi": "2020", "netkrostal": 4397, "netrivketj": 0, "neterillis": 1061, "netyhteens": 5458, "brutyhteen": 10510}}, {"type": "Feature", "id": "voimaantulleetkaavatmal_2020_2023.fid-7dddb29f_19d8b225a81_1314", "geometry": {"type": "Polygon", "coordinates": [[[24.97077558, 60.55059333], [24.9709611, 60.55043361], [24.97215122, 60.55055005], [24.97256688, 60.54921841], [24.97180353, 60.54928204], [24.97135943, 60.54927967], [24.97106802, 60.54924088], [24.97071189, 60.54915879], [24.97038817, 60.54905619], [24.9701476, 60.54906753], [24.9696661, 60.54949345], [24.97034174, 60.55047289], [24.97077558, 60.55059333]]]}, "geometry_name": "geom", "properties": {"id": 108, "kuntanimi": "Tuusula", "kaavatun": "3509", "kaavanimi": "Konduktöörinkuja", "vtulvuosi": "2020", "netkrostal": 739, "netrivketj": 0, "neterillis": 0, "netyhteens": 739, "brutyhteen": 10192}}, {"type": "Feature", "id": "voimaantulleetkaavatmal_2020_2023.fid-7dddb29f_19d8b225a81_1315", "geometry": {"type": "Polygon", "coordinates": [[[24.31682303, 60.31555507], [24.31844501, 60.3166915], [24.31925141, 60.31638384], [24.3198931, 60.31685197], [24.32068807, 60.31709412], [24.32089517, 60.31702716], [24.32122455, 60.31657533], [24.32087254, 60.31646583], [24.3205468, 60.31619206], [24.32043265, 60.31618581], [24.32000502, 60.31586616], [24.32100599, 60.31554249], [24.31999088, 60.31489672], [24.31912716, 60.31521542], [24.31958764, 60.31560326], [24.31908096, 60.31578774], [24.31854212, 60.31587001], [24.31802628, 60.31539685], [24.31682303, 60.31555507]]]}, "geometry_name": "geom", "properties": {"id": 109, "kuntanimi": "Vihti", "kaavatun": "N197", "kaavanimi": "Linnanniitun asemakaavamuutos", "vtulvuosi": "2020", "netkrostal": 0, "netrivketj": -1546, "neterillis": 1600, "netyhteens": 54, "brutyhteen": 4840}}, {"type": "Feature", "id": "voimaantulleetkaavatmal_2020_2023.fid-7dddb29f_19d8b225a81_1316", "geometry": {"type": "Polygon", "coordinates": [[[24.31039715, 60.33384954], [24.31466123, 60.3340247], [24.31435185, 60.33471909], [24.31370788, 60.33463225], [24.31356443, 60.33477767], [24.31345945, 60.33509728], [24.31439296, 60.33543616], [24.31622117, 60.33461736], [24.31654592, 60.33452855], [24.31699584, 60.33449606], [24.31698471, 60.33435681], [24.3172024, 60.33401689], [24.31637842, 60.33381082], [24.31249792, 60.33275381], [24.31119364, 60.33335952], [24.31045507, 60.33376633], [24.31039715, 60.33384954]]]}, "geometry_name": "geom", "properties": {"id": 110, "kuntanimi": "Vihti", "kaavatun": "N185", "kaavanimi": "Kirjastorinteen asemakaavamuutos", "vtulvuosi": "2020", "netkrostal": 4000, "netrivketj": 0, "neterillis": 0, "netyhteens": 4000, "brutyhteen": 5350}}, {"type": "Feature", "id": "voimaantulleetkaavatmal_2020_2023.fid-7dddb29f_19d8b225a81_1317", "geometry": {"type": "Polygon", "coordinates": [[[24.47141528, 60.41009155], [24.47270569, 60.4099589], [24.4819688, 60.41244504], [24.48311365, 60.41245088], [24.48493799, 60.41134628], [24.48524668, 60.41132718], [24.48584685, 60.41115419], [24.48622892, 60.41123199], [24.48815298, 60.41086846], [24.48814629, 60.41113849], [24.48883016, 60.41148728], [24.48841269, 60.41184892], [24.48851198, 60.41224203], [24.48973197, 60.41216061], [24.48986504, 60.4125572], [24.49031795, 60.41254171], [24.49051555, 60.41326575], [24.49191047, 60.41313331], [24.49210362, 60.41191136], [24.49276224, 60.40986457], [24.49018562, 60.40987196], [24.49009114, 60.40923442], [24.48811101, 60.40895129], [24.48630418, 60.40872046], [24.48460045, 60.40857611], [24.48299708, 60.40869044], [24.4807654, 60.40890564], [24.47839167, 60.40929245], [24.47539509, 60.40943567], [24.47330813, 60.40930689], [24.47141528, 60.41009155]]]}, "geometry_name": "geom", "properties": {"id": 111, "kuntanimi": "Vihti", "kaavatun": "Ot18", "kaavanimi": "Helminharjun asemakaava ja asemakaavan muutos", "vtulvuosi": "2020", "netkrostal": 0, "netrivketj": 1569, "neterillis": 14554, "netyhteens": 16123, "brutyhteen": 16916}}, {"type": "Feature", "id": "voimaantulleetkaavatmal_2020_2023.fid-7dddb29f_19d8b225a81_1318", "geometry": {"type": "Polygon", "coordinates": [[[24.82831068, 60.21255814], [24.8283355, 60.21298841], [24.82933954, 60.2129795], [24.82938104, 60.21297912], [24.82952226, 60.21343322], [24.83054369, 60.21333464], [24.83074978, 60.21320647], [24.83070526, 60.21245593], [24.83055693, 60.21238814], [24.83020557, 60.21239787], [24.82936011, 60.21242126], [24.82852053, 60.2124445], [24.82831068, 60.21255814]]]}, "geometry_name": "geom", "properties": {"id": 112, "kuntanimi": "Espoo", "kaavatun": "116902", "kaavanimi": "Anna Sahlsténin katu", "vtulvuosi": "2021", "netkrostal": 0, "netrivketj": 0, "neterillis": 0, "netyhteens": 0, "brutyhteen": 16830}}, {"type": "Feature", "id": "voimaantulleetkaavatmal_2020_2023.fid-7dddb29f_19d8b225a81_1319", "geometry": {"type": "Polygon", "coordinates": [[[24.68931399, 60.12906016], [24.68894002, 60.12887585], [24.68863118, 60.12872365], [24.68780844, 60.12874474], [24.6875511, 60.1285356], [24.68739581, 60.12840939], [24.68721464, 60.12838269], [24.68718407, 60.12843434], [24.68628771, 60.12830224], [24.68515331, 60.12813504], [24.6850052, 60.12812276], [24.68486316, 60.12811098], [24.68433053, 60.1280668], [24.68431767, 60.12811377], [24.68403333, 60.12915283], [24.68399147, 60.12930574], [24.68474133, 60.12915848], [24.68492548, 60.12912231], [24.68534139, 60.12904064], [24.68535006, 60.12903894], [24.6855085, 60.12900996], [24.68566928, 60.12898439], [24.68583208, 60.12896224], [24.68599664, 60.12894359], [24.68616263, 60.12892845], [24.68632977, 60.12891685], [24.68649775, 60.12890881], [24.68666626, 60.12890437], [24.68683501, 60.1289035], [24.68700367, 60.12890623], [24.68717194, 60.12891253], [24.68733952, 60.12892241], [24.68852782, 60.12900531], [24.68881022, 60.12902501], [24.68907542, 60.12904351], [24.68931399, 60.12906016]]]}, "geometry_name": "geom", "properties": {"id": 113, "kuntanimi": "Espoo", "kaavatun": "412009", "kaavanimi": "Suinonsalmi", "vtulvuosi": "2021", "netkrostal": 0, "netrivketj": 0, "neterillis": 2707, "netyhteens": 2707, "brutyhteen": 2707}}, {"type": "Feature", "id": "voimaantulleetkaavatmal_2020_2023.fid-7dddb29f_19d8b225a81_131a", "geometry": {"type": "Polygon", "coordinates": [[[24.70721461, 60.15432285], [24.70721451, 60.15439002], [24.70720757, 60.15496464], [24.70785615, 60.15496583], [24.70789945, 60.15468679], [24.70790458, 60.15451348], [24.70791098, 60.15439156], [24.70792466, 60.15421684], [24.70777446, 60.154134], [24.70759437, 60.15412842], [24.7071442, 60.15418593], [24.70721461, 60.15432285]]]}, "geometry_name": "geom", "properties": {"id": 114, "kuntanimi": "Espoo", "kaavatun": "442401", "kaavanimi": "Jerikonpolku", "vtulvuosi": "2021", "netkrostal": -11000, "netrivketj": 0, "neterillis": 0, "netyhteens": -11000, "brutyhteen": 4500}}, {"type": "Feature", "id": "voimaantulleetkaavatmal_2020_2023.fid-7dddb29f_19d8b225a81_131b", "geometry": {"type": "Polygon", "coordinates": [[[24.76455332, 60.23789728], [24.76484308, 60.23817848], [24.76512537, 60.2385327], [24.76533256, 60.23878112], [24.76689701, 60.23849891], [24.76749574, 60.23856618], [24.76733042, 60.23813434], [24.76706111, 60.23743088], [24.76627295, 60.23735175], [24.76574138, 60.23733819], [24.76468731, 60.23738905], [24.76477083, 60.23765762], [24.7645493, 60.23776479], [24.76455332, 60.23789728]]]}, "geometry_name": "geom", "properties": {"id": 115, "kuntanimi": "Espoo", "kaavatun": "141107", "kaavanimi": "Trastmossa", "vtulvuosi": "2021", "netkrostal": 0, "netrivketj": 0, "neterillis": 2072, "netyhteens": 2072, "brutyhteen": 2672}}, {"type": "Feature", "id": "voimaantulleetkaavatmal_2020_2023.fid-7dddb29f_19d8b225a81_131c", "geometry": {"type": "Polygon", "coordinates": [[[24.71462794, 60.15561838], [24.71440057, 60.15558236], [24.7142995, 60.15556585], [24.71355321, 60.15544394], [24.71352468, 60.15543928], [24.71212229, 60.15519747], [24.71137341, 60.15506827], [24.70902834, 60.15466361], [24.70881699, 60.15462714], [24.70877941, 60.15461658], [24.70874477, 60.15460282], [24.70873338, 60.15461611], [24.70867402, 60.15469072], [24.70862144, 60.1547666], [24.70857571, 60.15484356], [24.70853692, 60.15492146], [24.70851953, 60.15496145], [24.70848279, 60.15505804], [24.70845312, 60.15515523], [24.70843062, 60.1552529], [24.70841525, 60.15535091], [24.70838848, 60.15552814], [24.70835428, 60.15570683], [24.70831293, 60.15588514], [24.70826443, 60.156063], [24.7082088, 60.15624035], [24.70814607, 60.15641711], [24.70807626, 60.1565932], [24.70888823, 60.15676171], [24.70931744, 60.15685078], [24.70966711, 60.15643219], [24.71258061, 60.15703683], [24.71260586, 60.15704207], [24.71289362, 60.15703426], [24.71289332, 60.15702186], [24.71289832, 60.15699938], [24.71291036, 60.15697757], [24.71292914, 60.15695699], [24.71295421, 60.15693812], [24.71298493, 60.15692147], [24.71302052, 60.15690744], [24.71306011, 60.15689638], [24.71310271, 60.15688857], [24.71314724, 60.15688421], [24.71319259, 60.1568834], [24.714318, 60.15690548], [24.71432935, 60.15676198], [24.71439484, 60.15593215], [24.71462794, 60.15561838]]]}, "geometry_name": "geom", "properties": {"id": 116, "kuntanimi": "Espoo", "kaavatun": "442500", "kaavanimi": "Matroonankatu", "vtulvuosi": "2021", "netkrostal": 98000, "netrivketj": 0, "neterillis": 0, "netyhteens": 98000, "brutyhteen": 98000}}, {"type": "Feature", "id": "voimaantulleetkaavatmal_2020_2023.fid-7dddb29f_19d8b225a81_131d", "geometry": {"type": "Polygon", "coordinates": [[[24.74774235, 60.18353398], [24.74773998, 60.18348346], [24.74773042, 60.18343315], [24.7477137, 60.18338331], [24.74768993, 60.18333418], [24.74765923, 60.18328602], [24.74762173, 60.18323907], [24.74757765, 60.18319356], [24.74752719, 60.18314971], [24.74752448, 60.18314755], [24.74746761, 60.18310571], [24.74740491, 60.18306598], [24.74738175, 60.18305258], [24.7473117, 60.18301574], [24.74721792, 60.18296802], [24.74712171, 60.18291414], [24.74703099, 60.18285793], [24.74694599, 60.18279954], [24.74686694, 60.18273912], [24.74679403, 60.18267681], [24.74672741, 60.18261278], [24.74666728, 60.18254716], [24.74661378, 60.18248015], [24.74660456, 60.18246795], [24.74657025, 60.18241631], [24.74654287, 60.18236364], [24.7465225, 60.18231019], [24.74650926, 60.18225619], [24.74650319, 60.18220187], [24.74650433, 60.18214747], [24.74651266, 60.18209323], [24.74652695, 60.18203798], [24.74652774, 60.18202877], [24.74652298, 60.18201513], [24.7465114, 60.18200255], [24.74649378, 60.18199187], [24.74647127, 60.18198376], [24.74644534, 60.18197878], [24.74636166, 60.18196846], [24.74584917, 60.18243178], [24.74579171, 60.18248599], [24.74572415, 60.18255661], [24.74566317, 60.18262871], [24.74560886, 60.18270212], [24.7455614, 60.18277669], [24.74552084, 60.18285228], [24.74502702, 60.18386511], [24.74625047, 60.18389996], [24.74651803, 60.18390758], [24.74654241, 60.18354643], [24.74754861, 60.18357508], [24.74758948, 60.18357625], [24.74774023, 60.18358054], [24.74774216, 60.18354015], [24.74774235, 60.18353398]]]}, "geometry_name": "geom", "properties": {"id": 117, "kuntanimi": "Espoo", "kaavatun": "330408", "kaavanimi": "Kokinniitty", "vtulvuosi": "2021", "netkrostal": 26200, "netrivketj": 0, "neterillis": 0, "netyhteens": 26200, "brutyhteen": 26200}}, {"type": "Feature", "id": "voimaantulleetkaavatmal_2020_2023.fid-7dddb29f_19d8b225a81_131e", "geometry": {"type": "Polygon", "coordinates": [[[24.8281281, 60.17883273], [24.82778749, 60.17878627], [24.82694633, 60.17869004], [24.826522, 60.1786415], [24.82609804, 60.17875419], [24.82499749, 60.17899911], [24.82441078, 60.17924941], [24.82395103, 60.17944814], [24.82388961, 60.17947469], [24.82375836, 60.17950023], [24.82429234, 60.17960841], [24.82469843, 60.17987788], [24.82472172, 60.17989454], [24.82475231, 60.1799216], [24.82477647, 60.17995024], [24.82479382, 60.17998007], [24.82480417, 60.1800107], [24.82480737, 60.18004173], [24.82520734, 60.18009611], [24.82529257, 60.1799406], [24.82527274, 60.17989439], [24.8257079, 60.17997268], [24.82654401, 60.18012308], [24.82656709, 60.18012684], [24.8266356, 60.18014053], [24.8267011, 60.18015747], [24.82676298, 60.1801775], [24.82682065, 60.18020044], [24.82687354, 60.18022607], [24.826985, 60.18028241], [24.82704609, 60.18018886], [24.82780956, 60.17901952], [24.8281281, 60.17883273]], [[24.8262555, 60.17896574], [24.82622943, 60.17896933], [24.82622999, 60.17896921], [24.8262555, 60.17896574]], [[24.82630423, 60.17896097], [24.82627854, 60.17896262], [24.82627907, 60.17896254], [24.82630423, 60.17896097]], [[24.82620761, 60.17897403], [24.82618277, 60.17897941], [24.82618327, 60.17897926], [24.82620761, 60.17897403]], [[24.82611817, 60.17900141], [24.82609983, 60.179009], [24.82610063, 60.17900863], [24.82611817, 60.17900141]], [[24.82615973, 60.17898643], [24.8261395, 60.17899264], [24.82613985, 60.17899249], [24.82615973, 60.17898643]]]}, "geometry_name": "geom", "properties": {"id": 118, "kuntanimi": "Espoo", "kaavatun": "220721", "kaavanimi": "Miestentie", "vtulvuosi": "2021", "netkrostal": 6800, "netrivketj": 0, "neterillis": 0, "netyhteens": 6800, "brutyhteen": 25150}}, {"type": "Feature", "id": "voimaantulleetkaavatmal_2020_2023.fid-7dddb29f_19d8b225a81_131f", "geometry": {"type": "Polygon", "coordinates": [[[24.8084327, 60.22619817], [24.80842388, 60.22618341], [24.80841498, 60.22615846], [24.80841323, 60.22613312], [24.80841869, 60.22610791], [24.80817581, 60.22606999], [24.80825777, 60.22586973], [24.80826512, 60.22585335], [24.80828764, 60.22581483], [24.80831699, 60.22577747], [24.80835292, 60.22574156], [24.80830888, 60.22558681], [24.80822742, 60.22555008], [24.80821254, 60.22554348], [24.80814158, 60.22551496], [24.80806629, 60.22548929], [24.80798717, 60.22546668], [24.80755637, 60.22535453], [24.8073503, 60.22538661], [24.80712318, 60.22534098], [24.8070665, 60.22532959], [24.80709414, 60.22507791], [24.80561929, 60.22498313], [24.80524538, 60.22495909], [24.80522185, 60.22511166], [24.80518167, 60.22537214], [24.80496577, 60.2253639], [24.8049531, 60.22544613], [24.80481527, 60.22544085], [24.80460229, 60.22543269], [24.80445628, 60.22637211], [24.80428895, 60.22634255], [24.80419216, 60.22638465], [24.80417701, 60.22649212], [24.80450363, 60.22651807], [24.80499699, 60.22659982], [24.80543407, 60.22667224], [24.80547793, 60.22667914], [24.80557667, 60.22669194], [24.80567698, 60.22670122], [24.80577838, 60.22670697], [24.80588032, 60.22670916], [24.80609535, 60.2267018], [24.80617594, 60.22669484], [24.80669269, 60.22664271], [24.80718763, 60.22659473], [24.80758931, 60.22655734], [24.80769673, 60.22654168], [24.80776075, 60.22653234], [24.80796778, 60.22649316], [24.80802795, 60.22647466], [24.80809277, 60.22645077], [24.80815303, 60.22642411], [24.80815316, 60.22642404], [24.80820838, 60.22639481], [24.80825813, 60.22636323], [24.80830202, 60.22632958], [24.80833968, 60.22629411], [24.8084327, 60.22619817]], [[24.80522538, 60.22510179], [24.80522185, 60.22511166], [24.80522216, 60.2251098], [24.80522538, 60.22510179]], [[24.80540475, 60.22502923], [24.8053863, 60.22502919], [24.8053882, 60.22502902], [24.80540475, 60.22502923]], [[24.80536895, 60.22503071], [24.80535099, 60.22503248], [24.80535276, 60.22503213], [24.80536895, 60.22503071]], [[24.80523546, 60.22508484], [24.80522884, 60.22509318], [24.80522922, 60.22509224], [24.80523546, 60.22508484]], [[24.80530232, 60.22504416], [24.80528774, 60.22504906], [24.80528907, 60.22504841], [24.80530232, 60.22504416]], [[24.80527468, 60.22505542], [24.80526231, 60.22506169], [24.80526334, 60.22506094], [24.80527468, 60.22505542]], [[24.80525201, 60.22506925], [24.80524243, 60.22507658], [24.80524314, 60.22507574], [24.80525201, 60.22506925]], [[24.805334, 60.22503581], [24.80531777, 60.22503919], [24.80531928, 60.2250387], [24.805334, 60.22503581]]]}, "geometry_name": "geom", "properties": {"id": 119, "kuntanimi": "Espoo", "kaavatun": "110704", "kaavanimi": "Veräjänpieli", "vtulvuosi": "2021", "netkrostal": 0, "netrivketj": 0, "neterillis": 0, "netyhteens": 0, "brutyhteen": 125}}, {"type": "Feature", "id": "voimaantulleetkaavatmal_2020_2023.fid-7dddb29f_19d8b225a81_1320", "geometry": {"type": "Polygon", "coordinates": [[[24.8338549, 60.22143959], [24.83254857, 60.22189501], [24.83313266, 60.22229447], [24.83328386, 60.22230634], [24.83448843, 60.22187136], [24.8338549, 60.22143959]]]}, "geometry_name": "geom", "properties": {"id": 120, "kuntanimi": "Espoo", "kaavatun": "111907", "kaavanimi": "Mäkkylä I", "vtulvuosi": "2021", "netkrostal": 10000, "netrivketj": 0, "neterillis": 0, "netyhteens": 10000, "brutyhteen": 10100}}, {"type": "Feature", "id": "voimaantulleetkaavatmal_2020_2023.fid-7dddb29f_19d8b225a81_1321", "geometry": {"type": "Polygon", "coordinates": [[[24.83427553, 60.17358646], [24.8320968, 60.17315278], [24.83029338, 60.17345121], [24.82988235, 60.17336927], [24.82974367, 60.17354217], [24.82951955, 60.1738216], [24.82914608, 60.17428722], [24.82906469, 60.17438864], [24.82903461, 60.17442615], [24.82975908, 60.17526748], [24.82976958, 60.17547034], [24.83003323, 60.17577083], [24.83092442, 60.17557678], [24.83148009, 60.17568739], [24.83153356, 60.17562072], [24.83196855, 60.1757073], [24.83207247, 60.17572798], [24.83215276, 60.17562797], [24.83255067, 60.17570717], [24.83259745, 60.17564884], [24.83261822, 60.17565297], [24.83346939, 60.17459167], [24.83371588, 60.17428434], [24.83427553, 60.17358646]]]}, "geometry_name": "geom", "properties": {"id": 121, "kuntanimi": "Espoo", "kaavatun": "220833", "kaavanimi": "Keilaniemenranta", "vtulvuosi": "2021", "netkrostal": -21580, "netrivketj": 0, "neterillis": 0, "netyhteens": -21580, "brutyhteen": 18300}}, {"type": "Feature", "id": "voimaantulleetkaavatmal_2020_2023.fid-7dddb29f_19d8b225a81_1322", "geometry": {"type": "Polygon", "coordinates": [[[24.76797396, 60.24877208], [24.7678816, 60.24898648], [24.76799422, 60.24900321], [24.7684707, 60.24897135], [24.76839163, 60.24880935], [24.76838563, 60.24879758], [24.76835785, 60.24875216], [24.76832326, 60.24870791], [24.76828203, 60.24866509], [24.76804796, 60.24874638], [24.76797396, 60.24877208]]]}, "geometry_name": "geom", "properties": {"id": 122, "kuntanimi": "Espoo", "kaavatun": "VK1001", "kaavanimi": "Laaksolahdentie", "vtulvuosi": "2021", "netkrostal": 0, "netrivketj": 0, "neterillis": 0, "netyhteens": 0, "brutyhteen": 160}}, {"type": "Feature", "id": "voimaantulleetkaavatmal_2020_2023.fid-7dddb29f_19d8b225a81_1323", "geometry": {"type": "Polygon", "coordinates": [[[24.75703079, 60.20878109], [24.75691399, 60.20896066], [24.75670717, 60.20927864], [24.75749712, 60.20935857], [24.75749733, 60.20935859], [24.75753651, 60.20936071], [24.75757582, 60.20935926], [24.75761395, 60.20935428], [24.75764964, 60.20934595], [24.75768169, 60.20933454], [24.75770906, 60.20932042], [24.75773082, 60.20930406], [24.75774625, 60.20928601], [24.75785668, 60.20911524], [24.75797309, 60.20893519], [24.75823835, 60.2085249], [24.75842605, 60.2082346], [24.75843104, 60.20822554], [24.75843627, 60.20820611], [24.75843641, 60.20820345], [24.75843351, 60.20818389], [24.75842351, 60.20816492], [24.75840676, 60.20814717], [24.75838383, 60.20813121], [24.75835545, 60.20811759], [24.75832258, 60.20810676], [24.75828632, 60.20809908], [24.75759389, 60.2079882], [24.75755096, 60.20798133], [24.75703079, 60.20878109]]]}, "geometry_name": "geom", "properties": {"id": 123, "kuntanimi": "Espoo", "kaavatun": "130139", "kaavanimi": "Nihtisilta", "vtulvuosi": "2021", "netkrostal": 10450, "netrivketj": 0, "neterillis": 0, "netyhteens": 10450, "brutyhteen": 10450}}, {"type": "Feature", "id": "voimaantulleetkaavatmal_2020_2023.fid-7dddb29f_19d8b225a81_1324", "geometry": {"type": "Polygon", "coordinates": [[[24.60274378, 60.17488751], [24.60274368, 60.17543588], [24.6034889, 60.17543272], [24.60360209, 60.17543218], [24.60422594, 60.17543158], [24.6042377, 60.17488439], [24.60274378, 60.17488751]]]}, "geometry_name": "geom", "properties": {"id": 124, "kuntanimi": "Espoo", "kaavatun": "522800", "kaavanimi": "Mäkitupa II", "vtulvuosi": "2021", "netkrostal": 0, "netrivketj": 0, "neterillis": 1259, "netyhteens": 1259, "brutyhteen": 1259}}, {"type": "Feature", "id": "voimaantulleetkaavatmal_2020_2023.fid-7dddb29f_19d8b225a81_1325", "geometry": {"type": "Polygon", "coordinates": [[[24.79039552, 60.16089557], [24.79082816, 60.16138186], [24.79253287, 60.16146538], [24.79263582, 60.1609433], [24.79364842, 60.1609929], [24.79370476, 60.16070707], [24.79209646, 60.16061555], [24.79205111, 60.16061326], [24.79193743, 60.16061004], [24.79182357, 60.1606104], [24.79170999, 60.16061436], [24.79159713, 60.16062189], [24.79148545, 60.16063294], [24.79137541, 60.1606475], [24.79126743, 60.16066549], [24.79116194, 60.16068685], [24.79046507, 60.16084091], [24.79039552, 60.16089557]]]}, "geometry_name": "geom", "properties": {"id": 125, "kuntanimi": "Espoo", "kaavatun": "230134", "kaavanimi": "Westend", "vtulvuosi": "2021", "netkrostal": 3450, "netrivketj": 0, "neterillis": 0, "netyhteens": 3450, "brutyhteen": 8050}}, {"type": "Feature", "id": "voimaantulleetkaavatmal_2020_2023.fid-7dddb29f_19d8b225a81_1326", "geometry": {"type": "Polygon", "coordinates": [[[24.71511734, 60.32645929], [24.71555147, 60.32696669], [24.71613041, 60.32764331], [24.71731358, 60.32739779], [24.71737655, 60.32734096], [24.71709695, 60.32697495], [24.71685904, 60.32669534], [24.71665686, 60.32645769], [24.71641964, 60.32618287], [24.71511734, 60.32645929]]]}, "geometry_name": "geom", "properties": {"id": 126, "kuntanimi": "Espoo", "kaavatun": "720605", "kaavanimi": "Hepomäki", "vtulvuosi": "2021", "netkrostal": 0, "netrivketj": 0, "neterillis": 1119, "netyhteens": 1119, "brutyhteen": 1678}}, {"type": "Feature", "id": "voimaantulleetkaavatmal_2020_2023.fid-7dddb29f_19d8b225a81_1327", "geometry": {"type": "Polygon", "coordinates": [[[24.76693243, 60.16897557], [24.7673679, 60.16910619], [24.76796789, 60.16920216], [24.76800123, 60.1692333], [24.7694517, 60.16966791], [24.76951975, 60.1696885], [24.76954528, 60.16964907], [24.77045795, 60.16823936], [24.7703797, 60.16823453], [24.76990125, 60.16825766], [24.769189, 60.16829208], [24.76880519, 60.16836489], [24.76819931, 60.16847981], [24.76748504, 60.16871045], [24.76710327, 60.16886619], [24.76693243, 60.16897557]]]}, "geometry_name": "geom", "properties": {"id": 127, "kuntanimi": "Espoo", "kaavatun": "212219", "kaavanimi": "Niittysillankorva", "vtulvuosi": "2021", "netkrostal": 26000, "netrivketj": 0, "neterillis": 0, "netyhteens": 26000, "brutyhteen": 26000}}, {"type": "Feature", "id": "voimaantulleetkaavatmal_2020_2023.fid-7dddb29f_19d8b225a81_1328", "geometry": {"type": "Polygon", "coordinates": [[[24.7653755, 60.24789801], [24.76511792, 60.24815557], [24.76591189, 60.24832529], [24.76611171, 60.2481246], [24.76611337, 60.24811711], [24.76611162, 60.24810114], [24.76610281, 60.24808575], [24.76608737, 60.24807172], [24.76606605, 60.24805975], [24.7653755, 60.24789801]]]}, "geometry_name": "geom", "properties": {"id": 128, "kuntanimi": "Espoo", "kaavatun": "140704", "kaavanimi": "Laaksonpesä", "vtulvuosi": "2021", "netkrostal": 0, "netrivketj": 0, "neterillis": 296, "netyhteens": 296, "brutyhteen": 296}}, {"type": "Feature", "id": "voimaantulleetkaavatmal_2020_2023.fid-7dddb29f_19d8b225a81_1329", "geometry": {"type": "Polygon", "coordinates": [[[24.75253899, 60.21552236], [24.75273402, 60.21558601], [24.75309081, 60.21570245], [24.75309853, 60.21570498], [24.75321715, 60.21574369], [24.75381953, 60.21590907], [24.75392755, 60.21593753], [24.7540587, 60.21597209], [24.75429777, 60.21603511], [24.75492362, 60.216184], [24.75578245, 60.21636242], [24.75646031, 60.21648699], [24.75708243, 60.21658826], [24.75793414, 60.21670848], [24.75866139, 60.21679191], [24.75987221, 60.21689855], [24.76066047, 60.21694704], [24.76108884, 60.21696566], [24.7613289, 60.21697235], [24.76184935, 60.21697842], [24.76382318, 60.21699479], [24.76478067, 60.21699679], [24.76499979, 60.21700286], [24.76529239, 60.21702252], [24.76529217, 60.21696799], [24.76528598, 60.21691744], [24.76528887, 60.21691746], [24.76528888, 60.21691298], [24.76528508, 60.21684728], [24.76527405, 60.21678178], [24.76525588, 60.21671669], [24.7652306, 60.21665218], [24.76519826, 60.21658846], [24.76515772, 60.21649443], [24.76510929, 60.21639912], [24.76505394, 60.21630475], [24.76499167, 60.21621145], [24.76492262, 60.21611935], [24.76484684, 60.21602856], [24.76476447, 60.2159392], [24.76467559, 60.2158514], [24.76385378, 60.21507514], [24.76376859, 60.21499114], [24.76352032, 60.21468946], [24.76350892, 60.21467265], [24.76344976, 60.21457885], [24.76339752, 60.21448403], [24.76335226, 60.21438833], [24.76331407, 60.21429187], [24.76328297, 60.2141948], [24.76325901, 60.21409721], [24.76324224, 60.21399925], [24.76323265, 60.21390106], [24.76323029, 60.21380276], [24.76332548, 60.21332861], [24.76348035, 60.21255719], [24.76348116, 60.21255297], [24.76348389, 60.21251712], [24.7634794, 60.21248132], [24.76346777, 60.21244592], [24.76345467, 60.21241685], [24.76341441, 60.2123387], [24.76338241, 60.21218579], [24.76266975, 60.21212992], [24.76263615, 60.21212729], [24.76211975, 60.21228761], [24.7619279, 60.21213488], [24.76123025, 60.21235302], [24.76052653, 60.21257425], [24.759636, 60.21284932], [24.75929818, 60.21295437], [24.75882474, 60.21310161], [24.75816086, 60.21330986], [24.758159, 60.21331043], [24.75813354, 60.21331601], [24.75810609, 60.21331816], [24.75807841, 60.21331677], [24.75805237, 60.21331192], [24.75802968, 60.21330392], [24.75801183, 60.21329332], [24.75773494, 60.21307749], [24.75772484, 60.21306743], [24.75771848, 60.21305396], [24.75771925, 60.21304012], [24.75772707, 60.21302685], [24.75774143, 60.213015], [24.75776137, 60.21300537], [24.7574308, 60.21309567], [24.75744755, 60.21309245], [24.75747502, 60.21309029], [24.75750268, 60.21309168], [24.75752872, 60.21309654], [24.75755141, 60.21310454], [24.75756926, 60.21311515], [24.75785845, 60.21334055], [24.75786046, 60.21334219], [24.75787139, 60.2133549], [24.75787543, 60.21336859], [24.75787234, 60.21338234], [24.7578623, 60.21339525], [24.75784599, 60.21340646], [24.75782448, 60.21341522], [24.75740812, 60.21354438], [24.75697661, 60.21367825], [24.75613028, 60.2139386], [24.75580385, 60.21403328], [24.75543735, 60.21413956], [24.75449585, 60.21440404], [24.75446534, 60.21441265], [24.7544044, 60.214428], [24.7543372, 60.214441], [24.75426774, 60.21445061], [24.7541967, 60.21445672], [24.75412479, 60.21445927], [24.75405272, 60.21445823], [24.75398122, 60.21445363], [24.753911, 60.21444549], [24.75384276, 60.21443391], [24.75379597, 60.21442401], [24.75371708, 60.21440424], [24.75364169, 60.21438134], [24.75357031, 60.21435545], [24.75351662, 60.21433281], [24.7534536, 60.21430201], [24.75344024, 60.21429479], [24.75338371, 60.21426102], [24.75295413, 60.21380053], [24.75293365, 60.21380435], [24.75218664, 60.21299257], [24.75167455, 60.21295346], [24.75142835, 60.21302205], [24.7489888, 60.21370172], [24.74938581, 60.21436397], [24.74758945, 60.2137537], [24.74690949, 60.21358032], [24.74682396, 60.21366078], [24.74717207, 60.21380392], [24.74772773, 60.21398433], [24.74767255, 60.21389229], [24.74946814, 60.2145013], [24.74945246, 60.21447515], [24.74984559, 60.21461477], [24.75062476, 60.2148886], [24.75099799, 60.21501473], [24.75155725, 60.21519911], [24.75186453, 60.21529954], [24.75205762, 60.2153639], [24.75225063, 60.21542825], [24.75253899, 60.21552236]]]}, "geometry_name": "geom", "properties": {"id": 129, "kuntanimi": "Espoo", "kaavatun": "130140", "kaavanimi": "Kera", "vtulvuosi": "2021", "netkrostal": 279400, "netrivketj": 0, "neterillis": 0, "netyhteens": 279400, "brutyhteen": 279400}}, {"type": "Feature", "id": "voimaantulleetkaavatmal_2020_2023.fid-7dddb29f_19d8b225a81_132a", "geometry": {"type": "Polygon", "coordinates": [[[24.6185284, 60.17932772], [24.61828132, 60.17954669], [24.61823728, 60.17958584], [24.61818956, 60.1796239], [24.61752005, 60.18015767], [24.61759734, 60.1802111], [24.61786124, 60.18039355], [24.61803715, 60.18015932], [24.61803717, 60.18015929], [24.61807732, 60.18011094], [24.61812403, 60.18006409], [24.61817708, 60.18001894], [24.61823621, 60.17997571], [24.61830116, 60.17993459], [24.6183716, 60.17989578], [24.61844724, 60.17985948], [24.61852767, 60.17982584], [24.61861255, 60.17979502], [24.61870146, 60.17976718], [24.6189823, 60.17970369], [24.61951043, 60.17965779], [24.6195784, 60.17966428], [24.6196833, 60.17967729], [24.6197885, 60.17952236], [24.61986478, 60.17941003], [24.61946284, 60.17931227], [24.61898088, 60.1790732], [24.61886395, 60.17903029], [24.6185284, 60.17932772]]]}, "geometry_name": "geom", "properties": {"id": 130, "kuntanimi": "Espoo", "kaavatun": "520802", "kaavanimi": "Hepmortinrinne", "vtulvuosi": "2021", "netkrostal": 0, "netrivketj": 0, "neterillis": 530, "netyhteens": 530, "brutyhteen": 609}}, {"type": "Feature", "id": "voimaantulleetkaavatmal_2020_2023.fid-7dddb29f_19d8b225a81_132b", "geometry": {"type": "Polygon", "coordinates": [[[24.79424031, 60.1845971], [24.79438964, 60.18485588], [24.79534227, 60.18471937], [24.79519297, 60.18446069], [24.79424031, 60.1845971]]]}, "geometry_name": "geom", "properties": {"id": 131, "kuntanimi": "Espoo", "kaavatun": "213103", "kaavanimi": "Pohjankulma", "vtulvuosi": "2021", "netkrostal": 3500, "netrivketj": 0, "neterillis": 0, "netyhteens": 3500, "brutyhteen": 3500}}, {"type": "Feature", "id": "voimaantulleetkaavatmal_2020_2023.fid-7dddb29f_19d8b225a81_132c", "geometry": {"type": "Polygon", "coordinates": [[[24.80864705, 60.17957849], [24.80859764, 60.18025307], [24.8089459, 60.18044912], [24.80942688, 60.18064049], [24.80953872, 60.18062401], [24.81008556, 60.18056138], [24.8103395, 60.18040988], [24.81057993, 60.18026644], [24.81051372, 60.18023889], [24.81002833, 60.18003688], [24.80993241, 60.17953558], [24.81031131, 60.17916119], [24.81091833, 60.1787331], [24.81053648, 60.17862182], [24.81014241, 60.17855927], [24.80995806, 60.17852232], [24.80937264, 60.17840496], [24.80920009, 60.17836385], [24.80916593, 60.17842433], [24.80913422, 60.17848049], [24.80938466, 60.178517], [24.80920036, 60.17867355], [24.80903414, 60.17873514], [24.80844603, 60.17925073], [24.80844264, 60.17941434], [24.80843935, 60.179574], [24.80864705, 60.17957849]]]}, "geometry_name": "geom", "properties": {"id": 132, "kuntanimi": "Espoo", "kaavatun": "210313", "kaavanimi": "Menninkäisentie", "vtulvuosi": "2021", "netkrostal": 0, "netrivketj": 200, "neterillis": 0, "netyhteens": 200, "brutyhteen": 1880}}, {"type": "Feature", "id": "voimaantulleetkaavatmal_2020_2023.fid-7dddb29f_19d8b225a81_132d", "geometry": {"type": "Polygon", "coordinates": [[[24.67952032, 60.13617341], [24.67897346, 60.13596396], [24.67935688, 60.13571493], [24.67936766, 60.13570726], [24.6793857, 60.13568983], [24.67939711, 60.13567105], [24.6794015, 60.13565156], [24.67939872, 60.13563199], [24.67938888, 60.13561299], [24.6793723, 60.13559521], [24.67934953, 60.13557923], [24.6793213, 60.13556556], [24.67902329, 60.13544546], [24.67711005, 60.13594519], [24.67669188, 60.13605463], [24.67592844, 60.13625381], [24.67550475, 60.13675184], [24.67507198, 60.1372605], [24.67513092, 60.13728191], [24.67526008, 60.13732556], [24.67539313, 60.13736619], [24.67555844, 60.13741259], [24.67575497, 60.13746391], [24.67595472, 60.13751204], [24.67615751, 60.1375569], [24.67673955, 60.13768009], [24.67685305, 60.13770412], [24.67691964, 60.13771821], [24.67697038, 60.13765855], [24.67714297, 60.13768582], [24.67778284, 60.13778691], [24.67787098, 60.13766274], [24.67789404, 60.13762818], [24.67797879, 60.13750849], [24.6780703, 60.13739006], [24.6781685, 60.13727297], [24.67827328, 60.13715731], [24.67838458, 60.13704316], [24.67850231, 60.13693064], [24.67862638, 60.13681982], [24.67875667, 60.1367108], [24.67889309, 60.13660366], [24.67903552, 60.13649848], [24.67918388, 60.13639536], [24.67952032, 60.13617341]]]}, "geometry_name": "geom", "properties": {"id": 133, "kuntanimi": "Espoo", "kaavatun": "411308", "kaavanimi": "Soukka II", "vtulvuosi": "2021", "netkrostal": 4285, "netrivketj": 0, "neterillis": 0, "netyhteens": 4285, "brutyhteen": 10655}}, {"type": "Feature", "id": "voimaantulleetkaavatmal_2020_2023.fid-7dddb29f_19d8b225a81_132e", "geometry": {"type": "Polygon", "coordinates": [[[24.66653604, 60.16522905], [24.66604451, 60.16510339], [24.66626221, 60.16488855], [24.66629948, 60.16485175], [24.66581035, 60.16472804], [24.66555404, 60.16497802], [24.66554938, 60.16498277], [24.66547801, 60.16505671], [24.66583012, 60.16520947], [24.66589115, 60.16529555], [24.66634972, 60.16541252], [24.66653604, 60.16522905]]]}, "geometry_name": "geom", "properties": {"id": 134, "kuntanimi": "Espoo", "kaavatun": "431502", "kaavanimi": "Karjasilta", "vtulvuosi": "2021", "netkrostal": 0, "netrivketj": -300, "neterillis": 450, "netyhteens": 150, "brutyhteen": 450}}, {"type": "Feature", "id": "voimaantulleetkaavatmal_2020_2023.fid-7dddb29f_19d8b225a81_132f", "geometry": {"type": "Polygon", "coordinates": [[[24.66198316, 60.20200031], [24.66194429, 60.20185154], [24.66195723, 60.2017768], [24.66163115, 60.20189549], [24.66153965, 60.20190689], [24.66119508, 60.20206202], [24.6608844, 60.20221799], [24.66087189, 60.20223477], [24.66085456, 60.20225457], [24.66082742, 60.20227749], [24.66079435, 60.20229836], [24.66075595, 60.20231685], [24.66071289, 60.20233259], [24.66066598, 60.20234531], [24.66061608, 60.20235478], [24.66056405, 60.20236083], [24.66051087, 60.20236334], [24.66045751, 60.20236227], [24.6604049, 60.20235765], [24.66035403, 60.20234955], [24.65988555, 60.2022572], [24.65939939, 60.20216137], [24.65905134, 60.20192519], [24.6581396, 60.20219286], [24.65813498, 60.20219871], [24.65818529, 60.2022086], [24.65816039, 60.20223994], [24.6581526, 60.20224818], [24.65813408, 60.20226124], [24.65811018, 60.20227194], [24.65808213, 60.20227974], [24.65806869, 60.20228217], [24.65791624, 60.20247415], [24.6575794, 60.20256477], [24.65690998, 60.20243305], [24.65698728, 60.20209609], [24.65691854, 60.20206571], [24.65672067, 60.20224457], [24.65612932, 60.20204392], [24.65571431, 60.2019031], [24.65568782, 60.20189213], [24.65566518, 60.20187824], [24.65564852, 60.20186237], [24.65563851, 60.20184518], [24.65563558, 60.20182734], [24.65563979, 60.20180956], [24.65565102, 60.20179257], [24.6556688, 60.201777], [24.65575999, 60.20171303], [24.65564223, 60.20167145], [24.65437787, 60.20153673], [24.65464806, 60.20179513], [24.65567176, 60.20273698], [24.65571098, 60.20277308], [24.65583966, 60.2027102], [24.6560165, 60.20279988], [24.65635928, 60.20286735], [24.65681698, 60.20267807], [24.65692214, 60.20269878], [24.65711686, 60.20273709], [24.6575333, 60.20262112], [24.65776353, 60.20266642], [24.65791445, 60.20269612], [24.65807023, 60.20249998], [24.65822114, 60.20252967], [24.65838685, 60.20232101], [24.65916208, 60.20218588], [24.66068431, 60.20248595], [24.66100361, 60.20233578], [24.66122703, 60.20240495], [24.66131086, 60.20223683], [24.66134397, 60.20217044], [24.6615115, 60.20206475], [24.66191697, 60.20200935], [24.66198316, 60.20200031]]]}, "geometry_name": "geom", "properties": {"id": 135, "kuntanimi": "Espoo", "kaavatun": "610205", "kaavanimi": "Kiltapuisto", "vtulvuosi": "2021", "netkrostal": 0, "netrivketj": 0, "neterillis": 320, "netyhteens": 320, "brutyhteen": 336}}, {"type": "Feature", "id": "voimaantulleetkaavatmal_2020_2023.fid-7dddb29f_19d8b225a81_1330", "geometry": {"type": "Polygon", "coordinates": [[[24.7146666, 60.22840238], [24.71439068, 60.22873408], [24.71476375, 60.22890802], [24.71476847, 60.22891027], [24.71480106, 60.228923], [24.71483756, 60.22893271], [24.7148769, 60.22893916], [24.71491789, 60.22894212], [24.71495929, 60.22894151], [24.71499986, 60.22893735], [24.71503836, 60.22892977], [24.71507365, 60.22891898], [24.71508284, 60.22891542], [24.71511249, 60.22890104], [24.71513668, 60.22888432], [24.71515468, 60.22886576], [24.71518139, 60.22883315], [24.71533298, 60.22865089], [24.71534053, 60.22863981], [24.71534633, 60.22862214], [24.71534497, 60.22860426], [24.7153365, 60.22858687], [24.71532126, 60.22857065], [24.71529986, 60.22855626], [24.71527313, 60.22854428], [24.71524217, 60.22853516], [24.7146666, 60.22840238]]]}, "geometry_name": "geom", "properties": {"id": 136, "kuntanimi": "Espoo", "kaavatun": "150714", "kaavanimi": "Lippajärvi, muutos", "vtulvuosi": "2021", "netkrostal": 156, "netrivketj": 0, "neterillis": 0, "netyhteens": 156, "brutyhteen": 600}}, {"type": "Feature", "id": "voimaantulleetkaavatmal_2020_2023.fid-7dddb29f_19d8b225a81_1331", "geometry": {"type": "Polygon", "coordinates": [[[24.76746347, 60.17322897], [24.76747106, 60.17355478], [24.76747269, 60.17356677], [24.76748107, 60.17358595], [24.76749629, 60.17360404], [24.76751785, 60.17362046], [24.76754503, 60.17363465], [24.7675769, 60.17364616], [24.76761246, 60.17365458], [24.76765049, 60.17365967], [24.76768974, 60.17366123], [24.76803201, 60.17365925], [24.76800908, 60.17267564], [24.76771833, 60.17267599], [24.76770352, 60.17267634], [24.76766002, 60.17267978], [24.76761823, 60.17268669], [24.76757923, 60.17269689], [24.7675441, 60.17271011], [24.76751372, 60.17272601], [24.76748895, 60.17274415], [24.7674704, 60.17276405], [24.76745859, 60.17278518], [24.76745384, 60.172807], [24.76745626, 60.17282891], [24.767513, 60.17303463], [24.76751509, 60.17312438], [24.76746347, 60.17322897]]]}, "geometry_name": "geom", "properties": {"id": 137, "kuntanimi": "Espoo", "kaavatun": "211837", "kaavanimi": "Tontunmäki", "vtulvuosi": "2021", "netkrostal": 2400, "netrivketj": 0, "neterillis": 0, "netyhteens": 2400, "brutyhteen": 2400}}, {"type": "Feature", "id": "voimaantulleetkaavatmal_2020_2023.fid-7dddb29f_19d8b225a81_1332", "geometry": {"type": "Polygon", "coordinates": [[[24.80440066, 60.19239432], [24.80420481, 60.19318665], [24.8042022, 60.19319954], [24.80420476, 60.19321739], [24.80421439, 60.19323464], [24.8042307, 60.19325058], [24.80425304, 60.19326461], [24.80428053, 60.19327614], [24.80431206, 60.19328473], [24.8046468, 60.19335122], [24.80589106, 60.1933426], [24.8059034, 60.19314465], [24.80592362, 60.1929325], [24.80595102, 60.19272055], [24.80598562, 60.19250886], [24.80599222, 60.19247298], [24.80603521, 60.19226169], [24.80608538, 60.19205079], [24.8061427, 60.19184034], [24.80464227, 60.19172972], [24.80459341, 60.19180583], [24.80455124, 60.1918833], [24.80451606, 60.19196163], [24.80448796, 60.19204066], [24.80446697, 60.19212025], [24.80440066, 60.19239432]]]}, "geometry_name": "geom", "properties": {"id": 138, "kuntanimi": "Espoo", "kaavatun": "213307", "kaavanimi": "Laakakivi-Laajalahti, eteläinen", "vtulvuosi": "2021", "netkrostal": 3000, "netrivketj": 0, "neterillis": 0, "netyhteens": 3000, "brutyhteen": 9250}}, {"type": "Feature", "id": "voimaantulleetkaavatmal_2020_2023.fid-7dddb29f_19d8b225a81_1333", "geometry": {"type": "Polygon", "coordinates": [[[24.80658032, 60.16853887], [24.80658019, 60.16889096], [24.80745585, 60.1689047], [24.80973366, 60.16886218], [24.81016688, 60.16889494], [24.80960797, 60.16848154], [24.80863077, 60.16825915], [24.80775989, 60.16826445], [24.80752083, 60.16838742], [24.80712559, 60.16837549], [24.80658038, 60.16835903], [24.80658032, 60.16853887]]]}, "geometry_name": "geom", "properties": {"id": 139, "kuntanimi": "Espoo", "kaavatun": "231601", "kaavanimi": "Westendinportti", "vtulvuosi": "2021", "netkrostal": 11500, "netrivketj": 0, "neterillis": 0, "netyhteens": 11500, "brutyhteen": 12300}}, {"type": "Feature", "id": "voimaantulleetkaavatmal_2020_2023.fid-7dddb29f_19d8b225a81_1334", "geometry": {"type": "Polygon", "coordinates": [[[25.04626906, 60.16791239], [25.04626169, 60.16790858], [25.04623243, 60.16789581], [25.04620008, 60.16788505], [25.04616518, 60.1678765], [25.04613104, 60.16787064], [25.04612835, 60.16787028], [25.0460902, 60.16786651], [25.04605139, 60.16786526], [25.04601259, 60.16786654], [25.04597445, 60.16787034], [25.04596958, 60.167871], [25.04473804, 60.16804721], [25.04528319, 60.16893086], [25.04544503, 60.16890607], [25.04554933, 60.16887086], [25.04580515, 60.16860288], [25.04602106, 60.16843213], [25.04650893, 60.16812355], [25.04650209, 60.16805507], [25.04632435, 60.16794197], [25.04626906, 60.16791239]]]}, "geometry_name": "geom", "properties": {"id": 140, "kuntanimi": "Helsinki", "kaavatun": "12525", "kaavanimi": "Laajasalo, tontti 49076/16, Gunillantien ja Reiherintien kulma", "vtulvuosi": "2021", "netkrostal": 2650, "netrivketj": 0, "neterillis": 0, "netyhteens": 2650, "brutyhteen": 11250}}, {"type": "Feature", "id": "voimaantulleetkaavatmal_2020_2023.fid-7dddb29f_19d8b225a81_1335", "geometry": {"type": "Polygon", "coordinates": [[[24.94454955, 60.16376524], [24.94495645, 60.16346876], [24.94442313, 60.16328869], [24.94402156, 60.16358128], [24.94428411, 60.16367405], [24.94454955, 60.16376524]]]}, "geometry_name": "geom", "properties": {"id": 141, "kuntanimi": "Helsinki", "kaavatun": "12637", "kaavanimi": "Punavuori, tontti 94/14, Ratakatu 3", "vtulvuosi": "2021", "netkrostal": 4490, "netrivketj": 0, "neterillis": 0, "netyhteens": 4490, "brutyhteen": 5630}}, {"type": "Feature", "id": "voimaantulleetkaavatmal_2020_2023.fid-7dddb29f_19d8b225a81_1336", "geometry": {"type": "Polygon", "coordinates": [[[24.93294076, 60.16302793], [24.93152174, 60.162531], [24.93028951, 60.16340882], [24.93126374, 60.1637518], [24.93187967, 60.16331185], [24.93232515, 60.16346821], [24.93294076, 60.16302793]]]}, "geometry_name": "geom", "properties": {"id": 142, "kuntanimi": "Helsinki", "kaavatun": "12627", "kaavanimi": "Kamppi, tontti 77/3, Bulevardi 29?31", "vtulvuosi": "2021", "netkrostal": 6515, "netrivketj": 0, "neterillis": 0, "netyhteens": 6515, "brutyhteen": 6515}}, {"type": "Feature", "id": "voimaantulleetkaavatmal_2020_2023.fid-7dddb29f_19d8b225a81_1337", "geometry": {"type": "MultiPolygon", "coordinates": [[[[24.89474447, 60.21206955], [24.89492548, 60.21232211], [24.89602229, 60.21223654], [24.89585799, 60.2117129], [24.89584752, 60.21162392], [24.89529378, 60.21163979], [24.89473304, 60.21165584], [24.89471231, 60.21196687], [24.89471196, 60.21197577], [24.89471662, 60.21201198], [24.89471867, 60.21201896], [24.89473073, 60.21204758], [24.89474447, 60.21206955]]], [[[24.89729575, 60.21339414], [24.89722913, 60.2133454], [24.89721159, 60.21333429], [24.89713743, 60.21329321], [24.89711169, 60.21328078], [24.89696841, 60.2132134], [24.89675294, 60.21311342], [24.89672577, 60.21302724], [24.8965753, 60.21297595], [24.89626196, 60.2130003], [24.89630039, 60.21312276], [24.89599214, 60.21328737], [24.89612034, 60.21335056], [24.89639279, 60.21358516], [24.89644766, 60.21375405], [24.89726401, 60.21368837], [24.89744816, 60.21367355], [24.89745014, 60.21366149], [24.89741364, 60.21355328], [24.89739531, 60.21351101], [24.8973698, 60.21347093], [24.89735724, 60.21345492], [24.89730478, 60.21340177], [24.89729575, 60.21339414]]]]}, "geometry_name": "geom", "properties": {"id": 143, "kuntanimi": "Helsinki", "kaavatun": "12463", "kaavanimi": "Etelä-Haagan, tonttien 29088/3 ja 29100/1 sekä puisto- ja katualueet, Steniuksentie 14 ja 20", "vtulvuosi": "2021", "netkrostal": 4500, "netrivketj": 0, "neterillis": 0, "netyhteens": 4500, "brutyhteen": 4500}}, {"type": "Feature", "id": "voimaantulleetkaavatmal_2020_2023.fid-7dddb29f_19d8b225a81_1338", "geometry": {"type": "Polygon", "coordinates": [[[24.90893446, 60.15731041], [24.90976499, 60.15658372], [24.90939236, 60.15624523], [24.90842555, 60.15649658], [24.90784801, 60.15700189], [24.90893446, 60.15731041]]]}, "geometry_name": "geom", "properties": {"id": 144, "kuntanimi": "Helsinki", "kaavatun": "12643", "kaavanimi": "Länsisatama, Jätkäsaari, kortteli 20062 ja katualue, Saukonkadun asuinkortteli", "vtulvuosi": "2021", "netkrostal": 18300, "netrivketj": 0, "neterillis": 0, "netyhteens": 18300, "brutyhteen": 18300}}, {"type": "Feature", "id": "voimaantulleetkaavatmal_2020_2023.fid-7dddb29f_19d8b225a81_1339", "geometry": {"type": "MultiPolygon", "coordinates": [[[[24.92576959, 60.19149052], [24.92637346, 60.19163411], [24.9269994, 60.19176451], [24.92709067, 60.1916609], [24.92774192, 60.19162807], [24.9283372, 60.19155137], [24.92791804, 60.19095012], [24.92782535, 60.19069737], [24.92810073, 60.19011693], [24.92826223, 60.18999125], [24.92879476, 60.18952411], [24.92891121, 60.18895451], [24.92880497, 60.18879682], [24.92866456, 60.1885884], [24.92839912, 60.1881944], [24.92689189, 60.18825175], [24.92684756, 60.18829545], [24.92678459, 60.18834227], [24.92670988, 60.1883846], [24.92662471, 60.18842171], [24.92653053, 60.18845297], [24.92644395, 60.18847468], [24.92642898, 60.18847784], [24.92632178, 60.18849589], [24.92621075, 60.18850683], [24.92609782, 60.18851045], [24.9259849, 60.1885067], [24.92587392, 60.18849564], [24.92581106, 60.18848593], [24.92572674, 60.18865739], [24.92571394, 60.18864548], [24.92568167, 60.18862137], [24.92567242, 60.18861557], [24.92564335, 60.18859956], [24.92560073, 60.18858085], [24.92534525, 60.18848231], [24.92525053, 60.1884407], [24.92523682, 60.18843372], [24.92516511, 60.18839208], [24.92514388, 60.18837775], [24.92504338, 60.18830723], [24.92469448, 60.18820222], [24.92417955, 60.18789264], [24.92265485, 60.18855573], [24.92264775, 60.18855168], [24.92252341, 60.18860576], [24.92202507, 60.18850252], [24.92057722, 60.18951427], [24.92102894, 60.18977186], [24.92121578, 60.18987248], [24.92140644, 60.18997132], [24.92150119, 60.19001906], [24.92172874, 60.19013015], [24.92206091, 60.19028385], [24.92291781, 60.19063914], [24.92319174, 60.19074151], [24.9244096, 60.19113999], [24.92448492, 60.19116185], [24.92508024, 60.19132425], [24.92576959, 60.19149052]]], [[[24.93354225, 60.18910123], [24.93353565, 60.18909572], [24.93351223, 60.18907202], [24.93350478, 60.18906233], [24.93349523, 60.18904699], [24.93348492, 60.18902107], [24.93348474, 60.18902036], [24.93340246, 60.18869801], [24.93299465, 60.18875886], [24.93311269, 60.1892213], [24.93311303, 60.18922256], [24.93313059, 60.18926676], [24.93315959, 60.18930945], [24.93319501, 60.18934589], [24.93319953, 60.18934988], [24.93324972, 60.18938737], [24.93330932, 60.18942128], [24.93336485, 60.18944614], [24.9331569, 60.18985046], [24.93324495, 60.19013548], [24.93354141, 60.1900352], [24.9340464, 60.18899537], [24.93367938, 60.18895098], [24.93354947, 60.18908719], [24.93354225, 60.18910123]]]]}, "geometry_name": "geom", "properties": {"id": 145, "kuntanimi": "Helsinki", "kaavatun": "12572", "kaavanimi": "Taka-Töölö, puisto-, urheilupuisto-, pysäköinti- ja katualueet sekä maanalainen tila a-b-c-d -merkityllä alueella, Helsinki Garden", "vtulvuosi": "2021", "netkrostal": 18000, "netrivketj": 0, "neterillis": 0, "netyhteens": 18000, "brutyhteen": 18000}}, {"type": "Feature", "id": "voimaantulleetkaavatmal_2020_2023.fid-7dddb29f_19d8b225a81_133a", "geometry": {"type": "Polygon", "coordinates": [[[24.95735107, 60.18457083], [24.95732948, 60.18455575], [24.95728286, 60.18452924], [24.95722969, 60.18450599], [24.9571709, 60.1844864], [24.95716862, 60.18448573], [24.95710746, 60.1844708], [24.95704048, 60.18445944], [24.9569711, 60.18445255], [24.95692879, 60.1844506], [24.95634659, 60.18443503], [24.95558827, 60.18441475], [24.95558515, 60.18441496], [24.95558069, 60.18441571], [24.95557646, 60.18441675], [24.95557254, 60.18441805], [24.95556899, 60.1844196], [24.95556588, 60.18442136], [24.95556327, 60.18442331], [24.95556157, 60.18442528], [24.95556117, 60.18442541], [24.95555966, 60.18442763], [24.95555874, 60.18442994], [24.95555843, 60.18443228], [24.95555873, 60.18443462], [24.95555964, 60.18443692], [24.95556116, 60.18443915], [24.95556324, 60.18444125], [24.9555644, 60.18444219], [24.95577323, 60.18463436], [24.95578533, 60.1846455], [24.95599721, 60.18484811], [24.95610585, 60.18494428], [24.95622659, 60.18504594], [24.95742771, 60.18462847], [24.95735107, 60.18457083]]]}, "geometry_name": "geom", "properties": {"id": 146, "kuntanimi": "Helsinki", "kaavatun": "12626", "kaavanimi": "Kallio, Torkkelinmäki, kortteli 11334 ja puistoalue, Agricolankatu 1", "vtulvuosi": "2021", "netkrostal": 9110, "netrivketj": 0, "neterillis": 0, "netyhteens": 9110, "brutyhteen": 9110}}, {"type": "Feature", "id": "voimaantulleetkaavatmal_2020_2023.fid-7dddb29f_19d8b225a81_133b", "geometry": {"type": "Polygon", "coordinates": [[[24.87032613, 60.23522963], [24.87010902, 60.23525746], [24.87010863, 60.23551702], [24.87029205, 60.2365626], [24.87507203, 60.23793168], [24.87528182, 60.23794572], [24.87538021, 60.2379523], [24.87575624, 60.23797746], [24.87601754, 60.23775191], [24.87619741, 60.23780343], [24.87626048, 60.23774898], [24.87644817, 60.23780274], [24.87656529, 60.23770163], [24.87665133, 60.23772627], [24.87719635, 60.23725574], [24.87746211, 60.2370263], [24.87767382, 60.23684352], [24.87796208, 60.23659465], [24.87801612, 60.23654798], [24.87857913, 60.23606188], [24.87861516, 60.23603077], [24.87734823, 60.23566794], [24.87755994, 60.23548516], [24.87746608, 60.23545829], [24.87626958, 60.23511562], [24.87592276, 60.23541505], [24.87545355, 60.23528065], [24.87451514, 60.23501188], [24.87214896, 60.2350434], [24.87214848, 60.23516682], [24.87158826, 60.23515067], [24.87123151, 60.23515664], [24.87093324, 60.23517138], [24.87032613, 60.23522963]]]}, "geometry_name": "geom", "properties": {"id": 147, "kuntanimi": "Helsinki", "kaavatun": "12625", "kaavanimi": "Kaarela, Kannelmäki, korttelit 33170?33177, tontit 33178/1, 33187/2 sekä erityis-, katu- ja virkistysalueet, Pelimannintien ympäristö", "vtulvuosi": "2021", "netkrostal": 5500, "netrivketj": 0, "neterillis": 0, "netyhteens": 5500, "brutyhteen": 68290}}, {"type": "Feature", "id": "voimaantulleetkaavatmal_2020_2023.fid-7dddb29f_19d8b225a81_133c", "geometry": {"type": "MultiPolygon", "coordinates": [[[[24.88917781, 60.22074084], [24.88925883, 60.22065032], [24.88897323, 60.2205125], [24.88887822, 60.22047882], [24.8886995, 60.22037535], [24.88783981, 60.22068524], [24.88599937, 60.2213486], [24.88585012, 60.22140387], [24.88521367, 60.22167655], [24.88513928, 60.2217129], [24.88452934, 60.2220566], [24.88423846, 60.22224329], [24.88447668, 60.22233513], [24.8850767, 60.22258928], [24.88508277, 60.22261894], [24.88511015, 60.22268804], [24.8851491, 60.22274696], [24.88515542, 60.22275476], [24.88521781, 60.22281799], [24.88529626, 60.22287661], [24.88531235, 60.22288682], [24.88541404, 60.22294979], [24.88541811, 60.22280751], [24.88537425, 60.22277325], [24.88532225, 60.22272056], [24.88528451, 60.22266494], [24.88526169, 60.22260734], [24.88525418, 60.22254876], [24.8852621, 60.22249019], [24.88527288, 60.22245863], [24.88528532, 60.22243264], [24.88532345, 60.22237709], [24.88537582, 60.22232449], [24.88544155, 60.22227574], [24.88551951, 60.22223167], [24.88560836, 60.22219305], [24.88568445, 60.22216706], [24.88620047, 60.22201419], [24.88635638, 60.22196016], [24.88655234, 60.221889], [24.88679132, 60.22179269], [24.88709143, 60.22165462], [24.88719025, 60.22160435], [24.8873631, 60.22150977], [24.88752683, 60.22141125], [24.88762432, 60.2213497], [24.88804002, 60.22108724], [24.88833592, 60.22090042], [24.8884077, 60.22086032], [24.88849655, 60.22082169], [24.88859478, 60.22078915], [24.88867801, 60.2207681], [24.8887007, 60.22076328], [24.8888125, 60.2207445], [24.88892828, 60.22073314], [24.88904604, 60.22072941], [24.88910467, 60.2207304], [24.8891165, 60.22073094], [24.88913943, 60.22073323], [24.88914235, 60.22073368], [24.88916156, 60.22073698], [24.88917781, 60.22074084]]], [[[24.89284716, 60.22115872], [24.89284531, 60.22115926], [24.89282594, 60.22116399], [24.8928055, 60.22116743], [24.89278434, 60.2211695], [24.8927628, 60.22117019], [24.89274128, 60.22116947], [24.89272012, 60.22116736], [24.89271591, 60.22116672], [24.89269971, 60.22116389], [24.89268038, 60.22115913], [24.89266246, 60.22115316], [24.89264627, 60.22114606], [24.89263207, 60.22113798], [24.89262011, 60.22112905], [24.89261496, 60.22112422], [24.89228105, 60.22078621], [24.89190236, 60.22040283], [24.89162784, 60.22012489], [24.89225675, 60.21998913], [24.89232053, 60.21997429], [24.89252485, 60.21992681], [24.89314078, 60.21977704], [24.89338078, 60.21971869], [24.89330208, 60.21963805], [24.89322093, 60.21965766], [24.8928023, 60.21976529], [24.89234074, 60.21987258], [24.89192679, 60.21996194], [24.89152531, 60.22004861], [24.891345, 60.22008437], [24.89142614, 60.2201649], [24.89161888, 60.22036003], [24.89190967, 60.22065442], [24.89214893, 60.22089665], [24.89212584, 60.22112741], [24.8915218, 60.22111027], [24.89150271, 60.22127044], [24.89107249, 60.22156567], [24.8905644, 60.22181326], [24.88999034, 60.22243631], [24.89059778, 60.22279787], [24.89070147, 60.22287158], [24.89080584, 60.2228402], [24.89124155, 60.22270919], [24.89121317, 60.22255594], [24.89121215, 60.22253067], [24.89122236, 60.22245513], [24.89123539, 60.22241652], [24.89125229, 60.2223809], [24.89130145, 60.22230925], [24.89132418, 60.22228382], [24.89189483, 60.22168451], [24.89192957, 60.22165162], [24.8919953, 60.22160285], [24.89204377, 60.2215741], [24.89207326, 60.22155878], [24.89216213, 60.22152014], [24.89225122, 60.22149025], [24.89298481, 60.22127463], [24.89284716, 60.22115872]]]]}, "geometry_name": "geom", "properties": {"id": 148, "kuntanimi": "Helsinki", "kaavatun": "12501", "kaavanimi": "Haaga, Etelä-Haaga, tontit 29081/11, 29082/1 sekä katu- ja puistoalueet, Orapihlajatien ja Paatsamatien alue", "vtulvuosi": "2021", "netkrostal": 24450, "netrivketj": 0, "neterillis": 0, "netyhteens": 24450, "brutyhteen": 24450}}, {"type": "Feature", "id": "voimaantulleetkaavatmal_2020_2023.fid-7dddb29f_19d8b225a81_133d", "geometry": {"type": "Polygon", "coordinates": [[[24.95458937, 60.17641094], [24.95429758, 60.17645878], [24.95408315, 60.17648272], [24.95395082, 60.17649302], [24.95359805, 60.17650441], [24.9535586, 60.17650425], [24.95348593, 60.17650158], [24.95340559, 60.17649359], [24.9533916, 60.17649163], [24.95332804, 60.17648045], [24.95325459, 60.17646237], [24.95323744, 60.17645724], [24.9530103, 60.1763869], [24.95220302, 60.17700962], [24.95209662, 60.17803297], [24.95162665, 60.17802079], [24.95027198, 60.17798326], [24.95023535, 60.17846446], [24.9507423, 60.17847276], [24.95215927, 60.17849597], [24.95233935, 60.17849891], [24.95292349, 60.17850847], [24.95324765, 60.17851378], [24.953653, 60.17852041], [24.95378806, 60.17852262], [24.95409562, 60.17864719], [24.95448704, 60.17880574], [24.95461287, 60.17885669], [24.95494839, 60.17899259], [24.95528391, 60.17912849], [24.95564041, 60.17927288], [24.95540711, 60.17943252], [24.95519502, 60.17957765], [24.95516802, 60.17957721], [24.95514771, 60.17989076], [24.95518425, 60.17989131], [24.95576959, 60.17990019], [24.95638195, 60.17990946], [24.95647201, 60.17991083], [24.95729148, 60.17992324], [24.95778797, 60.18019848], [24.95787298, 60.18015945], [24.95828119, 60.17997205], [24.95865887, 60.17979866], [24.95798653, 60.17938787], [24.95805755, 60.17830242], [24.95873286, 60.17831339], [24.95940819, 60.17832435], [24.9604977, 60.17834202], [24.96073181, 60.17834582], [24.96197439, 60.17836597], [24.96321698, 60.17838609], [24.96345917, 60.17839001], [24.96347484, 60.1781478], [24.96354355, 60.17708517], [24.96564102, 60.17711881], [24.96574787, 60.17546459], [24.96125912, 60.17539257], [24.96124444, 60.17553032], [24.96059245, 60.175803], [24.96018924, 60.17597162], [24.95969784, 60.17595911], [24.95942331, 60.17597606], [24.95909225, 60.17596517], [24.9587612, 60.17595452], [24.95843015, 60.17594374], [24.95821557, 60.17594449], [24.95767421, 60.17604492], [24.95713773, 60.17614444], [24.95671084, 60.17612951], [24.95628395, 60.17611456], [24.95585708, 60.17609962], [24.9554302, 60.17608469], [24.95500331, 60.17606975], [24.95481356, 60.17628395], [24.95458937, 60.17641094]], [[24.95403802, 60.17803505], [24.95351172, 60.1780265], [24.95308761, 60.1780196], [24.95370294, 60.17748312], [24.95434073, 60.17766464], [24.95431616, 60.17803958], [24.95403802, 60.17803505]]]}, "geometry_name": "geom", "properties": {"id": 149, "kuntanimi": "Helsinki", "kaavatun": "12575", "kaavanimi": "Kruununhaka, venesatama ja vesialue, Sörnäinen, Vilhonvuori, puisto-, vesi- ja katualueet, Kallio, Siltasaari, vesi- ja katualueet sekä Kruununhaka, puisto-, vesi- ja katualueet; Sörnäinen, Vilhonvuor", "vtulvuosi": "2021", "netkrostal": 26350, "netrivketj": 0, "neterillis": 0, "netyhteens": 26350, "brutyhteen": 26350}}, {"type": "Feature", "id": "voimaantulleetkaavatmal_2020_2023.fid-7dddb29f_19d8b225a81_133e", "geometry": {"type": "Polygon", "coordinates": [[[24.96833806, 60.23319014], [24.96885355, 60.23335513], [24.96903796, 60.23308305], [24.96918037, 60.23286052], [24.96850404, 60.23277737], [24.9683, 60.23314032], [24.96829981, 60.2331409], [24.9682975, 60.23314664], [24.96829673, 60.23315248], [24.96829749, 60.23315831], [24.96829979, 60.23316406], [24.96830255, 60.23316834], [24.96830356, 60.2331696], [24.96830877, 60.23317485], [24.96831529, 60.23317972], [24.96832305, 60.23318412], [24.96833189, 60.23318798], [24.96833806, 60.23319014]]]}, "geometry_name": "geom", "properties": {"id": 150, "kuntanimi": "Helsinki", "kaavatun": "12685", "kaavanimi": "Oulunkylä, Patola, korttelin 28058 tontti 16, Patomäentie 3", "vtulvuosi": "2021", "netkrostal": 0, "netrivketj": 400, "neterillis": 400, "netyhteens": 800, "brutyhteen": 800}}, {"type": "Feature", "id": "voimaantulleetkaavatmal_2020_2023.fid-7dddb29f_19d8b225a81_133f", "geometry": {"type": "Polygon", "coordinates": [[[25.13314195, 60.21626618], [25.1334136, 60.21570037], [25.13344081, 60.21564798], [25.13366063, 60.21524698], [25.13322315, 60.21519231], [25.13192855, 60.21503049], [25.1318296, 60.21525127], [25.12935511, 60.21533523], [25.12948561, 60.21628765], [25.1302317, 60.21627401], [25.13047552, 60.21645581], [25.13229606, 60.21642018], [25.13304171, 60.21650982], [25.13308785, 60.21638759], [25.13314195, 60.21626618]]]}, "geometry_name": "geom", "properties": {"id": 151, "kuntanimi": "Helsinki", "kaavatun": "12553", "kaavanimi": "Vuosaari, Keski-Vuosaari tontti 54048/2 sekä katu- ja puistoalueet, Merikorttikuja 6.", "vtulvuosi": "2021", "netkrostal": 9900, "netrivketj": 0, "neterillis": 0, "netyhteens": 9900, "brutyhteen": 9900}}, {"type": "Feature", "id": "voimaantulleetkaavatmal_2020_2023.fid-7dddb29f_19d8b225a81_1340", "geometry": {"type": "MultiPolygon", "coordinates": [[[[24.92474006, 60.24505592], [24.92476744, 60.24498703], [24.92481338, 60.24487261], [24.92488683, 60.2446904], [24.92502355, 60.24433873], [24.92423783, 60.24425305], [24.92418817, 60.24437751], [24.92407759, 60.24460104], [24.92400436, 60.24478562], [24.92395962, 60.24489839], [24.92436244, 60.24494259], [24.92462948, 60.24497189], [24.92463591, 60.24497276], [24.9246538, 60.24497578], [24.92467072, 60.24497994], [24.92468641, 60.24498517], [24.9247006, 60.24499137], [24.92471304, 60.24499843], [24.92471923, 60.2450027], [24.92472351, 60.24500625], [24.92473185, 60.24501467], [24.9247379, 60.24502357], [24.92474156, 60.24503278], [24.92474277, 60.24504215], [24.92474152, 60.24505151], [24.92474006, 60.24505592]]], [[[24.92615824, 60.24294881], [24.92615404, 60.24294831], [24.92614064, 60.24294604], [24.92612796, 60.24294292], [24.9261162, 60.242939], [24.92610557, 60.24293436], [24.92609625, 60.24292907], [24.92609137, 60.24292555], [24.92608841, 60.24292322], [24.92608216, 60.2429169], [24.92607762, 60.24291024], [24.92607488, 60.24290334], [24.92607397, 60.24289632], [24.92607491, 60.2428893], [24.92607613, 60.2428857], [24.92605524, 60.24293711], [24.9260157, 60.24303375], [24.92598608, 60.24310572], [24.92576447, 60.24364436], [24.92636301, 60.24371128], [24.92642984, 60.24356771], [24.92664583, 60.24310191], [24.92668544, 60.24300857], [24.92615824, 60.24294881]]], [[[24.9282834, 60.23814925], [24.92831771, 60.23806271], [24.92836537, 60.23793927], [24.92845392, 60.2377163], [24.92782109, 60.23764517], [24.92771883, 60.2378701], [24.92766311, 60.23799267], [24.92814428, 60.23804416], [24.92815321, 60.2380452], [24.92817556, 60.23804899], [24.92819673, 60.23805419], [24.92821634, 60.23806073], [24.92823408, 60.23806848], [24.92824963, 60.23807732], [24.92825708, 60.23808255], [24.92826273, 60.23808709], [24.92827315, 60.23809762], [24.92828072, 60.23810874], [24.9282853, 60.23812026], [24.92828681, 60.23813198], [24.92828524, 60.2381437], [24.9282834, 60.23814925]]]]}, "geometry_name": "geom", "properties": {"id": 152, "kuntanimi": "Helsinki", "kaavatun": "12631", "kaavanimi": "Pakila, Pakilantie 54, 71, 76, 77 ja 78", "vtulvuosi": "2021", "netkrostal": 4198, "netrivketj": 0, "neterillis": 0, "netyhteens": 4198, "brutyhteen": 4198}}, {"type": "Feature", "id": "voimaantulleetkaavatmal_2020_2023.fid-7dddb29f_19d8b225a81_1341", "geometry": {"type": "Polygon", "coordinates": [[[24.8353891, 60.18758454], [24.83535378, 60.18758357], [24.83522949, 60.18757782], [24.83510605, 60.18756849], [24.83498392, 60.18755563], [24.83486346, 60.18753929], [24.83474511, 60.18751952], [24.83462925, 60.18749638], [24.83451625, 60.18746995], [24.83440651, 60.18744031], [24.83430038, 60.18740757], [24.83419824, 60.18737184], [24.83410039, 60.18733324], [24.83400718, 60.18729188], [24.83391891, 60.18724791], [24.8338359, 60.18720148], [24.83375839, 60.18715274], [24.83374381, 60.18714286], [24.83367986, 60.18709588], [24.83362202, 60.18704699], [24.8335705, 60.18699638], [24.83352551, 60.18694424], [24.83348721, 60.18689078], [24.83345446, 60.18684169], [24.83338705, 60.18674929], [24.8333129, 60.18665818], [24.83323212, 60.18656848], [24.8338558, 60.18649335], [24.83373673, 60.1864178], [24.83316761, 60.18653207], [24.83312139, 60.18649455], [24.83302259, 60.18641949], [24.83291787, 60.18634646], [24.83280736, 60.18627558], [24.83214996, 60.18587085], [24.83181709, 60.18566592], [24.83148098, 60.1858015], [24.83187772, 60.18604574], [24.83144216, 60.18618867], [24.83085757, 60.186594], [24.82911676, 60.18809757], [24.82953747, 60.1884609], [24.82955792, 60.18847905], [24.82960935, 60.18852968], [24.82965427, 60.18858184], [24.82969246, 60.1886353], [24.8303428, 60.18853998], [24.83167113, 60.18853132], [24.83240236, 60.1884349], [24.83378038, 60.1884288], [24.83385961, 60.18854729], [24.83410211, 60.18891104], [24.83407437, 60.1889678], [24.83404919, 60.18901391], [24.83401296, 60.18906772], [24.83396996, 60.18912027], [24.83392039, 60.18917136], [24.83386443, 60.1892208], [24.83431629, 60.18927857], [24.83448601, 60.18930027], [24.83454172, 60.18923864], [24.83459123, 60.18917516], [24.83463397, 60.18911047], [24.8346698, 60.18904474], [24.83469517, 60.1889924], [24.83487408, 60.18862322], [24.834943, 60.18851615], [24.83496878, 60.18847159], [24.83501836, 60.18837643], [24.8350609, 60.18828044], [24.83509641, 60.18818372], [24.83512478, 60.18808643], [24.83514601, 60.18798869], [24.83517787, 60.18781189], [24.8351784, 60.18780937], [24.83518615, 60.18779189], [24.83520072, 60.18777553], [24.83522152, 60.18776094], [24.83524773, 60.18774869], [24.8352783, 60.18773927], [24.83531199, 60.18773305], [24.83534751, 60.1877303], [24.8353891, 60.18758454]]]}, "geometry_name": "geom", "properties": {"id": 205, "kuntanimi": "Espoo", "kaavatun": "220505", "kaavanimi": "Otakaari", "vtulvuosi": "2022", "netkrostal": 26350, "netrivketj": 0, "neterillis": 0, "netyhteens": 26350, "brutyhteen": 26350}}, {"type": "Feature", "id": "voimaantulleetkaavatmal_2020_2023.fid-7dddb29f_19d8b225a81_1342", "geometry": {"type": "MultiPolygon", "coordinates": [[[[24.96678315, 60.23990656], [24.96665865, 60.24005676], [24.96724279, 60.24017645], [24.96771805, 60.24037054], [24.96781578, 60.24016829], [24.96872446, 60.24030046], [24.96919943, 60.24030045], [24.96918947, 60.2401977], [24.96893838, 60.24016021], [24.96884796, 60.23942357], [24.96855741, 60.23931665], [24.96848759, 60.23933562], [24.96826584, 60.23939589], [24.96809454, 60.23944244], [24.96796445, 60.23947338], [24.96779895, 60.23950126], [24.96771682, 60.23951082], [24.96762754, 60.23951817], [24.96745316, 60.23952382], [24.9673153, 60.23952024], [24.96706394, 60.2395072], [24.96703748, 60.23952277], [24.96700652, 60.23954568], [24.96700592, 60.23954623], [24.96698078, 60.23957154], [24.96696763, 60.23958952], [24.96696256, 60.23959815], [24.96696036, 60.23960244], [24.96695472, 60.23961556], [24.96690226, 60.23973175], [24.96688443, 60.23976332], [24.96678315, 60.23990656]]], [[[24.9636866, 60.239195], [24.96368814, 60.23919461], [24.96369796, 60.23919134], [24.96370685, 60.23918748], [24.96371464, 60.23918306], [24.96372121, 60.23917818], [24.96372644, 60.23917291], [24.96373025, 60.23916735], [24.96373255, 60.23916159], [24.96373334, 60.23915573], [24.96373295, 60.23915154], [24.96373257, 60.23914987], [24.96373027, 60.2391441], [24.96372648, 60.23913854], [24.96372126, 60.23913327], [24.9637147, 60.23912838], [24.96370692, 60.23912396], [24.96369804, 60.23912009], [24.96368822, 60.23911682], [24.96367763, 60.23911422], [24.96367131, 60.23911306], [24.96305589, 60.23901234], [24.96303259, 60.23900889], [24.96297698, 60.23900337], [24.9629204, 60.23900151], [24.96286381, 60.23900334], [24.96280819, 60.23900882], [24.96280526, 60.23900919], [24.96275448, 60.23901787], [24.96270361, 60.23903033], [24.96265644, 60.23904598], [24.96261379, 60.23906456], [24.96259308, 60.23907559], [24.96165663, 60.23961028], [24.96165366, 60.23961202], [24.96164842, 60.23961592], [24.96164423, 60.23962012], [24.9616412, 60.23962456], [24.96163935, 60.23962917], [24.96163873, 60.23963385], [24.96163934, 60.23963853], [24.96164117, 60.23964313], [24.96164174, 60.23964387], [24.9616442, 60.23964757], [24.96164838, 60.23965178], [24.96165361, 60.23965569], [24.96165983, 60.23965922], [24.96166692, 60.23966231], [24.96167476, 60.23966492], [24.96168322, 60.23966699], [24.9616905, 60.23966827], [24.96179108, 60.23968316], [24.96179533, 60.23968375], [24.96181864, 60.23968605], [24.96184236, 60.23968684], [24.96186184, 60.23968638], [24.96186608, 60.23968607], [24.96188939, 60.23968377], [24.9619119, 60.23967998], [24.96192961, 60.23967577], [24.9636866, 60.239195]]], [[[24.9635344, 60.23929812], [24.9627602, 60.23950998], [24.96332612, 60.23964724], [24.96365936, 60.23937055], [24.9635344, 60.23929812]]]]}, "geometry_name": "geom", "properties": {"id": 153, "kuntanimi": "Helsinki", "kaavatun": "12656", "kaavanimi": "Oulunkylä, tontti 28105/33 ja puistoalue (muodostuu uusi kortteli 28109) sekä Pakila, tontti 34021/20, kortteli 34028 ja puistoalue, Solakalliontien ympäristö", "vtulvuosi": "2021", "netkrostal": 0, "netrivketj": 0, "neterillis": 2751, "netyhteens": 2751, "brutyhteen": 3103}}, {"type": "Feature", "id": "voimaantulleetkaavatmal_2020_2023.fid-7dddb29f_19d8b225a81_1343", "geometry": {"type": "MultiPolygon", "coordinates": [[[[24.95804726, 60.23305228], [24.95805145, 60.2330477], [24.95805906, 60.23303658], [24.95806368, 60.23302507], [24.95806524, 60.23301336], [24.95806371, 60.23300164], [24.95805912, 60.23299013], [24.95805489, 60.23298342], [24.95805154, 60.23297901], [24.95804111, 60.23296848], [24.95802801, 60.23295871], [24.95801246, 60.23294988], [24.95799472, 60.23294213], [24.9579751, 60.2329356], [24.95796205, 60.2329322], [24.95631885, 60.2325446], [24.9561039, 60.2324939], [24.95607963, 60.23248856], [24.95607077, 60.23248675], [24.95603677, 60.23248071], [24.9556423, 60.23288743], [24.95470996, 60.2338487], [24.95353407, 60.23412437], [24.95345271, 60.23420824], [24.95610803, 60.23484513], [24.95611727, 60.23484719], [24.95613962, 60.23485097], [24.95616278, 60.23485327], [24.95618633, 60.23485405], [24.95620989, 60.23485329], [24.95623304, 60.234851], [24.95624594, 60.23484903], [24.9562554, 60.23484724], [24.95627658, 60.23484205], [24.95629623, 60.23483554], [24.95631398, 60.2348278], [24.95632956, 60.23481898], [24.95634269, 60.23480922], [24.956349, 60.23480329], [24.95804726, 60.23305228]]], [[[24.94864507, 60.23375102], [24.94864833, 60.2337517], [24.9486707, 60.23375549], [24.94869387, 60.23375779], [24.94871745, 60.23375857], [24.94874103, 60.23375781], [24.94876421, 60.23375552], [24.94878318, 60.23375248], [24.94878659, 60.23375176], [24.94880779, 60.23374657], [24.94882745, 60.23374005], [24.94884523, 60.2337323], [24.94886083, 60.23372348], [24.94887397, 60.23371371], [24.94888291, 60.23370495], [24.94901105, 60.23355991], [24.94952906, 60.23297364], [24.94957263, 60.23292433], [24.94772203, 60.23251996], [24.94767848, 60.23256925], [24.94804198, 60.23264868], [24.94732319, 60.23346217], [24.94864507, 60.23375102]]]]}, "geometry_name": "geom", "properties": {"id": 154, "kuntanimi": "Helsinki", "kaavatun": "12630", "kaavanimi": "Oulunkylä, Patola, kortteli 28309, tontti 28305/6 ja katualue, Patolan kerrostalotontit", "vtulvuosi": "2021", "netkrostal": 3050, "netrivketj": 0, "neterillis": 0, "netyhteens": 3050, "brutyhteen": 27800}}, {"type": "Feature", "id": "voimaantulleetkaavatmal_2020_2023.fid-7dddb29f_19d8b225a81_1344", "geometry": {"type": "Polygon", "coordinates": [[[24.92560388, 60.24567146], [24.92558472, 60.24566919], [24.92555594, 60.24573271], [24.92543568, 60.24601821], [24.9253021, 60.24633533], [24.92655106, 60.24647792], [24.92683399, 60.24587579], [24.92686499, 60.24580736], [24.92685561, 60.24580629], [24.92622977, 60.24573877], [24.92586068, 60.24569908], [24.92560388, 60.24567146]]]}, "geometry_name": "geom", "properties": {"id": 155, "kuntanimi": "Helsinki", "kaavatun": "12675", "kaavanimi": "Pakila, Länsi-Pakila, tontti 34168/3 ja katualue, Välitalontie 71.", "vtulvuosi": "2021", "netkrostal": 0, "netrivketj": 3350, "neterillis": 0, "netyhteens": 3350, "brutyhteen": 3350}}, {"type": "Feature", "id": "voimaantulleetkaavatmal_2020_2023.fid-7dddb29f_19d8b225a81_1345", "geometry": {"type": "Polygon", "coordinates": [[[24.96445724, 60.18839414], [24.96461979, 60.18868836], [24.96508869, 60.18862354], [24.96492614, 60.18832932], [24.96445724, 60.18839414]]]}, "geometry_name": "geom", "properties": {"id": 156, "kuntanimi": "Helsinki", "kaavatun": "12647", "kaavanimi": "Sörnäinen, Vilhonvuori, tontti 285/4, Kulmavuorenkatu 4", "vtulvuosi": "2021", "netkrostal": 1060, "netrivketj": 0, "neterillis": 0, "netyhteens": 1060, "brutyhteen": 2680}}, {"type": "Feature", "id": "voimaantulleetkaavatmal_2020_2023.fid-7dddb29f_19d8b225a81_1346", "geometry": {"type": "Polygon", "coordinates": [[[24.95990129, 60.24160204], [24.96034798, 60.24158147], [24.96047228, 60.2411609], [24.96037877, 60.24115681], [24.95988889, 60.24113536], [24.95984938, 60.24126285], [24.95984088, 60.24129396], [24.95981726, 60.24139086], [24.95978364, 60.24154252], [24.9597829, 60.24154839], [24.95978382, 60.24155542], [24.95978658, 60.24156233], [24.95979113, 60.241569], [24.95979738, 60.24157532], [24.95980525, 60.24158118], [24.95981406, 60.24158616], [24.95981457, 60.24158647], [24.95982522, 60.24159112], [24.95983699, 60.24159504], [24.9598497, 60.24159816], [24.95986311, 60.24160042], [24.959877, 60.24160181], [24.95989113, 60.24160227], [24.95990129, 60.24160204]]]}, "geometry_name": "geom", "properties": {"id": 157, "kuntanimi": "Helsinki", "kaavatun": "12703", "kaavanimi": "Pakila, korttelin 34020 tontti 1, Kansantie 10", "vtulvuosi": "2021", "netkrostal": 0, "netrivketj": 0, "neterillis": 240, "netyhteens": 240, "brutyhteen": 641}}, {"type": "Feature", "id": "voimaantulleetkaavatmal_2020_2023.fid-7dddb29f_19d8b225a81_1347", "geometry": {"type": "Polygon", "coordinates": [[[25.01087459, 60.18661772], [25.0108737, 60.18661613], [25.01087206, 60.18661171], [25.01087181, 60.18661141], [25.01087117, 60.18660659], [25.0108712, 60.18660559], [25.01087028, 60.18626769], [25.01087, 60.18616807], [25.01086685, 60.18601532], [25.01053474, 60.18601496], [25.00990036, 60.18601248], [25.00967609, 60.18601158], [25.00847645, 60.18600676], [25.00847426, 60.18614139], [25.00846678, 60.18660123], [25.00848899, 60.18665828], [25.00857962, 60.1866289], [25.00900052, 60.18695107], [25.00952044, 60.18695072], [25.0095319, 60.18695047], [25.00954349, 60.18694932], [25.00955468, 60.18694743], [25.00956528, 60.18694482], [25.0095751, 60.18694155], [25.00958399, 60.18693767], [25.00958413, 60.18693754], [25.00959178, 60.18693325], [25.00959834, 60.18692835], [25.00960356, 60.18692308], [25.00960736, 60.1869175], [25.00960966, 60.18691173], [25.00961043, 60.18690586], [25.00961043, 60.18690579], [25.00961035, 60.18687604], [25.00961034, 60.18687588], [25.0096131, 60.18685478], [25.00962138, 60.18683405], [25.00963502, 60.18681403], [25.00965379, 60.18679507], [25.00965558, 60.18679354], [25.00967737, 60.18677749], [25.00970535, 60.18676159], [25.00973727, 60.18674765], [25.00977256, 60.1867359], [25.00977902, 60.1867341], [25.01013183, 60.18663796], [25.01016347, 60.18663039], [25.01020354, 60.18662362], [25.01020698, 60.18662319], [25.01024505, 60.1866195], [25.01028712, 60.18661812], [25.01045672, 60.186618], [25.01087459, 60.18661772]]]}, "geometry_name": "geom", "properties": {"id": 158, "kuntanimi": "Helsinki", "kaavatun": "12544", "kaavanimi": "Kulosaari, kortteli 42054 ja katu- ja puistoalueet, Kyösti Kallion tie 2 A", "vtulvuosi": "2021", "netkrostal": 2180, "netrivketj": 0, "neterillis": 0, "netyhteens": 2180, "brutyhteen": 7280}}, {"type": "Feature", "id": "voimaantulleetkaavatmal_2020_2023.fid-7dddb29f_19d8b225a81_1348", "geometry": {"type": "Polygon", "coordinates": [[[24.87346204, 60.2141648], [24.87392825, 60.21358179], [24.87427687, 60.2134661], [24.8742757, 60.21331027], [24.87375079, 60.21331342], [24.87279939, 60.21293397], [24.87191416, 60.2126738], [24.87113445, 60.21333069], [24.87182391, 60.21326467], [24.87369163, 60.21353586], [24.87367141, 60.21361193], [24.87325793, 60.21412848], [24.87325332, 60.21412786], [24.87307114, 60.21410964], [24.87288573, 60.21410342], [24.87270027, 60.21410929], [24.87251795, 60.21412715], [24.87237695, 60.21414978], [24.87234186, 60.21415671], [24.87217503, 60.21419744], [24.87202032, 60.21424866], [24.87188037, 60.2143095], [24.87175757, 60.2143789], [24.87169102, 60.21442569], [24.87133881, 60.21469596], [24.87117583, 60.21484108], [24.87028591, 60.21563342], [24.87024181, 60.21567268], [24.86995081, 60.21593181], [24.87015089, 60.21605867], [24.87144258, 60.2168882], [24.87190482, 60.21671465], [24.87231833, 60.21655522], [24.87258925, 60.21645077], [24.8727484, 60.21640643], [24.8728798, 60.2164908], [24.87345843, 60.21628877], [24.8738769, 60.21615429], [24.87444803, 60.21597075], [24.8748323, 60.21584726], [24.87522402, 60.21572137], [24.87568652, 60.21557273], [24.87602052, 60.2154653], [24.87548089, 60.21504066], [24.87531408, 60.21492306], [24.87450788, 60.21457551], [24.87404046, 60.21437401], [24.87381323, 60.21427604], [24.87375002, 60.21425033], [24.87364587, 60.21421399], [24.87359565, 60.2141988], [24.87346204, 60.2141648]]]}, "geometry_name": "geom", "properties": {"id": 159, "kuntanimi": "Helsinki", "kaavatun": "12516", "kaavanimi": "Munkkiniemi, Munkkivuori, urheilu- ja virkistyspalvelujen alue sekä Pitäjänmäki, Pitäjänmäen yritysalue, tontit 46004/9, 46006/2, katualueet ja kaupunginosan raja, Kutomotie 1 ja 9 lähiympäristöineen.", "vtulvuosi": "2021", "netkrostal": 49050, "netrivketj": 0, "neterillis": 0, "netyhteens": 49050, "brutyhteen": 49050}}, {"type": "Feature", "id": "voimaantulleetkaavatmal_2020_2023.fid-7dddb29f_19d8b225a81_1349", "geometry": {"type": "Polygon", "coordinates": [[[24.81325556, 60.24950584], [24.8132274, 60.24921255], [24.81286265, 60.24911581], [24.81247774, 60.24901371], [24.8124856, 60.24909559], [24.81251987, 60.24945242], [24.81289757, 60.24947952], [24.81297624, 60.24948516], [24.81325556, 60.24950584]]]}, "geometry_name": "geom", "properties": {"id": 160, "kuntanimi": "Vantaa", "kaavatun": "002445", "kaavanimi": "Vieteritie 5 - 7", "vtulvuosi": "2021", "netkrostal": 0, "netrivketj": 0, "neterillis": 110, "netyhteens": 110, "brutyhteen": 430}}, {"type": "Feature", "id": "voimaantulleetkaavatmal_2020_2023.fid-7dddb29f_19d8b225a81_134a", "geometry": {"type": "Polygon", "coordinates": [[[25.09903229, 60.33911538], [25.09921065, 60.3390999], [25.09943175, 60.33972589], [25.09943447, 60.33974078], [25.09943215, 60.33975568], [25.09942488, 60.33977019], [25.09941285, 60.33978389], [25.09939641, 60.33979643], [25.09937599, 60.33980742], [25.09935217, 60.33981659], [25.09932561, 60.33982367], [25.09929705, 60.33982847], [25.09982553, 60.33976339], [25.1002841, 60.33970693], [25.10043948, 60.33968968], [25.1005963, 60.339676], [25.10075423, 60.33966595], [25.10230902, 60.33958499], [25.10287407, 60.33973604], [25.10310915, 60.3397238], [25.10329237, 60.33971132], [25.10347361, 60.33969306], [25.10365213, 60.33966911], [25.10382722, 60.33963956], [25.10384841, 60.33969956], [25.10433999, 60.33968344], [25.1048989, 60.33949686], [25.10487905, 60.33947563], [25.10487045, 60.33946386], [25.10486612, 60.33945154], [25.10486616, 60.33943902], [25.1048706, 60.3394267], [25.10487928, 60.33941495], [25.10489194, 60.33940413], [25.10490821, 60.33939455], [25.10492758, 60.33938652], [25.10494947, 60.33938029], [25.10501496, 60.33916735], [25.10483022, 60.33897141], [25.10420244, 60.33893103], [25.10323748, 60.33859709], [25.10269423, 60.33841062], [25.10214642, 60.33825248], [25.10167166, 60.33811542], [25.1015335, 60.33806054], [25.10095299, 60.33781423], [25.10135025, 60.33753219], [25.10150626, 60.33719454], [25.09985006, 60.33712959], [25.09931783, 60.33733673], [25.09872295, 60.33708542], [25.09847904, 60.3372147], [25.09799658, 60.33747558], [25.09759567, 60.33769236], [25.09746555, 60.33776054], [25.09733815, 60.33782823], [25.09701844, 60.33799859], [25.09657936, 60.33823252], [25.09585633, 60.33861888], [25.09896361, 60.33892089], [25.09903229, 60.33911538]]]}, "geometry_name": "geom", "properties": {"id": 161, "kuntanimi": "Vantaa", "kaavatun": "002290", "kaavanimi": "Mikkolan laajennusalue", "vtulvuosi": "2021", "netkrostal": 18250, "netrivketj": 0, "neterillis": 0, "netyhteens": 18250, "brutyhteen": 24570}}, {"type": "Feature", "id": "voimaantulleetkaavatmal_2020_2023.fid-7dddb29f_19d8b225a81_134b", "geometry": {"type": "MultiPolygon", "coordinates": [[[[25.06208561, 60.36805157], [25.06210471, 60.36803287], [25.06211491, 60.36802631], [25.06214903, 60.36800012], [25.06217303, 60.36798391], [25.06220028, 60.36796778], [25.06222069, 60.36795572], [25.0622731, 60.36792471], [25.06234335, 60.36788884], [25.06237149, 60.36787336], [25.06245283, 60.36782858], [25.06251105, 60.36779962], [25.06259165, 60.36776357], [25.06264811, 60.3677377], [25.0627548, 60.36767642], [25.06279405, 60.36765523], [25.06280881, 60.36764726], [25.06282568, 60.36763815], [25.06293838, 60.36757809], [25.06298513, 60.36755341], [25.06316494, 60.36745842], [25.0632423, 60.36742137], [25.06333834, 60.36737645], [25.06338952, 60.36735129], [25.0634151, 60.36733393], [25.06350296, 60.36728371], [25.06354122, 60.36725794], [25.06355847, 60.36724491], [25.06358634, 60.367216], [25.06366459, 60.36713536], [25.06375539, 60.36704568], [25.06384583, 60.36695065], [25.06386683, 60.36692511], [25.06387799, 60.36691101], [25.0639164, 60.36686247], [25.0639343, 60.36684161], [25.06398039, 60.36680599], [25.06405364, 60.36681024], [25.06532376, 60.36687051], [25.06625986, 60.36643646], [25.06575001, 60.36613772], [25.06570071, 60.36610975], [25.06640944, 60.36559137], [25.06622433, 60.36548752], [25.06644185, 60.36537903], [25.06666519, 60.36538227], [25.06793106, 60.3647509], [25.06804693, 60.36469311], [25.06823799, 60.36488333], [25.06861623, 60.36464899], [25.0687835, 60.36474319], [25.06880912, 60.36477991], [25.06904672, 60.36491293], [25.06853608, 60.36446716], [25.06811239, 60.36410415], [25.06767835, 60.363725], [25.06762642, 60.36361238], [25.06761272, 60.36344276], [25.06752206, 60.36317501], [25.06616742, 60.36141357], [25.06592291, 60.36120101], [25.06604028, 60.36114785], [25.06586986, 60.36110528], [25.06562839, 60.36097872], [25.06530181, 60.36080577], [25.06508478, 60.36069083], [25.064551, 60.36041059], [25.06432623, 60.36029131], [25.06387476, 60.36005408], [25.06356906, 60.35989342], [25.06358563, 60.35987347], [25.06332831, 60.35973823], [25.06321489, 60.35970729], [25.0631649, 60.35967967], [25.06249393, 60.3593126], [25.06225957, 60.3591844], [25.06219857, 60.35915208], [25.06191663, 60.35901743], [25.0616911, 60.35896083], [25.06144893, 60.35890172], [25.06140893, 60.35889181], [25.06080451, 60.35874198], [25.06072653, 60.35872291], [25.06026279, 60.35860949], [25.05987974, 60.35850761], [25.05960308, 60.35843687], [25.05907693, 60.35830837], [25.05882713, 60.35824737], [25.05875053, 60.35822866], [25.05853316, 60.35817439], [25.05850949, 60.35816848], [25.05850785, 60.35816807], [25.05761484, 60.35794506], [25.05732662, 60.35787154], [25.05712901, 60.35782113], [25.05710126, 60.35781405], [25.05709565, 60.35781251], [25.05684521, 60.35774374], [25.0561602, 60.35754364], [25.0558075, 60.35741267], [25.05480879, 60.35697111], [25.0538723, 60.35655703], [25.05377761, 60.35651256], [25.05368847, 60.35646535], [25.05360521, 60.35641558], [25.05351942, 60.35635711], [25.05344175, 60.35629591], [25.05337254, 60.35623227], [25.0533121, 60.35616647], [25.05326071, 60.35609881], [25.05323685, 60.3560639], [25.05304582, 60.35609545], [25.05295642, 60.35611021], [25.05278688, 60.35613944], [25.05219514, 60.35623797], [25.05167776, 60.35632728], [25.05115644, 60.3564193], [25.05066052, 60.35650685], [25.05059771, 60.35665679], [25.05095091, 60.35681061], [25.05141358, 60.35701206], [25.05189578, 60.35722013], [25.05229704, 60.35739475], [25.05262799, 60.35753777], [25.05303629, 60.35771495], [25.05310201, 60.35774565], [25.05350606, 60.35792174], [25.05358041, 60.3579512], [25.05408639, 60.35817241], [25.05412014, 60.35824195], [25.05367182, 60.35847692], [25.05343039, 60.35860342], [25.05271107, 60.35900288], [25.05064013, 60.36011045], [25.05070652, 60.36014097], [25.0507806, 60.36010144], [25.05084946, 60.36013496], [25.05350088, 60.36141933], [25.05484085, 60.36206863], [25.05510168, 60.36219429], [25.05576489, 60.36188395], [25.05609357, 60.36173053], [25.05610333, 60.36172598], [25.05642178, 60.36157678], [25.05674347, 60.36142657], [25.05750747, 60.36106981], [25.05764776, 60.3612502], [25.05844245, 60.36137628], [25.05824289, 60.36173825], [25.05778229, 60.36222494], [25.05831365, 60.36250785], [25.05833599, 60.36251973], [25.0584065, 60.36256005], [25.05902287, 60.36288605], [25.05928621, 60.36302857], [25.05963725, 60.36321586], [25.06030144, 60.363574], [25.06050081, 60.36367527], [25.06069999, 60.36377637], [25.06085315, 60.36386365], [25.06147519, 60.36419184], [25.0616622, 60.36429075], [25.06213539, 60.36454386], [25.06243625, 60.36470608], [25.06252325, 60.36475115], [25.06278611, 60.36489386], [25.06303746, 60.36502093], [25.06339483, 60.36520159], [25.06340752, 60.36520801], [25.06274734, 60.3655021], [25.0626665, 60.36553811], [25.06200364, 60.36584024], [25.06012925, 60.36669055], [25.0605955, 60.36699062], [25.06127715, 60.36743084], [25.06116453, 60.36784974], [25.06113072, 60.36797546], [25.0611251, 60.36798733], [25.06111551, 60.36799855], [25.06110222, 60.36800881], [25.06108563, 60.36801781], [25.06106619, 60.36802528], [25.06104449, 60.36803103], [25.06102113, 60.36803487], [25.0609968, 60.3680367], [25.0609722, 60.36803646], [25.06205169, 60.36810488], [25.06205988, 60.36808192], [25.06208561, 60.36805157]], [[25.06223044, 60.36118416], [25.06282293, 60.36140664], [25.06280712, 60.3614157], [25.06282292, 60.36140664], [25.06223044, 60.36118416], [25.06223044, 60.36118416]], [[25.06418223, 60.36268782], [25.06368423, 60.36229063], [25.06360176, 60.36222486], [25.06342202, 60.36230413], [25.0631876, 60.3622959], [25.06313291, 60.3622737], [25.06299603, 60.36221813], [25.06287079, 60.36216728], [25.06269679, 60.36209664], [25.06252876, 60.36202847], [25.06237356, 60.36196551], [25.06206586, 60.36184071], [25.06210662, 60.36181734], [25.06280453, 60.36141719], [25.06280534, 60.36141751], [25.06210744, 60.36181708], [25.06210722, 60.361817], [25.06210662, 60.36181734], [25.06206586, 60.36184071], [25.06237356, 60.36196551], [25.06252876, 60.36202846], [25.06269679, 60.36209663], [25.06287079, 60.36216728], [25.06299603, 60.36221813], [25.06313292, 60.3622737], [25.06318761, 60.3622959], [25.06342203, 60.36230413], [25.06360176, 60.36222486], [25.06368423, 60.36229063], [25.06418224, 60.36268781], [25.06433276, 60.36280787], [25.06592396, 60.3624438], [25.06644501, 60.36232458], [25.06644501, 60.36232458], [25.06592396, 60.3624438], [25.06433275, 60.36280787], [25.06418223, 60.36268782]]], [[[25.06585391, 60.3617086], [25.06585391, 60.3617086], [25.06569259, 60.36171295], [25.06569259, 60.36171295], [25.06585391, 60.3617086]]]]}, "geometry_name": "geom", "properties": {"id": 162, "kuntanimi": "Vantaa", "kaavatun": "002288", "kaavanimi": "Lehmustontie", "vtulvuosi": "2021", "netkrostal": 0, "netrivketj": 0, "neterillis": 10554, "netyhteens": 10554, "brutyhteen": 37392}}, {"type": "Feature", "id": "voimaantulleetkaavatmal_2020_2023.fid-7dddb29f_19d8b225a81_134c", "geometry": {"type": "Polygon", "coordinates": [[[24.82895299, 60.25815318], [24.8292316, 60.25834102], [24.82979864, 60.25813336], [24.82944501, 60.25789494], [24.82897975, 60.25806533], [24.82896475, 60.25807178], [24.82895197, 60.25807932], [24.82894172, 60.25808777], [24.82893426, 60.2580969], [24.82892976, 60.2581065], [24.82892834, 60.25811634], [24.82893003, 60.25812616], [24.8289348, 60.25813573], [24.82894252, 60.25814481], [24.82895299, 60.25815318]]]}, "geometry_name": "geom", "properties": {"id": 163, "kuntanimi": "Vantaa", "kaavatun": "002415", "kaavanimi": "Piikkirinne 3", "vtulvuosi": "2021", "netkrostal": 1600, "netrivketj": 0, "neterillis": 0, "netyhteens": 1600, "brutyhteen": 1600}}, {"type": "Feature", "id": "voimaantulleetkaavatmal_2020_2023.fid-7dddb29f_19d8b225a81_134d", "geometry": {"type": "Polygon", "coordinates": [[[24.9765853, 60.29562649], [24.97660373, 60.29558847], [24.97663426, 60.29555244], [24.97667605, 60.2955193], [24.97672804, 60.29548992], [24.97678887, 60.29546508], [24.97689277, 60.29542921], [24.97743068, 60.29527457], [24.97819567, 60.29507733], [24.97827903, 60.29507422], [24.97883066, 60.29494074], [24.97908989, 60.29482928], [24.97990386, 60.29463607], [24.9806208, 60.29446588], [24.98071067, 60.29441628], [24.98141423, 60.29427315], [24.98159776, 60.29423588], [24.98135039, 60.29399095], [24.98043377, 60.29414981], [24.98019136, 60.29428289], [24.9795715, 60.2944489], [24.97914356, 60.29451672], [24.97886788, 60.29459596], [24.97885435, 60.2945992], [24.97883991, 60.29460128], [24.978825, 60.29460216], [24.97880998, 60.29460179], [24.97879531, 60.29460019], [24.97878136, 60.2945974], [24.97876854, 60.29459351], [24.9787572, 60.29458862], [24.97874764, 60.29458286], [24.97874014, 60.2945764], [24.9787349, 60.2945694], [24.97873206, 60.29456208], [24.97857783, 60.29384658], [24.97837793, 60.29291918], [24.97826288, 60.29259409], [24.97836858, 60.29255528], [24.97848788, 60.29251145], [24.97836046, 60.29245339], [24.97807965, 60.29235302], [24.97803744, 60.29226275], [24.97803017, 60.2922515], [24.97801927, 60.29224099], [24.97800505, 60.29223151], [24.97798788, 60.29222332], [24.97796824, 60.29221664], [24.97794666, 60.29221164], [24.97792372, 60.29220847], [24.97790004, 60.29220721], [24.97787627, 60.29220791], [24.97785304, 60.29221051], [24.977831, 60.29221499], [24.97753266, 60.29211911], [24.97533986, 60.29267242], [24.9725358, 60.29337991], [24.97237894, 60.29341948], [24.9720898, 60.29349243], [24.97130288, 60.29368196], [24.97080083, 60.29380113], [24.96965757, 60.29407249], [24.96915731, 60.29419123], [24.96933426, 60.29431834], [24.96935099, 60.29433035], [24.97009143, 60.29486222], [24.9701956, 60.29493704], [24.97198999, 60.2948265], [24.97238934, 60.29496624], [24.97347488, 60.29525287], [24.97371121, 60.29531526], [24.97450616, 60.2953187], [24.97453963, 60.29545249], [24.9758855, 60.29536954], [24.9759809, 60.29563274], [24.97635673, 60.29559097], [24.9765853, 60.29562649]]]}, "geometry_name": "geom", "properties": {"id": 164, "kuntanimi": "Vantaa", "kaavatun": "002373", "kaavanimi": "Annefred eteläinen", "vtulvuosi": "2021", "netkrostal": 56440, "netrivketj": 0, "neterillis": 0, "netyhteens": 56440, "brutyhteen": 56440}}, {"type": "Feature", "id": "voimaantulleetkaavatmal_2020_2023.fid-7dddb29f_19d8b225a81_134e", "geometry": {"type": "Polygon", "coordinates": [[[25.03834494, 60.29663689], [25.03827561, 60.29664729], [25.03846954, 60.29699887], [25.03862833, 60.2972768], [25.03864802, 60.29731158], [25.03867636, 60.29736157], [25.03880366, 60.29758619], [25.03897459, 60.29788783], [25.03905487, 60.29802088], [25.03875457, 60.29807751], [25.03801538, 60.29817982], [25.03839901, 60.29883769], [25.03943009, 60.29869481], [25.04042444, 60.29855703], [25.0400642, 60.29791592], [25.03993739, 60.29769023], [25.03984964, 60.29753435], [25.03980096, 60.29744788], [25.03950898, 60.29692926], [25.03930633, 60.29656932], [25.03929839, 60.2965586], [25.03928714, 60.29654864], [25.03927285, 60.2965397], [25.03925588, 60.29653199], [25.03923667, 60.29652572], [25.0392157, 60.29652103], [25.03919349, 60.29651806], [25.03917062, 60.29651686], [25.03914765, 60.29651749], [25.03912517, 60.29651991], [25.03834494, 60.29663689]]]}, "geometry_name": "geom", "properties": {"id": 165, "kuntanimi": "Vantaa", "kaavatun": "002314", "kaavanimi": "Kielotie 38-44", "vtulvuosi": "2021", "netkrostal": -1107, "netrivketj": 0, "neterillis": 0, "netyhteens": -1107, "brutyhteen": 8940}}, {"type": "Feature", "id": "voimaantulleetkaavatmal_2020_2023.fid-7dddb29f_19d8b225a81_134f", "geometry": {"type": "Polygon", "coordinates": [[[24.79961634, 60.2654546], [24.79948153, 60.26553329], [24.79993272, 60.26574264], [24.79965501, 60.26614911], [24.80127856, 60.26638527], [24.80183316, 60.26646594], [24.80205501, 60.26649821], [24.80219127, 60.26652003], [24.80235141, 60.26640948], [24.80213279, 60.26637857], [24.80194917, 60.26634965], [24.8017693, 60.26631539], [24.80159384, 60.2662759], [24.80142339, 60.26623131], [24.80125857, 60.26618179], [24.80109992, 60.26612751], [24.80094803, 60.26606864], [24.80080342, 60.26600543], [24.79961634, 60.2654546]]]}, "geometry_name": "geom", "properties": {"id": 166, "kuntanimi": "Vantaa", "kaavatun": "002416", "kaavanimi": "Santamäentie 15", "vtulvuosi": "2021", "netkrostal": 0, "netrivketj": 0, "neterillis": 540, "netyhteens": 540, "brutyhteen": 540}}, {"type": "Feature", "id": "voimaantulleetkaavatmal_2020_2023.fid-7dddb29f_19d8b225a81_1350", "geometry": {"type": "Polygon", "coordinates": [[[25.11509748, 60.28549496], [25.11672178, 60.28544962], [25.11672686, 60.28549442], [25.11655421, 60.28593075], [25.11691155, 60.28600749], [25.11736019, 60.28556385], [25.11739903, 60.28541546], [25.11795012, 60.28487048], [25.11588699, 60.2843235], [25.11528218, 60.28434275], [25.11498648, 60.28463516], [25.11509748, 60.28549496]]]}, "geometry_name": "geom", "properties": {"id": 167, "kuntanimi": "Vantaa", "kaavatun": "002410", "kaavanimi": "Saagatie", "vtulvuosi": "2021", "netkrostal": 5400, "netrivketj": 1300, "neterillis": 0, "netyhteens": 6700, "brutyhteen": 6700}}, {"type": "Feature", "id": "voimaantulleetkaavatmal_2020_2023.fid-7dddb29f_19d8b225a81_1351", "geometry": {"type": "Polygon", "coordinates": [[[25.12724589, 60.35062639], [25.12726647, 60.35115456], [25.12727141, 60.35129474], [25.12727193, 60.35129476], [25.12745564, 60.35130565], [25.1274823, 60.35130723], [25.1277344, 60.35132217], [25.12777409, 60.35132452], [25.12808288, 60.35134282], [25.12934106, 60.35174363], [25.13161543, 60.35176647], [25.13291841, 60.35175239], [25.13371865, 60.35159682], [25.13260042, 60.35090714], [25.13226166, 60.35071979], [25.1322616, 60.35071976], [25.13224424, 60.35071016], [25.13209145, 60.35062566], [25.13196454, 60.35057177], [25.13180202, 60.35048866], [25.13176065, 60.35046751], [25.13163206, 60.35040175], [25.13143465, 60.35029289], [25.13120895, 60.35016841], [25.13117381, 60.35014903], [25.13113196, 60.35012523], [25.13112065, 60.3501188], [25.13075004, 60.34990135], [25.13071903, 60.3498816], [25.13069127, 60.34986069], [25.13065768, 60.34983306], [25.13064714, 60.34982581], [25.13063432, 60.34981953], [25.13061957, 60.34981438], [25.13060332, 60.34981052], [25.13058599, 60.34980804], [25.13056808, 60.34980701], [25.13055008, 60.34980747], [25.13053247, 60.34980939], [25.13037994, 60.34983277], [25.13033811, 60.34983919], [25.13027595, 60.34984871], [25.13020201, 60.34985715], [25.13012637, 60.34986013], [25.13005068, 60.34985759], [25.12997655, 60.34984957], [25.12995485, 60.3498472], [25.12993267, 60.34984649], [25.12991053, 60.34984748], [25.12988896, 60.34985014], [25.12986845, 60.3498544], [25.12984951, 60.34986016], [25.12983257, 60.34986729], [25.1297822, 60.34988876], [25.1297365, 60.34991266], [25.12969594, 60.34993875], [25.12966996, 60.34995889], [25.12958411, 60.35002931], [25.12954271, 60.35006856], [25.12951137, 60.35011004], [25.12904984, 60.35085859], [25.1275795, 60.35064647], [25.12752875, 60.35063915], [25.12734994, 60.35063108], [25.12724589, 60.35062639]]]}, "geometry_name": "geom", "properties": {"id": 168, "kuntanimi": "Vantaa", "kaavatun": "002206", "kaavanimi": "Harrikuja", "vtulvuosi": "2021", "netkrostal": 0, "netrivketj": 0, "neterillis": 1873, "netyhteens": 1873, "brutyhteen": 1873}}, {"type": "Feature", "id": "voimaantulleetkaavatmal_2020_2023.fid-7dddb29f_19d8b225a81_1352", "geometry": {"type": "Polygon", "coordinates": [[[24.80720705, 60.26317768], [24.80713433, 60.2631623], [24.80687389, 60.26310979], [24.80661068, 60.26306077], [24.80634494, 60.26301527], [24.80585525, 60.26293507], [24.80539041, 60.26283294], [24.80522167, 60.26308726], [24.80517642, 60.26316262], [24.80513988, 60.26323914], [24.80511215, 60.26331656], [24.80511209, 60.26331675], [24.80509173, 60.26340361], [24.80508246, 60.26349094], [24.80508434, 60.26357839], [24.80509429, 60.26365057], [24.80511183, 60.2637224], [24.80513692, 60.26379368], [24.80515997, 60.26384526], [24.80518697, 60.26389637], [24.80522704, 60.2639607], [24.80527336, 60.26402397], [24.80532584, 60.26408605], [24.8057211, 60.26452349], [24.80625684, 60.26454705], [24.80687759, 60.26435104], [24.80709427, 60.26423995], [24.80747167, 60.26412053], [24.80744411, 60.26410561], [24.80734645, 60.26402661], [24.80723259, 60.26397184], [24.80748122, 60.26331526], [24.80748595, 60.26330278], [24.80749085, 60.26329401], [24.80749865, 60.26328578], [24.80750912, 60.26327832], [24.80752198, 60.26327183], [24.80753685, 60.26326652], [24.8075533, 60.26326252], [24.80757088, 60.26325996], [24.80758907, 60.26325891], [24.80760737, 60.26325939], [24.80762523, 60.2632614], [24.80720705, 60.26317768]]]}, "geometry_name": "geom", "properties": {"id": 169, "kuntanimi": "Vantaa", "kaavatun": "002284", "kaavanimi": "Pähkinänsärkijä", "vtulvuosi": "2021", "netkrostal": 18500, "netrivketj": 0, "neterillis": 0, "netyhteens": 18500, "brutyhteen": 18500}}, {"type": "Feature", "id": "voimaantulleetkaavatmal_2020_2023.fid-7dddb29f_19d8b225a81_1353", "geometry": {"type": "Polygon", "coordinates": [[[24.81559526, 60.25050047], [24.81566335, 60.25052845], [24.81564225, 60.25051737], [24.81562523, 60.25050466], [24.81561279, 60.25049071], [24.81560528, 60.25047591], [24.81560292, 60.2504607], [24.8156058, 60.2504455], [24.8156138, 60.25043076], [24.81562672, 60.25041691], [24.81564417, 60.25040435], [24.81566565, 60.25039345], [24.81569054, 60.2503845], [24.81571811, 60.25037779], [24.81680613, 60.25016771], [24.81641262, 60.25006019], [24.8162009, 60.25000385], [24.81591958, 60.24992899], [24.81526766, 60.24975551], [24.81452668, 60.24988101], [24.8144159, 60.24989978], [24.8141624, 60.24994271], [24.81386147, 60.24999738], [24.813806, 60.25000745], [24.81378553, 60.2500103], [24.81389518, 60.25015412], [24.81400514, 60.25033493], [24.81415502, 60.25034708], [24.81416991, 60.25032868], [24.81419044, 60.25031167], [24.81421611, 60.25029647], [24.81424627, 60.25028348], [24.81428016, 60.250273], [24.81431695, 60.25026531], [24.81435571, 60.25026059], [24.81472387, 60.25020528], [24.81476045, 60.25026541], [24.81494827, 60.25023721], [24.81530765, 60.25017632], [24.81548897, 60.25049286], [24.81559526, 60.25050047]]]}, "geometry_name": "geom", "properties": {"id": 170, "kuntanimi": "Vantaa", "kaavatun": "110500", "kaavanimi": "Vieteririnne", "vtulvuosi": "2021", "netkrostal": 0, "netrivketj": 0, "neterillis": 1260, "netyhteens": 1260, "brutyhteen": 1580}}, {"type": "Feature", "id": "voimaantulleetkaavatmal_2020_2023.fid-7dddb29f_19d8b225a81_1354", "geometry": {"type": "Polygon", "coordinates": [[[24.87312411, 60.28573181], [24.87458755, 60.2856452], [24.87460832, 60.28560971], [24.87509446, 60.28477898], [24.8755791, 60.2847503], [24.87557055, 60.28471476], [24.87555249, 60.28465114], [24.87554755, 60.28461064], [24.87510253, 60.28453832], [24.87423916, 60.28475556], [24.87352061, 60.28450977], [24.87350022, 60.28417307], [24.87329969, 60.28411725], [24.87305327, 60.28412093], [24.87305886, 60.28434256], [24.87307216, 60.28487115], [24.87311786, 60.28562832], [24.87312411, 60.28573181]]]}, "geometry_name": "geom", "properties": {"id": 171, "kuntanimi": "Vantaa", "kaavatun": "002429", "kaavanimi": "Vanha Nurmijärventie 36 / Vantaanlaaksontie 39", "vtulvuosi": "2021", "netkrostal": 0, "netrivketj": 0, "neterillis": 500, "netyhteens": 500, "brutyhteen": 3000}}, {"type": "Feature", "id": "voimaantulleetkaavatmal_2020_2023.fid-7dddb29f_19d8b225a81_1355", "geometry": {"type": "Polygon", "coordinates": [[[24.85182703, 60.25697563], [24.85176958, 60.25695853], [24.85133653, 60.2568297], [24.85128422, 60.2568325], [24.85126903, 60.25700661], [24.85107243, 60.25700238], [24.85107164, 60.25701333], [24.85102929, 60.25701409], [24.85098659, 60.25701347], [24.8509877, 60.25700054], [24.85021002, 60.25698393], [24.85003551, 60.25698005], [24.84985921, 60.25697625], [24.84975894, 60.25697402], [24.84975776, 60.25698752], [24.84974838, 60.25709512], [24.84972982, 60.25727888], [24.84970898, 60.25748505], [24.84965965, 60.25797328], [24.8497752, 60.25793931], [24.85017722, 60.25793987], [24.85019436, 60.25794022], [24.85211275, 60.25797966], [24.85212506, 60.25784517], [24.85284628, 60.25785999], [24.85285706, 60.25773053], [24.85299715, 60.25756136], [24.85287947, 60.25753729], [24.8521546, 60.2575224], [24.85219122, 60.2571225], [24.85201981, 60.25711863], [24.8520245, 60.25706737], [24.85202398, 60.25705911], [24.85202091, 60.25705097], [24.85201536, 60.25704316], [24.85200748, 60.25703588], [24.85199745, 60.25702927], [24.8519855, 60.25702351], [24.85197191, 60.25701873], [24.85182703, 60.25697563]]]}, "geometry_name": "geom", "properties": {"id": 172, "kuntanimi": "Vantaa", "kaavatun": "002349", "kaavanimi": "Kilterinkuja 2", "vtulvuosi": "2021", "netkrostal": 18210, "netrivketj": 0, "neterillis": 0, "netyhteens": 18210, "brutyhteen": 18210}}, {"type": "Feature", "id": "voimaantulleetkaavatmal_2020_2023.fid-7dddb29f_19d8b225a81_1356", "geometry": {"type": "Polygon", "coordinates": [[[25.0380196, 60.29325889], [25.0374598, 60.2932898], [25.03754038, 60.29342987], [25.03819928, 60.29460133], [25.04004568, 60.29434537], [25.04004169, 60.29432728], [25.04101956, 60.29419172], [25.04085872, 60.2938083], [25.04075009, 60.29381373], [25.04068359, 60.29350044], [25.03934505, 60.29357531], [25.03930658, 60.29340586], [25.03929052, 60.29333508], [25.03896827, 60.29335247], [25.03894532, 60.29324919], [25.03893632, 60.29320869], [25.03892568, 60.29320928], [25.0380196, 60.29325889]]]}, "geometry_name": "geom", "properties": {"id": 173, "kuntanimi": "Vantaa", "kaavatun": "002365", "kaavanimi": "Kielotie 13", "vtulvuosi": "2021", "netkrostal": 6000, "netrivketj": 0, "neterillis": 0, "netyhteens": 6000, "brutyhteen": 6000}}, {"type": "Feature", "id": "voimaantulleetkaavatmal_2020_2023.fid-7dddb29f_19d8b225a81_1357", "geometry": {"type": "Polygon", "coordinates": [[[24.95164059, 60.30255636], [24.95161752, 60.30255794], [24.9515862, 60.30256009], [24.95158668, 60.30257314], [24.95158755, 60.30259631], [24.95159103, 60.30268933], [24.95159259, 60.30273093], [24.95159285, 60.30273793], [24.95163807, 60.30273795], [24.95163954, 60.30277569], [24.95165799, 60.30324797], [24.95160386, 60.30325175], [24.95161104, 60.30343544], [24.95161031, 60.30348795], [24.95159823, 60.30367131], [24.95158947, 60.30380434], [24.95376448, 60.30365372], [24.95413618, 60.30392757], [24.95459003, 60.30382267], [24.95465443, 60.30381101], [24.95472193, 60.30380502], [24.9549361, 60.30375503], [24.95522049, 60.30368867], [24.95583057, 60.30354627], [24.95584686, 60.30354158], [24.95586127, 60.30353556], [24.95587336, 60.3035284], [24.95588277, 60.3035203], [24.95588922, 60.30351152], [24.95589251, 60.30350231], [24.95589254, 60.30349297], [24.95588931, 60.30348376], [24.95588292, 60.30347497], [24.95542122, 60.30297858], [24.95479707, 60.30232184], [24.95476834, 60.30232129], [24.95432145, 60.30235197], [24.95429712, 60.30235364], [24.95387342, 60.30238274], [24.95375725, 60.30239071], [24.95365495, 60.30239774], [24.95353612, 60.30240589], [24.95295195, 60.30244599], [24.95285443, 60.30245269], [24.95280626, 60.30245599], [24.95278848, 60.30245722], [24.95272982, 60.30246125], [24.95265309, 60.30246651], [24.95170979, 60.30253125], [24.95169528, 60.30253286], [24.95168149, 60.30253563], [24.95166881, 60.30253948], [24.95165757, 60.30254431], [24.95164808, 60.30254998], [24.95164059, 60.30255636]]]}, "geometry_name": "geom", "properties": {"id": 174, "kuntanimi": "Vantaa", "kaavatun": "002417", "kaavanimi": "Aviapolis eteläinen", "vtulvuosi": "2021", "netkrostal": 8100, "netrivketj": 0, "neterillis": 0, "netyhteens": 8100, "brutyhteen": 33100}}, {"type": "Feature", "id": "voimaantulleetkaavatmal_2020_2023.fid-7dddb29f_19d8b225a81_1358", "geometry": {"type": "MultiPolygon", "coordinates": [[[[24.83074091, 60.26548545], [24.83079426, 60.26564293], [24.83079176, 60.26562881], [24.83079377, 60.26561468], [24.83080022, 60.26560089], [24.83081096, 60.26558776], [24.83082573, 60.26557564], [24.83084415, 60.26556482], [24.83086577, 60.26555559], [24.83116236, 60.26544783], [24.8311893, 60.26543973], [24.83121866, 60.26543408], [24.83124955, 60.26543104], [24.83128103, 60.26543072], [24.83131214, 60.26543312], [24.83134195, 60.26543817], [24.83136954, 60.26544571], [24.83139408, 60.26545551], [24.83141481, 60.26546729], [24.83177011, 60.26570864], [24.83209233, 60.26592751], [24.83220785, 60.26600791], [24.83150623, 60.26626283], [24.83112619, 60.26640091], [24.83078195, 60.26652598], [24.83042859, 60.26665437], [24.83007978, 60.26641742], [24.82998456, 60.26646233], [24.82944775, 60.26671509], [24.82912091, 60.26686899], [24.82832444, 60.26723928], [24.82763672, 60.26756311], [24.8272466, 60.267757], [24.82689056, 60.26764396], [24.82654802, 60.26753521], [24.82685618, 60.26725364], [24.82655462, 60.26717219], [24.82625806, 60.26744315], [24.82587654, 60.26732201], [24.825495, 60.26720087], [24.82530507, 60.26714057], [24.82511349, 60.26707973], [24.82503929, 60.26705359], [24.82496717, 60.26702818], [24.82420251, 60.2676743], [24.82383036, 60.26796986], [24.82524026, 60.26827726], [24.82592324, 60.26840297], [24.82635311, 60.2684886], [24.82645715, 60.26850741], [24.8265633, 60.26852302], [24.82678051, 60.26854879], [24.82699983, 60.26856966], [24.82722083, 60.26858558], [24.82774622, 60.26861296], [24.82787336, 60.26861733], [24.8280008, 60.26861724], [24.82826355, 60.268609], [24.82852506, 60.26859384], [24.82878458, 60.26857183], [24.8290414, 60.26854302], [24.82929477, 60.26850749], [24.829544, 60.26846534], [24.8297884, 60.2684167], [24.83002725, 60.26836169], [24.83025991, 60.26830047], [24.8304857, 60.26823322], [24.83070402, 60.26816011], [24.83091423, 60.26808137], [24.83110744, 60.26800942], [24.8313088, 60.26794321], [24.83151763, 60.26788298], [24.83173321, 60.26782893], [24.83195478, 60.26778125], [24.8321816, 60.26774009], [24.83267538, 60.26765857], [24.83283647, 60.26763653], [24.83300032, 60.26762023], [24.83316606, 60.26760976], [24.8333329, 60.26760517], [24.83349997, 60.26760648], [24.83366643, 60.26761369], [24.83383143, 60.26762676], [24.83434032, 60.26768069], [24.83455156, 60.26770635], [24.83475996, 60.26773723], [24.83496497, 60.26777326], [24.83516609, 60.26781436], [24.8353628, 60.26786041], [24.83555463, 60.26791131], [24.83585596, 60.26800617], [24.83614992, 60.26811928], [24.83642248, 60.26824492], [24.83655008, 60.26830373], [24.83697687, 60.26848022], [24.83725026, 60.26857905], [24.8372985, 60.26859575], [24.8377515, 60.26825385], [24.83830607, 60.26829195], [24.83860637, 60.26837655], [24.83873261, 60.26803196], [24.83902798, 60.26790162], [24.84011939, 60.2681549], [24.83978544, 60.26856697], [24.83998798, 60.26863314], [24.83997921, 60.26865514], [24.84082119, 60.26874556], [24.84093005, 60.26872944], [24.84094854, 60.2686741], [24.8411046, 60.26820281], [24.8412855, 60.26765644], [24.8413787, 60.26737494], [24.8415886, 60.26674093], [24.84147796, 60.26674024], [24.84150619, 60.26649729], [24.8415223, 60.26635868], [24.83950649, 60.26663732], [24.83890405, 60.26682107], [24.8374537, 60.26729643], [24.83660688, 60.26727948], [24.83622635, 60.26702992], [24.8357682, 60.26672944], [24.8358783, 60.26628139], [24.83606156, 60.26540856], [24.83556657, 60.26553253], [24.83506674, 60.26565796], [24.83499385, 60.26558427], [24.8343351, 60.2656417], [24.83367771, 60.26570149], [24.83304332, 60.26582113], [24.8324129, 60.26594003], [24.83239865, 60.26593034], [24.83170487, 60.26545908], [24.83169221, 60.26544876], [24.83168322, 60.26543753], [24.83167815, 60.2654257], [24.83167713, 60.26541363], [24.83168021, 60.26540164], [24.8316873, 60.26539008], [24.83169819, 60.26537927], [24.83171257, 60.26536952], [24.83173004, 60.26536111], [24.83153189, 60.26537524], [24.83133237, 60.26538329], [24.83113223, 60.26538523], [24.83093222, 60.26538104], [24.83090274, 60.26538117], [24.83087368, 60.26538369], [24.83084584, 60.26538851], [24.83081995, 60.26539552], [24.8307967, 60.26540454], [24.8307767, 60.2654153], [24.83076051, 60.26542755], [24.83074853, 60.26544093], [24.83074111, 60.26545511], [24.83073842, 60.2654697], [24.83073897, 60.2654776], [24.83074091, 60.26548545]]], [[[24.83549431, 60.26824494], [24.83519236, 60.26811752], [24.83492477, 60.2680367], [24.83492238, 60.2680497], [24.83492024, 60.26806132], [24.83485067, 60.26843831], [24.83479569, 60.2687387], [24.83473017, 60.26909654], [24.83464149, 60.26958097], [24.83526512, 60.26951216], [24.83535471, 60.26901681], [24.83769583, 60.26942102], [24.83914353, 60.26996726], [24.83850152, 60.2694558], [24.83860574, 60.26936733], [24.83757583, 60.26903313], [24.83652898, 60.26865792], [24.83620914, 60.26853026], [24.83549431, 60.26824494]]]]}, "geometry_name": "geom", "properties": {"id": 175, "kuntanimi": "Vantaa", "kaavatun": "152500", "kaavanimi": "Kelokuusenkuja", "vtulvuosi": "2021", "netkrostal": 11000, "netrivketj": 0, "neterillis": 0, "netyhteens": 11000, "brutyhteen": 11000}}, {"type": "Feature", "id": "voimaantulleetkaavatmal_2020_2023.fid-7dddb29f_19d8b225a81_1359", "geometry": {"type": "Polygon", "coordinates": [[[24.70790544, 60.21798486], [24.7078287, 60.21805945], [24.70771907, 60.21812661], [24.70896167, 60.21853564], [24.70946866, 60.21816313], [24.70885648, 60.21797539], [24.70799833, 60.21771222], [24.70794977, 60.21787674], [24.70790544, 60.21798486]]]}, "geometry_name": "geom", "properties": {"id": 176, "kuntanimi": "Kauniainen", "kaavatun": "Ak 237", "kaavanimi": "Kylpyläntie 5", "vtulvuosi": "2021", "netkrostal": 0, "netrivketj": 0, "neterillis": 0, "netyhteens": 0, "brutyhteen": 775}}, {"type": "Feature", "id": "voimaantulleetkaavatmal_2020_2023.fid-7dddb29f_19d8b225a81_135a", "geometry": {"type": "Polygon", "coordinates": [[[25.26964426, 60.38037452], [25.26964357, 60.38037455], [25.27036252, 60.38034786], [25.27091976, 60.38026049], [25.27065427, 60.37982591], [25.27216597, 60.3795876], [25.27191451, 60.37918232], [25.27150417, 60.37851788], [25.27142829, 60.37853312], [25.26998234, 60.37881325], [25.27038069, 60.37946854], [25.27045508, 60.37958987], [25.27028112, 60.37963046], [25.26974883, 60.37976266], [25.26932418, 60.37982488], [25.26964426, 60.38037452]]]}, "geometry_name": "geom", "properties": {"id": 177, "kuntanimi": "Sipoo", "kaavatun": "N49", "kaavanimi": "Korttelin 1015 (ent. linja-autoasema), 1008 ja 1006 asemakaavamuutos", "vtulvuosi": "2021", "netkrostal": 2659, "netrivketj": 0, "neterillis": 647, "netyhteens": 3306, "brutyhteen": 3306}}, {"type": "Feature", "id": "voimaantulleetkaavatmal_2020_2023.fid-7dddb29f_19d8b225a81_135b", "geometry": {"type": "Polygon", "coordinates": [[[24.85346134, 60.62614008], [24.8534156, 60.62615377], [24.85277722, 60.6263448], [24.8525171, 60.62613492], [24.85180986, 60.62634727], [24.85181347, 60.62635016], [24.85183828, 60.62637006], [24.85207044, 60.62655628], [24.85253847, 60.62693169], [24.85282293, 60.62715985], [24.85351769, 60.62695078], [24.85370027, 60.62708725], [24.8544183, 60.62685545], [24.85346134, 60.62614008]]]}, "geometry_name": "geom", "properties": {"id": 178, "kuntanimi": "Hyvinkää", "kaavatun": "06:107", "kaavanimi": "Salonk.Uudenmaank. Hyvin", "vtulvuosi": "2021", "netkrostal": 8450, "netrivketj": 0, "neterillis": 0, "netyhteens": 8450, "brutyhteen": 8450}}, {"type": "Feature", "id": "voimaantulleetkaavatmal_2020_2023.fid-7dddb29f_19d8b225a81_135c", "geometry": {"type": "Polygon", "coordinates": [[[25.027993, 60.59038175], [25.02761782, 60.59066884], [25.0273056, 60.59067727], [25.02733721, 60.5909605], [25.0274525, 60.59101131], [25.02746651, 60.59113677], [25.02730254, 60.59114119], [25.02732852, 60.59137418], [25.0287447, 60.59133358], [25.02940515, 60.59082815], [25.027993, 60.59038175]]]}, "geometry_name": "geom", "properties": {"id": 179, "kuntanimi": "Hyvinkää", "kaavatun": "25:002", "kaavanimi": "Kaukasten palvelutalo", "vtulvuosi": "2021", "netkrostal": 0, "netrivketj": 1673, "neterillis": 0, "netyhteens": 1673, "brutyhteen": 1673}}, {"type": "Feature", "id": "voimaantulleetkaavatmal_2020_2023.fid-7dddb29f_19d8b225a81_135d", "geometry": {"type": "Polygon", "coordinates": [[[25.07996431, 60.47668092], [25.08048082, 60.47671258], [25.08056075, 60.47637356], [25.08019265, 60.47635169], [25.08016736, 60.47635128], [25.0801423, 60.47635305], [25.08011825, 60.47635693], [25.08009592, 60.4763628], [25.08007599, 60.47637051], [25.08005907, 60.47637979], [25.08004567, 60.47639039], [25.08003619, 60.47640197], [25.08003092, 60.47641419], [25.07996431, 60.47668092]]]}, "geometry_name": "geom", "properties": {"id": 180, "kuntanimi": "Järvenpää", "kaavatun": "020044", "kaavanimi": "Savitie 7", "vtulvuosi": "2021", "netkrostal": 0, "netrivketj": 430, "neterillis": -267, "netyhteens": 163, "brutyhteen": 430}}, {"type": "Feature", "id": "voimaantulleetkaavatmal_2020_2023.fid-7dddb29f_19d8b225a81_135e", "geometry": {"type": "Polygon", "coordinates": [[[25.08463597, 60.47226007], [25.08537573, 60.47272373], [25.08667922, 60.47220154], [25.08593286, 60.47174679], [25.08619986, 60.47164111], [25.08606387, 60.47155738], [25.08568062, 60.47170907], [25.08581639, 60.47179288], [25.08463597, 60.47226007]]]}, "geometry_name": "geom", "properties": {"id": 181, "kuntanimi": "Järvenpää", "kaavatun": "010106", "kaavanimi": "Tupalantie 7a", "vtulvuosi": "2021", "netkrostal": 2500, "netrivketj": 0, "neterillis": 0, "netyhteens": 2500, "brutyhteen": 6450}}, {"type": "Feature", "id": "voimaantulleetkaavatmal_2020_2023.fid-7dddb29f_19d8b225a81_135f", "geometry": {"type": "Polygon", "coordinates": [[[25.09749566, 60.5117173], [25.09858057, 60.51164194], [25.09849785, 60.51134931], [25.09741035, 60.51142635], [25.09749566, 60.5117173]]]}, "geometry_name": "geom", "properties": {"id": 182, "kuntanimi": "Järvenpää", "kaavatun": "110015", "kaavanimi": "Hiekkakatu 27", "vtulvuosi": "2021", "netkrostal": 0, "netrivketj": 0, "neterillis": 204, "netyhteens": 204, "brutyhteen": 600}}, {"type": "Feature", "id": "voimaantulleetkaavatmal_2020_2023.fid-7dddb29f_19d8b225a81_1360", "geometry": {"type": "Polygon", "coordinates": [[[25.09025768, 60.47600033], [25.09074382, 60.47612463], [25.09152759, 60.47634161], [25.09247418, 60.47660366], [25.09249491, 60.47659461], [25.09251261, 60.47658412], [25.09252689, 60.47657242], [25.09259949, 60.47649537], [25.09266219, 60.47641623], [25.09271514, 60.47633449], [25.09275746, 60.47625125], [25.09286985, 60.47599621], [25.09287293, 60.47598511], [25.09287248, 60.47597392], [25.0928685, 60.47596289], [25.0928611, 60.4759523], [25.09285045, 60.47594242], [25.09283682, 60.47593346], [25.09282053, 60.47592567], [25.09280199, 60.47591922], [25.09278163, 60.47591427], [25.09189126, 60.47573882], [25.09142633, 60.4756472], [25.09100554, 60.47556428], [25.09067313, 60.4757581], [25.09025768, 60.47600033]]]}, "geometry_name": "geom", "properties": {"id": 183, "kuntanimi": "Järvenpää", "kaavatun": "060057", "kaavanimi": "Myllytien kortteli 634", "vtulvuosi": "2021", "netkrostal": 4400, "netrivketj": 0, "neterillis": 0, "netyhteens": 4400, "brutyhteen": 8800}}, {"type": "Feature", "id": "voimaantulleetkaavatmal_2020_2023.fid-7dddb29f_19d8b225a81_1361", "geometry": {"type": "Polygon", "coordinates": [[[25.06530547, 60.48718124], [25.06581079, 60.4869168], [25.06570023, 60.48689719], [25.06447309, 60.48667955], [25.06377133, 60.48655509], [25.06375238, 60.48655083], [25.06373509, 60.48654511], [25.06371992, 60.48653808], [25.06370727, 60.48652991], [25.06369749, 60.48652085], [25.06369084, 60.48651111], [25.06368749, 60.48650097], [25.06368754, 60.4864907], [25.06369097, 60.48648056], [25.06369771, 60.48647084], [25.06370757, 60.4864618], [25.06372029, 60.48645366], [25.06373552, 60.48644666], [25.06375286, 60.48644097], [25.06406276, 60.48635654], [25.06413718, 60.48633329], [25.06420541, 60.4863058], [25.06426647, 60.48627448], [25.06440581, 60.48619284], [25.06450572, 60.48613308], [25.06526031, 60.48564532], [25.06554777, 60.48544016], [25.06580069, 60.48524908], [25.06600267, 60.48509026], [25.06602926, 60.48507287], [25.06606153, 60.48505801], [25.06609852, 60.48504612], [25.06613911, 60.48503756], [25.06618209, 60.48503259], [25.06622616, 60.48503136], [25.06627, 60.4850339], [25.06631229, 60.48504014], [25.06665456, 60.48510708], [25.0670582, 60.48518602], [25.06747913, 60.48526834], [25.0680855, 60.48538692], [25.06824864, 60.48516875], [25.06838434, 60.48509683], [25.06869579, 60.48493176], [25.06898284, 60.48477962], [25.06922603, 60.48465072], [25.06932518, 60.48459817], [25.06970102, 60.48439898], [25.07007279, 60.4842019], [25.07039499, 60.48403111], [25.07081622, 60.48380784], [25.07118759, 60.48361098], [25.07155814, 60.48341457], [25.07192817, 60.48321841], [25.07230371, 60.48301933], [25.07267286, 60.48282364], [25.07298885, 60.48265613], [25.0734049, 60.48243556], [25.07364226, 60.48230973], [25.07369844, 60.48227995], [25.07413411, 60.48204898], [25.07446751, 60.48187223], [25.0747165, 60.48173845], [25.07487824, 60.48164595], [25.07498555, 60.48158459], [25.074614, 60.48142635], [25.07372928, 60.48104954], [25.07359415, 60.48098761], [25.07346587, 60.48092223], [25.07334481, 60.48085358], [25.07323319, 60.48078111], [25.07311662, 60.48069368], [25.07301106, 60.48060291], [25.07294526, 60.48053625], [25.07288539, 60.48046825], [25.07283155, 60.48039903], [25.07263749, 60.48012449], [25.07261353, 60.4800906], [25.07241998, 60.47981677], [25.07238592, 60.4797618], [25.07237903, 60.47973092], [25.07238083, 60.47969987], [25.0723913, 60.47966924], [25.07241022, 60.47963962], [25.07225153, 60.47944915], [25.07224569, 60.47944], [25.07224294, 60.47943051], [25.07224336, 60.47942092], [25.07224694, 60.47941149], [25.07225358, 60.47940248], [25.07218982, 60.47947048], [25.07187807, 60.47904524], [25.07186297, 60.47903222], [25.07185184, 60.47901826], [25.0718028, 60.47894058], [25.071659, 60.47871279], [25.07162254, 60.47865502], [25.0715449, 60.47853902], [25.07145931, 60.47842439], [25.0713813, 60.47832921], [25.07120821, 60.47812639], [25.07099434, 60.47787344], [25.07071487, 60.47754834], [25.07047136, 60.477263], [25.07025606, 60.47701073], [25.07014293, 60.47689294], [25.06999888, 60.47674296], [25.06972666, 60.47646976], [25.06948674, 60.47622896], [25.06924697, 60.47598831], [25.06919893, 60.47594191], [25.06916293, 60.47589292], [25.06913951, 60.47584211], [25.06912905, 60.47579026], [25.06913169, 60.47573816], [25.0691474, 60.47568663], [25.06917594, 60.47563646], [25.06921687, 60.47558843], [25.06903199, 60.47552717], [25.06901876, 60.47554], [25.06900155, 60.47555163], [25.06898078, 60.47556174], [25.06895701, 60.47557009], [25.06893084, 60.47557646], [25.06890295, 60.47558068], [25.06887405, 60.47558264], [25.06884488, 60.47558229], [25.0688162, 60.47557965], [25.06878875, 60.47557478], [25.06876322, 60.47556781], [25.06874029, 60.47555891], [25.06871979, 60.47554784], [25.06861642, 60.47548435], [25.06850603, 60.47542206], [25.06839044, 60.4753621], [25.06826987, 60.47530459], [25.06815986, 60.47543877], [25.06783975, 60.47583574], [25.06757078, 60.47616927], [25.06710796, 60.47672528], [25.06696384, 60.47681771], [25.06682916, 60.47691354], [25.06670425, 60.47701254], [25.06658941, 60.47711447], [25.06648491, 60.47721908], [25.06639103, 60.47732611], [25.06626457, 60.47748084], [25.06482535, 60.47924158], [25.06321113, 60.48121617], [25.06311252, 60.48134217], [25.0630214, 60.48146953], [25.06293787, 60.48159815], [25.06253298, 60.48233285], [25.06205715, 60.48291796], [25.06122911, 60.4839427], [25.06011662, 60.48530348], [25.05972154, 60.48578043], [25.05960228, 60.48593196], [25.05918185, 60.48645036], [25.05845233, 60.48734131], [25.05800034, 60.48789259], [25.05794042, 60.48796776], [25.05745646, 60.4885568], [25.05708269, 60.48902353], [25.05676591, 60.48943182], [25.05662808, 60.48960317], [25.055885, 60.49051965], [25.05689022, 60.49074787], [25.05713837, 60.49080421], [25.05849589, 60.4911124], [25.05881425, 60.49076994], [25.05906285, 60.49063031], [25.05928336, 60.49050646], [25.05979019, 60.49022181], [25.06018748, 60.49000387], [25.06044902, 60.48986039], [25.06070856, 60.48971801], [25.0609948, 60.48956098], [25.06121989, 60.48943563], [25.06150523, 60.48927673], [25.062312, 60.48882744], [25.06274788, 60.48858568], [25.06488633, 60.48740187], [25.06498902, 60.48734782], [25.06530547, 60.48718124], [25.06530547, 60.48718124]]]}, "geometry_name": "geom", "properties": {"id": 184, "kuntanimi": "Järvenpää", "kaavatun": "030027", "kaavanimi": "Saunakallion omakotitontit", "vtulvuosi": "2021", "netkrostal": 0, "netrivketj": 0, "neterillis": 1018, "netyhteens": 1018, "brutyhteen": 81716}}, {"type": "Feature", "id": "voimaantulleetkaavatmal_2020_2023.fid-7dddb29f_19d8b225a81_1362", "geometry": {"type": "Polygon", "coordinates": [[[25.12365953, 60.41993626], [25.12427845, 60.4171646], [25.12430851, 60.41704136], [25.12437587, 60.41684676], [25.12449774, 60.41650417], [25.12473197, 60.41584572], [25.12515085, 60.41466812], [25.12593903, 60.4117105], [25.12688719, 60.4074515], [25.12692957, 60.40699001], [25.12725223, 60.40435269], [25.12609196, 60.40438684], [25.12620268, 60.40474848], [25.12625774, 60.4051057], [25.12561639, 60.40554364], [25.12543399, 60.40649923], [25.12506287, 60.40696509], [25.12502078, 60.40711075], [25.12385311, 60.4071386], [25.12116243, 60.40686219], [25.12106367, 60.40654091], [25.12027969, 60.40654153], [25.1187719, 60.40614701], [25.11842095, 60.40599647], [25.11841814, 60.40599526], [25.11831273, 60.40594983], [25.1180638, 60.40612552], [25.11804887, 60.40613606], [25.11785372, 60.40632009], [25.11802032, 60.40636359], [25.11833067, 60.40644464], [25.11869984, 60.40654103], [25.1186991, 60.40662151], [25.11869107, 60.40670189], [25.11867577, 60.40678202], [25.11848617, 60.40723054], [25.11843205, 60.40733352], [25.11836812, 60.40743511], [25.11829453, 60.40753508], [25.11821143, 60.40763322], [25.11759766, 60.40828668], [25.1174805, 60.40841766], [25.117374, 60.40855085], [25.11730648, 60.40864047], [25.11725797, 60.40870907], [25.11721512, 60.40877858], [25.11717082, 60.40886399], [25.11713505, 60.40895037], [25.1171079, 60.40903752], [25.11708944, 60.40912522], [25.11708411, 60.40916355], [25.11707811, 60.40925689], [25.11708194, 60.40935025], [25.11709033, 60.40943991], [25.11681699, 60.40959323], [25.11674679, 60.4097804], [25.11674677, 60.40978046], [25.11712975, 60.4098967], [25.11683612, 60.40977461], [25.11683692, 60.40977456], [25.11713318, 60.40989774], [25.11726868, 60.41134504], [25.11727463, 60.41140858], [25.11733628, 60.41206706], [25.11735269, 60.41224233], [25.11743199, 60.41308931], [25.11742287, 60.41374853], [25.11742776, 60.41388237], [25.11744721, 60.41402184], [25.11748128, 60.41416061], [25.11752986, 60.41429832], [25.11755531, 60.4143574], [25.1175898, 60.41443331], [25.1176933, 60.41466097], [25.11769376, 60.41466199], [25.11771849, 60.41473368], [25.11772843, 60.41480625], [25.11772347, 60.41487893], [25.11772131, 60.41489045], [25.11770225, 60.41497299], [25.11765645, 60.41512193], [25.11761783, 60.41521776], [25.11760235, 60.41525619], [25.11759622, 60.4152697], [25.11752178, 60.41541578], [25.11743327, 60.41555992], [25.11743014, 60.4155646], [25.11739715, 60.41561246], [25.11737767, 60.41565584], [25.11739487, 60.41566266], [25.11746323, 60.41568981], [25.11772878, 60.41579522], [25.11849722, 60.41587166], [25.11870696, 60.41593322], [25.11989588, 60.41598016], [25.11936262, 60.41644315], [25.11973256, 60.41692045], [25.12244394, 60.41706601], [25.12196251, 60.41925914], [25.12220054, 60.41933014], [25.12210431, 60.41970026], [25.12160468, 60.4196685], [25.12144421, 60.41986094], [25.122054, 60.41989375], [25.1229441, 60.41989734], [25.12365953, 60.41993626]], [[25.12130222, 60.40852979], [25.12121324, 60.40726227], [25.12138179, 60.40719656], [25.1222018, 60.40730902], [25.12240383, 60.40740471], [25.12254424, 60.40744022], [25.12364772, 60.40743463], [25.12431726, 60.4074198], [25.1248307, 60.40751727], [25.12468253, 60.40842483], [25.12424409, 60.40858073], [25.12380917, 60.4086821], [25.12312757, 60.40867944], [25.12140485, 60.40858977], [25.12130222, 60.40852979]], [[25.1209342, 60.40716682], [25.12101425, 60.4083072], [25.11935016, 60.40813968], [25.11841055, 60.40792124], [25.11865312, 60.40763912], [25.12053368, 60.40714022], [25.1209342, 60.40716682]], [[25.1181518, 60.40618055], [25.11817322, 60.40616564], [25.11814308, 60.40619268], [25.1181518, 60.40618055]]]}, "geometry_name": "geom", "properties": {"id": 185, "kuntanimi": "Kerava", "kaavatun": "2316", "kaavanimi": "Jokilaakson Kivisilta", "vtulvuosi": "2021", "netkrostal": 12881, "netrivketj": 7096, "neterillis": 6000, "netyhteens": 25977, "brutyhteen": 25977}}, {"type": "Feature", "id": "voimaantulleetkaavatmal_2020_2023.fid-7dddb29f_19d8b225a81_1363", "geometry": {"type": "Polygon", "coordinates": [[[25.09966444, 60.39962495], [25.09953109, 60.39958811], [25.09921601, 60.39987775], [25.09942227, 60.39994587], [25.09934279, 60.40000597], [25.09904057, 60.40023449], [25.09899091, 60.40027204], [25.09878385, 60.40042864], [25.09837487, 60.40068672], [25.09828521, 60.40074331], [25.09923557, 60.40112297], [25.09938708, 60.40109344], [25.09945673, 60.40108155], [25.09996418, 60.40091307], [25.10002373, 60.40089652], [25.09983802, 60.40043948], [25.09989154, 60.40019892], [25.09985646, 60.40012491], [25.09983646, 60.40008268], [25.09979478, 60.39999472], [25.09973297, 60.3998194], [25.09968058, 60.39967075], [25.09966444, 60.39962495]]]}, "geometry_name": "geom", "properties": {"id": 186, "kuntanimi": "Kerava", "kaavatun": "2337", "kaavanimi": "Viertolantie", "vtulvuosi": "2021", "netkrostal": 8400, "netrivketj": -2018, "neterillis": 0, "netyhteens": 6382, "brutyhteen": 8400}}, {"type": "Feature", "id": "voimaantulleetkaavatmal_2020_2023.fid-7dddb29f_19d8b225a81_1364", "geometry": {"type": "Polygon", "coordinates": [[[25.11664671, 60.40079786], [25.11479898, 60.40020694], [25.11477118, 60.4001973], [25.11414408, 60.39997977], [25.11412443, 60.39999196], [25.1141105, 60.40000023], [25.11409409, 60.4000073], [25.11407561, 60.40001298], [25.11405553, 60.40001713], [25.11403438, 60.40001964], [25.11401268, 60.40002046], [25.113991, 60.40001955], [25.11396989, 60.40001694], [25.11394989, 60.4000127], [25.11393151, 60.40000694], [25.11390007, 60.4003258], [25.11378098, 60.400298], [25.11365812, 60.40027455], [25.11353214, 60.40025557], [25.11340371, 60.40024116], [25.11327351, 60.4002314], [25.11309073, 60.40022564], [25.11297712, 60.40022667], [25.11286386, 60.40023122], [25.11275141, 60.40023926], [25.11221826, 60.40028586], [25.11211401, 60.40037404], [25.11222293, 60.40038193], [25.11232912, 60.4003963], [25.11243101, 60.40041692], [25.11252709, 60.4004435], [25.11261596, 60.40047564], [25.1126963, 60.40051288], [25.11270415, 60.40051778], [25.11271016, 60.40052328], [25.11271416, 60.40052922], [25.112716, 60.40053541], [25.11271565, 60.40054167], [25.11271311, 60.40054779], [25.11286739, 60.40062853], [25.11304522, 60.40072158], [25.11342382, 60.40091969], [25.1143389, 60.40069523], [25.11450331, 60.40099119], [25.11501824, 60.40099584], [25.11558011, 60.4010009], [25.11578143, 60.40100272], [25.11635512, 60.40118691], [25.1164247, 60.40115494], [25.11664671, 60.40079786]]]}, "geometry_name": "geom", "properties": {"id": 187, "kuntanimi": "Kerava", "kaavatun": "2352", "kaavanimi": "Jussilantie 1", "vtulvuosi": "2021", "netkrostal": 0, "netrivketj": 0, "neterillis": 0, "netyhteens": 0, "brutyhteen": 1950}}, {"type": "Feature", "id": "voimaantulleetkaavatmal_2020_2023.fid-7dddb29f_19d8b225a81_1365", "geometry": {"type": "Polygon", "coordinates": [[[25.09399649, 60.39131869], [25.09393644, 60.39105561], [25.0939283, 60.39101994], [25.09392421, 60.39100211], [25.09386926, 60.39076132], [25.09330294, 60.39066564], [25.09263361, 60.39055254], [25.09203661, 60.39045723], [25.09183011, 60.39071599], [25.09204098, 60.39079422], [25.0921861, 60.39084804], [25.09243077, 60.39068648], [25.0932177, 60.39097836], [25.09323601, 60.39105864], [25.09313267, 60.39106442], [25.09300203, 60.39115068], [25.09324905, 60.39124229], [25.09327569, 60.39135898], [25.09399649, 60.39131869]]]}, "geometry_name": "geom", "properties": {"id": 188, "kuntanimi": "Kerava", "kaavatun": "2344", "kaavanimi": "Kääpäkatu 1-5", "vtulvuosi": "2021", "netkrostal": 4200, "netrivketj": 0, "neterillis": 0, "netyhteens": 4200, "brutyhteen": 4200}}, {"type": "Feature", "id": "voimaantulleetkaavatmal_2020_2023.fid-7dddb29f_19d8b225a81_1366", "geometry": {"type": "Polygon", "coordinates": [[[24.4677359, 60.11748725], [24.46759676, 60.11746321], [24.46731889, 60.11745863], [24.46688532, 60.11756347], [24.46670769, 60.11756505], [24.46658812, 60.11759861], [24.46619015, 60.11749487], [24.46584791, 60.11779971], [24.46452253, 60.11817625], [24.46399625, 60.11779331], [24.46363385, 60.11753492], [24.46342059, 60.11738284], [24.46299647, 60.11688301], [24.46292593, 60.11695816], [24.46216639, 60.11665769], [24.46239029, 60.11644434], [24.46266621, 60.11618699], [24.46062346, 60.11611349], [24.45822095, 60.11621127], [24.45658935, 60.11631477], [24.45599108, 60.11642451], [24.45532121, 60.11655689], [24.45501772, 60.11661871], [24.45540242, 60.11684967], [24.45524622, 60.11687402], [24.45506871, 60.11690168], [24.45482529, 60.11694161], [24.45460361, 60.11697968], [24.4543946, 60.11701679], [24.45439438, 60.11701714], [24.45434134, 60.11709964], [24.45433569, 60.11710843], [24.45374573, 60.11802607], [24.45374534, 60.11802666], [24.45350662, 60.11834606], [24.45350564, 60.11834737], [24.45309954, 60.11913048], [24.45309988, 60.11913062], [24.45383516, 60.1194252], [24.45383612, 60.11942558], [24.4545184, 60.11957547], [24.45562076, 60.11967846], [24.45587449, 60.11972328], [24.45603342, 60.12011704], [24.45603393, 60.12011713], [24.45649288, 60.12019729], [24.45746926, 60.12038013], [24.45756357, 60.12034949], [24.45765491, 60.12031982], [24.45795104, 60.12019318], [24.45795206, 60.12019277], [24.45803828, 60.12015833], [24.45824468, 60.12007221], [24.45824481, 60.12007216], [24.45849109, 60.11997069], [24.45876749, 60.1199074], [24.45876926, 60.119907], [24.45895451, 60.1198724], [24.45915248, 60.11983542], [24.45915403, 60.11983513], [24.4592675, 60.11980979], [24.4593454, 60.11979239], [24.45934698, 60.11979203], [24.4595116, 60.11974891], [24.45959746, 60.11972635], [24.45975361, 60.11969745], [24.46003116, 60.11968615], [24.46004492, 60.11968619], [24.46015493, 60.11968781], [24.46094936, 60.11977932], [24.46094942, 60.11977933], [24.46109869, 60.11979665], [24.46133562, 60.11981685], [24.46181936, 60.11985526], [24.46181958, 60.11985528], [24.46181968, 60.11985528], [24.46181857, 60.119964], [24.46181857, 60.11996418], [24.46181912, 60.11999621], [24.46181796, 60.12003029], [24.46181681, 60.12006413], [24.46181744, 60.1200862], [24.4618195, 60.12015795], [24.46181693, 60.12025059], [24.46181694, 60.12036442], [24.46181356, 60.12050539], [24.46174707, 60.12087301], [24.46162113, 60.12132473], [24.4602687, 60.12109556], [24.4597939, 60.12171309], [24.4592298, 60.12244483], [24.45922937, 60.12244541], [24.45922931, 60.12244541], [24.45922929, 60.12244544], [24.46027986, 60.12233254], [24.46059814, 60.12243787], [24.460917, 60.12255208], [24.46084355, 60.12273136], [24.46102163, 60.12274858], [24.46140395, 60.12278393], [24.46142876, 60.12273194], [24.46214384, 60.12278457], [24.46282727, 60.12283562], [24.46296069, 60.1228124], [24.46299761, 60.12286487], [24.46356178, 60.12276416], [24.46407126, 60.12281929], [24.46522994, 60.12296387], [24.46488963, 60.12366639], [24.46719889, 60.12311837], [24.46812687, 60.1228959], [24.46815703, 60.12288878], [24.46821415, 60.12287506], [24.46821428, 60.12287526], [24.46821434, 60.12287524], [24.46823295, 60.12290507], [24.46847671, 60.12329422], [24.46847729, 60.12329676], [24.46860985, 60.12387598], [24.46860996, 60.12387598], [24.4693892, 60.12381302], [24.46938924, 60.12381331], [24.46945754, 60.12380781], [24.46985012, 60.12377337], [24.46977811, 60.12348391], [24.46970558, 60.12318993], [24.46963305, 60.12289596], [24.46956141, 60.12260556], [24.46951275, 60.12239666], [24.46951254, 60.12227655], [24.46951943, 60.12210396], [24.46953667, 60.12195744], [24.46957588, 60.12176271], [24.4696025, 60.12166546], [24.46963376, 60.12156848], [24.46973164, 60.1213288], [24.46983051, 60.12113907], [24.46994712, 60.1209522], [24.46997974, 60.12090492], [24.47023771, 60.12057978], [24.46989124, 60.12048403], [24.46988328, 60.12048184], [24.46988094, 60.12048118], [24.47012749, 60.12019573], [24.47013043, 60.1201923], [24.47109973, 60.11938783], [24.47117629, 60.11933909], [24.47168075, 60.11901582], [24.47203921, 60.11878606], [24.47202934, 60.11878005], [24.47174426, 60.1186065], [24.47156314, 60.11849625], [24.47132678, 60.11835955], [24.47100917, 60.11817586], [24.4710016, 60.11817146], [24.47048387, 60.11809591], [24.46996086, 60.11785836], [24.4696614, 60.11777838], [24.46963395, 60.11777113], [24.46959039, 60.11775964], [24.46959047, 60.11775954], [24.46976319, 60.11758293], [24.46974726, 60.11757905], [24.46957059, 60.11753602], [24.46935646, 60.11747812], [24.46915936, 60.11764553], [24.4689856, 60.11780141], [24.46816025, 60.11757738], [24.4677359, 60.11748725]]]}, "geometry_name": "geom", "properties": {"id": 189, "kuntanimi": "Kirkkonummi", "kaavatun": "13900", "kaavanimi": "Tolsanmäki", "vtulvuosi": "2021", "netkrostal": 6940, "netrivketj": 0, "neterillis": 38583, "netyhteens": 45523, "brutyhteen": 45523}}, {"type": "Feature", "id": "voimaantulleetkaavatmal_2020_2023.fid-7dddb29f_19d8b225a81_1367", "geometry": {"type": "Polygon", "coordinates": [[[24.55746526, 60.13873365], [24.55683009, 60.13907024], [24.55612245, 60.1394586], [24.55579237, 60.13930462], [24.555302, 60.13956763], [24.55389222, 60.13893827], [24.55245375, 60.13974584], [24.55162355, 60.1400064], [24.5497132, 60.13954374], [24.54422455, 60.13796175], [24.54358362, 60.13885212], [24.54400624, 60.13893599], [24.54472995, 60.13907602], [24.54579379, 60.13928228], [24.54619832, 60.13937314], [24.54635872, 60.13917128], [24.54638564, 60.13914676], [24.5466039, 60.13917852], [24.54681277, 60.13923274], [24.54717128, 60.13935307], [24.54735567, 60.13939906], [24.54752196, 60.13944236], [24.54806268, 60.13965009], [24.54803788, 60.13978484], [24.54803773, 60.13978582], [24.5488744, 60.13998097], [24.54969614, 60.14017801], [24.54973926, 60.14018334], [24.55107004, 60.14049255], [24.55162247, 60.14064412], [24.55278024, 60.14092516], [24.55449323, 60.14138344], [24.55479952, 60.14144206], [24.55563075, 60.14167371], [24.55781006, 60.1423568], [24.55861806, 60.14254726], [24.55919834, 60.1426994], [24.56012909, 60.14298333], [24.56128394, 60.14337441], [24.56274823, 60.14387025], [24.56285777, 60.14386566], [24.56309364, 60.14396046], [24.5633312, 60.14405593], [24.5638069, 60.14420578], [24.56477708, 60.14448566], [24.56564743, 60.1447631], [24.56734661, 60.14530628], [24.56982292, 60.14580465], [24.57014291, 60.14586285], [24.57030821, 60.14588656], [24.57069752, 60.14594242], [24.57100244, 60.14598163], [24.57120206, 60.14600729], [24.57135373, 60.14602021], [24.5716837, 60.14600832], [24.5720028, 60.14605118], [24.57237152, 60.14604461], [24.57278854, 60.146034], [24.57319355, 60.14602369], [24.5743868, 60.14599598], [24.57504828, 60.14598061], [24.57599261, 60.14610866], [24.57625365, 60.14605915], [24.57633339, 60.14608086], [24.57662288, 60.14609436], [24.57699392, 60.14623447], [24.57691727, 60.14627448], [24.57698424, 60.14630199], [24.57725788, 60.14636872], [24.57736383, 60.14639205], [24.57760393, 60.14646183], [24.57765166, 60.14647932], [24.57783155, 60.14654521], [24.57811746, 60.14665429], [24.57830421, 60.14672555], [24.57861851, 60.14682267], [24.57891284, 60.14662064], [24.57857616, 60.14644574], [24.57883063, 60.14631672], [24.5791584, 60.14649613], [24.57984617, 60.14687261], [24.57998745, 60.14695157], [24.58013847, 60.14702591], [24.58029863, 60.14709533], [24.5804673, 60.14715955], [24.58064378, 60.14721832], [24.58082738, 60.14727139], [24.58101735, 60.14731855], [24.58121294, 60.14735962], [24.58174258, 60.14746172], [24.58240083, 60.14758859], [24.58257696, 60.14778647], [24.5828895, 60.14784527], [24.58331322, 60.14775151], [24.58396185, 60.14787673], [24.5846052, 60.14800853], [24.585243, 60.14814688], [24.585875, 60.14829171], [24.58650091, 60.14844296], [24.58712049, 60.14860057], [24.58773346, 60.14876448], [24.58833958, 60.1489346], [24.58893859, 60.14911088], [24.58953023, 60.14929324], [24.59011427, 60.1494816], [24.59069045, 60.14967588], [24.59125853, 60.14987601], [24.59181828, 60.15008189], [24.59236946, 60.15029344], [24.59291183, 60.15051058], [24.59335733, 60.15069067], [24.59380843, 60.15086727], [24.594265, 60.15104033], [24.59454668, 60.15085397], [24.59490111, 60.15061946], [24.59493827, 60.15048934], [24.59506491, 60.15004598], [24.59530042, 60.14982449], [24.59467334, 60.14982014], [24.59454393, 60.14976227], [24.59360731, 60.14934345], [24.59350287, 60.14930594], [24.59358433, 60.14925205], [24.59336728, 60.14917051], [24.59317655, 60.14909885], [24.59314194, 60.14916233], [24.59295889, 60.14908681], [24.59264756, 60.14881051], [24.59227958, 60.14857099], [24.59171594, 60.14881417], [24.59126807, 60.14911048], [24.59113867, 60.14906186], [24.59065887, 60.1493793], [24.59022137, 60.14923402], [24.58977942, 60.14909213], [24.58933311, 60.14895367], [24.58982033, 60.14878451], [24.58991335, 60.14862975], [24.59022174, 60.14867583], [24.5904836, 60.14842948], [24.58876292, 60.1479748], [24.5881865, 60.14793455], [24.58834695, 60.14778362], [24.58804476, 60.14770375], [24.58794779, 60.14759718], [24.58848503, 60.1471118], [24.58869592, 60.14712508], [24.58874998, 60.14705973], [24.5891042, 60.14673698], [24.58856247, 60.14658916], [24.58785182, 60.14633207], [24.58751497, 60.14639851], [24.58715747, 60.146469], [24.58701235, 60.14649711], [24.58660784, 60.14657738], [24.58593005, 60.14676112], [24.58549143, 60.14688001], [24.58538426, 60.14690906], [24.58437217, 60.14703079], [24.5834797, 60.14721306], [24.58287781, 60.14711116], [24.58181476, 60.14663732], [24.58166503, 60.14657426], [24.58150844, 60.14651548], [24.58134549, 60.14646118], [24.58117668, 60.14641153], [24.58098168, 60.1463617], [24.5807808, 60.14631807], [24.58057483, 60.1462808], [24.58036458, 60.14625005], [24.58023042, 60.14617662], [24.58014948, 60.14613231], [24.58020574, 60.14602622], [24.5800086, 60.14583325], [24.57981429, 60.14582353], [24.57961929, 60.14581827], [24.57942401, 60.14581748], [24.57893072, 60.14604154], [24.57800558, 60.14562724], [24.57567805, 60.14527975], [24.57565589, 60.14528395], [24.57537565, 60.14498827], [24.57476126, 60.14434417], [24.57413481, 60.1436874], [24.57337501, 60.14288855], [24.57022271, 60.14051762], [24.56033877, 60.13867292], [24.55830541, 60.13826431], [24.55746526, 60.13873365]]]}, "geometry_name": "geom", "properties": {"id": 190, "kuntanimi": "Kirkkonummi", "kaavatun": "34500", "kaavanimi": "Sarvvikinportti", "vtulvuosi": "2021", "netkrostal": 22400, "netrivketj": 0, "neterillis": 0, "netyhteens": 22400, "brutyhteen": 22400}}, {"type": "Feature", "id": "voimaantulleetkaavatmal_2020_2023.fid-7dddb29f_19d8b225a81_1368", "geometry": {"type": "Polygon", "coordinates": [[[24.81001425, 60.17404783], [24.80934782, 60.17404567], [24.80841065, 60.1740426], [24.80835548, 60.17373282], [24.8087853, 60.1729987], [24.80738402, 60.17300755], [24.80710326, 60.17323616], [24.80562945, 60.17302915], [24.80573211, 60.17284775], [24.80483137, 60.17272123], [24.80468375, 60.17261657], [24.80451035, 60.17259221], [24.80383281, 60.17282606], [24.80352017, 60.17337403], [24.80376409, 60.1734083], [24.80609761, 60.17373608], [24.80584244, 60.174187], [24.8058346, 60.17419838], [24.8058165, 60.1742158], [24.80579236, 60.1742313], [24.80576297, 60.17424436], [24.80572931, 60.17425454], [24.80569252, 60.17426152], [24.80565378, 60.17426506], [24.80561442, 60.17426503], [24.8055757, 60.17426145], [24.80330249, 60.17394215], [24.80324383, 60.17404578], [24.80363223, 60.17410034], [24.80437088, 60.17420411], [24.80488067, 60.17427571], [24.80500205, 60.17429277], [24.80573239, 60.17439535], [24.80574512, 60.17439713], [24.80668401, 60.174529], [24.80639166, 60.17504559], [24.80658587, 60.17507286], [24.80920423, 60.17544058], [24.80950076, 60.17537965], [24.80955903, 60.17529533], [24.80963612, 60.17517436], [24.80970631, 60.17505235], [24.80976956, 60.1749294], [24.8098258, 60.17480561], [24.809875, 60.17468108], [24.809882, 60.17466167], [24.809923, 60.17453641], [24.80995686, 60.17441063], [24.80997086, 60.1743488], [24.80998955, 60.17425038], [24.810005, 60.17414248], [24.81001425, 60.17404783]]]}, "geometry_name": "geom", "properties": {"id": 206, "kuntanimi": "Espoo", "kaavatun": "210432", "kaavanimi": "Satakielenrinne", "vtulvuosi": "2022", "netkrostal": 30200, "netrivketj": 0, "neterillis": 0, "netyhteens": 30200, "brutyhteen": 30920}}, {"type": "Feature", "id": "voimaantulleetkaavatmal_2020_2023.fid-7dddb29f_19d8b225a81_1369", "geometry": {"type": "Polygon", "coordinates": [[[24.74462854, 60.22294692], [24.74499942, 60.22314555], [24.74509132, 60.22319477], [24.74568119, 60.2232215], [24.74589701, 60.22314429], [24.74591467, 60.22311413], [24.74604143, 60.22289765], [24.74500434, 60.22265575], [24.74462854, 60.22294692]]]}, "geometry_name": "geom", "properties": {"id": 207, "kuntanimi": "Espoo", "kaavatun": "150528", "kaavanimi": "Kirsikkakuja", "vtulvuosi": "2022", "netkrostal": 0, "netrivketj": 0, "neterillis": 934, "netyhteens": 934, "brutyhteen": 934}}, {"type": "Feature", "id": "voimaantulleetkaavatmal_2020_2023.fid-7dddb29f_19d8b225a81_136a", "geometry": {"type": "Polygon", "coordinates": [[[24.45439438, 60.11701714], [24.45388479, 60.11711464], [24.45356717, 60.11718004], [24.45324267, 60.11724757], [24.45285295, 60.1173353], [24.45266853, 60.11737939], [24.45243727, 60.11743711], [24.45228237, 60.11747733], [24.45215764, 60.11751064], [24.4519496, 60.11756668], [24.45163496, 60.11765457], [24.45150378, 60.11769751], [24.45140384, 60.11773189], [24.45117996, 60.11781434], [24.45097459, 60.11787899], [24.44983302, 60.11822539], [24.45009486, 60.11842923], [24.44994147, 60.11846915], [24.44967335, 60.11852968], [24.44973133, 60.11857518], [24.44951122, 60.1186559], [24.44863527, 60.11910244], [24.4483991, 60.11924161], [24.44780705, 60.11965993], [24.44768249, 60.11987085], [24.44769906, 60.12019299], [24.44763169, 60.12056384], [24.44747553, 60.12090858], [24.44634848, 60.12165709], [24.44622312, 60.12197738], [24.4461165, 60.12209704], [24.4460108, 60.12242547], [24.44578755, 60.12250315], [24.44525339, 60.12272382], [24.44473291, 60.12293884], [24.44455762, 60.12297535], [24.44455268, 60.12297635], [24.44409806, 60.12306455], [24.44479309, 60.12323801], [24.44476895, 60.1232621], [24.44559587, 60.12346845], [24.44562159, 60.12368209], [24.44570861, 60.12366057], [24.44589372, 60.1236209], [24.44622309, 60.12357831], [24.44654913, 60.12357731], [24.44671124, 60.12357816], [24.44710467, 60.123613], [24.44797452, 60.1236452], [24.44834754, 60.12366795], [24.44898084, 60.12375339], [24.4491671, 60.12376504], [24.45032974, 60.12386108], [24.45062608, 60.1239387], [24.4507035, 60.1239645], [24.45080893, 60.12399963], [24.45091435, 60.12403476], [24.45104668, 60.12407886], [24.45127397, 60.12421437], [24.45225001, 60.12449384], [24.45280353, 60.12459232], [24.45315353, 60.12461632], [24.45366592, 60.12462449], [24.45417133, 60.12460378], [24.45436816, 60.12459572], [24.45482747, 60.12453856], [24.45533864, 60.1245277], [24.45550332, 60.1245251], [24.45560009, 60.12451326], [24.45608019, 60.12442487], [24.45613582, 60.12439716], [24.45608025, 60.12437405], [24.45603123, 60.1243475], [24.4559896, 60.12431798], [24.45595607, 60.124286], [24.45593122, 60.12425209], [24.45592179, 60.12412687], [24.4560549, 60.12377476], [24.45606838, 60.12374018], [24.45619712, 60.12340405], [24.4562306, 60.12331618], [24.45624756, 60.12327161], [24.45629181, 60.12315744], [24.45648052, 60.12266525], [24.4565481, 60.12248884], [24.4566279, 60.12228394], [24.45720163, 60.12182325], [24.45734224, 60.12186759], [24.45778333, 60.12200266], [24.45786019, 60.1220262], [24.45842324, 60.12253201], [24.45922929, 60.12244544], [24.45922931, 60.12244541], [24.45922937, 60.12244541], [24.4592298, 60.12244483], [24.4597939, 60.12171309], [24.4602687, 60.12109556], [24.46162113, 60.12132473], [24.46174707, 60.12087301], [24.46181356, 60.12050539], [24.46181694, 60.12036442], [24.46181693, 60.12025059], [24.4618195, 60.12015795], [24.46181744, 60.1200862], [24.46181681, 60.12006413], [24.46181796, 60.12003029], [24.46181912, 60.11999621], [24.46181857, 60.11996418], [24.46181857, 60.119964], [24.46181968, 60.11985528], [24.46181958, 60.11985528], [24.46181936, 60.11985526], [24.46133562, 60.11981685], [24.46109869, 60.11979665], [24.46094942, 60.11977933], [24.46094936, 60.11977932], [24.46015493, 60.11968781], [24.46004492, 60.11968619], [24.46003116, 60.11968615], [24.45975361, 60.11969745], [24.45959746, 60.11972635], [24.4595116, 60.11974891], [24.45934698, 60.11979203], [24.4593454, 60.11979239], [24.4592675, 60.11980979], [24.45915403, 60.11983513], [24.45915248, 60.11983542], [24.45895451, 60.1198724], [24.45876926, 60.119907], [24.45876749, 60.1199074], [24.45849109, 60.11997069], [24.45824481, 60.12007216], [24.45824468, 60.12007221], [24.45803828, 60.12015833], [24.45795206, 60.12019277], [24.45795104, 60.12019318], [24.45765491, 60.12031982], [24.45756357, 60.12034949], [24.45746926, 60.12038013], [24.45649288, 60.12019729], [24.45603393, 60.12011713], [24.45603342, 60.12011704], [24.45587449, 60.11972328], [24.45562076, 60.11967846], [24.4545184, 60.11957547], [24.45383612, 60.11942558], [24.45383516, 60.1194252], [24.45309988, 60.11913062], [24.45309954, 60.11913048], [24.45350564, 60.11834737], [24.45350662, 60.11834606], [24.45374534, 60.11802666], [24.45374573, 60.11802607], [24.45433569, 60.11710843], [24.45434134, 60.11709964], [24.45439438, 60.11701714]]]}, "geometry_name": "geom", "properties": {"id": 191, "kuntanimi": "Kirkkonummi", "kaavatun": "13800", "kaavanimi": "Juhlakallio", "vtulvuosi": "2021", "netkrostal": 2800, "netrivketj": 6655, "neterillis": 23695, "netyhteens": 33150, "brutyhteen": 33150}}, {"type": "Feature", "id": "voimaantulleetkaavatmal_2020_2023.fid-7dddb29f_19d8b225a81_136b", "geometry": {"type": "Polygon", "coordinates": [[[25.12427209, 60.53732518], [25.12325756, 60.53671466], [25.12281692, 60.53649838], [25.1220977, 60.53589648], [25.1212395, 60.53517893], [25.121197, 60.53509289], [25.12099827, 60.53511385], [25.11980305, 60.53447971], [25.11830008, 60.53534482], [25.11814998, 60.53548743], [25.12006971, 60.53653353], [25.1185666, 60.5373838], [25.12115667, 60.53880922], [25.12319555, 60.53783673], [25.12427209, 60.53732518]]]}, "geometry_name": "geom", "properties": {"id": 192, "kuntanimi": "Mäntsälä", "kaavatun": "252", "kaavanimi": "Roinilantie", "vtulvuosi": "2021", "netkrostal": 0, "netrivketj": 6990, "neterillis": 4678, "netyhteens": 11668, "brutyhteen": 12280}}, {"type": "Feature", "id": "voimaantulleetkaavatmal_2020_2023.fid-7dddb29f_19d8b225a81_136c", "geometry": {"type": "Polygon", "coordinates": [[[25.32318782, 60.64419538], [25.32319891, 60.64414406], [25.3232514, 60.64397676], [25.32333852, 60.64379038], [25.3234522, 60.64355265], [25.32349776, 60.64346705], [25.32352799, 60.64339479], [25.32355383, 60.64327125], [25.32289222, 60.64326524], [25.32289171, 60.64321395], [25.32228817, 60.64321161], [25.32183117, 60.64277388], [25.32168838, 60.64280842], [25.32175052, 60.64283297], [25.3221958, 60.64325932], [25.32219136, 60.64358988], [25.32160714, 60.64358559], [25.32139557, 60.64370767], [25.32141593, 60.64419774], [25.32318782, 60.64419538]]]}, "geometry_name": "geom", "properties": {"id": 193, "kuntanimi": "Mäntsälä", "kaavatun": "250B", "kaavanimi": "Lempelä II akm", "vtulvuosi": "2021", "netkrostal": 0, "netrivketj": 265, "neterillis": 0, "netyhteens": 265, "brutyhteen": 2600}}, {"type": "Feature", "id": "voimaantulleetkaavatmal_2020_2023.fid-7dddb29f_19d8b225a81_136d", "geometry": {"type": "Polygon", "coordinates": [[[25.28099464, 60.61944462], [25.28172846, 60.61978146], [25.28176424, 60.61972795], [25.28295282, 60.62025973], [25.28373516, 60.62061427], [25.28422626, 60.620821], [25.28477804, 60.62105729], [25.28543281, 60.62132601], [25.2861964, 60.62160339], [25.28611556, 60.62134236], [25.2862106, 60.62116109], [25.28650475, 60.62095268], [25.28666001, 60.62075051], [25.28681496, 60.62051272], [25.28682002, 60.62040288], [25.28694144, 60.62047089], [25.28710485, 60.62050616], [25.28725, 60.62052663], [25.28736443, 60.62048779], [25.28812818, 60.61942945], [25.28846832, 60.6189627], [25.28842545, 60.61889749], [25.28842445, 60.6187847], [25.28842357, 60.61868675], [25.28838063, 60.61861263], [25.28831384, 60.61857419], [25.28784174, 60.61846538], [25.28772703, 60.61847156], [25.28761269, 60.6185193], [25.28750394, 60.61851657], [25.28742529, 60.61850189], [25.28698175, 60.61820899], [25.2867132, 60.61789493], [25.28624058, 60.61772675], [25.28585355, 60.61767415], [25.28531367, 60.61741112], [25.28470845, 60.61727291], [25.28402415, 60.61706955], [25.28390963, 60.61709651], [25.28381877, 60.61706702], [25.283746, 60.61703452], [25.28369685, 60.61693964], [25.28363031, 60.61692791], [25.28353318, 60.61687172], [25.28350821, 60.61677975], [25.28360349, 60.6166252], [25.28357873, 60.61655698], [25.28367438, 60.61644399], [25.28368537, 60.6163193], [25.28361825, 60.61624226], [25.28315674, 60.61595829], [25.28099464, 60.61944462]]]}, "geometry_name": "geom", "properties": {"id": 194, "kuntanimi": "Mäntsälä", "kaavatun": "248", "kaavanimi": "Vuolteenpelto", "vtulvuosi": "2021", "netkrostal": 0, "netrivketj": 1700, "neterillis": 6880, "netyhteens": 8580, "brutyhteen": 8580}}, {"type": "Feature", "id": "voimaantulleetkaavatmal_2020_2023.fid-7dddb29f_19d8b225a81_136e", "geometry": {"type": "MultiPolygon", "coordinates": [[[[24.7439236, 60.52711758], [24.74404347, 60.52720459], [24.74414382, 60.5272975], [24.74422354, 60.52739503], [24.74428194, 60.5274962], [24.74431791, 60.52759984], [24.7443223, 60.52761968], [24.74435767, 60.52780051], [24.74445152, 60.5282786], [24.74445675, 60.52835427], [24.7444408, 60.52843654], [24.74440228, 60.52851698], [24.74543526, 60.52828955], [24.74501199, 60.52671695], [24.74459243, 60.52671274], [24.7439236, 60.52711758]]], [[[24.74327115, 60.52910895], [24.74384366, 60.52937652], [24.74548617, 60.52890443], [24.74431642, 60.52861985], [24.74423174, 60.52868852], [24.74412614, 60.52875276], [24.74400386, 60.52880934], [24.74336839, 60.52906588], [24.74327115, 60.52910895]]], [[[24.74303357, 60.52923468], [24.74158384, 60.53000948], [24.74296637, 60.53017684], [24.74355722, 60.52950754], [24.74303357, 60.52923468]]]]}, "geometry_name": "geom", "properties": {"id": 195, "kuntanimi": "Nurmijärvi", "kaavatun": "543-1-155", "kaavanimi": "Rajamäki, Metsolankaari", "vtulvuosi": "2021", "netkrostal": -6939, "netrivketj": 2871, "neterillis": 2565, "netyhteens": -1503, "brutyhteen": 5436}}, {"type": "Feature", "id": "voimaantulleetkaavatmal_2020_2023.fid-7dddb29f_19d8b225a81_136f", "geometry": {"type": "MultiPolygon", "coordinates": [[[[24.76309161, 60.53392494], [24.76282807, 60.53391963], [24.76284796, 60.53374043], [24.76308218, 60.53374516], [24.76329641, 60.53339336], [24.76349992, 60.53134957], [24.76299067, 60.53133719], [24.76265373, 60.53163321], [24.76269246, 60.53169794], [24.76272036, 60.53173618], [24.76273472, 60.53176852], [24.76276236, 60.53184898], [24.76278981, 60.53195305], [24.76279065, 60.53206282], [24.76272168, 60.53275479], [24.76268578, 60.53312733], [24.76266862, 60.53330662], [24.76261343, 60.53388133], [24.76257498, 60.53391454], [24.7622223, 60.53421911], [24.76250988, 60.53431324], [24.76282947, 60.53441772], [24.76289142, 60.53419534], [24.76295069, 60.53411532], [24.76309161, 60.53392494]]], [[[24.76376141, 60.53147273], [24.76376037, 60.53148091], [24.76373529, 60.5317326], [24.76371918, 60.53189403], [24.76367457, 60.53234216], [24.76365845, 60.53250359], [24.76361207, 60.53296967], [24.76368138, 60.53300731], [24.76451803, 60.53302754], [24.76454492, 60.53275861], [24.76457166, 60.53248968], [24.76458069, 60.53240012], [24.76460562, 60.53214906], [24.76463237, 60.53188011], [24.76464122, 60.53179047], [24.76482314, 60.53179492], [24.76482549, 60.53177248], [24.76508008, 60.53177859], [24.76507792, 60.53180102], [24.76525985, 60.53180547], [24.76525538, 60.53185027], [24.76551006, 60.53185643], [24.76554408, 60.53151581], [24.76376141, 60.53147273]]]]}, "geometry_name": "geom", "properties": {"id": 196, "kuntanimi": "Nurmijärvi", "kaavatun": "543-1-109", "kaavanimi": "Rajamäki, Saunatie", "vtulvuosi": "2021", "netkrostal": -1800, "netrivketj": 0, "neterillis": -160, "netyhteens": -1960, "brutyhteen": 2640}}, {"type": "Feature", "id": "voimaantulleetkaavatmal_2020_2023.fid-7dddb29f_19d8b225a81_1370", "geometry": {"type": "Polygon", "coordinates": [[[24.74497327, 60.53560032], [24.74603605, 60.5357131], [24.74631605, 60.53533893], [24.74696756, 60.53467404], [24.74709005, 60.53461692], [24.74753778, 60.53440874], [24.74767549, 60.53426881], [24.74748445, 60.53386574], [24.74780245, 60.53335531], [24.7478836, 60.53320342], [24.74798707, 60.53299127], [24.7480798, 60.53277793], [24.74816907, 60.53254116], [24.74824505, 60.53230329], [24.74827616, 60.5321908], [24.74830436, 60.53207804], [24.74836125, 60.53183582], [24.74850627, 60.53122122], [24.74866315, 60.53055539], [24.74868741, 60.53045698], [24.74869904, 60.53041293], [24.74873502, 60.53028304], [24.74877725, 60.53014455], [24.74973622, 60.53028178], [24.75032497, 60.53036473], [24.75041722, 60.53037774], [24.75050176, 60.53044386], [24.75088577, 60.53038894], [24.75161115, 60.53049161], [24.75245042, 60.53061299], [24.75274134, 60.53065499], [24.75274901, 60.53060421], [24.75278769, 60.53045188], [24.75284876, 60.53030149], [24.75294072, 60.53011282], [24.75317104, 60.52983538], [24.75336796, 60.52963982], [24.75340852, 60.52959951], [24.75369206, 60.5292685], [24.75331719, 60.52920354], [24.75196859, 60.52898035], [24.7515073, 60.5289041], [24.75186709, 60.52841573], [24.75195105, 60.52829705], [24.75350754, 60.52857717], [24.75380763, 60.52863095], [24.7539397, 60.52843527], [24.75395077, 60.52841689], [24.7539685, 60.52836092], [24.75396364, 60.52830428], [24.75393638, 60.52824921], [24.7538876, 60.52819787], [24.75381946, 60.52815224], [24.75226093, 60.52788074], [24.75205559, 60.52784401], [24.75130012, 60.52886979], [24.7505578, 60.52874698], [24.75040847, 60.52872229], [24.74945243, 60.52856397], [24.7495263, 60.52845614], [24.74970663, 60.52821712], [24.75000191, 60.52787815], [24.75018024, 60.52780318], [24.75062076, 60.52761786], [24.75094749, 60.52742694], [24.75087833, 60.5269944], [24.75203828, 60.52596309], [24.75213682, 60.52586589], [24.75265095, 60.52535949], [24.75272251, 60.52528899], [24.75181215, 60.52498044], [24.75170599, 60.52509872], [24.75145819, 60.52535485], [24.75118984, 60.52560601], [24.74983509, 60.52681555], [24.74881071, 60.52702409], [24.7489134, 60.52730951], [24.74902328, 60.5277013], [24.74881066, 60.52797131], [24.74857482, 60.52829891], [24.7483859, 60.52858862], [24.7481908, 60.52892266], [24.74801753, 60.52925962], [24.74786645, 60.52959912], [24.74773758, 60.52994083], [24.74768291, 60.53010874], [24.74758788, 60.53045311], [24.74727073, 60.53183888], [24.74713286, 60.53232712], [24.74706502, 60.53252543], [24.74694468, 60.53282057], [24.74680232, 60.53311324], [24.74663794, 60.53340318], [24.74645155, 60.53368985], [24.74625362, 60.53395989], [24.74573088, 60.53425597], [24.74559717, 60.53439545], [24.74555089, 60.53444356], [24.74559044, 60.53455627], [24.7456503, 60.53472817], [24.74530582, 60.5351479], [24.74504328, 60.5355003], [24.74497327, 60.53560032]]]}, "geometry_name": "geom", "properties": {"id": 197, "kuntanimi": "Nurmijärvi", "kaavatun": "543-1-152", "kaavanimi": "Rajamäki, Hellaspolku", "vtulvuosi": "2021", "netkrostal": 454, "netrivketj": 1194, "neterillis": -1327, "netyhteens": 321, "brutyhteen": 9756}}, {"type": "Feature", "id": "voimaantulleetkaavatmal_2020_2023.fid-7dddb29f_19d8b225a81_1371", "geometry": {"type": "MultiPolygon", "coordinates": [[[[24.81404753, 60.47970925], [24.81404562, 60.47970826], [24.81404732, 60.47970963], [24.81404753, 60.47970925]]], [[[24.81404753, 60.47970925], [24.81654641, 60.48100018], [24.81722085, 60.48065682], [24.8180239, 60.4805758], [24.81805512, 60.48038169], [24.81814672, 60.48016401], [24.81825384, 60.4799659], [24.81830472, 60.47988441], [24.81835876, 60.47980454], [24.81841583, 60.47971932], [24.81849482, 60.47960137], [24.81889826, 60.47899882], [24.81921512, 60.47905059], [24.81964913, 60.47894893], [24.81986831, 60.47897398], [24.82008437, 60.47989999], [24.82023714, 60.48057472], [24.82028803, 60.48082747], [24.82032536, 60.48101268], [24.82044367, 60.48158653], [24.82054265, 60.48207158], [24.82071762, 60.48291188], [24.82080943, 60.48334061], [24.8207905, 60.48356033], [24.82074724, 60.48409459], [24.82173565, 60.48439762], [24.82272301, 60.48487354], [24.82357339, 60.48468834], [24.82494267, 60.48439131], [24.82528402, 60.48431714], [24.82998968, 60.48329456], [24.8305626, 60.48302245], [24.83136789, 60.4826418], [24.83176332, 60.48245642], [24.83412411, 60.4827805], [24.83458936, 60.48251741], [24.8315416, 60.48149322], [24.8308103, 60.48211399], [24.82705346, 60.4807254], [24.8275119, 60.48035371], [24.82735457, 60.4803], [24.8272263, 60.48040396], [24.82555091, 60.48029342], [24.82584496, 60.47944829], [24.82236618, 60.4784033], [24.8223849, 60.47887684], [24.82161156, 60.47871464], [24.82082023, 60.47899405], [24.82024593, 60.4788362], [24.82000535, 60.4787774], [24.81984495, 60.47854139], [24.81989698, 60.47850403], [24.82010559, 60.47836628], [24.8201405, 60.47834403], [24.82033198, 60.47823554], [24.82099789, 60.47845632], [24.82166849, 60.47771203], [24.82195275, 60.47764102], [24.82225332, 60.47759102], [24.82256527, 60.47756271], [24.82288222, 60.47755665], [24.82319767, 60.47757299], [24.82329812, 60.47758208], [24.82350517, 60.47761137], [24.82335936, 60.4775206], [24.82315219, 60.47739595], [24.82302794, 60.47730202], [24.82273452, 60.4770802], [24.82232438, 60.4766235], [24.82219429, 60.47616427], [24.82217977, 60.4760126], [24.82199183, 60.47604633], [24.82183385, 60.47607457], [24.82176214, 60.47608749], [24.82167256, 60.47610353], [24.82160088, 60.47611636], [24.82075311, 60.47626835], [24.81982681, 60.47643438], [24.8197014, 60.47645692], [24.81956184, 60.47676879], [24.818781, 60.47674968], [24.81792175, 60.47651306], [24.81608395, 60.47646822], [24.81588469, 60.47646337], [24.81477171, 60.47843017], [24.81404753, 60.47970925]]]]}, "geometry_name": "geom", "properties": {"id": 198, "kuntanimi": "Nurmijärvi", "kaavatun": "543-2-232", "kaavanimi": "Kirkonkylä, Heinoja I", "vtulvuosi": "2021", "netkrostal": 0, "netrivketj": 16615, "neterillis": 24642, "netyhteens": 41257, "brutyhteen": 41257}}, {"type": "Feature", "id": "voimaantulleetkaavatmal_2020_2023.fid-7dddb29f_19d8b225a81_1372", "geometry": {"type": "Polygon", "coordinates": [[[25.01447247, 60.39368042], [25.01470708, 60.39373445], [25.01510797, 60.39357215], [25.01544892, 60.39343412], [25.0153931, 60.39338158], [25.01563247, 60.39327904], [25.01585776, 60.39318253], [25.01621428, 60.39302979], [25.0161344, 60.39298413], [25.0161514, 60.39297738], [25.01638555, 60.3928844], [25.01635708, 60.39286684], [25.0163179, 60.39284267], [25.01599629, 60.39259069], [25.01565667, 60.39236673], [25.01529893, 60.39251029], [25.01534386, 60.39253795], [25.015034, 60.39266158], [25.01499935, 60.39264103], [25.01429445, 60.39292219], [25.014414, 60.39297419], [25.01426675, 60.39311583], [25.01363084, 60.39355611], [25.01383893, 60.39361672], [25.01447247, 60.39368042]]]}, "geometry_name": "geom", "properties": {"id": 199, "kuntanimi": "Tuusula", "kaavatun": "3611", "kaavanimi": "Aropolku", "vtulvuosi": "2021", "netkrostal": 0, "netrivketj": 0, "neterillis": 50, "netyhteens": 50, "brutyhteen": 1650}}, {"type": "Feature", "id": "voimaantulleetkaavatmal_2020_2023.fid-7dddb29f_19d8b225a81_1373", "geometry": {"type": "Polygon", "coordinates": [[[24.32764041, 60.31482035], [24.3318826, 60.31605507], [24.33277955, 60.31630736], [24.33266513, 60.31638742], [24.33241775, 60.31657178], [24.33226043, 60.31670628], [24.33209555, 60.31684357], [24.33095356, 60.3183502], [24.33073264, 60.31849328], [24.33062184, 60.31862361], [24.33022896, 60.31872295], [24.32984809, 60.31904572], [24.33001575, 60.31926176], [24.32975482, 60.31944777], [24.32943632, 60.31964378], [24.32928117, 60.31973807], [24.32901564, 60.31986831], [24.32870473, 60.32001391], [24.32812561, 60.32016925], [24.32764822, 60.32033524], [24.3270014, 60.32054217], [24.32663143, 60.3205998], [24.32657463, 60.32066248], [24.32634396, 60.32075411], [24.32586287, 60.32094756], [24.32557606, 60.32109609], [24.3249879, 60.32139362], [24.32528205, 60.32141806], [24.32568636, 60.32168142], [24.32604158, 60.32154377], [24.32618234, 60.32141609], [24.32644692, 60.32128901], [24.32678415, 60.32114369], [24.32710706, 60.3210237], [24.32746273, 60.32090271], [24.3279783, 60.32074792], [24.32834485, 60.32062239], [24.32879845, 60.32046233], [24.32915014, 60.32030884], [24.32949092, 60.32015629], [24.32990394, 60.31994575], [24.33012833, 60.31980883], [24.33039245, 60.3196384], [24.33070712, 60.3194263], [24.33123463, 60.31937622], [24.33140428, 60.3192286], [24.33158081, 60.31904032], [24.33132674, 60.31876281], [24.33143116, 60.31864605], [24.33184451, 60.31811312], [24.33228657, 60.31753857], [24.33256691, 60.31717664], [24.33268537, 60.31700927], [24.33289446, 60.31680285], [24.33306423, 60.31666877], [24.33326326, 60.31654726], [24.33353498, 60.31641293], [24.33370821, 60.31632723], [24.3339473, 60.31624301], [24.3339679, 60.31621005], [24.33421429, 60.31614099], [24.33457292, 60.31606241], [24.33500557, 60.31599538], [24.33532601, 60.31596961], [24.33561717, 60.31596022], [24.33560045, 60.3156462], [24.33718506, 60.31562428], [24.33775796, 60.31561725], [24.33797708, 60.31562088], [24.33819063, 60.31563009], [24.33841328, 60.31564785], [24.33864328, 60.31567351], [24.33880921, 60.31569399], [24.3389977, 60.31572416], [24.33872126, 60.31529629], [24.33536619, 60.31342269], [24.33505934, 60.31302162], [24.33364338, 60.31227896], [24.33310721, 60.31235185], [24.33250643, 60.31241437], [24.33214268, 60.31245222], [24.33068626, 60.31260376], [24.33003728, 60.31307552], [24.32792584, 60.31461265], [24.32764041, 60.31482035]]]}, "geometry_name": "geom", "properties": {"id": 200, "kuntanimi": "Vihti", "kaavatun": "927-N178", "kaavanimi": "Hakalanrinteen asemakaava", "vtulvuosi": "2021", "netkrostal": 0, "netrivketj": 3919, "neterillis": 5155, "netyhteens": 9074, "brutyhteen": 9074}}, {"type": "Feature", "id": "voimaantulleetkaavatmal_2020_2023.fid-7dddb29f_19d8b225a81_1374", "geometry": {"type": "Polygon", "coordinates": [[[24.3181601, 60.34155548], [24.31894004, 60.34277964], [24.31982556, 60.34263167], [24.31992514, 60.34270401], [24.32011409, 60.34280044], [24.32042538, 60.34289436], [24.32074781, 60.3430758], [24.32125851, 60.34299647], [24.32113868, 60.34184734], [24.3210886, 60.34038405], [24.3208773, 60.33967424], [24.31935527, 60.33967429], [24.31870422, 60.33967499], [24.31810399, 60.33982446], [24.31738712, 60.34006423], [24.31744917, 60.34012991], [24.31769506, 60.34038997], [24.31812005, 60.34145605], [24.3181601, 60.34155548]]]}, "geometry_name": "geom", "properties": {"id": 201, "kuntanimi": "Vihti", "kaavatun": "927-N123", "kaavanimi": "Palman alueen asemakaavamuutos", "vtulvuosi": "2021", "netkrostal": 16702, "netrivketj": -2560, "neterillis": -414, "netyhteens": 13728, "brutyhteen": 20372}}, {"type": "Feature", "id": "voimaantulleetkaavatmal_2020_2023.fid-7dddb29f_19d8b225a81_1375", "geometry": {"type": "Polygon", "coordinates": [[[24.32408073, 60.34684111], [24.32310359, 60.34729162], [24.32334963, 60.34739799], [24.32449182, 60.34788856], [24.32624513, 60.34708153], [24.32586298, 60.34638296], [24.32574253, 60.34636898], [24.32564717, 60.34626549], [24.32551362, 60.34613134], [24.32521018, 60.34594654], [24.32514148, 60.34635203], [24.3243857, 60.3467005], [24.32408073, 60.34684111]]]}, "geometry_name": "geom", "properties": {"id": 202, "kuntanimi": "Vihti", "kaavatun": "927-N195", "kaavanimi": "Korttelin 199 osaa koskeva asemakaavanmuutos /Nummenjuohu", "vtulvuosi": "2021", "netkrostal": 3382, "netrivketj": -27, "neterillis": 0, "netyhteens": 3355, "brutyhteen": 6269}}, {"type": "Feature", "id": "voimaantulleetkaavatmal_2020_2023.fid-7dddb29f_19d8b225a81_1376", "geometry": {"type": "Polygon", "coordinates": [[[24.78880237, 60.17771517], [24.78868476, 60.17754775], [24.78845369, 60.17721874], [24.78681706, 60.17717621], [24.78633957, 60.17678326], [24.78445061, 60.17670987], [24.78455185, 60.17683983], [24.78407194, 60.17703107], [24.7814949, 60.17704018], [24.78116128, 60.17699071], [24.78024999, 60.17698757], [24.78024833, 60.17689041], [24.78024645, 60.17684555], [24.77918305, 60.17685291], [24.77918836, 60.17681331], [24.77919376, 60.17677314], [24.77850776, 60.17677199], [24.77804384, 60.17702614], [24.77812745, 60.17722795], [24.77812607, 60.17743206], [24.77830497, 60.17761378], [24.77827603, 60.17820597], [24.77829892, 60.17917523], [24.7783043, 60.1792511], [24.77831687, 60.17932699], [24.7783366, 60.1794025], [24.77836346, 60.17947746], [24.77839738, 60.17955171], [24.77843829, 60.17962508], [24.77848608, 60.17969741], [24.77854066, 60.17976853], [24.77860193, 60.1798383], [24.77866973, 60.17990655], [24.77867639, 60.17991289], [24.7787529, 60.17999008], [24.77882288, 60.18006878], [24.77888624, 60.18014887], [24.77990311, 60.18040839], [24.7801672, 60.18047579], [24.78019782, 60.18054049], [24.78024328, 60.18064908], [24.78028165, 60.18075836], [24.78031292, 60.1808682], [24.78033703, 60.18097849], [24.78035397, 60.1810891], [24.78036372, 60.18119992], [24.78311844, 60.18122251], [24.78372776, 60.18119857], [24.78407636, 60.18112956], [24.78517531, 60.18088162], [24.78527534, 60.18085922], [24.78640794, 60.18060571], [24.7871804, 60.18043279], [24.78737293, 60.18039492], [24.78776637, 60.17995309], [24.78842673, 60.17996481], [24.788788, 60.17960789], [24.78879225, 60.17904958], [24.78879419, 60.1787959], [24.78880237, 60.17771517]]]}, "geometry_name": "geom", "properties": {"id": 203, "kuntanimi": "Espoo", "kaavatun": "210807", "kaavanimi": "Tapiolan jalkapallostadion", "vtulvuosi": "2022", "netkrostal": 40500, "netrivketj": 0, "neterillis": 0, "netyhteens": 40500, "brutyhteen": 35000}}, {"type": "Feature", "id": "voimaantulleetkaavatmal_2020_2023.fid-7dddb29f_19d8b225a81_1377", "geometry": {"type": "Polygon", "coordinates": [[[24.81350509, 60.20946692], [24.81309439, 60.20895], [24.81258489, 60.20888045], [24.81203462, 60.20882008], [24.8116787, 60.20878225], [24.81148429, 60.20876566], [24.81120666, 60.20874352], [24.81092876, 60.20872113], [24.81089908, 60.20898042], [24.81028986, 60.20895252], [24.8098463, 60.20893219], [24.80988312, 60.20920975], [24.80897334, 60.20940153], [24.80886664, 60.20940544], [24.80943008, 60.21001858], [24.80971232, 60.2103257], [24.80982689, 60.21029972], [24.80982607, 60.21030462], [24.80981006, 60.21037819], [24.80978689, 60.21045129], [24.80975664, 60.21052373], [24.80975274, 60.21053122], [24.80972481, 60.21057662], [24.80969007, 60.21062084], [24.80964872, 60.21066362], [24.80944358, 60.21071013], [24.80949218, 60.21076321], [24.80892102, 60.21089271], [24.80894776, 60.21092606], [24.80886191, 60.21094115], [24.80892805, 60.21102471], [24.80901464, 60.21100949], [24.80917418, 60.21108533], [24.80881988, 60.21126991], [24.8086106, 60.21137893], [24.80792113, 60.21149199], [24.80774896, 60.21123199], [24.80759588, 60.2112589], [24.80781181, 60.21158502], [24.8079943, 60.21186061], [24.80803998, 60.21200622], [24.80810514, 60.21221397], [24.80813296, 60.21230265], [24.80814992, 60.21235673], [24.80826579, 60.2125088], [24.80833051, 60.21268468], [24.80828136, 60.21295001], [24.80829157, 60.21320358], [24.80829719, 60.21321022], [24.80830615, 60.21335748], [24.8083187, 60.21356406], [24.80863416, 60.21355842], [24.80874231, 60.21355648], [24.80873469, 60.21343087], [24.80862652, 60.21343283], [24.80862405, 60.21339244], [24.80867133, 60.2130073], [24.80868752, 60.21287534], [24.80894036, 60.21282055], [24.80900094, 60.21279128], [24.8093262, 60.21263411], [24.80964072, 60.2126698], [24.80974815, 60.21246149], [24.80965391, 60.21241321], [24.80965578, 60.21234975], [24.81028979, 60.21204338], [24.81173212, 60.21200946], [24.81192059, 60.21210604], [24.81200213, 60.21204298], [24.81206585, 60.21200223], [24.81214003, 60.21194953], [24.81220818, 60.21189487], [24.81222058, 60.21188414], [24.81228127, 60.21182735], [24.81225616, 60.21179759], [24.8122175, 60.21175176], [24.81117693, 60.21173585], [24.81089317, 60.21139934], [24.81087968, 60.21138335], [24.81085124, 60.21134839], [24.81122575, 60.21127186], [24.81179962, 60.21115459], [24.81225687, 60.21106117], [24.81244721, 60.21102188], [24.81242959, 60.21099029], [24.81238981, 60.21092908], [24.81234324, 60.21086906], [24.81168854, 60.21009309], [24.81187294, 60.21002301], [24.81217734, 60.20992003], [24.81222254, 60.20990403], [24.81237772, 60.20984909], [24.81287541, 60.20967286], [24.8132365, 60.20954502], [24.81350509, 60.20946692]], [[24.80896215, 60.21170193], [24.80879243, 60.21202054], [24.80875895, 60.21229329], [24.80871466, 60.21265417], [24.80868752, 60.21287534], [24.80845014, 60.21291898], [24.8084942, 60.21268105], [24.8084228, 60.21248703], [24.80830771, 60.21233596], [24.80829336, 60.2122902], [24.80815264, 60.21184162], [24.80814848, 60.21183534], [24.80801707, 60.2116369], [24.80877935, 60.2115119], [24.80896215, 60.21170193]]]}, "geometry_name": "geom", "properties": {"id": 204, "kuntanimi": "Espoo", "kaavatun": "118000", "kaavanimi": "Säterinkallionkulma", "vtulvuosi": "2022", "netkrostal": 35970, "netrivketj": 0, "neterillis": -250, "netyhteens": 35720, "brutyhteen": 36635}}, {"type": "Feature", "id": "voimaantulleetkaavatmal_2020_2023.fid-7dddb29f_19d8b225a81_1378", "geometry": {"type": "MultiPolygon", "coordinates": [[[[24.65496397, 60.23170803], [24.65352879, 60.23103892], [24.65345487, 60.23073391], [24.65318722, 60.22962951], [24.65296676, 60.22957362], [24.6525005, 60.2294554], [24.65190836, 60.2293706], [24.65177284, 60.22895444], [24.65125799, 60.22869552], [24.65064046, 60.22838493], [24.6497961, 60.2282899], [24.6497865, 60.22829461], [24.64973229, 60.22831827], [24.6496736, 60.22833913], [24.64961103, 60.22835696], [24.64954517, 60.2283716], [24.64947671, 60.2283829], [24.64944376, 60.22838746], [24.64906121, 60.22810193], [24.64938159, 60.22812569], [24.64961913, 60.2280624], [24.65026786, 60.22784738], [24.65003047, 60.22762703], [24.64988214, 60.22748934], [24.65000344, 60.22716158], [24.65098538, 60.2268755], [24.65111983, 60.22680252], [24.65135721, 60.22667368], [24.65174996, 60.2264605], [24.6500281, 60.22584136], [24.65000974, 60.2249128], [24.6504117, 60.22426445], [24.65048145, 60.2241604], [24.65055418, 60.22398362], [24.6475296, 60.22285601], [24.64720738, 60.22307535], [24.64797937, 60.22336589], [24.64756027, 60.22364145], [24.64752093, 60.22391366], [24.647364, 60.22385459], [24.64673589, 60.2236182], [24.6464898, 60.22356379], [24.64635221, 60.2236588], [24.64665677, 60.22372349], [24.64687409, 60.22380527], [24.64690211, 60.22390586], [24.64714626, 60.22399774], [24.64723336, 60.22394048], [24.64750244, 60.22404174], [24.64743979, 60.22447538], [24.64684789, 60.22470988], [24.64578782, 60.22445946], [24.6454051, 60.224379], [24.64500546, 60.2244302], [24.64387854, 60.22445226], [24.64328795, 60.2244008], [24.64232313, 60.22424869], [24.64235801, 60.2242555], [24.64241381, 60.22426945], [24.64246599, 60.2242865], [24.64251388, 60.22430644], [24.64255684, 60.22432898], [24.64259429, 60.22435383], [24.64262573, 60.22438067], [24.64292376, 60.2246526], [24.64292564, 60.22483686], [24.64280193, 60.22743581], [24.64269221, 60.22778803], [24.64245652, 60.22854448], [24.6413319, 60.22840254], [24.64064373, 60.22979421], [24.64393048, 60.23070904], [24.64615835, 60.23179133], [24.64803943, 60.23275951], [24.64931249, 60.23263997], [24.6512884, 60.23365682], [24.65369878, 60.2323792], [24.65496397, 60.23170803]], [[24.64447413, 60.22671109], [24.64424487, 60.2268808], [24.64403775, 60.22705748], [24.64393282, 60.22735979], [24.64354879, 60.22763985], [24.64336301, 60.22750889], [24.64328083, 60.22745095], [24.6433207, 60.22743069], [24.64335508, 60.22740808], [24.64338348, 60.2273835], [24.64338828, 60.22737851], [24.64353351, 60.22712977], [24.64365069, 60.22701702], [24.64377424, 60.22690597], [24.64390407, 60.2267967], [24.64404003, 60.2266893], [24.64418207, 60.22658385], [24.64421718, 60.22655874], [24.64422762, 60.22656493], [24.64443883, 60.22669015], [24.64447413, 60.22671109]]], [[[24.66515439, 60.22855543], [24.662671, 60.22780554], [24.66224441, 60.22783005], [24.66257259, 60.22793294], [24.66292354, 60.22804051], [24.66274903, 60.22857714], [24.66247346, 60.22941175], [24.66267298, 60.22939921], [24.66319922, 60.22943881], [24.66345687, 60.22947976], [24.66404334, 60.22944983], [24.66432784, 60.22933035], [24.66448059, 60.22919901], [24.66471116, 60.22896759], [24.66473627, 60.2289424], [24.66499026, 60.22869595], [24.66515439, 60.22855543]]], [[[24.65665123, 60.22632746], [24.65629756, 60.2265006], [24.65595687, 60.22637947], [24.65558991, 60.22653886], [24.65519045, 60.22653138], [24.65517145, 60.22655167], [24.65502662, 60.22670625], [24.65488181, 60.22686081], [24.65473698, 60.22701538], [24.65453499, 60.22723097], [24.65497658, 60.22735755], [24.65505286, 60.22737942], [24.65514702, 60.22740641], [24.65561323, 60.22754006], [24.65651207, 60.22707786], [24.65657422, 60.22674271], [24.65665123, 60.22632746]]]]}, "geometry_name": "geom", "properties": {"id": 208, "kuntanimi": "Espoo", "kaavatun": "631900", "kaavanimi": "Miilukorpi II", "vtulvuosi": "2022", "netkrostal": 11716, "netrivketj": 10188, "neterillis": 17504, "netyhteens": 39408, "brutyhteen": 39408}}, {"type": "Feature", "id": "voimaantulleetkaavatmal_2020_2023.fid-7dddb29f_19d8b225a81_1379", "geometry": {"type": "Polygon", "coordinates": [[[24.70936732, 60.15686113], [24.7084477, 60.15796204], [24.70811521, 60.15789303], [24.70786499, 60.15819257], [24.70785147, 60.15820719], [24.70782313, 60.1582311], [24.70778883, 60.158253], [24.70774916, 60.1582725], [24.70770481, 60.15828932], [24.70765648, 60.15830314], [24.70760497, 60.15831374], [24.70756757, 60.15836223], [24.70844124, 60.15853717], [24.70928962, 60.15870705], [24.71001701, 60.15885269], [24.71003805, 60.15885449], [24.71022873, 60.15886874], [24.71042036, 60.15887945], [24.71061266, 60.15888657], [24.71080535, 60.15889012], [24.71099817, 60.15889007], [24.71119087, 60.15888643], [24.71138315, 60.15887921], [24.71222652, 60.1588379], [24.71225497, 60.15883617], [24.71232102, 60.1588296], [24.71238531, 60.15881956], [24.71244707, 60.15880617], [24.71250561, 60.15878956], [24.71256027, 60.15876994], [24.71261044, 60.15874753], [24.71265551, 60.15872259], [24.71339172, 60.15870636], [24.71338615, 60.15870452], [24.71334196, 60.15868759], [24.7133025, 60.15866798], [24.71326844, 60.158646], [24.71324034, 60.15862202], [24.71321865, 60.15859642], [24.71320375, 60.15856966], [24.71319591, 60.15854216], [24.71319521, 60.15851439], [24.71319787, 60.15848282], [24.7131991, 60.15840753], [24.71319315, 60.15833229], [24.71317999, 60.15825728], [24.71317096, 60.15822076], [24.71314719, 60.15814641], [24.71311634, 60.1580727], [24.71307845, 60.1579998], [24.71303367, 60.1579279], [24.71298939, 60.15785719], [24.71295016, 60.15778272], [24.71291795, 60.15770743], [24.71289279, 60.15763147], [24.71288305, 60.15759392], [24.71286856, 60.15751728], [24.71286125, 60.15744037], [24.71286113, 60.15736339], [24.71286821, 60.15728648], [24.71288249, 60.15720982], [24.71289216, 60.15715653], [24.71289649, 60.15709541], [24.71289362, 60.15703426], [24.71260586, 60.15704207], [24.71258061, 60.15703683], [24.70966711, 60.15643219], [24.70931744, 60.15685078], [24.70936732, 60.15686113]]]}, "geometry_name": "geom", "properties": {"id": 209, "kuntanimi": "Espoo", "kaavatun": "440714", "kaavanimi": "Rusthollinrinne", "vtulvuosi": "2022", "netkrostal": 87000, "netrivketj": 0, "neterillis": 0, "netyhteens": 87000, "brutyhteen": 87150}}, {"type": "Feature", "id": "voimaantulleetkaavatmal_2020_2023.fid-7dddb29f_19d8b225a81_137a", "geometry": {"type": "Polygon", "coordinates": [[[24.64335496, 60.15853607], [24.64344645, 60.15866327], [24.64330564, 60.15872263], [24.64354501, 60.15890735], [24.64343912, 60.15894143], [24.64389905, 60.15929637], [24.64410964, 60.15924382], [24.6446436, 60.15911061], [24.64542437, 60.15891582], [24.64520255, 60.1586218], [24.64491651, 60.15832657], [24.64479903, 60.15820532], [24.64335496, 60.15853607]]]}, "geometry_name": "geom", "properties": {"id": 210, "kuntanimi": "Espoo", "kaavatun": "420214", "kaavanimi": "Kattilalaakso I", "vtulvuosi": "2022", "netkrostal": 4464, "netrivketj": -2167, "neterillis": 582, "netyhteens": 2879, "brutyhteen": 5043}}, {"type": "Feature", "id": "voimaantulleetkaavatmal_2020_2023.fid-7dddb29f_19d8b225a81_137b", "geometry": {"type": "Polygon", "coordinates": [[[24.76008662, 60.16465719], [24.76040784, 60.16504021], [24.76107583, 60.16523992], [24.76232583, 60.16501361], [24.76232149, 60.1649129], [24.76231705, 60.16480939], [24.76231181, 60.16476969], [24.7622994, 60.16473006], [24.76227994, 60.16469113], [24.76225358, 60.16465323], [24.76222054, 60.16461664], [24.76218106, 60.16458169], [24.76120109, 60.16472356], [24.76096367, 60.16452045], [24.76055349, 60.16458049], [24.76049836, 60.16456869], [24.76019703, 60.16455434], [24.76008662, 60.16465719]]]}, "geometry_name": "geom", "properties": {"id": 211, "kuntanimi": "Espoo", "kaavatun": "230969", "kaavanimi": "Haukilahti", "vtulvuosi": "2022", "netkrostal": 0, "netrivketj": 1201, "neterillis": -1201, "netyhteens": 0, "brutyhteen": 1201}}, {"type": "Feature", "id": "voimaantulleetkaavatmal_2020_2023.fid-7dddb29f_19d8b225a81_137c", "geometry": {"type": "Polygon", "coordinates": [[[24.68586247, 60.20430003], [24.68497457, 60.2046812], [24.68490648, 60.20471044], [24.68489869, 60.20471421], [24.68488444, 60.20472464], [24.68487657, 60.20473664], [24.68487573, 60.20474925], [24.68488197, 60.20476148], [24.68489482, 60.20477236], [24.68491324, 60.20478103], [24.68493578, 60.20478681], [24.68598723, 60.2049687], [24.68633438, 60.20458148], [24.68586247, 60.20430003]]]}, "geometry_name": "geom", "properties": {"id": 212, "kuntanimi": "Espoo", "kaavatun": "611116", "kaavanimi": "Tuomarila I", "vtulvuosi": "2022", "netkrostal": 2200, "netrivketj": 0, "neterillis": 0, "netyhteens": 2200, "brutyhteen": 2200}}, {"type": "Feature", "id": "voimaantulleetkaavatmal_2020_2023.fid-7dddb29f_19d8b225a81_137d", "geometry": {"type": "Polygon", "coordinates": [[[24.82822412, 60.17538506], [24.82779788, 60.17642928], [24.8277921, 60.17648972], [24.82777615, 60.17659787], [24.82775301, 60.17670568], [24.82772272, 60.17681307], [24.82768531, 60.1769199], [24.82764081, 60.17702605], [24.82758931, 60.17713141], [24.82759775, 60.17713031], [24.82766832, 60.17712315], [24.82773996, 60.17711954], [24.82781198, 60.1771195], [24.82788365, 60.17712305], [24.82795424, 60.17713014], [24.8280012, 60.17713576], [24.82811305, 60.1771465], [24.82822606, 60.1771537], [24.82833973, 60.17715734], [24.82845366, 60.17715738], [24.82856735, 60.17715384], [24.82868037, 60.17714673], [24.82886952, 60.17710636], [24.82966043, 60.17693714], [24.82968617, 60.17693115], [24.8297352, 60.17691677], [24.82978022, 60.17689942], [24.82982049, 60.17687939], [24.82985536, 60.17685699], [24.82988428, 60.17683256], [24.82990679, 60.17680653], [24.82992253, 60.17677929], [24.82993125, 60.17675127], [24.83060077, 60.17642088], [24.83045007, 60.1762459], [24.83003323, 60.17577083], [24.82976958, 60.17547034], [24.82901081, 60.17520696], [24.82822412, 60.17538506]]]}, "geometry_name": "geom", "properties": {"id": 213, "kuntanimi": "Espoo", "kaavatun": "220838", "kaavanimi": "Keilaniemi", "vtulvuosi": "2022", "netkrostal": -4500, "netrivketj": 0, "neterillis": 0, "netyhteens": -4500, "brutyhteen": 49250}}, {"type": "Feature", "id": "voimaantulleetkaavatmal_2020_2023.fid-7dddb29f_19d8b225a81_137e", "geometry": {"type": "Polygon", "coordinates": [[[24.72678684, 60.16890169], [24.7262596, 60.16939224], [24.72494165, 60.16904054], [24.72485548, 60.16913972], [24.72445578, 60.16951157], [24.72531324, 60.1697404], [24.72528773, 60.16976414], [24.72538301, 60.16978956], [24.7260023, 60.16995481], [24.7257982, 60.17014471], [24.7261793, 60.17024639], [24.7263834, 60.17005651], [24.72707038, 60.17023982], [24.72784847, 60.17044744], [24.7281291, 60.17018634], [24.72831617, 60.17001228], [24.7283672, 60.1699648], [24.72877537, 60.16958502], [24.72895394, 60.16941885], [24.72683787, 60.16885421], [24.72678684, 60.16890169]]]}, "geometry_name": "geom", "properties": {"id": 214, "kuntanimi": "Espoo", "kaavatun": "322030", "kaavanimi": "Avaruuskatu", "vtulvuosi": "2022", "netkrostal": 6080, "netrivketj": 0, "neterillis": 0, "netyhteens": 6080, "brutyhteen": 16200}}, {"type": "Feature", "id": "voimaantulleetkaavatmal_2020_2023.fid-7dddb29f_19d8b225a81_137f", "geometry": {"type": "MultiPolygon", "coordinates": [[[[24.76033541, 60.24566129], [24.76033073, 60.24563032], [24.76031889, 60.24559982], [24.76030008, 60.2455702], [24.7602501, 60.24551273], [24.75991932, 60.24513231], [24.75963552, 60.24483864], [24.759574, 60.24477499], [24.75926378, 60.24444025], [24.75923819, 60.24441759], [24.75919089, 60.24437027], [24.75915014, 60.24432146], [24.75911616, 60.24427139], [24.7590891, 60.24422027], [24.75906906, 60.24416838], [24.75905615, 60.24411592], [24.75905096, 60.24407308], [24.75905112, 60.24402024], [24.75905847, 60.24396751], [24.75907301, 60.24391516], [24.75909466, 60.24386342], [24.75912332, 60.24381254], [24.75915886, 60.24376274], [24.75941007, 60.24341519], [24.75943174, 60.24338939], [24.75944845, 60.24336838], [24.75949542, 60.2433029], [24.7595355, 60.24323631], [24.75956864, 60.24316879], [24.7595947, 60.2431005], [24.75961366, 60.24303163], [24.75943319, 60.24303411], [24.75880132, 60.24304156], [24.75825461, 60.24304799], [24.75817306, 60.24333892], [24.75800604, 60.24364587], [24.7578042, 60.24388752], [24.75812169, 60.24416078], [24.75859295, 60.24457196], [24.75899588, 60.24491571], [24.75938509, 60.24525094], [24.75965326, 60.24549271], [24.75967056, 60.24551645], [24.75970538, 60.2455919], [24.75976743, 60.24584177], [24.75975894, 60.24587113], [24.75971416, 60.24599935], [24.75968064, 60.24609538], [24.75976194, 60.24607371], [24.75981858, 60.24605625], [24.75989635, 60.24602869], [24.75996971, 60.24599831], [24.76003824, 60.24596524], [24.76010157, 60.24592971], [24.76015929, 60.24589189], [24.76021112, 60.24585202], [24.76025674, 60.24581031], [24.76029591, 60.24576701], [24.76030647, 60.24575293], [24.76032319, 60.24572301], [24.76033289, 60.24569233], [24.76033541, 60.24566129]]], [[[24.76659097, 60.24763627], [24.76652494, 60.24762169], [24.76595551, 60.24749602], [24.76527868, 60.24735584], [24.76460749, 60.24721233], [24.7639419, 60.24703603], [24.76332258, 60.24686009], [24.76274219, 60.24669067], [24.7621825, 60.24652764], [24.76172116, 60.24639394], [24.76129028, 60.24627768], [24.76077225, 60.24613035], [24.76050913, 60.24627391], [24.76024684, 60.246417], [24.76075401, 60.24659922], [24.76082725, 60.24662554], [24.76131848, 60.2467659], [24.76178415, 60.24689144], [24.76236817, 60.24702682], [24.76291193, 60.24715878], [24.7629769, 60.24717454], [24.76365509, 60.24731801], [24.76433623, 60.24749493], [24.76501923, 60.24764338], [24.76571113, 60.24779697], [24.76631045, 60.24792493], [24.76632983, 60.24790499], [24.76659097, 60.24763627]]], [[[24.75956422, 60.24580384], [24.75918282, 60.24547372], [24.75877036, 60.2451187], [24.75838074, 60.24478015], [24.75799573, 60.24444809], [24.75756707, 60.24407804], [24.75677271, 60.24477074], [24.75669041, 60.2448425], [24.75685313, 60.24492631], [24.75719882, 60.24510436], [24.7576591, 60.24530874], [24.7577236, 60.24533738], [24.75782021, 60.24538028], [24.75824909, 60.24557073], [24.75868396, 60.2457638], [24.75872056, 60.24578007], [24.75878931, 60.24581058], [24.75890726, 60.24586295], [24.75929154, 60.24603358], [24.75956422, 60.24580384]]]]}, "geometry_name": "geom", "properties": {"id": 215, "kuntanimi": "Espoo", "kaavatun": "VK1002", "kaavanimi": "Laaksonpohjantie", "vtulvuosi": "2022", "netkrostal": 0, "netrivketj": 0, "neterillis": 4349, "netyhteens": 4349, "brutyhteen": 13049}}, {"type": "Feature", "id": "voimaantulleetkaavatmal_2020_2023.fid-7dddb29f_19d8b225a81_1380", "geometry": {"type": "Polygon", "coordinates": [[[24.71350482, 60.24858139], [24.71323491, 60.24870061], [24.71322082, 60.24875118], [24.71296338, 60.24888956], [24.71320534, 60.24902282], [24.71415365, 60.24863799], [24.71397392, 60.24856105], [24.71384698, 60.24852006], [24.71350482, 60.24858139]]]}, "geometry_name": "geom", "properties": {"id": 216, "kuntanimi": "Espoo", "kaavatun": "631103", "kaavanimi": "Kulloonmäentie", "vtulvuosi": "2022", "netkrostal": 0, "netrivketj": 0, "neterillis": 0, "netyhteens": 0, "brutyhteen": 320}}, {"type": "Feature", "id": "voimaantulleetkaavatmal_2020_2023.fid-7dddb29f_19d8b225a81_1381", "geometry": {"type": "Polygon", "coordinates": [[[24.78499645, 60.21506588], [24.78490555, 60.21544696], [24.78489279, 60.21550043], [24.78540333, 60.21595879], [24.78542618, 60.21597929], [24.78547866, 60.21602639], [24.78600667, 60.21608533], [24.78646572, 60.21599696], [24.78637583, 60.21588137], [24.78682187, 60.21584836], [24.78689178, 60.21575596], [24.78669428, 60.21572401], [24.78674448, 60.21564721], [24.78688581, 60.21561099], [24.7869871, 60.21562997], [24.78705662, 60.21569093], [24.78735212, 60.21530033], [24.78761479, 60.21495312], [24.78750706, 60.21454375], [24.78786476, 60.21452045], [24.78766733, 60.21406906], [24.78751048, 60.21407687], [24.78652525, 60.21412709], [24.78583617, 60.21416166], [24.78557562, 60.21417475], [24.78557195, 60.21436558], [24.78556863, 60.21453781], [24.785052, 60.21483301], [24.78499645, 60.21506588]]]}, "geometry_name": "geom", "properties": {"id": 217, "kuntanimi": "Espoo", "kaavatun": "131004", "kaavanimi": "Puistomäki", "vtulvuosi": "2022", "netkrostal": 0, "netrivketj": 0, "neterillis": 650, "netyhteens": 650, "brutyhteen": 650}}, {"type": "Feature", "id": "voimaantulleetkaavatmal_2020_2023.fid-7dddb29f_19d8b225a81_1382", "geometry": {"type": "Polygon", "coordinates": [[[24.79891508, 60.1792531], [24.79867195, 60.17948053], [24.79937786, 60.17957735], [24.79949037, 60.17937632], [24.79937712, 60.17932389], [24.79900779, 60.17916729], [24.79891508, 60.1792531]]]}, "geometry_name": "geom", "properties": {"id": 218, "kuntanimi": "Espoo", "kaavatun": "210102", "kaavanimi": "Tapiolan keskus II A", "vtulvuosi": "2022", "netkrostal": 2150, "netrivketj": 0, "neterillis": 0, "netyhteens": 2150, "brutyhteen": 2150}}, {"type": "Feature", "id": "voimaantulleetkaavatmal_2020_2023.fid-7dddb29f_19d8b225a81_1383", "geometry": {"type": "Polygon", "coordinates": [[[24.78086659, 60.21810217], [24.78308171, 60.2186388], [24.78340437, 60.21830909], [24.78086801, 60.21802969], [24.78081038, 60.21808855], [24.78086659, 60.21810217]]]}, "geometry_name": "geom", "properties": {"id": 219, "kuntanimi": "Espoo", "kaavatun": "132204", "kaavanimi": "Kilonpuisto IA", "vtulvuosi": "2022", "netkrostal": 3750, "netrivketj": 0, "neterillis": 0, "netyhteens": 3750, "brutyhteen": 3750}}, {"type": "Feature", "id": "voimaantulleetkaavatmal_2020_2023.fid-7dddb29f_19d8b225a81_1384", "geometry": {"type": "Polygon", "coordinates": [[[24.59251968, 60.18126187], [24.59247791, 60.18131023], [24.59242176, 60.18138285], [24.59237237, 60.18145668], [24.59232989, 60.18153157], [24.59229437, 60.18160735], [24.59226592, 60.18168386], [24.59224456, 60.18176096], [24.59223038, 60.18183846], [24.59222338, 60.1819162], [24.59222358, 60.18199402], [24.592231, 60.18207175], [24.59224559, 60.18214923], [24.59226734, 60.1822263], [24.5926789, 60.18236515], [24.5929955, 60.18247195], [24.59382373, 60.18275136], [24.59408597, 60.1826301], [24.59410642, 60.18261415], [24.59414682, 60.1825879], [24.59419267, 60.18256397], [24.59498453, 60.18219418], [24.59497109, 60.1821052], [24.59485924, 60.18204908], [24.59365827, 60.18164498], [24.59320785, 60.18149342], [24.59286983, 60.18137968], [24.59269443, 60.18132067], [24.59251968, 60.18126187]]]}, "geometry_name": "geom", "properties": {"id": 220, "kuntanimi": "Espoo", "kaavatun": "521402", "kaavanimi": "Åminnen kartano", "vtulvuosi": "2022", "netkrostal": 0, "netrivketj": -1021, "neterillis": 1184, "netyhteens": 163, "brutyhteen": 1504}}, {"type": "Feature", "id": "voimaantulleetkaavatmal_2020_2023.fid-7dddb29f_19d8b225a81_1385", "geometry": {"type": "Polygon", "coordinates": [[[24.80638764, 60.24241274], [24.80575696, 60.24297675], [24.80690536, 60.24313433], [24.80821948, 60.24332125], [24.80821864, 60.24346559], [24.80835832, 60.2445574], [24.80838332, 60.24458875], [24.80880942, 60.24459339], [24.8087934, 60.2449569], [24.80905371, 60.24502041], [24.81030828, 60.24456506], [24.81076411, 60.24487541], [24.81081742, 60.24487198], [24.81090853, 60.244869], [24.8109068, 60.24434783], [24.81165928, 60.24439769], [24.81235343, 60.24455711], [24.81282152, 60.24426175], [24.81325085, 60.2444463], [24.81367139, 60.24444689], [24.81397811, 60.24429522], [24.81480818, 60.24428753], [24.81581348, 60.24442925], [24.81683517, 60.24452368], [24.81704598, 60.24452216], [24.8178251, 60.24448088], [24.81911938, 60.24436291], [24.82017111, 60.24423154], [24.81996597, 60.24414992], [24.81986103, 60.24399099], [24.81991317, 60.24392413], [24.818416, 60.24420906], [24.81765967, 60.24428], [24.81721956, 60.24321278], [24.81726401, 60.24109515], [24.81708487, 60.2410904], [24.81685919, 60.24108982], [24.81685846, 60.24118639], [24.81663281, 60.24118628], [24.81630469, 60.24118611], [24.81594581, 60.24118699], [24.8158736, 60.24118717], [24.81558717, 60.24118787], [24.81522633, 60.24118502], [24.81487005, 60.24118273], [24.81450883, 60.24118065], [24.8135948, 60.24118124], [24.81342484, 60.24117299], [24.8128833, 60.24117477], [24.81252226, 60.24117595], [24.8121634, 60.24117788], [24.81180504, 60.24117982], [24.81144188, 60.24117506], [24.81103282, 60.24117571], [24.81092625, 60.24116345], [24.81049195, 60.24110596], [24.81005766, 60.24104848], [24.80962414, 60.24099551], [24.80919464, 60.24093293], [24.80891817, 60.24090926], [24.80848033, 60.24085256], [24.80847914, 60.24091801], [24.80845404, 60.24186758], [24.80845416, 60.24192161], [24.80811212, 60.2419317], [24.80773059, 60.24198658], [24.80701172, 60.24210093], [24.80707532, 60.24217527], [24.80638764, 60.24241274]]]}, "geometry_name": "geom", "properties": {"id": 221, "kuntanimi": "Espoo", "kaavatun": "117900", "kaavanimi": "Jääskelä", "vtulvuosi": "2022", "netkrostal": 0, "netrivketj": 0, "neterillis": 14200, "netyhteens": 14200, "brutyhteen": 27811}}, {"type": "Feature", "id": "voimaantulleetkaavatmal_2020_2023.fid-7dddb29f_19d8b225a81_1386", "geometry": {"type": "Polygon", "coordinates": [[[24.93669038, 60.16760774], [24.93711841, 60.16775378], [24.93742418, 60.16753417], [24.93699706, 60.16738747], [24.93669038, 60.16760774]]]}, "geometry_name": "geom", "properties": {"id": 222, "kuntanimi": "Helsinki", "kaavatun": "12667", "kaavanimi": "Kamppi, tontti 67/6, Eerikinkatu 4", "vtulvuosi": "2022", "netkrostal": 265, "netrivketj": 0, "neterillis": 0, "netyhteens": 265, "brutyhteen": 265}}, {"type": "Feature", "id": "voimaantulleetkaavatmal_2020_2023.fid-7dddb29f_19d8b225a81_1387", "geometry": {"type": "Polygon", "coordinates": [[[24.8421963, 60.25777893], [24.84194917, 60.25775612], [24.84170721, 60.25772227], [24.84147241, 60.25767768], [24.84124671, 60.2576227], [24.84103195, 60.25755779], [24.84082991, 60.25748348], [24.84064224, 60.25740038], [24.84047049, 60.25730918], [24.84031607, 60.25721062], [24.84018025, 60.25710552], [24.84006415, 60.25699474], [24.83996871, 60.25687918], [24.83992912, 60.25686324], [24.83912536, 60.25699939], [24.83817525, 60.25716033], [24.83818355, 60.25717578], [24.83680419, 60.25751696], [24.83685101, 60.25757571], [24.83690026, 60.25763398], [24.8369519, 60.25769173], [24.83700593, 60.25774893], [24.83706231, 60.25780558], [24.83712102, 60.25786164], [24.83664474, 60.25799005], [24.83673644, 60.25807251], [24.83683277, 60.25815365], [24.83693366, 60.25823341], [24.83703904, 60.25831173], [24.83714882, 60.25838854], [24.83726291, 60.25846379], [24.83693376, 60.25859423], [24.83739515, 60.25883792], [24.83727729, 60.25889303], [24.83705021, 60.25904624], [24.83771298, 60.25910157], [24.83864107, 60.25909631], [24.84244391, 60.25800814], [24.8421963, 60.25777893]]]}, "geometry_name": "geom", "properties": {"id": 223, "kuntanimi": "Helsinki", "kaavatun": "12540", "kaavanimi": "Kaarela, Honkasuo, korttelit 33428?33429, katu- ja puistoalueet sekä korttelit 33373?33376 ja katu-, puisto- ja lähivirkistysalueet, Honkasuontie", "vtulvuosi": "2022", "netkrostal": 18750, "netrivketj": 0, "neterillis": 0, "netyhteens": 18750, "brutyhteen": 30300}}, {"type": "Feature", "id": "voimaantulleetkaavatmal_2020_2023.fid-7dddb29f_19d8b225a81_1388", "geometry": {"type": "Polygon", "coordinates": [[[24.86654358, 60.18640056], [24.86652403, 60.18637411], [24.86650038, 60.1863485], [24.86647276, 60.18632389], [24.86644135, 60.18630044], [24.86640634, 60.18627829], [24.86636796, 60.18625758], [24.86586596, 60.18600717], [24.86549397, 60.18638167], [24.86565228, 60.1864277], [24.86581436, 60.18647035], [24.86597992, 60.18650954], [24.86614867, 60.1865452], [24.8663203, 60.18657726], [24.86649451, 60.18660568], [24.86650423, 60.18660692], [24.86651413, 60.18660771], [24.86652414, 60.18660805], [24.86653416, 60.18660793], [24.86654413, 60.18660737], [24.86655395, 60.18660636], [24.86656354, 60.1866049], [24.86657283, 60.18660302], [24.86658174, 60.18660073], [24.8665902, 60.18659805], [24.86659813, 60.18659499], [24.86660548, 60.18659159], [24.86661217, 60.18658788], [24.86661816, 60.18658387], [24.8666234, 60.18657961], [24.86662784, 60.18657513], [24.86663144, 60.18657047], [24.86663419, 60.18656567], [24.86663604, 60.18656076], [24.866637, 60.18655579], [24.86663704, 60.1865508], [24.86663618, 60.18654582], [24.86663441, 60.1865409], [24.86663176, 60.18653609], [24.86654358, 60.18640056]]]}, "geometry_name": "geom", "properties": {"id": 224, "kuntanimi": "Helsinki", "kaavatun": "12723", "kaavanimi": "Munkkiniemi, Kuusisaari, tontti 30080/1, Krogiuksentie 1", "vtulvuosi": "2022", "netkrostal": 0, "netrivketj": 153, "neterillis": 0, "netyhteens": 153, "brutyhteen": 699}}, {"type": "Feature", "id": "voimaantulleetkaavatmal_2020_2023.fid-7dddb29f_19d8b225a81_1389", "geometry": {"type": "Polygon", "coordinates": [[[24.92903719, 60.16492235], [24.93120174, 60.16568467], [24.93182229, 60.16525057], [24.93008694, 60.16463947], [24.92977783, 60.16485696], [24.92934658, 60.164705], [24.92903719, 60.16492235]]]}, "geometry_name": "geom", "properties": {"id": 225, "kuntanimi": "Helsinki", "kaavatun": "12687", "kaavanimi": "Kamppi, tontti 75/33, Kottarainen-kortteli", "vtulvuosi": "2022", "netkrostal": 11340, "netrivketj": 0, "neterillis": 0, "netyhteens": 11340, "brutyhteen": 11340}}, {"type": "Feature", "id": "voimaantulleetkaavatmal_2020_2023.fid-7dddb29f_19d8b225a81_138a", "geometry": {"type": "Polygon", "coordinates": [[[24.88347473, 60.23304202], [24.88347225, 60.23300605], [24.88347267, 60.23297007], [24.88347599, 60.23293412], [24.8834822, 60.23289827], [24.8834913, 60.23286257], [24.88350327, 60.23282708], [24.88311287, 60.23283342], [24.88320609, 60.2331203], [24.88339044, 60.23366901], [24.88343107, 60.23378994], [24.88350223, 60.23378403], [24.88374254, 60.23376405], [24.88381423, 60.23373231], [24.88380382, 60.23370132], [24.88453504, 60.23375852], [24.88466659, 60.2338606], [24.88450663, 60.2341645], [24.88487825, 60.2341624], [24.88486678, 60.23415054], [24.88485729, 60.23413825], [24.88484984, 60.23412562], [24.88484449, 60.23411273], [24.88484126, 60.23409967], [24.88484019, 60.23408652], [24.88484127, 60.23407337], [24.88484449, 60.2340603], [24.88484985, 60.23404741], [24.8848573, 60.23403478], [24.88486679, 60.2340225], [24.88487826, 60.23401064], [24.88494149, 60.23395231], [24.88494512, 60.23379054], [24.88495161, 60.23369186], [24.88495446, 60.23359314], [24.88495367, 60.23349441], [24.88494925, 60.2333957], [24.88494118, 60.23329706], [24.88492948, 60.2331985], [24.88433896, 60.23310624], [24.88347473, 60.23304202]]]}, "geometry_name": "geom", "properties": {"id": 226, "kuntanimi": "Helsinki", "kaavatun": "12670", "kaavanimi": "Osittain voimaan tullut asemakaava. Haaga, Laurinmäenkuja 3 sekä Sentnerikuja 2 ja 4", "vtulvuosi": "2022", "netkrostal": 7250, "netrivketj": 0, "neterillis": 0, "netyhteens": 7250, "brutyhteen": 7250}}, {"type": "Feature", "id": "voimaantulleetkaavatmal_2020_2023.fid-7dddb29f_19d8b225a81_138b", "geometry": {"type": "Polygon", "coordinates": [[[25.08303923, 60.24209931], [25.08123435, 60.24257831], [25.0812358, 60.24287456], [25.08324743, 60.2431299], [25.08361709, 60.24251819], [25.08510648, 60.24251635], [25.08510481, 60.24218427], [25.08510427, 60.24207656], [25.08422183, 60.24207765], [25.08401167, 60.24199714], [25.08361451, 60.24199762], [25.08361477, 60.24205148], [25.0834198, 60.24205171], [25.08335382, 60.24205313], [25.08328829, 60.24205721], [25.08322365, 60.24206392], [25.08316031, 60.24207321], [25.0830987, 60.24208504], [25.08303923, 60.24209931]]]}, "geometry_name": "geom", "properties": {"id": 227, "kuntanimi": "Helsinki", "kaavatun": "12552", "kaavanimi": "Mellunkylä, Kontula, tontti 47031/3 ja katualue, Leikkikuja 5.", "vtulvuosi": "2022", "netkrostal": 5000, "netrivketj": 0, "neterillis": 0, "netyhteens": 5000, "brutyhteen": 12200}}, {"type": "Feature", "id": "voimaantulleetkaavatmal_2020_2023.fid-7dddb29f_19d8b225a81_138c", "geometry": {"type": "Polygon", "coordinates": [[[25.02585812, 60.27698639], [25.02570186, 60.27723812], [25.02611636, 60.27730158], [25.02614673, 60.27725268], [25.02636511, 60.27728611], [25.02649289, 60.27708027], [25.02757436, 60.27695568], [25.02752282, 60.27684538], [25.02724828, 60.27680334], [25.02592406, 60.27695589], [25.02591649, 60.27695693], [25.02590913, 60.2769583], [25.02590204, 60.27695998], [25.02589527, 60.27696197], [25.02588887, 60.27696423], [25.02588289, 60.27696676], [25.02587738, 60.27696955], [25.02587238, 60.27697255], [25.02586792, 60.27697577], [25.02586403, 60.27697916], [25.02586076, 60.27698271], [25.02585812, 60.27698639]]]}, "geometry_name": "geom", "properties": {"id": 228, "kuntanimi": "Helsinki", "kaavatun": "12653", "kaavanimi": "Suutarila, Tapulikaupunki, tontti 40134/3 ja katualueet, Tapulikaupungin Kämnerintie.", "vtulvuosi": "2022", "netkrostal": 2650, "netrivketj": 0, "neterillis": 0, "netyhteens": 2650, "brutyhteen": 4300}}, {"type": "Feature", "id": "voimaantulleetkaavatmal_2020_2023.fid-7dddb29f_19d8b225a81_138d", "geometry": {"type": "Polygon", "coordinates": [[[25.04996539, 60.17925564], [25.04991872, 60.17954002], [25.04989012, 60.17966939], [25.04987178, 60.17977917], [25.04984905, 60.17988321], [25.04981577, 60.17998654], [25.04977202, 60.18008891], [25.04971791, 60.18019003], [25.04965358, 60.18028966], [25.04957919, 60.18038754], [25.0494762, 60.18051333], [25.04942492, 60.18058133], [25.0493799, 60.18065014], [25.04883732, 60.18135281], [25.05104109, 60.18150664], [25.05103534, 60.18146786], [25.05102847, 60.18142913], [25.05102047, 60.18139045], [25.05101136, 60.18135184], [25.05100113, 60.18131329], [25.05098978, 60.18127482], [25.05081673, 60.18132852], [25.050743, 60.18132453], [25.05066942, 60.18131993], [25.050596, 60.18131471], [25.05052277, 60.18130889], [25.05044974, 60.18130244], [25.05037694, 60.18129539], [25.050292, 60.18128682], [25.05020864, 60.18127503], [25.05012733, 60.18126009], [25.05004857, 60.18124208], [25.04997282, 60.18122111], [25.04990052, 60.18119731], [25.0498926, 60.18119419], [25.0498853, 60.18119071], [25.04987869, 60.18118692], [25.04987281, 60.18118283], [25.04986773, 60.18117848], [25.04986347, 60.18117392], [25.0498601, 60.18116919], [25.04985762, 60.18116431], [25.04985607, 60.18115934], [25.04985545, 60.18115432], [25.04985578, 60.1811493], [25.04985705, 60.18114431], [25.04985924, 60.1811394], [25.04986235, 60.18113462], [25.05009315, 60.18082853], [25.05009691, 60.18082415], [25.05010143, 60.18081996], [25.05010667, 60.18081598], [25.0501126, 60.18081224], [25.05011917, 60.18080878], [25.05012633, 60.18080563], [25.05013402, 60.1808028], [25.05014218, 60.18080032], [25.05015075, 60.18079821], [25.05015966, 60.18079648], [25.05031891, 60.18058529], [25.05031213, 60.18058208], [25.05030593, 60.18057859], [25.05030036, 60.18057484], [25.05029546, 60.18057087], [25.05029127, 60.1805667], [25.05028782, 60.18056237], [25.05028513, 60.18055791], [25.05028323, 60.18055334], [25.05028213, 60.18054872], [25.05028184, 60.18054406], [25.05028235, 60.18053941], [25.05028367, 60.18053479], [25.05028579, 60.18053025], [25.05028868, 60.18052582], [25.0503367, 60.1804619], [25.05034342, 60.18045358], [25.05035097, 60.18044545], [25.05035932, 60.18043751], [25.05036846, 60.18042979], [25.05037836, 60.18042231], [25.050389, 60.18041508], [25.0504021, 60.18040632], [25.05041457, 60.18039734], [25.05042642, 60.18038815], [25.05043761, 60.18037876], [25.05044815, 60.18036918], [25.05045801, 60.18035943], [25.05055899, 60.18025503], [25.05064771, 60.18005667], [25.05098027, 60.17837654], [25.05098049, 60.17837505], [25.05098095, 60.17837358], [25.05098166, 60.17837212], [25.05098261, 60.1783707], [25.05098379, 60.17836933], [25.0509852, 60.17836801], [25.05098682, 60.17836675], [25.05098865, 60.17836557], [25.05099067, 60.17836446], [25.05099286, 60.17836344], [25.05099522, 60.17836252], [25.05099773, 60.1783617], [25.05100036, 60.17836098], [25.05100311, 60.17836037], [25.05100594, 60.17835989], [25.05100885, 60.17835952], [25.05144279, 60.17831334], [25.05148466, 60.17830914], [25.05152672, 60.17830544], [25.05156895, 60.17830223], [25.05161132, 60.17829953], [25.0516538, 60.17829732], [25.05169638, 60.17829562], [25.05179622, 60.17829222], [25.05185539, 60.1782903], [25.0519146, 60.17828864], [25.05197383, 60.17828723], [25.05203308, 60.17828607], [25.05209235, 60.17828518], [25.05215163, 60.17828454], [25.05220737, 60.17828402], [25.05222342, 60.17828424], [25.05223936, 60.17828518], [25.05225507, 60.17828683], [25.0522704, 60.17828919], [25.05228525, 60.17829224], [25.05229948, 60.17829594], [25.05231297, 60.17830028], [25.05232562, 60.1783052], [25.05233731, 60.17831068], [25.05234796, 60.17831666], [25.05235748, 60.1783231], [25.05236578, 60.17832995], [25.0529497, 60.17831089], [25.05295312, 60.17830325], [25.05456413, 60.17823002], [25.05445667, 60.17796573], [25.05280977, 60.17803939], [25.0523512, 60.17803816], [25.05232892, 60.17803764], [25.0523068, 60.17803621], [25.052285, 60.17803387], [25.05226365, 60.17803065], [25.05224292, 60.17802656], [25.05222292, 60.17802163], [25.05220382, 60.1780159], [25.05218572, 60.17800941], [25.05216877, 60.17800219], [25.05215306, 60.1779943], [25.05213872, 60.17798579], [25.05212583, 60.17797673], [25.05211449, 60.17796716], [25.05210476, 60.17795716], [25.05192384, 60.17796392], [25.05186496, 60.17714819], [25.05167006, 60.17715168], [25.05159209, 60.17711453], [25.05158459, 60.17701054], [25.05083942, 60.1771035], [25.0505521, 60.17653192], [25.05058163, 60.17608968], [25.04950768, 60.17624987], [25.04952824, 60.17629189], [25.0495483, 60.17633398], [25.04956784, 60.17637612], [25.04958687, 60.17641833], [25.0496054, 60.17646059], [25.04962341, 60.1765029], [25.04964791, 60.1765626], [25.04967139, 60.17662241], [25.04969386, 60.17668231], [25.0497153, 60.1767423], [25.04973572, 60.17680238], [25.04975511, 60.17686255], [25.04993222, 60.17742719], [25.04995538, 60.17750102], [25.05002913, 60.17780081], [25.04987479, 60.17814618], [25.05002407, 60.17844804], [25.04993468, 60.17900469], [25.04993354, 60.17913776], [25.04996243, 60.17922201], [25.0499641, 60.17922757], [25.0499653, 60.17923317], [25.04996603, 60.17923878], [25.04996628, 60.1792444], [25.04996607, 60.17925003], [25.04996539, 60.17925564]]]}, "geometry_name": "geom", "properties": {"id": 229, "kuntanimi": "Helsinki", "kaavatun": "12652", "kaavanimi": "Laajasalo, tontti 49036/4, osa korttelia 49039 ja katualueet, muodostuu uusi kortteli 49343. Eteläinen Kuvernöörinkuja 6 ja Laajasalontien katualue", "vtulvuosi": "2022", "netkrostal": 8690, "netrivketj": 0, "neterillis": 0, "netyhteens": 8690, "brutyhteen": 11690}}, {"type": "Feature", "id": "voimaantulleetkaavatmal_2020_2023.fid-7dddb29f_19d8b225a81_138e", "geometry": {"type": "Polygon", "coordinates": [[[25.11145758, 60.23788231], [25.11160483, 60.23877937], [25.11145662, 60.23889804], [25.11185643, 60.23902149], [25.11195275, 60.2389998], [25.1131614, 60.23872772], [25.11353963, 60.23864257], [25.11425496, 60.23848154], [25.11501137, 60.23831125], [25.11530737, 60.23824461], [25.1152329, 60.23816284], [25.11506165, 60.2379748], [25.11446601, 60.23732071], [25.11429476, 60.23713265], [25.11374296, 60.23689361], [25.1131045, 60.23703735], [25.11303873, 60.23705216], [25.11233612, 60.23721034], [25.11195403, 60.23729635], [25.11127771, 60.23718778], [25.11121868, 60.23721431], [25.11141967, 60.23743508], [25.11143473, 60.23744977], [25.11145243, 60.23746372], [25.11147263, 60.2374768], [25.11149516, 60.2374889], [25.11151982, 60.23749993], [25.11154642, 60.23750978], [25.11157473, 60.23751837], [25.1116045, 60.23752564], [25.11163549, 60.23753152], [25.11166743, 60.23753596], [25.11170006, 60.23753892], [25.11173309, 60.23754039], [25.11176626, 60.23754034], [25.11179927, 60.23753877], [25.11183186, 60.23753571], [25.11186375, 60.23753117], [25.11196821, 60.23763671], [25.1116685, 60.23770418], [25.11164028, 60.23771128], [25.11161342, 60.23771959], [25.11158813, 60.23772904], [25.1115646, 60.23773955], [25.11154301, 60.23775105], [25.11152352, 60.23776344], [25.1115063, 60.23777663], [25.11149146, 60.23779052], [25.11147912, 60.237805], [25.11146938, 60.23781997], [25.11146231, 60.2378353], [25.11145797, 60.23785088], [25.11145639, 60.23786659], [25.11145758, 60.23788231]]]}, "geometry_name": "geom", "properties": {"id": 230, "kuntanimi": "Helsinki", "kaavatun": "12421", "kaavanimi": "Mellunkylä, Mellunmäki, tontit 47201/2 ja 3 sekä katu- ja puistoalueet, Ounasvaarantie 2 ja Pallaksentie 1", "vtulvuosi": "2022", "netkrostal": 55900, "netrivketj": 0, "neterillis": 0, "netyhteens": 55900, "brutyhteen": 68700}}, {"type": "Feature", "id": "voimaantulleetkaavatmal_2020_2023.fid-7dddb29f_19d8b225a81_138f", "geometry": {"type": "Polygon", "coordinates": [[[25.10102285, 60.23902605], [25.10096178, 60.2392073], [25.10139241, 60.23934628], [25.10159674, 60.23941222], [25.10179002, 60.23933088], [25.10191231, 60.23934505], [25.10264915, 60.23948563], [25.10333817, 60.2396077], [25.10335531, 60.23961096], [25.10337184, 60.23961492], [25.10338763, 60.23961957], [25.10340258, 60.23962487], [25.10341657, 60.23963078], [25.1034295, 60.23963725], [25.10344128, 60.23964425], [25.10345183, 60.23965171], [25.10346108, 60.2396596], [25.10346894, 60.23966784], [25.10347538, 60.23967639], [25.10348033, 60.23968517], [25.10348378, 60.23969414], [25.10348568, 60.23970321], [25.10348604, 60.23971234], [25.10348483, 60.23972144], [25.10348209, 60.23973046], [25.10347781, 60.23973934], [25.10347204, 60.239748], [25.10346482, 60.23975639], [25.1034562, 60.23976444], [25.10344623, 60.23977211], [25.103435, 60.23977932], [25.10342257, 60.23978604], [25.10340905, 60.23979221], [25.10339453, 60.23979779], [25.10337911, 60.23980273], [25.1033629, 60.23980702], [25.10342315, 60.23989096], [25.10376799, 60.23981101], [25.10395771, 60.23981929], [25.10432837, 60.23976573], [25.10434917, 60.23972225], [25.10527002, 60.23952783], [25.10542785, 60.2394945], [25.10528534, 60.23932763], [25.10569656, 60.2392408], [25.1057224, 60.23923545], [25.10574839, 60.23923028], [25.10577452, 60.2392253], [25.1058008, 60.2392205], [25.1058272, 60.23921588], [25.10585374, 60.23921145], [25.10569693, 60.23889217], [25.10577067, 60.23844575], [25.10499179, 60.23853581], [25.10455088, 60.23835255], [25.10445808, 60.23831399], [25.10402656, 60.2383647], [25.10325003, 60.23825995], [25.10277966, 60.2381965], [25.10271053, 60.23805726], [25.10239043, 60.23782118], [25.1024534, 60.23767375], [25.10222619, 60.23776957], [25.10223749, 60.2377762], [25.10237874, 60.23790248], [25.10200714, 60.2381686], [25.10208704, 60.23833444], [25.10162042, 60.23845241], [25.10140209, 60.23886807], [25.10127041, 60.23890168], [25.10076404, 60.23841133], [25.10040619, 60.23832398], [25.10032816, 60.23846171], [25.09991088, 60.238578], [25.10012733, 60.23880413], [25.10050442, 60.23885694], [25.10057931, 60.23886898], [25.10065213, 60.23888384], [25.10072245, 60.23890142], [25.10078986, 60.23892162], [25.10085398, 60.23894432], [25.10091441, 60.23896939], [25.10097081, 60.23899669], [25.10102285, 60.23902605]]]}, "geometry_name": "geom", "properties": {"id": 231, "kuntanimi": "Helsinki", "kaavatun": "12717", "kaavanimi": "Mellunkylä, Mellunmäki, korttelit 47307 ja 47308 sekä puisto- ja katualueet, Aarteenetsijäntie 2?4.", "vtulvuosi": "2022", "netkrostal": 7500, "netrivketj": 0, "neterillis": 0, "netyhteens": 7500, "brutyhteen": 18900}}, {"type": "Feature", "id": "voimaantulleetkaavatmal_2020_2023.fid-7dddb29f_19d8b225a81_1390", "geometry": {"type": "MultiPolygon", "coordinates": [[[[25.04915325, 60.17837974], [25.04912494, 60.17844341], [25.04923741, 60.17845582], [25.04940639, 60.17870212], [25.04962655, 60.1792751], [25.04873531, 60.1793197], [25.04869244, 60.1794161], [25.04874522, 60.17942191], [25.04960976, 60.17951729], [25.04983879, 60.17954256], [25.04991872, 60.17954002], [25.04996539, 60.17925564], [25.04996607, 60.17925003], [25.04996628, 60.1792444], [25.04996603, 60.17923878], [25.0499653, 60.17923317], [25.0499641, 60.17922757], [25.04996243, 60.17922201], [25.04993354, 60.17913776], [25.04993468, 60.17900469], [25.05002407, 60.17844804], [25.0500205, 60.17844083], [25.0493734, 60.17823418], [25.04936558, 60.17823609], [25.0493581, 60.17823831], [25.049351, 60.17824082], [25.04934433, 60.1782436], [25.04933813, 60.17824665], [25.04933245, 60.17824993], [25.04919509, 60.17833602], [25.04918541, 60.17834258], [25.04917676, 60.17834948], [25.04916917, 60.17835669], [25.0491627, 60.17836417], [25.04915739, 60.17837187], [25.04915325, 60.17837974]]], [[[25.05236578, 60.17832995], [25.05235735, 60.17832316], [25.05234773, 60.17831678], [25.05233702, 60.17831085], [25.0523253, 60.17830541], [25.05231265, 60.17830052], [25.05229917, 60.1782962], [25.05228499, 60.1782925], [25.05227019, 60.17828944], [25.05225491, 60.17828704], [25.05223927, 60.17828533], [25.05222338, 60.17828432], [25.05220737, 60.17828402], [25.05215163, 60.17828454], [25.05209235, 60.17828521], [25.05203308, 60.17828612], [25.05197383, 60.17828728], [25.0519146, 60.17828868], [25.0518554, 60.17829033], [25.05179622, 60.17829222], [25.05169638, 60.17829562], [25.0516538, 60.17829732], [25.05161132, 60.17829953], [25.05156895, 60.17830223], [25.05152672, 60.17830544], [25.05148466, 60.17830914], [25.05144279, 60.17831334], [25.05100885, 60.17835952], [25.05100594, 60.17835989], [25.05100311, 60.17836037], [25.05100036, 60.17836098], [25.05099773, 60.1783617], [25.05099522, 60.17836252], [25.05099286, 60.17836344], [25.05099067, 60.17836446], [25.05098865, 60.17836557], [25.05098682, 60.17836675], [25.0509852, 60.17836801], [25.05098379, 60.17836933], [25.05098261, 60.1783707], [25.05098166, 60.17837212], [25.05098095, 60.17837358], [25.05098049, 60.17837505], [25.05098027, 60.17837654], [25.05064771, 60.18005667], [25.05055899, 60.18025503], [25.05045801, 60.18035943], [25.05044815, 60.18036918], [25.05043761, 60.18037876], [25.05042642, 60.18038815], [25.05041457, 60.18039734], [25.0504021, 60.18040632], [25.050389, 60.18041508], [25.05037836, 60.18042231], [25.05036846, 60.18042979], [25.05035932, 60.18043751], [25.05035097, 60.18044545], [25.05034342, 60.18045358], [25.0503367, 60.1804619], [25.05028868, 60.18052582], [25.05028579, 60.18053025], [25.05028367, 60.18053479], [25.05028235, 60.18053941], [25.05028184, 60.18054406], [25.05028213, 60.18054872], [25.05028323, 60.18055334], [25.05028513, 60.18055791], [25.05028782, 60.18056237], [25.05029127, 60.1805667], [25.05029546, 60.18057087], [25.05030036, 60.18057484], [25.05030593, 60.18057859], [25.05031213, 60.18058208], [25.05031891, 60.18058529], [25.05015966, 60.18079648], [25.05015075, 60.18079821], [25.05014218, 60.18080032], [25.05013402, 60.1808028], [25.05012633, 60.18080563], [25.05011917, 60.18080878], [25.0501126, 60.18081224], [25.05010667, 60.18081598], [25.05010143, 60.18081996], [25.05009691, 60.18082415], [25.05009315, 60.18082853], [25.04986235, 60.18113462], [25.04985924, 60.1811394], [25.04985705, 60.18114431], [25.04985578, 60.1811493], [25.04985545, 60.18115432], [25.04985607, 60.18115934], [25.04985762, 60.18116431], [25.0498601, 60.18116919], [25.04986347, 60.18117392], [25.04986773, 60.18117848], [25.04987281, 60.18118283], [25.04987869, 60.18118692], [25.0498853, 60.18119071], [25.0498926, 60.18119419], [25.04990052, 60.18119731], [25.04997282, 60.18122111], [25.05004857, 60.18124208], [25.05012733, 60.18126009], [25.05020864, 60.18127503], [25.050292, 60.18128682], [25.05037694, 60.18129539], [25.05044974, 60.18130244], [25.05052277, 60.18130889], [25.050596, 60.18131471], [25.05066942, 60.18131993], [25.050743, 60.18132453], [25.05081673, 60.18132852], [25.05098978, 60.18127482], [25.05096762, 60.18121528], [25.05095085, 60.18115531], [25.05093952, 60.18109503], [25.05093363, 60.18103455], [25.05093322, 60.180974], [25.05093827, 60.18091351], [25.0509396, 60.18090735], [25.05094199, 60.18090127], [25.05094543, 60.18089531], [25.05094988, 60.18088953], [25.05095532, 60.18088396], [25.0509617, 60.18087864], [25.05096897, 60.18087362], [25.05097709, 60.18086893], [25.05098599, 60.1808646], [25.05099561, 60.18086067], [25.05100587, 60.18085717], [25.0510167, 60.18085412], [25.05102801, 60.18085155], [25.05103973, 60.18084948], [25.05105176, 60.18084791], [25.05106402, 60.18084687], [25.05107642, 60.18084636], [25.05108885, 60.18084638], [25.05110124, 60.18084693], [25.05111348, 60.18084802], [25.05167631, 60.18091048], [25.0525909, 60.18101196], [25.05264968, 60.18088054], [25.05205168, 60.18081419], [25.05187588, 60.18071192], [25.05203652, 60.18035274], [25.05229003, 60.17978587], [25.05280008, 60.17984246], [25.05290525, 60.17960727], [25.05239521, 60.17955068], [25.05247358, 60.17937547], [25.0528096, 60.17862417], [25.0529497, 60.17831089], [25.05236578, 60.17832995]]], [[[25.05173685, 60.17715048], [25.05158977, 60.1770823], [25.05159209, 60.17711453], [25.05167006, 60.17715168], [25.05173685, 60.17715048]]]]}, "geometry_name": "geom", "properties": {"id": 232, "kuntanimi": "Helsinki", "kaavatun": "12430", "kaavanimi": "Laajasalo, Yliskylä, tontit 49034/2, 3 ja 4, osa tonttia 49036/4, osa korttelia 49039 sekä katu- ja virkistysalueet, muodostuu uusi kortteli 49024, Laajasalon kauppakeskuksen alue.", "vtulvuosi": "2022", "netkrostal": 29980, "netrivketj": 0, "neterillis": 0, "netyhteens": 29980, "brutyhteen": 29980}}, {"type": "Feature", "id": "voimaantulleetkaavatmal_2020_2023.fid-7dddb29f_19d8b225a81_1391", "geometry": {"type": "Polygon", "coordinates": [[[24.88566558, 60.16416194], [24.88594021, 60.16411393], [24.88620959, 60.16405903], [24.88647302, 60.16399737], [24.88672981, 60.16392911], [24.8869793, 60.16385442], [24.88722085, 60.16377352], [24.8874565, 60.16369487], [24.88674108, 60.16317884], [24.88651836, 60.16325681], [24.88544509, 60.16388278], [24.88566558, 60.16416194]]]}, "geometry_name": "geom", "properties": {"id": 233, "kuntanimi": "Helsinki", "kaavatun": "12640", "kaavanimi": "Lauttasaari, Kotkavuori, tontti 31024/5, Pohjoiskaari 34?38.", "vtulvuosi": "2022", "netkrostal": 5040, "netrivketj": 0, "neterillis": 0, "netyhteens": 5040, "brutyhteen": 5040}}, {"type": "Feature", "id": "voimaantulleetkaavatmal_2020_2023.fid-7dddb29f_19d8b225a81_1392", "geometry": {"type": "Polygon", "coordinates": [[[24.88697735, 60.24133845], [24.88708886, 60.24115855], [24.88720539, 60.24097945], [24.88732692, 60.24080117], [24.88745342, 60.24062374], [24.88758487, 60.24044721], [24.88772125, 60.2402716], [24.88732761, 60.24019753], [24.88724191, 60.24025889], [24.88714518, 60.24031605], [24.88703824, 60.24036852], [24.88692201, 60.24041586], [24.88679748, 60.24045765], [24.88666572, 60.24049355], [24.88619242, 60.24060868], [24.88697735, 60.24133845]]]}, "geometry_name": "geom", "properties": {"id": 234, "kuntanimi": "Helsinki", "kaavatun": "12275", "kaavanimi": "Kaarela, Kannelmäki, tontti 33130/2, Kantelettarentie 9", "vtulvuosi": "2022", "netkrostal": 1200, "netrivketj": 0, "neterillis": 0, "netyhteens": 1200, "brutyhteen": 3550}}, {"type": "Feature", "id": "voimaantulleetkaavatmal_2020_2023.fid-7dddb29f_19d8b225a81_1393", "geometry": {"type": "Polygon", "coordinates": [[[25.11546878, 60.19490785], [25.11534868, 60.19493532], [25.11523289, 60.19496704], [25.11512203, 60.19500287], [25.11501669, 60.19504261], [25.1149174, 60.19508604], [25.11482471, 60.19513295], [25.11436434, 60.1953835], [25.1141342, 60.19549713], [25.11388299, 60.1955991], [25.11361309, 60.19568844], [25.11332704, 60.19576432], [25.11302754, 60.19582602], [25.11271743, 60.19587295], [25.11275701, 60.19595129], [25.11276023, 60.19595096], [25.1127635, 60.19595078], [25.11276678, 60.19595075], [25.11277005, 60.19595087], [25.11277329, 60.19595114], [25.11277647, 60.19595155], [25.11277956, 60.1959521], [25.11278254, 60.1959528], [25.11278537, 60.19595362], [25.11278805, 60.19595457], [25.11279054, 60.19595563], [25.11279282, 60.19595681], [25.11279488, 60.19595808], [25.1127967, 60.19595944], [25.11279827, 60.19596088], [25.11279956, 60.19596238], [25.11288135, 60.19607073], [25.11289187, 60.19608296], [25.11290456, 60.19609468], [25.1129193, 60.19610578], [25.11293599, 60.19611617], [25.11295448, 60.19612578], [25.11297463, 60.19613453], [25.11299628, 60.19614233], [25.11301925, 60.19614914], [25.11468659, 60.19659416], [25.11470849, 60.19659944], [25.11473119, 60.19660381], [25.11475453, 60.19660725], [25.11477836, 60.19660972], [25.11480252, 60.19661122], [25.11482684, 60.19661173], [25.11485116, 60.19661124], [25.11487532, 60.19660977], [25.11489916, 60.19660732], [25.11492251, 60.19660391], [25.11571436, 60.19647044], [25.11579123, 60.19647434], [25.11580218, 60.19642076], [25.11581393, 60.19636328], [25.11561071, 60.19635298], [25.11574629, 60.19568991], [25.11615062, 60.19556684], [25.11564677, 60.19515651], [25.1155311, 60.19498243], [25.11546878, 60.19490785]]]}, "geometry_name": "geom", "properties": {"id": 235, "kuntanimi": "Helsinki", "kaavatun": "12671", "kaavanimi": "Vuosaari, Meri-Rastila, tontit 54350/2 ja 3 sekä katu- ja puistoalueet, Furuborginkatu 6 ja 8", "vtulvuosi": "2022", "netkrostal": 1515, "netrivketj": 0, "neterillis": 0, "netyhteens": 1515, "brutyhteen": 4575}}, {"type": "Feature", "id": "voimaantulleetkaavatmal_2020_2023.fid-7dddb29f_19d8b225a81_1394", "geometry": {"type": "MultiPolygon", "coordinates": [[[[24.9282834, 60.23814925], [24.92831771, 60.23806271], [24.92836536, 60.23793927], [24.92845392, 60.2377163], [24.92782109, 60.23764516], [24.92771883, 60.23787011], [24.9276631, 60.23799267], [24.92814428, 60.23804415], [24.92815935, 60.23804611], [24.92817402, 60.2380487], [24.92818819, 60.23805191], [24.92820175, 60.23805572], [24.9282146, 60.23806009], [24.92822665, 60.238065], [24.92823779, 60.23807041], [24.92824796, 60.23807627], [24.92825708, 60.23808255], [24.92826507, 60.2380892], [24.92827188, 60.23809616], [24.92827746, 60.23810339], [24.92828177, 60.23811083], [24.92828477, 60.23811843], [24.92828644, 60.23812613], [24.92828677, 60.23813387], [24.92828575, 60.2381416], [24.9282834, 60.23814925]]], [[[24.92474006, 60.24505592], [24.92476744, 60.24498703], [24.92481338, 60.24487261], [24.92488683, 60.2446904], [24.92502355, 60.24433873], [24.92423783, 60.24425305], [24.92418816, 60.24437751], [24.92407759, 60.24460104], [24.92400436, 60.24478562], [24.92395962, 60.24489839], [24.92436244, 60.24494259], [24.92462948, 60.24497189], [24.92464149, 60.24497348], [24.92465317, 60.24497558], [24.92466445, 60.24497816], [24.92467524, 60.24498122], [24.92468547, 60.24498473], [24.92469504, 60.24498867], [24.92470391, 60.24499299], [24.92471199, 60.24499768], [24.92471923, 60.2450027], [24.92472558, 60.24500801], [24.92473098, 60.24501357], [24.92473541, 60.24501934], [24.92473882, 60.24502528], [24.92474119, 60.24503134], [24.92474251, 60.24503748], [24.92474276, 60.24504366], [24.92474194, 60.24504982], [24.92474006, 60.24505592]]], [[[24.92577319, 60.2439745], [24.92576123, 60.24397289], [24.92574959, 60.24397078], [24.92573836, 60.24396818], [24.92572762, 60.24396511], [24.92571744, 60.24396159], [24.92570791, 60.24395766], [24.9256991, 60.24395333], [24.92569106, 60.24394864], [24.92568386, 60.24394363], [24.92567755, 60.24393833], [24.92567217, 60.24393278], [24.92566778, 60.24392702], [24.92566439, 60.2439211], [24.92566204, 60.24391505], [24.92566074, 60.24390892], [24.92566049, 60.24390277], [24.92566131, 60.24389662], [24.92566319, 60.24389053], [24.925635, 60.24395905], [24.9255983, 60.24405384], [24.92557242, 60.24411899], [24.92543383, 60.24446777], [24.92598921, 60.2445223], [24.92608564, 60.24430923], [24.92617537, 60.24411099], [24.92621798, 60.24402423], [24.92577319, 60.2439745]]], [[[24.92615824, 60.24294881], [24.92614928, 60.24294759], [24.92614056, 60.24294599], [24.92613214, 60.24294403], [24.9261241, 60.24294171], [24.92611649, 60.24293906], [24.92610936, 60.2429361], [24.92610276, 60.24293285], [24.92609675, 60.24292932], [24.92609138, 60.24292555], [24.92608667, 60.24292157], [24.92608266, 60.2429174], [24.92607939, 60.24291308], [24.92607688, 60.24290863], [24.92607514, 60.24290409], [24.92607419, 60.24289949], [24.92607404, 60.24289488], [24.92607469, 60.24289027], [24.92607612, 60.2428857], [24.92605524, 60.2429371], [24.9260157, 60.24303375], [24.92598609, 60.24310572], [24.92576447, 60.24364435], [24.92636301, 60.24371128], [24.92642983, 60.24356771], [24.92664583, 60.24310191], [24.92668545, 60.24300856], [24.92615824, 60.24294881]]]]}, "geometry_name": "geom", "properties": {"id": 236, "kuntanimi": "Helsinki", "kaavatun": "12631", "kaavanimi": "Kokonaan voimaan tullut asemakaava. Pakila, Länsi-Pakila, tontit 34083/23, 34145/21, 34154/30, 34155/11 ja 12 sekä katualueet, Pakilantie 54, 71, 76, 77 ja 78", "vtulvuosi": "2022", "netkrostal": 1500, "netrivketj": 0, "neterillis": 0, "netyhteens": 1500, "brutyhteen": 1500}}, {"type": "Feature", "id": "voimaantulleetkaavatmal_2020_2023.fid-7dddb29f_19d8b225a81_1395", "geometry": {"type": "Polygon", "coordinates": [[[24.94181186, 60.1640469], [24.94199586, 60.16391528], [24.94146687, 60.16373224], [24.94128231, 60.16386364], [24.94181186, 60.1640469]]]}, "geometry_name": "geom", "properties": {"id": 237, "kuntanimi": "Helsinki", "kaavatun": "12746", "kaavanimi": "Punavuori, tontti 88/21, Annankatu 7", "vtulvuosi": "2022", "netkrostal": 1750, "netrivketj": 0, "neterillis": 0, "netyhteens": 1750, "brutyhteen": 1750}}, {"type": "Feature", "id": "voimaantulleetkaavatmal_2020_2023.fid-7dddb29f_19d8b225a81_1396", "geometry": {"type": "Polygon", "coordinates": [[[25.11885573, 60.19640469], [25.11884474, 60.19640918], [25.11883307, 60.19641322], [25.1188208, 60.1964168], [25.11880799, 60.19641988], [25.11879474, 60.19642246], [25.11878113, 60.1964245], [25.11876723, 60.196426], [25.11875313, 60.19642695], [25.11847339, 60.19644029], [25.1181953, 60.19645355], [25.11777573, 60.19647355], [25.11720139, 60.19685798], [25.11715066, 60.19690554], [25.11696464, 60.19707993], [25.11787165, 60.19731972], [25.11777256, 60.19737359], [25.11790553, 60.19743421], [25.11800421, 60.19746029], [25.11845566, 60.19757964], [25.1195599, 60.19835307], [25.11970687, 60.19830108], [25.12115794, 60.19778778], [25.1208397, 60.19766995], [25.12116247, 60.1974539], [25.12122702, 60.19741069], [25.12096247, 60.19731273], [25.12046684, 60.19708045], [25.12024925, 60.19699988], [25.12030258, 60.19696418], [25.11897427, 60.19647231], [25.11885573, 60.19640469]]]}, "geometry_name": "geom", "properties": {"id": 238, "kuntanimi": "Helsinki", "kaavatun": "12672", "kaavanimi": "Vuosaari, Meri-Rastila, tontti 54244/1 sekä katu- ja lähivirkistysalueet, Pärnunkatu 6", "vtulvuosi": "2022", "netkrostal": 2629, "netrivketj": 0, "neterillis": 0, "netyhteens": 2629, "brutyhteen": 6500}}, {"type": "Feature", "id": "voimaantulleetkaavatmal_2020_2023.fid-7dddb29f_19d8b225a81_1397", "geometry": {"type": "Polygon", "coordinates": [[[24.85273098, 60.23543067], [24.85273086, 60.2354262], [24.85273, 60.23542175], [24.8527284, 60.23541735], [24.85272607, 60.23541303], [24.85272302, 60.23540882], [24.85271929, 60.23540476], [24.85271489, 60.23540086], [24.85270985, 60.23539715], [24.85270422, 60.23539367], [24.85269802, 60.23539043], [24.8526913, 60.23538746], [24.85268411, 60.23538477], [24.85267649, 60.23538239], [24.85266851, 60.23538033], [24.85266021, 60.23537861], [24.85265165, 60.23537724], [24.85264289, 60.23537623], [24.852634, 60.23537558], [24.85262502, 60.2353753], [24.85261603, 60.23537539], [24.85148542, 60.23541018], [24.85141455, 60.23541318], [24.85134403, 60.23541781], [24.85127401, 60.23542406], [24.85120466, 60.23543192], [24.85113611, 60.23544137], [24.85106852, 60.23545239], [24.85102788, 60.23545986], [24.85098768, 60.2354679], [24.85094795, 60.2354765], [24.85090872, 60.23548566], [24.85087003, 60.23549536], [24.85083191, 60.2355056], [24.85024298, 60.23566919], [24.85021982, 60.23567636], [24.85019813, 60.23568458], [24.85017809, 60.23569379], [24.85015988, 60.23570389], [24.85014368, 60.2357148], [24.85012961, 60.23572642], [24.85011782, 60.23573865], [24.85010839, 60.23575138], [24.8500514, 60.23584125], [24.85002246, 60.2358846], [24.84999093, 60.2359275], [24.84995683, 60.23596992], [24.84992019, 60.2360118], [24.84988105, 60.23605313], [24.84983944, 60.23609385], [24.85103072, 60.23611077], [24.85189675, 60.23612307], [24.85269061, 60.23613433], [24.85273098, 60.23543067]]]}, "geometry_name": "geom", "properties": {"id": 239, "kuntanimi": "Helsinki", "kaavatun": "12616", "kaavanimi": "Konala, tontit 32016/1?3, Kolsarintie 7?11", "vtulvuosi": "2022", "netkrostal": 2450, "netrivketj": 0, "neterillis": 0, "netyhteens": 2450, "brutyhteen": 6950}}, {"type": "Feature", "id": "voimaantulleetkaavatmal_2020_2023.fid-7dddb29f_19d8b225a81_1398", "geometry": {"type": "Polygon", "coordinates": [[[24.84613305, 60.23877189], [24.84531672, 60.23863572], [24.84331306, 60.23863457], [24.84128404, 60.23898645], [24.84253023, 60.24063211], [24.84269714, 60.24058747], [24.84285662, 60.24053657], [24.84300774, 60.2404797], [24.84314958, 60.24041721], [24.8432813, 60.24034946], [24.84340212, 60.24027687], [24.84347205, 60.24023275], [24.8435446, 60.24018969], [24.8436197, 60.24014773], [24.84369727, 60.2401069], [24.84377726, 60.24006723], [24.8438596, 60.24002877], [24.84535393, 60.23935122], [24.84552164, 60.23926878], [24.84567544, 60.23917988], [24.84581433, 60.23908511], [24.84593741, 60.23898508], [24.84604388, 60.23888045], [24.84613305, 60.23877189]]]}, "geometry_name": "geom", "properties": {"id": 240, "kuntanimi": "Helsinki", "kaavatun": "12665", "kaavanimi": "Konalan Konalankuja 1-5 asemakaavan muuttaminen", "vtulvuosi": "2022", "netkrostal": 40680, "netrivketj": 0, "neterillis": 0, "netyhteens": 40680, "brutyhteen": 40680}}, {"type": "Feature", "id": "voimaantulleetkaavatmal_2020_2023.fid-7dddb29f_19d8b225a81_1399", "geometry": {"type": "Polygon", "coordinates": [[[24.85092352, 60.23006091], [24.8509227, 60.23058642], [24.85178934, 60.23083942], [24.85314521, 60.23084282], [24.85314622, 60.23035104], [24.85245629, 60.23027027], [24.85201428, 60.22989282], [24.85191772, 60.22991248], [24.85193529, 60.22993383], [24.85144403, 60.22999532], [24.85092352, 60.23006091]]]}, "geometry_name": "geom", "properties": {"id": 241, "kuntanimi": "Helsinki", "kaavatun": "12743", "kaavanimi": "Pitäjänmäen Kokkokalliontie 9:n asemakaavan muuttaminen", "vtulvuosi": "2022", "netkrostal": 990, "netrivketj": 0, "neterillis": 0, "netyhteens": 990, "brutyhteen": 7270}}, {"type": "Feature", "id": "voimaantulleetkaavatmal_2020_2023.fid-7dddb29f_19d8b225a81_139a", "geometry": {"type": "Polygon", "coordinates": [[[24.99889516, 60.26919632], [24.9991463, 60.26924289], [24.99921627, 60.26915851], [24.99931716, 60.26903687], [24.9994225, 60.26890985], [24.99948928, 60.26882931], [24.99836731, 60.26862354], [24.998198, 60.2688316], [24.99803123, 60.26903611], [24.99889516, 60.26919632]]]}, "geometry_name": "geom", "properties": {"id": 242, "kuntanimi": "Helsinki", "kaavatun": "12719", "kaavanimi": "Tapaninkylä, korttelin 39359 tontit 4 ja 5, Himmelitie 9 ja 11", "vtulvuosi": "2022", "netkrostal": 0, "netrivketj": 0, "neterillis": 656, "netyhteens": 656, "brutyhteen": 1312}}, {"type": "Feature", "id": "voimaantulleetkaavatmal_2020_2023.fid-7dddb29f_19d8b225a81_139b", "geometry": {"type": "Polygon", "coordinates": [[[24.87290056, 60.18877039], [24.87290638, 60.18875816], [24.87290858, 60.18875356], [24.87291893, 60.18870303], [24.87292751, 60.18869278], [24.87291975, 60.18867939], [24.87280355, 60.18863071], [24.87267109, 60.18856906], [24.87252227, 60.18848664], [24.87243732, 60.18844682], [24.87221736, 60.18833149], [24.87219834, 60.18825595], [24.87216251, 60.18823121], [24.87209933, 60.18821681], [24.87200711, 60.18821271], [24.87197392, 60.18819896], [24.87191825, 60.18816465], [24.87185529, 60.18813176], [24.87179967, 60.18812892], [24.87133923, 60.18776258], [24.87101282, 60.18786278], [24.8709331, 60.18886776], [24.87137353, 60.1888934], [24.87201033, 60.18893047], [24.87207002, 60.18839577], [24.87215535, 60.18843988], [24.87224068, 60.18848399], [24.87267173, 60.1887068], [24.872704, 60.18872191], [24.87273908, 60.18873538], [24.87277666, 60.18874706], [24.87281635, 60.18875685], [24.87285779, 60.18876465], [24.87290056, 60.18877039]]]}, "geometry_name": "geom", "properties": {"id": 243, "kuntanimi": "Helsinki", "kaavatun": "12768", "kaavanimi": "Munkkiniemi, Vanha Munkkiniemi, tontti 30045/1, katu-, vesi- ja puistoalueita, Kärkitie 9", "vtulvuosi": "2022", "netkrostal": 0, "netrivketj": 0, "neterillis": 330, "netyhteens": 330, "brutyhteen": 630}}, {"type": "Feature", "id": "voimaantulleetkaavatmal_2020_2023.fid-7dddb29f_19d8b225a81_139c", "geometry": {"type": "Polygon", "coordinates": [[[24.97380105, 60.21036114], [24.97482291, 60.21017538], [24.97454533, 60.20985865], [24.97540496, 60.20967207], [24.97517423, 60.2094088], [24.974136, 60.20901811], [24.97256554, 60.20935896], [24.97380105, 60.21036114]]]}, "geometry_name": "geom", "properties": {"id": 244, "kuntanimi": "Helsinki", "kaavatun": "12733", "kaavanimi": "Toukola, tontti 905/3, Damaskuksentie 4", "vtulvuosi": "2022", "netkrostal": 3960, "netrivketj": 0, "neterillis": 0, "netyhteens": 3960, "brutyhteen": 8880}}, {"type": "Feature", "id": "voimaantulleetkaavatmal_2020_2023.fid-7dddb29f_19d8b225a81_139d", "geometry": {"type": "Polygon", "coordinates": [[[24.92728456, 60.23242541], [24.92724629, 60.23247764], [24.92720172, 60.23252862], [24.92715101, 60.23257815], [24.92709435, 60.23262607], [24.92703195, 60.23267219], [24.92696403, 60.23271633], [24.92667033, 60.23289569], [24.92628466, 60.2331312], [24.92627493, 60.23313772], [24.92626643, 60.23314466], [24.92625922, 60.23315195], [24.92625336, 60.23315953], [24.92624891, 60.23316734], [24.9262459, 60.23317532], [24.92624435, 60.23318341], [24.92624428, 60.23319153], [24.92624568, 60.23319962], [24.92624855, 60.23320762], [24.92625286, 60.23321545], [24.92625857, 60.23322306], [24.92626565, 60.23323038], [24.92627402, 60.23323735], [24.92628363, 60.23324392], [24.9262944, 60.23325002], [24.92630623, 60.23325562], [24.92631903, 60.23326067], [24.92633269, 60.23326512], [24.92634711, 60.23326893], [24.92642683, 60.23328613], [24.92650874, 60.23330057], [24.92659244, 60.23331217], [24.92667756, 60.23332088], [24.92676368, 60.23332667], [24.92685039, 60.23332949], [24.92896677, 60.23336214], [24.92906304, 60.23336142], [24.92915877, 60.2333563], [24.92925316, 60.23334683], [24.92934539, 60.23333309], [24.9294347, 60.2333152], [24.92952032, 60.23329329], [24.92960153, 60.23326757], [24.92967765, 60.23323825], [24.92973094, 60.23275627], [24.92900291, 60.23244833], [24.92822701, 60.23235007], [24.92728456, 60.23242541]]]}, "geometry_name": "geom", "properties": {"id": 245, "kuntanimi": "Helsinki", "kaavatun": "12748", "kaavanimi": "Oulunkylä, Maunula, tontit 28220/1 ja 3, Lampuotilantie 34 ja 36.", "vtulvuosi": "2022", "netkrostal": 6560, "netrivketj": 0, "neterillis": 0, "netyhteens": 6560, "brutyhteen": 15460}}, {"type": "Feature", "id": "voimaantulleetkaavatmal_2020_2023.fid-7dddb29f_19d8b225a81_139e", "geometry": {"type": "Polygon", "coordinates": [[[24.92620551, 60.16640235], [24.92551084, 60.1664954], [24.92580731, 60.16706442], [24.92650071, 60.16697286], [24.92620551, 60.16640235]]]}, "geometry_name": "geom", "properties": {"id": 246, "kuntanimi": "Helsinki", "kaavatun": "12658", "kaavanimi": "Kamppi, tontti 164/6, Lapinlahdenkatu 8", "vtulvuosi": "2022", "netkrostal": 1293, "netrivketj": 0, "neterillis": 0, "netyhteens": 1293, "brutyhteen": 6645}}, {"type": "Feature", "id": "voimaantulleetkaavatmal_2020_2023.fid-7dddb29f_19d8b225a81_139f", "geometry": {"type": "Polygon", "coordinates": [[[24.99045319, 60.24281977], [24.99036918, 60.24280707], [24.9902832, 60.24279823], [24.99019596, 60.24279332], [24.99010818, 60.24279237], [24.99002058, 60.2427954], [24.98993391, 60.24280237], [24.98984887, 60.24281324], [24.98976617, 60.24282791], [24.98968651, 60.24284626], [24.98961052, 60.24286813], [24.98953886, 60.24289335], [24.98947211, 60.24292171], [24.98941083, 60.24295297], [24.98935552, 60.24298687], [24.98898013, 60.24323957], [24.98901267, 60.24325183], [24.98902736, 60.24325774], [24.98904095, 60.24326427], [24.98905334, 60.24327137], [24.98906445, 60.24327897], [24.98907417, 60.24328702], [24.98908245, 60.24329547], [24.98908922, 60.24330424], [24.98909443, 60.24331328], [24.98909803, 60.2433225], [24.9891, 60.24333184], [24.98910032, 60.24334124], [24.989099, 60.24335061], [24.98909604, 60.24335989], [24.98909146, 60.243369], [24.9890853, 60.24337789], [24.98907761, 60.24338647], [24.98906844, 60.24339469], [24.98905787, 60.24340247], [24.98789693, 60.24418196], [24.98752772, 60.24446001], [24.98753804, 60.2444537], [24.98754946, 60.24444788], [24.9875619, 60.2444426], [24.98757525, 60.2444379], [24.9875894, 60.24443382], [24.98760423, 60.24443039], [24.98761963, 60.24442765], [24.98763546, 60.24442561], [24.98765161, 60.24442429], [24.98766792, 60.2444237], [24.98768427, 60.24442385], [24.98770054, 60.24442473], [24.98771657, 60.24442634], [24.98773224, 60.24442867], [24.98774743, 60.24443169], [24.987762, 60.24443538], [24.98777584, 60.24443971], [24.98778884, 60.24444465], [24.98835721, 60.24468445], [24.98848094, 60.24460359], [24.98857217, 60.24464135], [24.98865989, 60.24468111], [24.98874392, 60.24472279], [24.98882409, 60.24476631], [24.98890023, 60.24481159], [24.9889722, 60.24485852], [24.98901424, 60.24488832], [24.98902266, 60.244884], [24.98903112, 60.2448797], [24.98903962, 60.24487542], [24.98904816, 60.24487117], [24.98905674, 60.24486692], [24.98906536, 60.2448627], [24.99011327, 60.24430762], [24.99017939, 60.24426489], [24.99092742, 60.24376522], [24.99118819, 60.24386169], [24.99133364, 60.2437645], [24.99129493, 60.24365507], [24.9915776, 60.24346621], [24.99251357, 60.24376537], [24.99261986, 60.24378457], [24.99287372, 60.2434032], [24.99307748, 60.24343992], [24.99310585, 60.2433973], [24.99378505, 60.24351969], [24.99375668, 60.24356231], [24.99389634, 60.24358747], [24.99405391, 60.2434323], [24.99403755, 60.24343432], [24.99402092, 60.2434357], [24.99400413, 60.24343644], [24.99398727, 60.24343652], [24.99397045, 60.24343595], [24.99395376, 60.24343473], [24.99393733, 60.24343287], [24.99392123, 60.24343039], [24.99282357, 60.24323713], [24.99252575, 60.2431847], [24.99192162, 60.24307833], [24.9912239, 60.24295548], [24.99090907, 60.24290004], [24.99051767, 60.24283112], [24.99045319, 60.24281977]], [[24.98961432, 60.24307351], [24.98965067, 60.24305128], [24.98969094, 60.24303079], [24.98973481, 60.2430122], [24.98978189, 60.24299568], [24.98983181, 60.24298136], [24.98988415, 60.24296937], [24.98993847, 60.24295979], [24.98999431, 60.24295271], [24.99005122, 60.24294819], [24.99010872, 60.24294627], [24.99016634, 60.24294696], [24.99022359, 60.24295026], [24.99028, 60.24295614], [24.99033509, 60.24296454], [24.99154068, 60.24317888], [24.99154919, 60.2431806], [24.99155738, 60.24318267], [24.99156519, 60.24318508], [24.99157255, 60.24318781], [24.99157943, 60.24319084], [24.99158576, 60.24319415], [24.99159151, 60.24319772], [24.99159663, 60.24320151], [24.99160108, 60.24320551], [24.99160484, 60.24320968], [24.99160787, 60.24321399], [24.99161016, 60.24321842], [24.99161168, 60.24322292], [24.99161243, 60.24322747], [24.9916124, 60.24323204], [24.99161159, 60.24323659], [24.99161001, 60.24324109], [24.99160767, 60.24324551], [24.99160458, 60.24324982], [24.99160077, 60.24325397], [24.99159627, 60.24325795], [24.9915911, 60.24326173], [24.99012619, 60.2442403], [24.98910948, 60.24386561], [24.98907102, 60.2438235], [24.98870123, 60.24368722], [24.98961432, 60.24307351]]]}, "geometry_name": "geom", "properties": {"id": 247, "kuntanimi": "Helsinki", "kaavatun": "12706", "kaavanimi": "Osittain voimaan tullut asemakaava: Pukinmäki, Säterinportti 3, Säterintie 7 ja 9, Madetojankuja 1 sekä Karhusuontie 12", "vtulvuosi": "2022", "netkrostal": 5378, "netrivketj": 0, "neterillis": 0, "netyhteens": 5378, "brutyhteen": 5378}}, {"type": "Feature", "id": "voimaantulleetkaavatmal_2020_2023.fid-7dddb29f_19d8b225a81_13a0", "geometry": {"type": "MultiPolygon", "coordinates": [[[[24.96795341, 60.2315054], [24.96796927, 60.23157295], [24.96797573, 60.23164088], [24.96797278, 60.23170887], [24.96796042, 60.2317766], [24.96793872, 60.23184375], [24.96790778, 60.23190999], [24.96876386, 60.23203334], [24.96898485, 60.23165403], [24.9693186, 60.23108113], [24.96931974, 60.23107878], [24.96932045, 60.23107639], [24.96932073, 60.23107398], [24.96932057, 60.23107156], [24.96931998, 60.23106916], [24.96931896, 60.2310668], [24.96931752, 60.2310645], [24.96931567, 60.23106226], [24.96931342, 60.23106012], [24.9693108, 60.23105809], [24.96930782, 60.23105618], [24.9693045, 60.23105441], [24.96930089, 60.2310528], [24.969297, 60.23105135], [24.96929286, 60.23105009], [24.96928851, 60.23104901], [24.96928398, 60.23104814], [24.96927932, 60.23104746], [24.96927455, 60.231047], [24.96926972, 60.23104675], [24.96926486, 60.23104672], [24.96926002, 60.23104691], [24.96787336, 60.23113125], [24.96786577, 60.23113187], [24.96785831, 60.23113282], [24.96785105, 60.23113407], [24.96784402, 60.23113564], [24.96783729, 60.23113749], [24.9678309, 60.23113962], [24.9678249, 60.23114201], [24.96781933, 60.23114465], [24.96781423, 60.23114752], [24.96780965, 60.23115059], [24.9678056, 60.23115384], [24.96780213, 60.23115726], [24.96779925, 60.23116081], [24.96779699, 60.23116447], [24.96779537, 60.23116821], [24.9677944, 60.231172], [24.96779407, 60.23117582], [24.96779441, 60.23117965], [24.9677954, 60.23118344], [24.96779703, 60.23118718], [24.96791093, 60.23140308], [24.96791952, 60.23141997], [24.96792751, 60.23143694], [24.96793489, 60.23145396], [24.96794168, 60.23147106], [24.96794785, 60.2314882], [24.96795341, 60.2315054]]], [[[24.95161671, 60.2245999], [24.95161133, 60.22459705], [24.95160546, 60.22459444], [24.95159916, 60.22459209], [24.95159247, 60.22459003], [24.95158544, 60.22458826], [24.95157813, 60.22458681], [24.9515706, 60.22458568], [24.9515629, 60.22458488], [24.95155508, 60.22458441], [24.95154721, 60.22458429], [24.95153936, 60.22458451], [24.95153157, 60.22458507], [24.9515239, 60.22458596], [24.95151643, 60.22458719], [24.95150919, 60.22458873], [24.95150226, 60.22459058], [24.95149567, 60.22459272], [24.95148949, 60.22459514], [24.95058271, 60.22498322], [24.95157547, 60.2250997], [24.95207599, 60.22515843], [24.95227966, 60.22504211], [24.95228466, 60.22503897], [24.95228909, 60.22503563], [24.9522929, 60.22503211], [24.95229607, 60.22502843], [24.95229856, 60.22502463], [24.95230036, 60.22502073], [24.95230146, 60.22501676], [24.95230185, 60.22501277], [24.95230151, 60.22500877], [24.95230046, 60.2250048], [24.95229871, 60.2250009], [24.95229626, 60.22499709], [24.95229314, 60.2249934], [24.95228937, 60.22498986], [24.95228499, 60.22498651], [24.95228002, 60.22498336], [24.95161671, 60.2245999]]]]}, "geometry_name": "geom", "properties": {"id": 248, "kuntanimi": "Helsinki", "kaavatun": "12742", "kaavanimi": "Oulunkylä, Patola, tontit 28057/1 ja 2 sekä 28167/1 ja 2, Siltavoudintie 9?11 ja Mäkitorpantie 18?20.", "vtulvuosi": "2022", "netkrostal": 2240, "netrivketj": 0, "neterillis": 0, "netyhteens": 2240, "brutyhteen": 8550}}, {"type": "Feature", "id": "voimaantulleetkaavatmal_2020_2023.fid-7dddb29f_19d8b225a81_13a1", "geometry": {"type": "Polygon", "coordinates": [[[25.12302618, 60.20058023], [25.12278062, 60.20040571], [25.12281225, 60.20034997], [25.12464143, 60.19982385], [25.1250491, 60.19955095], [25.12484656, 60.19947597], [25.12485799, 60.19932672], [25.12497761, 60.19924664], [25.1240951, 60.19891993], [25.12420269, 60.19884791], [25.12411588, 60.19881578], [25.12323339, 60.19848906], [25.12235092, 60.19816234], [25.12226412, 60.19813021], [25.12219954, 60.19817344], [25.12193913, 60.19807701], [25.12167873, 60.1979806], [25.12141835, 60.1978842], [25.12115794, 60.19778778], [25.1195599, 60.19835307], [25.11882514, 60.19861306], [25.11926384, 60.19892031], [25.11900667, 60.19901131], [25.11751506, 60.19953907], [25.11696554, 60.19956474], [25.1166545, 60.19957927], [25.11595795, 60.19964816], [25.11448673, 60.20016698], [25.11594233, 60.20157535], [25.11606392, 60.20265685], [25.11578351, 60.20309019], [25.11584477, 60.20359711], [25.11630582, 60.20413836], [25.11593746, 60.20446468], [25.11603248, 60.20457624], [25.11615918, 60.20472498], [25.11628589, 60.20487371], [25.11679434, 60.20547058], [25.11818233, 60.20514556], [25.11867832, 60.20503506], [25.11910646, 60.20557599], [25.11931096, 60.20586086], [25.11984329, 60.20576619], [25.11986794, 60.20580054], [25.12009441, 60.20576027], [25.12006885, 60.20572467], [25.12072721, 60.20560978], [25.12010663, 60.20473298], [25.12019726, 60.20471461], [25.12028795, 60.20469632], [25.12037872, 60.2046781], [25.12046954, 60.20465997], [25.12056043, 60.20464192], [25.12065139, 60.20462395], [25.12090014, 60.20457634], [25.12115073, 60.20453119], [25.12140307, 60.20448853], [25.12165706, 60.20444835], [25.1219126, 60.20441069], [25.12216959, 60.20437556], [25.12236212, 60.20435102], [25.12255535, 60.20432789], [25.12274925, 60.20430618], [25.12294377, 60.20428591], [25.12313888, 60.20426706], [25.12333452, 60.20424965], [25.12336697, 60.20424691], [25.12339943, 60.2042442], [25.1234319, 60.20424154], [25.12346439, 60.20423891], [25.12349689, 60.20423632], [25.1235294, 60.20423378], [25.12375041, 60.20421754], [25.12397193, 60.20420313], [25.1241939, 60.20419055], [25.12441626, 60.20417981], [25.12463895, 60.20417091], [25.1248619, 60.20416386], [25.12488591, 60.20416321], [25.12490992, 60.20416258], [25.12493393, 60.20416197], [25.12495795, 60.20416138], [25.12498196, 60.20416082], [25.12500598, 60.20416028], [25.12493003, 60.20345911], [25.12494418, 60.2033245], [25.12505358, 60.20279025], [25.12584287, 60.20283029], [25.12614387, 60.20284556], [25.12618144, 60.20277624], [25.12640405, 60.20236551], [25.12736254, 60.20142398], [25.12733037, 60.20141588], [25.12750948, 60.2012397], [25.12715554, 60.20115054], [25.12670735, 60.20103763], [25.12659532, 60.20101059], [25.12648153, 60.20098544], [25.12636609, 60.20096223], [25.12624914, 60.20094098], [25.12613081, 60.20092171], [25.12601123, 60.20090444], [25.12588261, 60.20088827], [25.1257529, 60.20087442], [25.12562227, 60.20086291], [25.12549089, 60.20085375], [25.12535893, 60.20084695], [25.12522656, 60.20084253], [25.12385923, 60.20080914], [25.12376118, 60.20080451], [25.12366438, 60.20079546], [25.12356964, 60.20078207], [25.12347773, 60.20076444], [25.12338943, 60.20074273], [25.12330546, 60.2007171], [25.12322652, 60.20068779], [25.12315327, 60.20065501], [25.1230863, 60.20061906], [25.12302618, 60.20058023]]]}, "geometry_name": "geom", "properties": {"id": 249, "kuntanimi": "Helsinki", "kaavatun": "12570", "kaavanimi": "Meri-Rastilan länsiosa", "vtulvuosi": "2022", "netkrostal": 106900, "netrivketj": 0, "neterillis": 0, "netyhteens": 106900, "brutyhteen": 213300}}, {"type": "Feature", "id": "voimaantulleetkaavatmal_2020_2023.fid-7dddb29f_19d8b225a81_13a2", "geometry": {"type": "Polygon", "coordinates": [[[24.92849096, 60.16408011], [24.928183, 60.16429635], [24.92869852, 60.1644776], [24.92900804, 60.16426028], [24.92849096, 60.16408011]]]}, "geometry_name": "geom", "properties": {"id": 250, "kuntanimi": "Helsinki", "kaavatun": "12778", "kaavanimi": "Kamppi, tontti 79/3, Kalevankatu 49", "vtulvuosi": "2022", "netkrostal": 455, "netrivketj": 0, "neterillis": 0, "netyhteens": 455, "brutyhteen": 3380}}, {"type": "Feature", "id": "voimaantulleetkaavatmal_2020_2023.fid-7dddb29f_19d8b225a81_13a3", "geometry": {"type": "Polygon", "coordinates": [[[25.13652479, 60.22628671], [25.13615624, 60.22624287], [25.13575423, 60.22634549], [25.13545653, 60.22629748], [25.13564188, 60.22585013], [25.13542304, 60.22584096], [25.13524211, 60.22584233], [25.13528811, 60.22524961], [25.13575963, 60.22473294], [25.13548033, 60.22443131], [25.13541994, 60.22436609], [25.13504928, 60.22445102], [25.1348907, 60.22466461], [25.13462121, 60.22472635], [25.13425866, 60.22433479], [25.13419072, 60.22426142], [25.13409239, 60.22428395], [25.13400165, 60.22418595], [25.13373975, 60.22390309], [25.13369615, 60.22392538], [25.13322609, 60.22416188], [25.13284352, 60.22435527], [25.13190358, 60.22483566], [25.13153776, 60.2250166], [25.13152615, 60.22502235], [25.13190415, 60.22523946], [25.13211111, 60.2253431], [25.13221293, 60.2254168], [25.13276066, 60.22586037], [25.13356286, 60.22653972], [25.13380258, 60.22661975], [25.13421112, 60.22694236], [25.13432187, 60.22720592], [25.13441965, 60.22728978], [25.1345414, 60.22737968], [25.13460994, 60.22744417], [25.13479888, 60.22765229], [25.13481199, 60.22766231], [25.13487712, 60.22771208], [25.13506474, 60.22788181], [25.13507188, 60.22789209], [25.13510368, 60.22793789], [25.13529046, 60.2278039], [25.1355581, 60.22765148], [25.13570214, 60.22754294], [25.13587033, 60.22736954], [25.13597007, 60.22728388], [25.13603958, 60.2272203], [25.13610211, 60.22715496], [25.1361575, 60.22708804], [25.13620558, 60.22701973], [25.13624621, 60.22695024], [25.13627927, 60.22687976], [25.13651081, 60.22631837], [25.13651302, 60.22631308], [25.13651528, 60.22630779], [25.13651758, 60.22630251], [25.13651993, 60.22629724], [25.13652234, 60.22629197], [25.13652479, 60.22628671]]]}, "geometry_name": "geom", "properties": {"id": 251, "kuntanimi": "Helsinki", "kaavatun": "12645", "kaavanimi": "Vuosaari, Keski-Vuosaari, osa tonttia 54144/4, katu-, puisto-, lähivirkistys- ja suojaviheralueet, Kurkimoisio", "vtulvuosi": "2022", "netkrostal": 9112, "netrivketj": 0, "neterillis": 0, "netyhteens": 9112, "brutyhteen": 16800}}, {"type": "Feature", "id": "voimaantulleetkaavatmal_2020_2023.fid-7dddb29f_19d8b225a81_13a4", "geometry": {"type": "Polygon", "coordinates": [[[24.90050048, 60.19117165], [24.90041527, 60.19122461], [24.90047818, 60.1912496], [24.90045844, 60.19126232], [24.90310637, 60.19120931], [24.90305568, 60.1905466], [24.90202323, 60.19056409], [24.90160927, 60.19042346], [24.90143225, 60.19055096], [24.90125208, 60.19067737], [24.90106879, 60.19080266], [24.9008824, 60.19092682], [24.90069296, 60.19104982], [24.90050048, 60.19117165]]]}, "geometry_name": "geom", "properties": {"id": 252, "kuntanimi": "Helsinki", "kaavatun": "12745", "kaavanimi": "Meilahti, tontti 15526/3, Tukholmankatu 10", "vtulvuosi": "2022", "netkrostal": 15450, "netrivketj": 0, "neterillis": 0, "netyhteens": 15450, "brutyhteen": 15450}}, {"type": "Feature", "id": "voimaantulleetkaavatmal_2020_2023.fid-7dddb29f_19d8b225a81_13a5", "geometry": {"type": "Polygon", "coordinates": [[[24.84930541, 60.24926948], [24.8493042, 60.24927282], [24.84930301, 60.24927616], [24.84930185, 60.2492795], [24.84930071, 60.24928284], [24.8492996, 60.24928619], [24.84929851, 60.24928954], [24.84928112, 60.24934377], [24.84927982, 60.24934776], [24.84927848, 60.24935176], [24.84927711, 60.24935575], [24.8492757, 60.24935974], [24.84927425, 60.24936373], [24.84927277, 60.24936772], [24.848993, 60.25011015], [24.84893302, 60.25022158], [24.84886824, 60.25033234], [24.84879871, 60.25044239], [24.84872444, 60.25055168], [24.84864549, 60.25066015], [24.84856188, 60.25076775], [24.8484356, 60.25089785], [24.84841533, 60.25091797], [24.84839388, 60.25093779], [24.84837126, 60.25095729], [24.8483475, 60.25097645], [24.84832262, 60.25099525], [24.84829663, 60.25101368], [24.84827351, 60.25103018], [24.84825158, 60.25104709], [24.84823088, 60.25106437], [24.84821143, 60.25108201], [24.84819325, 60.25109998], [24.84817637, 60.25111826], [24.84815189, 60.25114605], [24.84857026, 60.25119942], [24.84878194, 60.25122643], [24.85021622, 60.25140938], [24.85091723, 60.2514988], [24.85120397, 60.25153537], [24.85119238, 60.25151479], [24.85118479, 60.25149376], [24.85118126, 60.25147246], [24.85118182, 60.25145109], [24.85118647, 60.25142985], [24.85119516, 60.25140892], [24.85135129, 60.25110651], [24.85138206, 60.25105432], [24.85141987, 60.25100328], [24.85146453, 60.25095364], [24.85151585, 60.25090561], [24.85157359, 60.25085941], [24.85163749, 60.25081526], [24.85233587, 60.25036567], [24.85240465, 60.25032535], [24.85248054, 60.25028831], [24.85256292, 60.25025486], [24.85265108, 60.25022529], [24.85274431, 60.25019984], [24.85284182, 60.25017873], [24.85289733, 60.25016946], [24.85295418, 60.25016248], [24.853012, 60.25015785], [24.85307038, 60.25015559], [24.85312894, 60.25015571], [24.85318728, 60.25015823], [24.85324501, 60.25016311], [24.85330174, 60.25017033], [24.85338099, 60.25018373], [24.85345811, 60.25019992], [24.85353268, 60.25021881], [24.85360433, 60.25024033], [24.85367269, 60.25026434], [24.8537374, 60.25029073], [24.85393403, 60.25037698], [24.85390836, 60.25039196], [24.85401642, 60.2504377], [24.85417449, 60.25034546], [24.85416893, 60.2503429], [24.85416382, 60.25034011], [24.8541592, 60.25033712], [24.8541551, 60.25033395], [24.85415155, 60.25033062], [24.85414857, 60.25032715], [24.85414619, 60.25032357], [24.85414443, 60.25031991], [24.85414329, 60.25031618], [24.85414278, 60.25031242], [24.85414291, 60.25030865], [24.85414367, 60.25030489], [24.85414507, 60.25030119], [24.85414709, 60.25029755], [24.85414971, 60.25029402], [24.85415293, 60.2502906], [24.8541567, 60.25028733], [24.85416102, 60.25028423], [24.85416585, 60.25028132], [24.85417115, 60.25027863], [24.8547281, 60.250018], [24.85489901, 60.24993801], [24.85499104, 60.24989495], [24.85540504, 60.24970121], [24.85584645, 60.24949463], [24.85584733, 60.24949423], [24.85584821, 60.24949383], [24.85584911, 60.24949343], [24.85585001, 60.24949304], [24.85585092, 60.24949265], [24.85585184, 60.24949227], [24.85555429, 60.24930933], [24.85544754, 60.24924369], [24.85473948, 60.24880831], [24.85424655, 60.24850521], [24.85412701, 60.24843169], [24.85412421, 60.24843321], [24.85412132, 60.24843468], [24.85411835, 60.24843612], [24.85411531, 60.24843751], [24.85411218, 60.24843886], [24.85410897, 60.24844016], [24.85395121, 60.24851399], [24.85315583, 60.2488862], [24.85298492, 60.24896618], [24.85268168, 60.24880608], [24.85252391, 60.24887991], [24.85213402, 60.24867406], [24.85133204, 60.24904934], [24.85065131, 60.24868992], [24.84998201, 60.24900309], [24.85023623, 60.24835763], [24.85026573, 60.24828275], [24.8502796, 60.24824752], [24.85099222, 60.24791407], [24.85039274, 60.24759753], [24.85038649, 60.24759423], [24.85011751, 60.24754073], [24.85008138, 60.24758185], [24.85003402, 60.24763747], [24.84998812, 60.24769339], [24.84994369, 60.24774961], [24.84990073, 60.2478061], [24.84985926, 60.24786287], [24.84981928, 60.24791991], [24.84975685, 60.24801368], [24.84967949, 60.24813877], [24.84960826, 60.24826475], [24.8495432, 60.24839156], [24.84948437, 60.24851912], [24.84943179, 60.24864735], [24.84938549, 60.24877618], [24.84931982, 60.2489727], [24.84940852, 60.24898112], [24.84938429, 60.24905362], [24.84938269, 60.24905838], [24.84938106, 60.24906314], [24.8493794, 60.24906789], [24.84937772, 60.24907265], [24.84937602, 60.2490774], [24.84937429, 60.24908214], [24.84930541, 60.24926948]]]}, "geometry_name": "geom", "properties": {"id": 253, "kuntanimi": "Helsinki", "kaavatun": "12690", "kaavanimi": "Kaarela, Malminkartano, katualue, Kaarela, Malminkartano, tontit 33235/1, 33236/2, 3, 4 ja 5 sekä katu- ja puistoalueet, muodostuvat uudet korttelit 33237, 33238, 33239, 33278 ja 33430, Pihkatie", "vtulvuosi": "2022", "netkrostal": 47750, "netrivketj": 0, "neterillis": 0, "netyhteens": 47750, "brutyhteen": 47750}}, {"type": "Feature", "id": "voimaantulleetkaavatmal_2020_2023.fid-7dddb29f_19d8b225a81_13a6", "geometry": {"type": "Polygon", "coordinates": [[[25.0068761, 60.25053482], [25.00752611, 60.25066478], [25.00783524, 60.25031147], [25.00787947, 60.25026471], [25.00749763, 60.25006744], [25.0074338, 60.25006683], [25.00721184, 60.25017652], [25.00700098, 60.25038103], [25.0068761, 60.25053482]]]}, "geometry_name": "geom", "properties": {"id": 254, "kuntanimi": "Helsinki", "kaavatun": "12775", "kaavanimi": "Malmi, Ylä-Malmi, tontti 38101/2, Turkhaudantie 3", "vtulvuosi": "2022", "netkrostal": 4100, "netrivketj": 0, "neterillis": 0, "netyhteens": 4100, "brutyhteen": 4100}}, {"type": "Feature", "id": "voimaantulleetkaavatmal_2020_2023.fid-7dddb29f_19d8b225a81_13a7", "geometry": {"type": "Polygon", "coordinates": [[[24.89766717, 60.21033344], [24.89734779, 60.21041698], [24.89767292, 60.21074299], [24.89727022, 60.21084313], [24.89744122, 60.21101387], [24.89777056, 60.21142738], [24.89854062, 60.21129807], [24.89818874, 60.21085627], [24.89766717, 60.21033344]]]}, "geometry_name": "geom", "properties": {"id": 255, "kuntanimi": "Helsinki", "kaavatun": "12638", "kaavanimi": "Haaga, Etelä-Haaga, tontti 29018/2 ja osa puistoaluetta, muodostuu uusi kortteli 29266, Kauppalantie 9?11", "vtulvuosi": "2022", "netkrostal": 4820, "netrivketj": 0, "neterillis": 0, "netyhteens": 4820, "brutyhteen": 4820}}, {"type": "Feature", "id": "voimaantulleetkaavatmal_2020_2023.fid-7dddb29f_19d8b225a81_13a8", "geometry": {"type": "MultiPolygon", "coordinates": [[[[25.04213466, 60.17619189], [25.04214719, 60.17619328], [25.04216268, 60.17618567], [25.04217828, 60.17617813], [25.04219401, 60.17617065], [25.04220986, 60.17616323], [25.04222582, 60.17615587], [25.04224191, 60.17614858], [25.0424843, 60.17617534], [25.0444896, 60.17639668], [25.04470395, 60.17591472], [25.04460271, 60.17590355], [25.04477807, 60.17550922], [25.04509003, 60.17554366], [25.04531906, 60.17556894], [25.0453312, 60.17557056], [25.04534302, 60.1755727], [25.04535441, 60.17557535], [25.0453653, 60.17557848], [25.0453756, 60.17558207], [25.04538524, 60.17558609], [25.04539413, 60.17559052], [25.04540221, 60.17559532], [25.04540943, 60.17560045], [25.04541571, 60.17560587], [25.04542103, 60.17561155], [25.04542533, 60.17561744], [25.04542859, 60.17562349], [25.04543077, 60.17562965], [25.04543187, 60.17563589], [25.04543188, 60.17564216], [25.04543078, 60.1756484], [25.0454286, 60.17565457], [25.04528442, 60.17597879], [25.0454955, 60.17600208], [25.04562409, 60.17571291], [25.04566695, 60.17561652], [25.04698622, 60.17576211], [25.04705367, 60.17577109], [25.04711933, 60.17578292], [25.0471827, 60.17579751], [25.04724332, 60.17581476], [25.04730074, 60.17583454], [25.04735454, 60.17585671], [25.04740432, 60.17588109], [25.04744971, 60.17590752], [25.04749038, 60.17593579], [25.04752602, 60.1759657], [25.04755637, 60.17599702], [25.04758121, 60.17602952], [25.04767203, 60.17616572], [25.04778465, 60.17633459], [25.04786913, 60.17646126], [25.04812161, 60.17682933], [25.04817702, 60.17681989], [25.04822817, 60.17681119], [25.04833047, 60.17679377], [25.04838161, 60.17678506], [25.04844554, 60.17677418], [25.04901566, 60.17667713], [25.04902603, 60.17649448], [25.04962341, 60.1765029], [25.0496054, 60.17646059], [25.04958687, 60.17641833], [25.04956784, 60.17637612], [25.0495483, 60.17633398], [25.04952824, 60.17629189], [25.04950768, 60.17624987], [25.05058163, 60.17608968], [25.05085173, 60.17609415], [25.05086011, 60.17596857], [25.05100802, 60.17563945], [25.05110679, 60.17541965], [25.0506043, 60.17534025], [25.05063371, 60.17525511], [25.05044673, 60.17526152], [25.05036913, 60.17526418], [25.05032485, 60.17526479], [25.05028062, 60.17526359], [25.05023674, 60.17526059], [25.05019349, 60.17525582], [25.05015118, 60.17524929], [25.05011008, 60.17524106], [25.05007047, 60.17523118], [25.05003262, 60.17521972], [25.04999678, 60.17520675], [25.04996319, 60.17519237], [25.04993208, 60.17517666], [25.04990365, 60.17515973], [25.04987811, 60.17514171], [25.04985561, 60.1751227], [25.04866407, 60.17503067], [25.04868291, 60.17525935], [25.04854617, 60.17526986], [25.04840902, 60.17527892], [25.04827152, 60.17528651], [25.04813372, 60.17529265], [25.04799568, 60.17529731], [25.04785748, 60.17530051], [25.04786309, 60.1752555], [25.04789844, 60.17497154], [25.04792314, 60.17492356], [25.04775624, 60.17492133], [25.04715783, 60.17491333], [25.04649557, 60.17490448], [25.04614059, 60.17488216], [25.04615952, 60.17479705], [25.04579526, 60.17481366], [25.04490272, 60.17476471], [25.04493401, 60.17461611], [25.04496362, 60.17447549], [25.04501592, 60.17424149], [25.0446829, 60.17423613], [25.04439419, 60.17422568], [25.04423459, 60.17431548], [25.04393024, 60.1744867], [25.0427309, 60.17434111], [25.04261027, 60.17452585], [25.0424965, 60.17477005], [25.04153209, 60.17465588], [25.04136084, 60.17462447], [25.04148395, 60.17436671], [25.04065511, 60.17421192], [25.04061427, 60.17426635], [25.04030601, 60.17423267], [25.03877734, 60.1740656], [25.03842541, 60.17402714], [25.03832927, 60.17424544], [25.03830662, 60.17429874], [25.03816935, 60.17459575], [25.03866021, 60.17464996], [25.03864473, 60.1746486], [25.03862908, 60.17464792], [25.03861336, 60.17464792], [25.0385977, 60.1746486], [25.03858223, 60.17464996], [25.03856705, 60.17465199], [25.03855228, 60.17465467], [25.03853804, 60.17465798], [25.03852442, 60.17466189], [25.03851155, 60.17466638], [25.03849951, 60.17467142], [25.0384884, 60.17467695], [25.0384783, 60.17468295], [25.03846929, 60.17468936], [25.03846143, 60.17469615], [25.03845479, 60.17470324], [25.03844941, 60.1747106], [25.03844535, 60.17471816], [25.03842684, 60.17475976], [25.03843132, 60.17475143], [25.03843724, 60.17474333], [25.03844455, 60.17473552], [25.0384532, 60.17472806], [25.03846312, 60.174721], [25.03847425, 60.1747144], [25.03848648, 60.17470831], [25.03849974, 60.17470277], [25.03851391, 60.17469783], [25.0385289, 60.17469353], [25.03854458, 60.17468989], [25.03856084, 60.17468694], [25.03857755, 60.17468472], [25.03859459, 60.17468323], [25.03861182, 60.17468248], [25.03862912, 60.17468249], [25.03864635, 60.17468325], [25.03866339, 60.17468475], [25.04226829, 60.17508448], [25.04217242, 60.17530002], [25.04207314, 60.17552321], [25.04188058, 60.17595608], [25.04179248, 60.17615412], [25.04213466, 60.17619189]]], [[[25.05997093, 60.17999495], [25.0599395, 60.17989697], [25.05993184, 60.17989781], [25.05992407, 60.17989831], [25.05991624, 60.17989847], [25.0599084, 60.1798983], [25.05990063, 60.17989778], [25.05989298, 60.17989694], [25.0598855, 60.17989576], [25.05987826, 60.17989426], [25.05987131, 60.17989246], [25.0598647, 60.17989036], [25.05985848, 60.17988799], [25.05985269, 60.17988535], [25.05984739, 60.17988247], [25.05984261, 60.17987937], [25.05983839, 60.17987608], [25.05983476, 60.17987262], [25.05983175, 60.17986902], [25.05982938, 60.17986529], [25.05982767, 60.17986148], [25.05982663, 60.17985761], [25.05975586, 60.17946493], [25.05965439, 60.17895969], [25.05965058, 60.17893211], [25.05964962, 60.17890447], [25.05965151, 60.17887683], [25.05965624, 60.17884929], [25.0596638, 60.1788219], [25.05967418, 60.17879473], [25.05974615, 60.17863371], [25.05974856, 60.17862924], [25.05975173, 60.17862488], [25.05975565, 60.17862068], [25.05976027, 60.17861666], [25.05976558, 60.17861285], [25.05977152, 60.17860928], [25.05977805, 60.17860598], [25.05978513, 60.17860298], [25.0597927, 60.17860028], [25.05980071, 60.17859793], [25.05980909, 60.17859592], [25.05981779, 60.17859428], [25.05982674, 60.17859302], [25.05983588, 60.17859214], [25.05984513, 60.17859166], [25.05985444, 60.17859158], [25.05986372, 60.1785919], [25.05987291, 60.17859261], [25.06022745, 60.17862799], [25.0602352, 60.17862862], [25.06024303, 60.17862897], [25.06025089, 60.17862903], [25.06025874, 60.17862881], [25.06026654, 60.1786283], [25.06027424, 60.17862751], [25.06037375, 60.17861545], [25.06038144, 60.17861467], [25.06038922, 60.17861416], [25.06039705, 60.17861394], [25.06040489, 60.178614], [25.06041271, 60.17861434], [25.06042045, 60.17861497], [25.06285848, 60.17885711], [25.06291124, 60.1789018], [25.06278827, 60.17918673], [25.06268134, 60.17926368], [25.06248215, 60.17972518], [25.06256791, 60.17973997], [25.06276161, 60.1792912], [25.06288943, 60.17920855], [25.06301694, 60.17891312], [25.06310611, 60.1788817], [25.06312398, 60.1788943], [25.06314407, 60.17890604], [25.06316621, 60.17891683], [25.06319021, 60.17892658], [25.06321588, 60.17893521], [25.06324302, 60.17894265], [25.06327139, 60.17894884], [25.06330077, 60.17895373], [25.06333092, 60.17895727], [25.06336158, 60.17895944], [25.06339252, 60.17896022], [25.06342346, 60.1789596], [25.06345417, 60.1789576], [25.06348439, 60.17895422], [25.06351388, 60.17894949], [25.06354238, 60.17894346], [25.06356968, 60.17893616], [25.06359554, 60.17892767], [25.06361975, 60.17891805], [25.06364211, 60.17890738], [25.06366245, 60.17889574], [25.0636806, 60.17888324], [25.0636964, 60.17886997], [25.06370973, 60.17885604], [25.06392137, 60.17887951], [25.06403535, 60.17862202], [25.06397915, 60.17861404], [25.06392278, 60.17860636], [25.06386625, 60.17859898], [25.06380956, 60.1785919], [25.06375273, 60.17858512], [25.06369575, 60.17857864], [25.06061282, 60.17823676], [25.0605473, 60.17832976], [25.05978332, 60.17832092], [25.05933065, 60.17832433], [25.05856967, 60.18002669], [25.0557556, 60.17971452], [25.05571642, 60.17980213], [25.05558017, 60.18010685], [25.05556058, 60.18015065], [25.05626418, 60.18022871], [25.0573194, 60.18034576], [25.05718231, 60.18065239], [25.05684349, 60.18141017], [25.0565125, 60.18215046], [25.05475359, 60.18195534], [25.05505328, 60.18128516], [25.05470151, 60.18124613], [25.05440377, 60.18191194], [25.05359469, 60.18182218], [25.05312066, 60.18166436], [25.05240559, 60.18142631], [25.05149099, 60.18132482], [25.05098978, 60.18127482], [25.05100113, 60.18131329], [25.05101136, 60.18135184], [25.05102047, 60.18139045], [25.05102847, 60.18142913], [25.05103534, 60.18146786], [25.05104109, 60.18150664], [25.05256739, 60.18167599], [25.05375923, 60.18206569], [25.05363779, 60.18233731], [25.05396646, 60.18237377], [25.05394687, 60.18241757], [25.05451854, 60.18248099], [25.05546509, 60.18258598], [25.05548467, 60.18254218], [25.05518566, 60.18250902], [25.05530319, 60.1822462], [25.05747546, 60.18248715], [25.05702773, 60.18348841], [25.0569261, 60.18371568], [25.05717236, 60.183743], [25.05720274, 60.18367508], [25.05721677, 60.18364965], [25.05723573, 60.18362502], [25.05725945, 60.18360143], [25.05728768, 60.18357911], [25.05732016, 60.18355827], [25.05735658, 60.18353912], [25.05739659, 60.18352183], [25.0574398, 60.18350658], [25.05822355, 60.18325772], [25.05828622, 60.18311754], [25.05836065, 60.18295108], [25.05804404, 60.18291597], [25.05848862, 60.18192163], [25.05874909, 60.18133904], [25.05936469, 60.18140732], [25.05952439, 60.18105009], [25.0615471, 60.1812744], [25.06176248, 60.18079255], [25.06112928, 60.18072233], [25.05973979, 60.18056824], [25.05991494, 60.18017643], [25.05989108, 60.18005212], [25.05989059, 60.1800474], [25.05989094, 60.18004267], [25.05989212, 60.18003797], [25.05989412, 60.18003335], [25.05989693, 60.18002883], [25.05990052, 60.18002445], [25.05990488, 60.18002024], [25.05990995, 60.18001624], [25.05991572, 60.18001248], [25.05992212, 60.18000899], [25.05992911, 60.18000579], [25.05993664, 60.1800029], [25.05994466, 60.18000036], [25.05995308, 60.17999818], [25.05996186, 60.17999637], [25.05997093, 60.17999495]]], [[[25.05515776, 60.18405135], [25.05507903, 60.18404828], [25.05506955, 60.18404812], [25.05506008, 60.18404837], [25.05505068, 60.18404904], [25.05504145, 60.18405011], [25.05503243, 60.18405158], [25.05502371, 60.18405344], [25.05501535, 60.18405568], [25.05500742, 60.18405827], [25.05499997, 60.1840612], [25.05499307, 60.18406444], [25.05498676, 60.18406797], [25.0549811, 60.18407176], [25.05497613, 60.18407578], [25.05497188, 60.18408001], [25.0549684, 60.1840844], [25.0549657, 60.18408893], [25.05494466, 60.18413724], [25.05492958, 60.1841861], [25.05492054, 60.18423532], [25.05491755, 60.18428473], [25.05492065, 60.18433414], [25.0549298, 60.18438336], [25.05502347, 60.18476098], [25.05502572, 60.18476754], [25.05502918, 60.18477397], [25.05503382, 60.1847802], [25.05503959, 60.1847862], [25.05504646, 60.18479191], [25.05505436, 60.18479727], [25.05506322, 60.18480225], [25.05507297, 60.1848068], [25.05508353, 60.18481088], [25.05509479, 60.18481445], [25.05510667, 60.18481749], [25.05511907, 60.18481997], [25.0553557, 60.18428727], [25.05629644, 60.18438045], [25.05637935, 60.18416269], [25.05545185, 60.18407082], [25.0554324, 60.18406889], [25.05538701, 60.18406464], [25.05534144, 60.18406092], [25.0552957, 60.18405773], [25.05524982, 60.18405507], [25.05520384, 60.18405294], [25.05515776, 60.18405135]]], [[[25.05612129, 60.1851607], [25.05612538, 60.18514914], [25.05612742, 60.18513744], [25.05612741, 60.18512569], [25.05612534, 60.18511399], [25.05612124, 60.18510243], [25.05611512, 60.18509108], [25.05610705, 60.18508005], [25.05609707, 60.18506941], [25.05608527, 60.18505924], [25.05607174, 60.18504962], [25.05605657, 60.18504063], [25.05603989, 60.18503233], [25.05602182, 60.18502478], [25.05600249, 60.18501805], [25.05598206, 60.18501218], [25.05596069, 60.18500722], [25.05593852, 60.18500321], [25.05591574, 60.18500017], [25.0553293, 60.18493557], [25.05522396, 60.18517264], [25.05575609, 60.18522788], [25.05607422, 60.18526669], [25.05612129, 60.1851607]]]]}, "geometry_name": "geom", "properties": {"id": 256, "kuntanimi": "Helsinki", "kaavatun": "12548", "kaavanimi": "Kokonaan voimaan tullut asemakaava. Laajasalo, Koirasaarentien ja Ilomäentien alueet", "vtulvuosi": "2022", "netkrostal": 59748, "netrivketj": 0, "neterillis": 0, "netyhteens": 59748, "brutyhteen": 59748}}, {"type": "Feature", "id": "voimaantulleetkaavatmal_2020_2023.fid-7dddb29f_19d8b225a81_13a9", "geometry": {"type": "Polygon", "coordinates": [[[25.05210476, 60.17795716], [25.05211449, 60.17796716], [25.05212583, 60.17797673], [25.05213872, 60.17798579], [25.05215306, 60.1779943], [25.05216877, 60.17800219], [25.05218572, 60.17800941], [25.05220382, 60.1780159], [25.05222292, 60.17802163], [25.05224292, 60.17802656], [25.05226365, 60.17803065], [25.052285, 60.17803387], [25.0523068, 60.17803621], [25.05232892, 60.17803764], [25.0523512, 60.17803816], [25.05247198, 60.17803856], [25.05280977, 60.17803939], [25.05445667, 60.17796573], [25.05456413, 60.17823002], [25.05475255, 60.17822145], [25.05456542, 60.17863997], [25.0558405, 60.17878143], [25.05606575, 60.17827769], [25.05638232, 60.17831281], [25.05919627, 60.17862496], [25.05933065, 60.17832433], [25.05978332, 60.17832092], [25.0605473, 60.17832976], [25.06061282, 60.17823676], [25.06083229, 60.1782611], [25.06140769, 60.1775986], [25.06162015, 60.17703306], [25.06119824, 60.17669733], [25.05991268, 60.17630964], [25.05872236, 60.17584501], [25.05799858, 60.17643623], [25.05602573, 60.17621493], [25.05590353, 60.17648525], [25.05531922, 60.1764197], [25.05510477, 60.17656124], [25.05501216, 60.17662237], [25.05490315, 60.17696978], [25.05355777, 60.17689865], [25.05310182, 60.17708424], [25.05297309, 60.17768846], [25.05297726, 60.17792456], [25.05290523, 60.17792725], [25.05210476, 60.17795716]]]}, "geometry_name": "geom", "properties": {"id": 257, "kuntanimi": "Helsinki", "kaavatun": "12546", "kaavanimi": "Laajasalo, Yliskylä, tontit 49023/5 ja 49027/4, katu-, puisto-, suojaviher-, urheilukeskus-, urheilu-, virkistyspalvelu- ja yleiset pysäköimisalueet (muodostuvat uudet korttelit 49073, 49089 ja 49092)", "vtulvuosi": "2022", "netkrostal": 42900, "netrivketj": 0, "neterillis": 0, "netyhteens": 42900, "brutyhteen": 42900}}, {"type": "Feature", "id": "voimaantulleetkaavatmal_2020_2023.fid-7dddb29f_19d8b225a81_13aa", "geometry": {"type": "Polygon", "coordinates": [[[25.01841209, 60.16561542], [25.0200577, 60.16624796], [25.02011082, 60.1662703], [25.0201598, 60.16629486], [25.02020428, 60.16632147], [25.02024391, 60.16634992], [25.02027838, 60.16637999], [25.02030743, 60.16641145], [25.02033085, 60.16644405], [25.02034844, 60.16647755], [25.02036007, 60.1665117], [25.02036566, 60.16654621], [25.02036515, 60.16658084], [25.02035856, 60.16661532], [25.02034594, 60.16664937], [25.02032737, 60.16668274], [25.02015669, 60.16694443], [25.02014748, 60.16696128], [25.02014161, 60.1669785], [25.02013913, 60.16699593], [25.02014006, 60.16701339], [25.02014439, 60.16703072], [25.02015207, 60.16704776], [25.02016305, 60.16706435], [25.02017721, 60.16708033], [25.02033961, 60.16724183], [25.02124309, 60.16701626], [25.02268501, 60.16480541], [25.02267597, 60.16480479], [25.02266693, 60.16480417], [25.02264988, 60.16480298], [25.02263284, 60.16480177], [25.0226158, 60.16480055], [25.02259877, 60.16479931], [25.02258174, 60.16479805], [25.02256471, 60.16479678], [25.02243649, 60.16478634], [25.02230881, 60.16477436], [25.02218174, 60.16476086], [25.02205536, 60.16474584], [25.02192974, 60.16472931], [25.02180496, 60.16471128], [25.0217237, 60.16469881], [25.02164267, 60.16468598], [25.02156187, 60.16467279], [25.02148131, 60.16465924], [25.021401, 60.16464533], [25.02132094, 60.16463106], [25.02099127, 60.16456802], [25.02066653, 60.16449893], [25.02034715, 60.16442388], [25.02003358, 60.16434298], [25.01972625, 60.16425634], [25.01942558, 60.16416408], [25.01800413, 60.16551058], [25.01801898, 60.16551473], [25.018034, 60.16551872], [25.01804919, 60.16552255], [25.01806453, 60.16552622], [25.01808002, 60.16552973], [25.01809566, 60.16553307], [25.01820873, 60.16555658], [25.01824467, 60.16556451], [25.01827987, 60.16557322], [25.01831428, 60.16558268], [25.01834783, 60.16559288], [25.01838045, 60.1656038], [25.01841209, 60.16561542]]]}, "geometry_name": "geom", "properties": {"id": 258, "kuntanimi": "Helsinki", "kaavatun": "12580", "kaavanimi": "Kruunuvuorenrannan keskuskorttelit", "vtulvuosi": "2022", "netkrostal": 18390, "netrivketj": 0, "neterillis": 0, "netyhteens": 18390, "brutyhteen": 18390}}, {"type": "Feature", "id": "voimaantulleetkaavatmal_2020_2023.fid-7dddb29f_19d8b225a81_13ab", "geometry": {"type": "Polygon", "coordinates": [[[25.02807141, 60.29297902], [25.02909516, 60.29296595], [25.02914102, 60.29296536], [25.02925806, 60.29296387], [25.02927254, 60.29296368], [25.02927805, 60.29285982], [25.0293864, 60.29286124], [25.02939723, 60.29265891], [25.02939966, 60.2926131], [25.02929095, 60.29261664], [25.02926776, 60.29261739], [25.02867249, 60.29263676], [25.02807441, 60.29265621], [25.02807141, 60.29297902]]]}, "geometry_name": "geom", "properties": {"id": 259, "kuntanimi": "Vantaa", "kaavatun": "002444", "kaavanimi": "002444 Neilikkapolku 12", "vtulvuosi": "2022", "netkrostal": 3170, "netrivketj": -873, "neterillis": 0, "netyhteens": 2297, "brutyhteen": 3170}}, {"type": "Feature", "id": "voimaantulleetkaavatmal_2020_2023.fid-7dddb29f_19d8b225a81_13ac", "geometry": {"type": "Polygon", "coordinates": [[[25.07316421, 60.32972212], [25.07319673, 60.32984221], [25.07328612, 60.33006826], [25.07416469, 60.33002439], [25.07407265, 60.32965826], [25.07316421, 60.32972212]]]}, "geometry_name": "geom", "properties": {"id": 260, "kuntanimi": "Vantaa", "kaavatun": "002405", "kaavanimi": "002405 - Laurintie 142-144", "vtulvuosi": "2022", "netkrostal": 0, "netrivketj": 0, "neterillis": 18, "netyhteens": 18, "brutyhteen": 500}}, {"type": "Feature", "id": "voimaantulleetkaavatmal_2020_2023.fid-7dddb29f_19d8b225a81_13ad", "geometry": {"type": "Polygon", "coordinates": [[[25.10723297, 60.2743655], [25.10607808, 60.27439578], [25.10608494, 60.2744603], [25.10595863, 60.27446361], [25.10598577, 60.27471905], [25.10611208, 60.27471573], [25.10615686, 60.27513696], [25.10615642, 60.27514541], [25.10615332, 60.27515372], [25.10614765, 60.27516168], [25.10613953, 60.27516911], [25.10612918, 60.27517582], [25.10611684, 60.27518164], [25.10610282, 60.27518643], [25.10608747, 60.27519007], [25.10607115, 60.27519247], [25.10605429, 60.27519357], [25.10467797, 60.27522964], [25.10464287, 60.27522915], [25.1046084, 60.27522585], [25.10457545, 60.27521983], [25.10454488, 60.27521124], [25.10451751, 60.27520032], [25.10449405, 60.27518735], [25.1044751, 60.27517267], [25.10446118, 60.27515666], [25.10445264, 60.27513975], [25.1044497, 60.27512237], [25.10445161, 60.27548474], [25.10445179, 60.27551693], [25.10445982, 60.27567434], [25.10448223, 60.27583141], [25.10451897, 60.27598781], [25.10456995, 60.27614322], [25.10463509, 60.27629732], [25.10471424, 60.2764498], [25.10492762, 60.27676624], [25.10499004, 60.27648301], [25.10561578, 60.27646661], [25.10621729, 60.27645084], [25.10632557, 60.276448], [25.10631319, 60.2763315], [25.10616288, 60.27633544], [25.10612668, 60.27599487], [25.10717336, 60.27596743], [25.10745901, 60.27595994], [25.10780043, 60.27585212], [25.10848077, 60.27583428], [25.10845542, 60.2755959], [25.10768493, 60.27460876], [25.10725712, 60.27461883], [25.10723297, 60.2743655]]]}, "geometry_name": "geom", "properties": {"id": 261, "kuntanimi": "Vantaa", "kaavatun": "002424", "kaavanimi": "002424 - Hiirakkokuja", "vtulvuosi": "2022", "netkrostal": 17700, "netrivketj": 0, "neterillis": 0, "netyhteens": 17700, "brutyhteen": 37550}}, {"type": "Feature", "id": "voimaantulleetkaavatmal_2020_2023.fid-7dddb29f_19d8b225a81_13ae", "geometry": {"type": "Polygon", "coordinates": [[[25.06071589, 60.31069099], [25.06044527, 60.31051331], [25.0601285, 60.31030531], [25.0597917, 60.31008417], [25.05988431, 60.31005921], [25.06077724, 60.30981848], [25.06010364, 60.30926655], [25.06088893, 60.3090304], [25.05945344, 60.30784642], [25.05924407, 60.30767577], [25.05861717, 60.30716507], [25.05848402, 60.30705821], [25.05846042, 60.30703919], [25.05845402, 60.30704916], [25.05845106, 60.30706353], [25.05844959, 60.30707995], [25.05845144, 60.30710931], [25.05844966, 60.30712962], [25.05844184, 60.30716156], [25.05844234, 60.30718509], [25.05843818, 60.30720627], [25.05843581, 60.30721722], [25.05843423, 60.30724739], [25.05843142, 60.30725887], [25.05843263, 60.30727108], [25.05843996, 60.30728283], [25.05845043, 60.30729603], [25.05846509, 60.30731182], [25.05847392, 60.3073295], [25.05847172, 60.30734944], [25.05845562, 60.30736138], [25.05844101, 60.30737], [25.058417, 60.30737674], [25.05838239, 60.30738099], [25.05831943, 60.30738819], [25.05824959, 60.3073858], [25.05821557, 60.30738465], [25.05815827, 60.3073827], [25.05812064, 60.30737427], [25.05808974, 60.30736719], [25.05805809, 60.30736012], [25.05800137, 60.3073474], [25.05796897, 60.30733637], [25.05793433, 60.30732471], [25.05789926, 60.30731292], [25.05785462, 60.30730976], [25.05781447, 60.30730681], [25.05779165, 60.30731149], [25.05776331, 60.30731751], [25.0577466, 60.30732093], [25.0577238, 60.3073389], [25.05768268, 60.30737141], [25.05760474, 60.30743321], [25.05758477, 60.30744902], [25.05756301, 60.30746635], [25.05753978, 60.30748459], [25.05752204, 60.30749869], [25.0574976, 60.307518], [25.05749425, 60.30756442], [25.05749308, 60.30758111], [25.05749147, 60.30759628], [25.05748883, 60.30761935], [25.05748691, 60.3076365], [25.0574856, 60.30764844], [25.05748236, 60.30767806], [25.05750284, 60.3076987], [25.05752631, 60.3077223], [25.05755576, 60.30775201], [25.05759357, 60.30778008], [25.05761167, 60.30780665], [25.05762543, 60.30782756], [25.05762845, 60.30784471], [25.05763237, 60.30786643], [25.05763492, 60.30787998], [25.0576552, 60.3079151], [25.05765371, 60.30795583], [25.05764596, 60.30796409], [25.05762988, 60.30798143], [25.05761682, 60.30799534], [25.05755489, 60.30802293], [25.05747865, 60.30803024], [25.05739449, 60.30803225], [25.05729585, 60.30802735], [25.0572272, 60.30802281], [25.0570626, 60.30799975], [25.05694403, 60.30798511], [25.05682555, 60.30797046], [25.05671617, 60.30796593], [25.05667197, 60.3079541], [25.05664236, 60.3079665], [25.05662725, 60.3079762], [25.05656821, 60.30801401], [25.05647714, 60.30807295], [25.05647856, 60.30811595], [25.05651611, 60.30817635], [25.05663545, 60.30823769], [25.05684857, 60.30833671], [25.05698267, 60.30847679], [25.05702906, 60.30855172], [25.05696306, 60.30861567], [25.05690632, 60.30868051], [25.05681252, 60.30871691], [25.05673299, 60.30872502], [25.05657867, 60.3087083], [25.05642031, 60.30869193], [25.05631074, 60.308669], [25.05620446, 60.30864929], [25.05611361, 60.30867169], [25.0560498, 60.308707], [25.0559775, 60.30875057], [25.0559964, 60.30880487], [25.05606613, 60.30882566], [25.05616256, 60.30884609], [25.05622392, 60.30886204], [25.0562598, 60.30890386], [25.05625896, 60.30893439], [25.0562268, 60.30897443], [25.05609759, 60.30906947], [25.05589412, 60.30921166], [25.05576725, 60.30928101], [25.05569811, 60.30934074], [25.05572158, 60.30936748], [25.05579482, 60.30951862], [25.05570347, 60.30959192], [25.05562949, 60.30961789], [25.0555543, 60.30963022], [25.05549966, 60.30961974], [25.05543034, 60.30957111], [25.05538263, 60.30950964], [25.05529799, 60.30949504], [25.05507309, 60.30948948], [25.05498939, 60.30949481], [25.05493299, 60.3095048], [25.05488767, 60.30953068], [25.05488558, 60.30953541], [25.05487651, 60.3095559], [25.05488133, 60.30958005], [25.05488049, 60.30961281], [25.0548625, 60.30965259], [25.05484927, 60.30968078], [25.0548374, 60.30972155], [25.05483986, 60.30976499], [25.05484364, 60.30979488], [25.05486533, 60.3098245], [25.05489478, 60.30985788], [25.05491334, 60.30988588], [25.0549161, 60.30992969], [25.05490214, 60.30997296], [25.0548776, 60.3100245], [25.0548492, 60.31008861], [25.05479106, 60.31012302], [25.05470931, 60.31013652], [25.05466975, 60.31013088], [25.05461763, 60.31011114], [25.05461483, 60.31004337], [25.05463519, 60.30999408], [25.05463409, 60.30995288], [25.05460404, 60.30991967], [25.05460129, 60.30988116], [25.05456126, 60.30986691], [25.05451128, 60.30987348], [25.05442687, 60.30990467], [25.05436276, 60.30993845], [25.05429342, 60.30997177], [25.05422915, 60.31000206], [25.05418174, 60.31002991], [25.05412792, 60.31006116], [25.05407947, 60.3100918], [25.05404117, 60.31012727], [25.05402362, 60.31016345], [25.05400162, 60.31021706], [25.05397678, 60.31026366], [25.05394792, 60.31031484], [25.05391485, 60.31035741], [25.05391776, 60.31040435], [25.05392441, 60.31045076], [25.05391642, 60.31049834], [25.05385442, 60.31054146], [25.05381747, 60.31058017], [25.05374857, 60.31061286], [25.05360569, 60.31066158], [25.05443828, 60.31200412], [25.05551229, 60.31205134], [25.05556364, 60.31205464], [25.05561424, 60.31206009], [25.0556638, 60.31206752], [25.05571202, 60.31207692], [25.05576025, 60.31208858], [25.05580623, 60.31210247], [25.05584969, 60.31211807], [25.05608028, 60.31220882], [25.05838095, 60.3116746], [25.05867935, 60.3116312], [25.05873625, 60.31165514], [25.05918596, 60.31184391], [25.0596709, 60.3120485], [25.05985687, 60.3117252], [25.05998181, 60.31149543], [25.06058574, 60.31122898], [25.06095793, 60.3110648], [25.06193045, 60.31063561], [25.06278775, 60.31060459], [25.06323127, 60.31060169], [25.06322871, 60.31051192], [25.06277996, 60.31051492], [25.06269287, 60.31051813], [25.06164658, 60.3105573], [25.06107655, 60.31058073], [25.0610196, 60.31058537], [25.06096485, 60.31059443], [25.06091371, 60.3106077], [25.06086747, 60.31062484], [25.06071589, 60.31069099]]]}, "geometry_name": "geom", "properties": {"id": 262, "kuntanimi": "Vantaa", "kaavatun": "741600", "kaavanimi": "741600 - Rosenlund", "vtulvuosi": "2022", "netkrostal": 0, "netrivketj": 0, "neterillis": 4890, "netyhteens": 4890, "brutyhteen": 4890}}, {"type": "Feature", "id": "voimaantulleetkaavatmal_2020_2023.fid-7dddb29f_19d8b225a81_13af", "geometry": {"type": "Polygon", "coordinates": [[[24.95635046, 60.28621279], [24.95645932, 60.28622509], [24.95657756, 60.28623652], [24.95654599, 60.28523977], [24.95624693, 60.28476827], [24.9560585, 60.28447104], [24.9558696, 60.28417319], [24.9563181, 60.28416747], [24.95631068, 60.28402392], [24.95552254, 60.28403396], [24.95382087, 60.28299765], [24.95424048, 60.28260095], [24.95417647, 60.28258426], [24.95453235, 60.28224773], [24.95149662, 60.28055626], [24.95122231, 60.2804034], [24.95092712, 60.28023857], [24.95069864, 60.28011159], [24.95064497, 60.28008167], [24.9506537, 60.28010515], [24.9506552, 60.28012901], [24.95064944, 60.28015272], [24.95063653, 60.28017571], [24.95061679, 60.28019748], [24.95059066, 60.28021752], [24.95052199, 60.28026683], [24.95044323, 60.28031227], [24.95035524, 60.28035332], [24.95025901, 60.28038953], [24.95015562, 60.28042048], [24.94975595, 60.28054644], [24.94968403, 60.28057587], [24.94961998, 60.28060948], [24.94956478, 60.28064676], [24.9495498, 60.28066177], [24.94954013, 60.28067782], [24.94953605, 60.28069445], [24.94953768, 60.28071118], [24.94954496, 60.28072754], [24.94962811, 60.28080234], [24.94963631, 60.28082252], [24.94963883, 60.28084306], [24.94961651, 60.28088071], [24.94958192, 60.280916], [24.94953603, 60.28094795], [24.9494801, 60.28097569], [24.94939815, 60.28100781], [24.94930902, 60.28103481], [24.949214, 60.28105629], [24.94911447, 60.28107195], [24.94892046, 60.28108802], [24.94888443, 60.28109449], [24.9488508, 60.28110361], [24.94882035, 60.28111516], [24.94879378, 60.28112887], [24.94861874, 60.28124539], [24.948595, 60.28125976], [24.94856726, 60.28127222], [24.94853612, 60.28128253], [24.94850226, 60.28129044], [24.94846642, 60.28129578], [24.94838873, 60.28130292], [24.9483143, 60.28131608], [24.94824501, 60.28133494], [24.94818261, 60.281359], [24.94772929, 60.28193804], [24.94772251, 60.28194281], [24.94771425, 60.28194696], [24.94770472, 60.28195037], [24.94769419, 60.28195297], [24.94768295, 60.28195467], [24.94767129, 60.28195542], [24.94765955, 60.28195522], [24.94764803, 60.28195406], [24.9475153, 60.28193105], [24.94738525, 60.28190453], [24.94735159, 60.28189849], [24.94731639, 60.28189527], [24.9472806, 60.28189496], [24.94724519, 60.28189757], [24.94721113, 60.28190303], [24.94717933, 60.28191119], [24.94713701, 60.28193563], [24.94710318, 60.28196314], [24.94707872, 60.28199299], [24.94703574, 60.28204616], [24.94698396, 60.28209735], [24.94692373, 60.28214621], [24.94653198, 60.28220625], [24.94647391, 60.2822677], [24.94640717, 60.28232694], [24.94633207, 60.28238365], [24.94624902, 60.28243756], [24.94618798, 60.28247171], [24.9461183, 60.28250149], [24.94604123, 60.28252639], [24.94595815, 60.28254595], [24.945726, 60.28258468], [24.94567208, 60.28259682], [24.94562252, 60.2826129], [24.94557848, 60.28263256], [24.94539784, 60.28271837], [24.94533779, 60.28274176], [24.94527206, 60.28276103], [24.9452018, 60.28277582], [24.94512823, 60.2827859], [24.94504212, 60.2827955], [24.94495862, 60.28280969], [24.94487872, 60.28282831], [24.94480337, 60.28285112], [24.94479359, 60.2828549], [24.94478522, 60.28285944], [24.94477848, 60.2828646], [24.94477356, 60.28287024], [24.9447706, 60.28287622], [24.94476969, 60.28288235], [24.94477084, 60.28288848], [24.94477402, 60.28289442], [24.94477915, 60.28290002], [24.94496808, 60.28305996], [24.94497743, 60.2830721], [24.94498252, 60.28308485], [24.94498321, 60.28309784], [24.94497949, 60.2831107], [24.94497145, 60.28312306], [24.94495933, 60.28313458], [24.94494348, 60.28314492], [24.94492434, 60.28315378], [24.94490247, 60.28316092], [24.94472845, 60.28321445], [24.94455009, 60.28326434], [24.9443677, 60.28331049], [24.94418159, 60.28335282], [24.94412102, 60.28336495], [24.94406498, 60.2833816], [24.94401485, 60.28340238], [24.94397183, 60.28342678], [24.94393698, 60.28345421], [24.94377311, 60.28362674], [24.94376567, 60.28363373], [24.94375602, 60.28364002], [24.94374443, 60.28364543], [24.9437312, 60.28364983], [24.94371671, 60.2836531], [24.94370133, 60.28365514], [24.94368549, 60.28365591], [24.9436696, 60.28365537], [24.94365411, 60.28365356], [24.94348435, 60.28362564], [24.9433446, 60.28359568], [24.94320071, 60.28357102], [24.94317376, 60.28356957], [24.94314669, 60.28357023], [24.94312016, 60.283573], [24.94309483, 60.2835778], [24.94307134, 60.28358451], [24.94306484, 60.28358802], [24.94305954, 60.283592], [24.9430556, 60.28359634], [24.94305311, 60.28360095], [24.94305213, 60.28360569], [24.94305269, 60.28361045], [24.94305478, 60.2836151], [24.94305833, 60.28361953], [24.94306327, 60.28362362], [24.94306946, 60.28362726], [24.94317025, 60.283666], [24.94327842, 60.28369946], [24.94339286, 60.28372732], [24.94353422, 60.28376225], [24.9436725, 60.2838001], [24.94380744, 60.28384081], [24.94381211, 60.28384226], [24.94381635, 60.283844], [24.94382007, 60.28384601], [24.94382323, 60.28384825], [24.94375602, 60.28388683], [24.94344117, 60.28395056], [24.94336007, 60.28397335], [24.94328604, 60.28400146], [24.94322051, 60.28403436], [24.94316471, 60.28407143], [24.94299474, 60.28417864], [24.94290501, 60.28422538], [24.9428073, 60.28426798], [24.94270238, 60.28430613], [24.94259107, 60.28433952], [24.94235237, 60.28441366], [24.9422905, 60.28442632], [24.94222574, 60.28443468], [24.94215929, 60.28443858], [24.94215055, 60.28444236], [24.94231438, 60.28451854], [24.94232661, 60.28452596], [24.9423364, 60.28453421], [24.94234352, 60.28454312], [24.9423478, 60.28455246], [24.94234914, 60.28456202], [24.94227525, 60.28468328], [24.94223354, 60.28472802], [24.94199162, 60.28498749], [24.9421164, 60.28502242], [24.9424194, 60.28510723], [24.94256715, 60.28522699], [24.94275987, 60.28526612], [24.94293588, 60.28542267], [24.94299353, 60.28542767], [24.94316674, 60.28544268], [24.94327491, 60.28534332], [24.9441007, 60.28553866], [24.94484945, 60.28565232], [24.94507418, 60.28568644], [24.94513472, 60.28569278], [24.94524314, 60.28570414], [24.94746201, 60.28593646], [24.94847807, 60.28604284], [24.94894704, 60.28609125], [24.94922976, 60.28612153], [24.94958727, 60.28620224], [24.94958407, 60.28618381], [24.94962219, 60.28595224], [24.94966018, 60.28595145], [24.94969767, 60.28594835], [24.94973411, 60.28594296], [24.94977623, 60.28593346], [24.94981501, 60.28592093], [24.94984955, 60.28590565], [24.94987012, 60.28589657], [24.94989323, 60.28588915], [24.94991633, 60.28588391], [24.94994069, 60.28588034], [24.94996581, 60.2858785], [24.94999121, 60.28587842], [24.95024857, 60.28588663], [24.95029227, 60.28588982], [24.95033436, 60.28589648], [24.9503737, 60.28590645], [24.95059926, 60.28597564], [24.95065399, 60.2859894], [24.95071262, 60.28599836], [24.95077345, 60.28600227], [24.95271461, 60.28604454], [24.95306537, 60.28604115], [24.95341567, 60.28603183], [24.95357455, 60.28602765], [24.95373362, 60.28602625], [24.95392045, 60.28602816], [24.95410697, 60.2860339], [24.95429285, 60.28604346], [24.95433586, 60.28604759], [24.95437736, 60.28605456], [24.95441659, 60.28606423], [24.9544566, 60.28607407], [24.95449895, 60.2860811], [24.95454283, 60.28608519], [24.95514376, 60.28610979], [24.95531886, 60.28611959], [24.95549245, 60.28613458], [24.95554103, 60.28613831], [24.95559012, 60.2861397], [24.95568531, 60.2861413], [24.95577596, 60.28614513], [24.95589333, 60.28615346], [24.95600935, 60.28616558], [24.95612353, 60.28618142], [24.95623646, 60.28619805], [24.95635046, 60.28621279]]]}, "geometry_name": "geom", "properties": {"id": 263, "kuntanimi": "Vantaa", "kaavatun": "512000", "kaavanimi": "512000 Backaksen tapahtuma- ja elämyskeskus", "vtulvuosi": "2022", "netkrostal": 6490, "netrivketj": 2720, "neterillis": 0, "netyhteens": 9210, "brutyhteen": 9210}}, {"type": "Feature", "id": "voimaantulleetkaavatmal_2020_2023.fid-7dddb29f_19d8b225a81_13b0", "geometry": {"type": "Polygon", "coordinates": [[[24.85616803, 60.3185642], [24.85621967, 60.31849717], [24.85608756, 60.31846237], [24.85556464, 60.31830608], [24.85546212, 60.31835927], [24.85538872, 60.31839735], [24.85524115, 60.3184739], [24.85520197, 60.31845527], [24.85515222, 60.31848107], [24.85502004, 60.31854964], [24.85469263, 60.31871949], [24.8545926, 60.31877139], [24.85385799, 60.31915245], [24.85455363, 60.31948235], [24.85530403, 60.31910492], [24.85531673, 60.31909852], [24.85532944, 60.31909213], [24.85538176, 60.31906582], [24.85539195, 60.31905969], [24.85540348, 60.31905274], [24.85612398, 60.3186191], [24.85612726, 60.31861712], [24.85616803, 60.3185642]]]}, "geometry_name": "geom", "properties": {"id": 264, "kuntanimi": "Vantaa", "kaavatun": "232400", "kaavanimi": "232400 - Puu-Kivistön aloituskorttelit", "vtulvuosi": "2022", "netkrostal": 0, "netrivketj": 13570, "neterillis": 0, "netyhteens": 13570, "brutyhteen": 13570}}, {"type": "Feature", "id": "voimaantulleetkaavatmal_2020_2023.fid-7dddb29f_19d8b225a81_13b1", "geometry": {"type": "Polygon", "coordinates": [[[25.03449559, 60.28783298], [25.03394324, 60.28780963], [25.03392433, 60.28780965], [25.03390572, 60.2878113], [25.03388797, 60.28781453], [25.03387162, 60.28781925], [25.03385716, 60.2878253], [25.03384504, 60.2878325], [25.03383563, 60.28784064], [25.0338292, 60.28784947], [25.03382596, 60.28785871], [25.03378376, 60.28810487], [25.03378362, 60.28811928], [25.03378813, 60.28813351], [25.03379717, 60.28814721], [25.03381052, 60.28816], [25.03382782, 60.28817158], [25.03301948, 60.28820418], [25.03373312, 60.28852678], [25.0340783, 60.28872267], [25.03462369, 60.2891198], [25.03491415, 60.28933131], [25.0358413, 60.28928706], [25.03594558, 60.2887464], [25.03569234, 60.28860271], [25.0353055, 60.28838317], [25.03517312, 60.28830803], [25.03503769, 60.28823118], [25.03481585, 60.28810529], [25.03479671, 60.28809266], [25.03478149, 60.28807878], [25.03477053, 60.28806394], [25.03476406, 60.28804846], [25.03476223, 60.28803268], [25.03476388, 60.28798079], [25.03476327, 60.28797553], [25.03476112, 60.28797037], [25.03475746, 60.28796542], [25.03475239, 60.2879608], [25.03474601, 60.28795659], [25.03455004, 60.28784537], [25.03454212, 60.28784152], [25.03453312, 60.28783831], [25.03452323, 60.28783583], [25.03451269, 60.28783412], [25.03450175, 60.28783323], [25.03449559, 60.28783298]]]}, "geometry_name": "geom", "properties": {"id": 265, "kuntanimi": "Vantaa", "kaavatun": "002435", "kaavanimi": "002435 Silkkitehtaantie", "vtulvuosi": "2022", "netkrostal": 13260, "netrivketj": 0, "neterillis": 0, "netyhteens": 13260, "brutyhteen": 13260}}, {"type": "Feature", "id": "voimaantulleetkaavatmal_2020_2023.fid-7dddb29f_19d8b225a81_13b2", "geometry": {"type": "Polygon", "coordinates": [[[24.83748083, 60.28154462], [24.83873689, 60.28184223], [24.83889255, 60.28168023], [24.83934932, 60.28178845], [24.83941366, 60.28188823], [24.84066975, 60.28218583], [24.84141306, 60.28141226], [24.83831371, 60.28067791], [24.83807837, 60.28092279], [24.83777231, 60.28124108], [24.83748083, 60.28154462]]]}, "geometry_name": "geom", "properties": {"id": 266, "kuntanimi": "Vantaa", "kaavatun": "002432", "kaavanimi": "002432 - Laajakorvenkuja 8 ja 10", "vtulvuosi": "2022", "netkrostal": 3570, "netrivketj": 0, "neterillis": 0, "netyhteens": 3570, "brutyhteen": 12990}}, {"type": "Feature", "id": "voimaantulleetkaavatmal_2020_2023.fid-7dddb29f_19d8b225a81_13b3", "geometry": {"type": "Polygon", "coordinates": [[[24.7081497, 60.21877774], [24.7074866, 60.21928161], [24.70783682, 60.21933943], [24.70810506, 60.21935595], [24.70830214, 60.2193539], [24.70851405, 60.21934527], [24.70844559, 60.21926924], [24.70898334, 60.21886155], [24.7081497, 60.21877774]]]}, "geometry_name": "geom", "properties": {"id": 267, "kuntanimi": "Kauniainen", "kaavatun": "Ak 240", "kaavanimi": "Akatemiantie 20", "vtulvuosi": "2022", "netkrostal": 0, "netrivketj": 0, "neterillis": 0, "netyhteens": 0, "brutyhteen": 775}}, {"type": "Feature", "id": "voimaantulleetkaavatmal_2020_2023.fid-7dddb29f_19d8b225a81_13b4", "geometry": {"type": "Polygon", "coordinates": [[[24.73548541, 60.21316647], [24.73521646, 60.21378221], [24.73537323, 60.21382485], [24.73669264, 60.21414254], [24.73691127, 60.21420762], [24.7371035, 60.2142908], [24.73721337, 60.21435466], [24.7372372, 60.21437028], [24.73728188, 60.21439956], [24.73793627, 60.21482838], [24.73795946, 60.21483959], [24.73798828, 60.2148469], [24.73802016, 60.21484964], [24.73805223, 60.21484758], [24.73808165, 60.21484089], [24.73808574, 60.21483949], [24.73841649, 60.21472089], [24.738185, 60.21431589], [24.73847989, 60.21420488], [24.73802827, 60.21390783], [24.7382599, 60.21305682], [24.7383118, 60.21286613], [24.7381337, 60.21285176], [24.73601748, 60.21264178], [24.73572717, 60.21261297], [24.7356446, 60.21280201], [24.73548541, 60.21316647]]]}, "geometry_name": "geom", "properties": {"id": 268, "kuntanimi": "Kauniainen", "kaavatun": "Ak 220", "kaavanimi": "Helsingintie 10", "vtulvuosi": "2022", "netkrostal": 5900, "netrivketj": 0, "neterillis": 0, "netyhteens": 5900, "brutyhteen": 5900}}, {"type": "Feature", "id": "voimaantulleetkaavatmal_2020_2023.fid-7dddb29f_19d8b225a81_13b5", "geometry": {"type": "Polygon", "coordinates": [[[24.71838573, 60.20534453], [24.71854638, 60.20559104], [24.7195185, 60.20544447], [24.71962146, 60.20547193], [24.71969809, 60.20540072], [24.71950504, 60.20534925], [24.71922187, 60.20497719], [24.71829658, 60.20515163], [24.71838573, 60.20534453]]]}, "geometry_name": "geom", "properties": {"id": 269, "kuntanimi": "Kauniainen", "kaavatun": "Ak 242", "kaavanimi": "Kaikupolku 10", "vtulvuosi": "2022", "netkrostal": 0, "netrivketj": 0, "neterillis": 0, "netyhteens": 0, "brutyhteen": 775}}, {"type": "Feature", "id": "voimaantulleetkaavatmal_2020_2023.fid-7dddb29f_19d8b225a81_13b6", "geometry": {"type": "Polygon", "coordinates": [[[24.70682509, 60.21834626], [24.70762676, 60.2186074], [24.7081497, 60.21877774], [24.70898334, 60.21886155], [24.70927653, 60.21863929], [24.70896167, 60.21853564], [24.70771907, 60.21812661], [24.70759069, 60.21817344], [24.7074161, 60.21822326], [24.70737834, 60.21823091], [24.70718342, 60.21825588], [24.70701172, 60.2182597], [24.70697938, 60.21826002], [24.70695758, 60.21826308], [24.70692966, 60.21827121], [24.70690782, 60.21828308], [24.7069027, 60.21828728], [24.70682509, 60.21834626]]]}, "geometry_name": "geom", "properties": {"id": 270, "kuntanimi": "Kauniainen", "kaavatun": "Ak 241", "kaavanimi": "Kylpyläntie 7-9", "vtulvuosi": "2022", "netkrostal": 0, "netrivketj": 0, "neterillis": 25, "netyhteens": 25, "brutyhteen": 800}}, {"type": "Feature", "id": "voimaantulleetkaavatmal_2020_2023.fid-7dddb29f_19d8b225a81_13b7", "geometry": {"type": "Polygon", "coordinates": [[[24.72115319, 60.21297149], [24.72087859, 60.21329889], [24.71996239, 60.21313363], [24.71985861, 60.21311491], [24.71970737, 60.21323172], [24.71967393, 60.21339016], [24.7196228, 60.2136325], [24.72038028, 60.21363787], [24.72110469, 60.21364301], [24.72130497, 60.21363325], [24.72149592, 60.21360164], [24.72166803, 60.21354974], [24.72169449, 60.2135392], [24.72222838, 60.21331804], [24.72311518, 60.21295069], [24.72314382, 60.21293465], [24.72316167, 60.21291511], [24.72316711, 60.21289383], [24.72315967, 60.21287269], [24.72314, 60.21285359], [24.72310987, 60.21283823], [24.72310489, 60.21283644], [24.72284308, 60.21274641], [24.72266579, 60.21269903], [24.7224718, 60.2126724], [24.72227077, 60.21266783], [24.72225146, 60.21266857], [24.7219713, 60.21268082], [24.72192415, 60.21268244], [24.72194152, 60.21287805], [24.72162284, 60.21312287], [24.72115319, 60.21297149]]]}, "geometry_name": "geom", "properties": {"id": 271, "kuntanimi": "Kauniainen", "kaavatun": "Ak 230", "kaavanimi": "Asematie 10-14", "vtulvuosi": "2022", "netkrostal": 4979, "netrivketj": 0, "neterillis": 0, "netyhteens": 4979, "brutyhteen": 10160}}, {"type": "Feature", "id": "voimaantulleetkaavatmal_2020_2023.fid-7dddb29f_19d8b225a81_13b8", "geometry": {"type": "Polygon", "coordinates": [[[25.24738724, 60.25082416], [25.2470011, 60.25093825], [25.24759481, 60.25140485], [25.247869, 60.25163479], [25.24769423, 60.25168934], [25.24770367, 60.25169668], [25.24763306, 60.25193327], [25.24726965, 60.25239887], [25.24640242, 60.2523284], [25.24623491, 60.25265611], [25.24654671, 60.25315188], [25.25073341, 60.25425163], [25.25092639, 60.25449411], [25.25074204, 60.25538157], [25.25140522, 60.25597173], [25.25135943, 60.25711128], [25.25305301, 60.25745763], [25.25343848, 60.25782658], [25.25441525, 60.2577826], [25.25463296, 60.25853474], [25.25395953, 60.25925124], [25.25403769, 60.25949123], [25.25536969, 60.26020954], [25.25693915, 60.26180211], [25.2569147, 60.26210433], [25.2577786, 60.26213093], [25.25566062, 60.260064], [25.25442783, 60.25934541], [25.25475682, 60.25894216], [25.25509249, 60.2585353], [25.25735689, 60.25839151], [25.25912177, 60.25895615], [25.26115172, 60.25743684], [25.25453405, 60.25437179], [25.25381802, 60.25403921], [25.25249962, 60.25342858], [25.25239115, 60.25309673], [25.25220895, 60.25294231], [25.25190981, 60.25267131], [25.2515384, 60.25237524], [25.25108672, 60.25225877], [25.25072176, 60.25212605], [25.25050304, 60.25210079], [25.25033701, 60.2520924], [25.2501375, 60.25214457], [25.24995551, 60.25223037], [25.24979427, 60.25234109], [25.24964925, 60.25232988], [25.2496881, 60.25221014], [25.24892892, 60.25191029], [25.24877865, 60.25191614], [25.24738724, 60.25082416]]]}, "geometry_name": "geom", "properties": {"id": 272, "kuntanimi": "Sipoo", "kaavatun": "B17", "kaavanimi": "Majvik 1 asemakaava, maatalousalueet", "vtulvuosi": "2022", "netkrostal": 0, "netrivketj": 0, "neterillis": 9067, "netyhteens": 9067, "brutyhteen": 9067}}, {"type": "Feature", "id": "voimaantulleetkaavatmal_2020_2023.fid-7dddb29f_19d8b225a81_13b9", "geometry": {"type": "Polygon", "coordinates": [[[25.29247114, 60.30090678], [25.29260742, 60.30079893], [25.29273027, 60.30068915], [25.29284116, 60.30057632], [25.29293978, 60.30046066], [25.29302586, 60.3003426], [25.29319617, 60.30008629], [25.2932318, 60.30003469], [25.29332621, 60.29991338], [25.2934336, 60.29979464], [25.29355474, 60.2996783], [25.29315896, 60.29947943], [25.29318217, 60.29928808], [25.2933388, 60.29918791], [25.29366301, 60.29912499], [25.29380995, 60.29904117], [25.29399794, 60.29894354], [25.29419612, 60.29885055], [25.29440343, 60.29876256], [25.29461959, 60.29868003], [25.29476951, 60.29862745], [25.2949175, 60.29857936], [25.2951693, 60.29849496], [25.29541001, 60.29840286], [25.29563869, 60.2983036], [25.29564122, 60.29830261], [25.29397119, 60.2980256], [25.29312161, 60.2978737], [25.2943732, 60.2972911], [25.29499031, 60.29722294], [25.29321476, 60.29639909], [25.29227015, 60.29684312], [25.29141419, 60.29640709], [25.29125123, 60.29636795], [25.29118793, 60.29642788], [25.29111803, 60.29648594], [25.29104171, 60.29654203], [25.29095924, 60.29659589], [25.2908708, 60.29664735], [25.29077666, 60.29669629], [25.29046728, 60.29668117], [25.28964402, 60.29619345], [25.2895451, 60.29614142], [25.28943461, 60.29609542], [25.28937551, 60.29607491], [25.28931402, 60.2960562], [25.28925049, 60.29603927], [25.28918501, 60.29602425], [25.28911793, 60.2960111], [25.28904935, 60.29600003], [25.28897962, 60.29599085], [25.28890885, 60.29598381], [25.28853946, 60.29596245], [25.28742244, 60.29597519], [25.2864674, 60.29584888], [25.28635855, 60.2958379], [25.28624768, 60.29583364], [25.28613659, 60.29583604], [25.28608141, 60.29583974], [25.28602687, 60.29584516], [25.28597308, 60.29585219], [25.2859202, 60.29586074], [25.28586852, 60.295871], [25.28581852, 60.29588277], [25.2851962, 60.29603978], [25.28447175, 60.29630526], [25.28435265, 60.29626268], [25.28407887, 60.29634182], [25.28398792, 60.29641581], [25.28432858, 60.29653089], [25.28403771, 60.29729016], [25.28626426, 60.29759285], [25.28710968, 60.2983284], [25.28694525, 60.29917575], [25.28933638, 60.29949625], [25.29061508, 60.29966761], [25.29040321, 60.29990022], [25.29188226, 60.30085538], [25.29247114, 60.30090678]]]}, "geometry_name": "geom", "properties": {"id": 273, "kuntanimi": "Sipoo", "kaavatun": "M2", "kaavanimi": "Massbyn ratsastuskeskus", "vtulvuosi": "2022", "netkrostal": 0, "netrivketj": 0, "neterillis": 10746, "netyhteens": 10746, "brutyhteen": 10746}}, {"type": "Feature", "id": "voimaantulleetkaavatmal_2020_2023.fid-7dddb29f_19d8b225a81_13ba", "geometry": {"type": "Polygon", "coordinates": [[[25.25582155, 60.37366651], [25.25543849, 60.37395073], [25.25441122, 60.37470146], [25.25531217, 60.37500308], [25.25630102, 60.37425523], [25.25649567, 60.37410801], [25.2568735, 60.374169], [25.25683603, 60.37422902], [25.25813129, 60.37443537], [25.25836863, 60.37407009], [25.25713708, 60.37381784], [25.25705091, 60.37380393], [25.25582155, 60.37366651]]]}, "geometry_name": "geom", "properties": {"id": 274, "kuntanimi": "Sipoo", "kaavatun": "N60", "kaavanimi": "Oikopolku", "vtulvuosi": "2022", "netkrostal": 4200, "netrivketj": 0, "neterillis": 2000, "netyhteens": 6200, "brutyhteen": 6200}}, {"type": "Feature", "id": "voimaantulleetkaavatmal_2020_2023.fid-7dddb29f_19d8b225a81_13bb", "geometry": {"type": "Polygon", "coordinates": [[[24.85379422, 60.62225943], [24.85379439, 60.6222595], [24.85382838, 60.62227549], [24.85382847, 60.62227554], [24.85382911, 60.62227586], [24.85386112, 60.62229198], [24.85386143, 60.62229213], [24.85389298, 60.62230912], [24.85389323, 60.62230926], [24.85392326, 60.62232657], [24.85392384, 60.6223269], [24.85395307, 60.62234496], [24.85395322, 60.62234505], [24.85398109, 60.62236351], [24.85398133, 60.62236367], [24.85400801, 60.62238264], [24.85400815, 60.62238274], [24.85403365, 60.62240225], [24.85419086, 60.62252713], [24.85459898, 60.62285132], [24.85444406, 60.62289845], [24.85451443, 60.62295454], [24.85466761, 60.6230767], [24.85479235, 60.62317557], [24.85494754, 60.62312804], [24.85516211, 60.62306009], [24.85531728, 60.62301218], [24.85519981, 60.62291989], [24.85519993, 60.62291986], [24.85525257, 60.62290496], [24.85526581, 60.62290122], [24.85526582, 60.6229014], [24.85531692, 60.62288818], [24.85536892, 60.62287584], [24.85542176, 60.62286439], [24.85547537, 60.62285385], [24.85547545, 60.62285383], [24.85552971, 60.62284423], [24.85552977, 60.62284422], [24.85558468, 60.62283554], [24.85564023, 60.62282779], [24.85569631, 60.622821], [24.85571191, 60.62281938], [24.85571359, 60.62281921], [24.85575256, 60.62281518], [24.85575281, 60.62281516], [24.85638357, 60.62275375], [24.85685856, 60.62270751], [24.85733414, 60.62266121], [24.85780915, 60.62261496], [24.85828453, 60.62256868], [24.85882282, 60.62251626], [24.85900149, 60.62249886], [24.85944629, 60.62245555], [24.85988865, 60.62241247], [24.86033107, 60.62236939], [24.86077357, 60.62232629], [24.86121583, 60.62228322], [24.86165878, 60.62224008], [24.86183765, 60.62222258], [24.86225883, 60.62218156], [24.8626736, 60.62214116], [24.86267976, 60.62214056], [24.86310102, 60.62209953], [24.86352138, 60.62205858], [24.86394428, 60.62201739], [24.86443362, 60.62196972], [24.8644428, 60.62196882], [24.8649626, 60.62191818], [24.86501645, 60.62200682], [24.86503309, 60.62203421], [24.8650714, 60.62208708], [24.86507427, 60.62209127], [24.86507744, 60.62209541], [24.86511575, 60.62214829], [24.86513808, 60.62217469], [24.8651393, 60.62217627], [24.86521034, 60.6222601], [24.8653771, 60.62222349], [24.86537744, 60.62222341], [24.86536091, 60.62220545], [24.8652997, 60.62213048], [24.86524283, 60.62205468], [24.86519033, 60.62197813], [24.86514231, 60.62190095], [24.86514227, 60.62190087], [24.86596626, 60.62182026], [24.8659094, 60.62168008], [24.86633926, 60.62163821], [24.86694858, 60.62157886], [24.86748619, 60.62152649], [24.86776143, 60.62146617], [24.86839544, 60.621327], [24.86834245, 60.62119524], [24.86827164, 60.62101916], [24.86818493, 60.62080356], [24.86815354, 60.62060835], [24.8681183, 60.62038914], [24.86812651, 60.62012667], [24.86812921, 60.62004028], [24.86768296, 60.61980941], [24.86741721, 60.61967192], [24.86713287, 60.61962215], [24.86671668, 60.61954931], [24.86636326, 60.61959464], [24.86625722, 60.61960822], [24.866045, 60.61963529], [24.86461745, 60.61997787], [24.86430125, 60.61992186], [24.86389577, 60.61985003], [24.86362944, 60.62021306], [24.86241671, 60.61999788], [24.86239322, 60.61999469], [24.86234534, 60.61998817], [24.86234391, 60.61998801], [24.86232788, 60.61998649], [24.86226287, 60.61998269], [24.86225447, 60.6199822], [24.86224685, 60.61998232], [24.86217873, 60.61998344], [24.86217203, 60.61998374], [24.86216482, 60.61998418], [24.86209461, 60.61999063], [24.86208528, 60.61999188], [24.86201497, 60.62000396], [24.86200943, 60.62000513], [24.86193861, 60.62002362], [24.86193832, 60.6200237], [24.86184139, 60.62005357], [24.8614298, 60.61983353], [24.8611083, 60.61966165], [24.86078682, 60.61948978], [24.86046557, 60.61931803], [24.86014422, 60.61914623], [24.85975009, 60.61893551], [24.85961035, 60.61879669], [24.85941617, 60.61860379], [24.85922192, 60.61841083], [24.8590277, 60.6182179], [24.85883347, 60.61802495], [24.85863918, 60.61783193], [24.85844486, 60.61763889], [24.85825064, 60.61744594], [24.85800764, 60.61720453], [24.85776801, 60.61715674], [24.85734514, 60.61707239], [24.85693883, 60.61699135], [24.85653261, 60.61691032], [24.85612644, 60.6168293], [24.85607978, 60.61675342], [24.85599113, 60.61653335], [24.85590248, 60.61631326], [24.85581385, 60.61609321], [24.85572521, 60.61587315], [24.85500859, 60.61594286], [24.85468617, 60.61597422], [24.85407696, 60.61603348], [24.85417976, 60.61628873], [24.85426484, 60.61649999], [24.85434992, 60.61671126], [24.85437822, 60.61678152], [24.85393076, 60.61682502], [24.85348331, 60.61686851], [24.85303577, 60.61691201], [24.85258826, 60.61695551], [24.85214078, 60.616999], [24.85186243, 60.61702605], [24.85142173, 60.61713236], [24.85097921, 60.61723911], [24.85078672, 60.61739668], [24.85053286, 60.61760449], [24.85026982, 60.61781977], [24.84996909, 60.61806602], [24.84998183, 60.6181115], [24.8500693, 60.61842382], [24.85021375, 60.61873718], [24.84983793, 60.61904491], [24.84920232, 60.6188484], [24.84946072, 60.61863671], [24.84932574, 60.61833345], [24.84904002, 60.61814777], [24.84875341, 60.61796152], [24.84846683, 60.61777528], [24.84818015, 60.61758898], [24.84760385, 60.61780962], [24.84738384, 60.61766664], [24.84796018, 60.61744602], [24.84768934, 60.61727], [24.84741861, 60.61709405], [24.84714767, 60.61691797], [24.84687689, 60.61674199], [24.84660599, 60.61656593], [24.84633515, 60.6163899], [24.84606409, 60.61621372], [24.84579319, 60.61603765], [24.84552219, 60.6158615], [24.84525135, 60.61568547], [24.84498047, 60.6155094], [24.84482085, 60.61540565], [24.8440066, 60.6154716], [24.84392783, 60.6154204], [24.84368764, 60.61526428], [24.84434578, 60.61520943], [24.84419093, 60.6147607], [24.84130817, 60.61500637], [24.84119072, 60.61501592], [24.84141707, 60.61545438], [24.8412604, 60.61547347], [24.84111928, 60.61549066], [24.84121095, 60.61563453], [24.84221952, 60.61721728], [24.84228501, 60.61732006], [24.84259385, 60.61779891], [24.84294737, 60.61834702], [24.8430967, 60.61857854], [24.8433507, 60.61897233], [24.84340318, 60.61906385], [24.84340874, 60.61906232], [24.84355652, 60.61935281], [24.84365114, 60.61941598], [24.84373985, 60.61947458], [24.84382217, 60.61943564], [24.84400353, 60.61934984], [24.84400469, 60.6193493], [24.84400439, 60.6193491], [24.84398369, 60.61933087], [24.8439803, 60.61932814], [24.84396304, 60.61930651], [24.84395632, 60.61929031], [24.8439536, 60.61928375], [24.84395227, 60.61926053], [24.84395907, 60.61923755], [24.84397026, 60.6192208], [24.84397382, 60.61921548], [24.84398094, 60.61920892], [24.84398984, 60.61920073], [24.84399607, 60.61919499], [24.84399652, 60.6191947], [24.84400908, 60.61918679], [24.84402323, 60.61917788], [24.84402545, 60.61917637], [24.84403561, 60.61917175], [24.84404724, 60.61916607], [24.84406322, 60.61915967], [24.84408268, 60.619154], [24.84409419, 60.61915057], [24.84410094, 60.61914856], [24.84410126, 60.61914846], [24.84411606, 60.61914549], [24.84413115, 60.61914237], [24.8441532, 60.61913769], [24.84454352, 60.61907841], [24.8446471, 60.61906268], [24.84465327, 60.6190658], [24.84465722, 60.61906779], [24.84466516, 60.61907433], [24.84467069, 60.61908075], [24.84475503, 60.61921373], [24.84475482, 60.61921403], [24.84474758, 60.61922438], [24.84474616, 60.61922652], [24.84474067, 60.61923534], [24.84473839, 60.61923926], [24.84473453, 60.61924632], [24.84473149, 60.61925233], [24.84472919, 60.61925719], [24.84472506, 60.61926682], [24.84472063, 60.61927897], [24.84471227, 60.61931778], [24.84471252, 60.61935681], [24.84472135, 60.6193956], [24.84474213, 60.61943951], [24.8447739, 60.6194818], [24.84478153, 60.61949001], [24.84478419, 60.61949272], [24.84479285, 60.61950125], [24.84479759, 60.61950569], [24.84480329, 60.61951083], [24.84481067, 60.61951721], [24.84481453, 60.61952044], [24.84482437, 60.61952832], [24.84482647, 60.61952994], [24.84483878, 60.6195391], [24.84483893, 60.61953922], [24.84483906, 60.61953931], [24.84485214, 60.61954837], [24.84485306, 60.61954901], [24.84486785, 60.61955856], [24.84488329, 60.61956786], [24.84489935, 60.61957691], [24.84538301, 60.6197196], [24.84549416, 60.61979426], [24.84561814, 60.61983084], [24.84673119, 60.6201592], [24.84687344, 60.62025637], [24.84698277, 60.62021772], [24.84704858, 60.62016384], [24.84738555, 60.62026326], [24.84774482, 60.62047535], [24.84818226, 60.62058345], [24.84849782, 60.62065943], [24.84930035, 60.62089616], [24.84962886, 60.62099304], [24.84995927, 60.6210905], [24.84999819, 60.62110199], [24.85111128, 60.62143031], [24.85118414, 60.62145546], [24.85152773, 60.62157406], [24.85152818, 60.62157421], [24.85152825, 60.62157423], [24.85321606, 60.622072], [24.85335124, 60.62211187], [24.85335502, 60.62211298], [24.85356864, 60.62217594], [24.85360859, 60.62218828], [24.85364766, 60.62220127], [24.85368582, 60.62221491], [24.85372269, 60.62222904], [24.85372303, 60.62222917], [24.85375887, 60.62224389], [24.85375923, 60.62224404], [24.85379422, 60.62225943]]]}, "geometry_name": "geom", "properties": {"id": 275, "kuntanimi": "Hyvinkää", "kaavatun": "10:017", "kaavanimi": "Kruununpuiston alue", "vtulvuosi": "2022", "netkrostal": -781, "netrivketj": -4071, "neterillis": 3497, "netyhteens": -1355, "brutyhteen": 95993}}, {"type": "Feature", "id": "voimaantulleetkaavatmal_2020_2023.fid-7dddb29f_19d8b225a81_13bc", "geometry": {"type": "Polygon", "coordinates": [[[25.08843388, 60.50971679], [25.0906832, 60.51042864], [25.09224399, 60.50946567], [25.09077226, 60.50897676], [25.09105771, 60.50876645], [25.09087473, 60.50867134], [25.09052033, 60.50864679], [25.09039832, 60.50896473], [25.0896105, 60.50893938], [25.08843388, 60.50971679]]]}, "geometry_name": "geom", "properties": {"id": 276, "kuntanimi": "Järvenpää", "kaavatun": "110017", "kaavanimi": "Hahlakatu", "vtulvuosi": "2022", "netkrostal": 0, "netrivketj": 0, "neterillis": 0, "netyhteens": 0, "brutyhteen": 2962}}, {"type": "Feature", "id": "voimaantulleetkaavatmal_2020_2023.fid-7dddb29f_19d8b225a81_13bd", "geometry": {"type": "Polygon", "coordinates": [[[25.09541215, 60.47857589], [25.09549649, 60.47859063], [25.09635642, 60.47874097], [25.09658846, 60.47878156], [25.09715414, 60.47887795], [25.09729508, 60.47890534], [25.09729512, 60.47890528], [25.09757886, 60.47842435], [25.0975825, 60.47841544], [25.09758305, 60.47840636], [25.09758051, 60.47839737], [25.09757493, 60.47838871], [25.09756649, 60.47838064], [25.09755542, 60.47837339], [25.09754203, 60.47836715], [25.09752671, 60.47836212], [25.09696576, 60.47820978], [25.09707238, 60.47802118], [25.09722281, 60.47789019], [25.09736983, 60.47776279], [25.09682931, 60.47747172], [25.09663098, 60.47756049], [25.09641421, 60.4774431], [25.09638385, 60.47746122], [25.09603338, 60.47761344], [25.09605295, 60.4777084], [25.09577495, 60.47785781], [25.09569717, 60.47792809], [25.09563235, 60.4780015], [25.09558101, 60.47807747], [25.09554355, 60.47815539], [25.09552027, 60.47823464], [25.0954881, 60.47839386], [25.09547485, 60.47844469], [25.09545574, 60.47849506], [25.09541215, 60.47857589]]]}, "geometry_name": "geom", "properties": {"id": 277, "kuntanimi": "Järvenpää", "kaavatun": "60054", "kaavanimi": "Myllytien taidekortteli", "vtulvuosi": "2022", "netkrostal": 3585, "netrivketj": 0, "neterillis": 0, "netyhteens": 3585, "brutyhteen": 3585}}, {"type": "Feature", "id": "voimaantulleetkaavatmal_2020_2023.fid-7dddb29f_19d8b225a81_13be", "geometry": {"type": "Polygon", "coordinates": [[[25.10233862, 60.45612273], [25.1030454, 60.45612056], [25.1032864, 60.45611982], [25.10398561, 60.45612749], [25.10480152, 60.45615775], [25.10562676, 60.45620762], [25.10614168, 60.45583484], [25.10647656, 60.45583371], [25.10657647, 60.45586821], [25.10685577, 60.45589616], [25.10746649, 60.45577039], [25.10768004, 60.45575675], [25.10819348, 60.45574788], [25.10828971, 60.45561088], [25.10834819, 60.45546996], [25.1083076, 60.45533584], [25.10806885, 60.45520041], [25.10784988, 60.45515019], [25.10801984, 60.4548459], [25.10848725, 60.45490499], [25.10947415, 60.45502972], [25.10955248, 60.45502517], [25.110405, 60.45484993], [25.11019555, 60.45460135], [25.11002135, 60.4538546], [25.10994342, 60.453521], [25.11038914, 60.4535763], [25.11110399, 60.45090616], [25.10974563, 60.45050348], [25.10939105, 60.45045881], [25.10789305, 60.45027006], [25.10808469, 60.45002253], [25.10816778, 60.44985764], [25.10823751, 60.44969125], [25.10829377, 60.44952361], [25.10833647, 60.44935501], [25.10836555, 60.44918569], [25.10838095, 60.44901594], [25.10838265, 60.44884602], [25.10837066, 60.44867621], [25.10834498, 60.44850676], [25.10830566, 60.44833795], [25.10814643, 60.44831785], [25.10784362, 60.44827961], [25.1077328, 60.44826562], [25.10777746, 60.44841867], [25.10781002, 60.44857246], [25.10783043, 60.44872676], [25.10783865, 60.44888133], [25.10783467, 60.44903595], [25.10781849, 60.44919037], [25.10779015, 60.44934436], [25.10774968, 60.44949769], [25.10769715, 60.44965013], [25.10763263, 60.44980143], [25.10755623, 60.44995138], [25.10739696, 60.45016131], [25.10548436, 60.44990607], [25.10488994, 60.44982518], [25.10438882, 60.44978244], [25.1042231, 60.44981351], [25.10417175, 60.45000671], [25.10474946, 60.45008535], [25.10533982, 60.45016568], [25.10570712, 60.45021566], [25.10605997, 60.45026368], [25.10636571, 60.45030528], [25.10723322, 60.45041847], [25.10714117, 60.45077808], [25.10712279, 60.45084987], [25.10703928, 60.45122905], [25.10686223, 60.45190068], [25.10678805, 60.45217996], [25.10678668, 60.45218514], [25.10678056, 60.45221267], [25.10676342, 60.45228527], [25.10666924, 60.45266346], [25.10655814, 60.45310544], [25.10596897, 60.45303218], [25.10539308, 60.45296056], [25.1047654, 60.45288249], [25.10426759, 60.45282057], [25.10380533, 60.45276308], [25.10342484, 60.45271575], [25.10323663, 60.45269234], [25.10305925, 60.45267027], [25.10304496, 60.45272403], [25.10235837, 60.45277214], [25.10221577, 60.45276843], [25.10153057, 60.45275088], [25.10138404, 60.45328993], [25.10095715, 60.45486024], [25.10051158, 60.45484907], [25.10024853, 60.4548334], [25.10002149, 60.45486325], [25.09999607, 60.45496996], [25.10047445, 60.45499792], [25.10073853, 60.45501335], [25.10100438, 60.4550453], [25.10164694, 60.4550879], [25.1015412, 60.45547696], [25.10133524, 60.45609798], [25.10146677, 60.45610063], [25.10145289, 60.45614807], [25.10175722, 60.45616462], [25.10207786, 60.45620661], [25.10230359, 60.45623617], [25.10233862, 60.45612273]]]}, "geometry_name": "geom", "properties": {"id": 278, "kuntanimi": "Järvenpää", "kaavatun": "210009", "kaavanimi": "Ainolan aluekeskus", "vtulvuosi": "2022", "netkrostal": 85960, "netrivketj": 11500, "neterillis": 4500, "netyhteens": 101960, "brutyhteen": 101960}}, {"type": "Feature", "id": "voimaantulleetkaavatmal_2020_2023.fid-7dddb29f_19d8b225a81_13bf", "geometry": {"type": "Polygon", "coordinates": [[[25.15407158, 60.5061452], [25.15776571, 60.50614926], [25.15718659, 60.50498026], [25.15512743, 60.50498132], [25.15511138, 60.50392028], [25.15528001, 60.50383723], [25.15484967, 60.50381824], [25.15486581, 60.50353288], [25.15477139, 60.50360722], [25.15470321, 60.5036263], [25.15455965, 60.50364918], [25.15363519, 60.50369651], [25.15281131, 60.50376924], [25.15233589, 60.50380766], [25.15237692, 60.50393112], [25.15231705, 60.50393656], [25.1522636, 60.5039463], [25.15220001, 60.50397569], [25.15217548, 60.50400405], [25.15217353, 60.50404045], [25.15227624, 60.50432232], [25.15229702, 60.50498319], [25.15403797, 60.50498175], [25.15407158, 60.5061452]]]}, "geometry_name": "geom", "properties": {"id": 279, "kuntanimi": "Järvenpää", "kaavatun": "150006", "kaavanimi": "Lehmustie", "vtulvuosi": "2022", "netkrostal": 0, "netrivketj": 0, "neterillis": 5740, "netyhteens": 5740, "brutyhteen": 5740}}, {"type": "Feature", "id": "voimaantulleetkaavatmal_2020_2023.fid-7dddb29f_19d8b225a81_13c0", "geometry": {"type": "Polygon", "coordinates": [[[25.11889803, 60.43308823], [25.12073445, 60.43277128], [25.12119043, 60.43278417], [25.12180824, 60.43292598], [25.1220755, 60.43235743], [25.12207474, 60.43235744], [25.1215579, 60.43116611], [25.12045298, 60.43125284], [25.12020339, 60.43127243], [25.11982079, 60.43128823], [25.11977762, 60.43128952], [25.11966364, 60.43128808], [25.11955089, 60.43127974], [25.11944106, 60.43126462], [25.11933581, 60.43124295], [25.11923674, 60.43121506], [25.11914535, 60.43118136], [25.11906301, 60.43114238], [25.11899098, 60.4310987], [25.11893035, 60.43105098], [25.11888202, 60.43099994], [25.11886161, 60.43097167], [25.11875395, 60.43080543], [25.11864241, 60.43063201], [25.1183161, 60.43028975], [25.1182252, 60.43021197], [25.11765273, 60.43003978], [25.11732359, 60.43005428], [25.11730585, 60.4299358], [25.11691656, 60.42981886], [25.11681853, 60.42988057], [25.11671174, 60.42993861], [25.11659675, 60.42999269], [25.11647416, 60.43004253], [25.11634461, 60.43008786], [25.11620877, 60.43012845], [25.11593518, 60.42988532], [25.11581257, 60.42985679], [25.11549939, 60.42982915], [25.1153717, 60.42981795], [25.11527032, 60.42980599], [25.11517228, 60.42978849], [25.11507882, 60.42976568], [25.11499111, 60.42973785], [25.11491025, 60.42970535], [25.11483725, 60.42966857], [25.11481388, 60.42953873], [25.11470463, 60.42954365], [25.11468279, 60.42942617], [25.11448008, 60.42933841], [25.11372621, 60.42912883], [25.11317145, 60.4291293], [25.11304778, 60.42919314], [25.11293907, 60.42924891], [25.11217585, 60.42957886], [25.11208523, 60.42962976], [25.11196745, 60.42977047], [25.11191429, 60.42982952], [25.11186036, 60.42988858], [25.11179385, 60.42996906], [25.11172734, 60.43004954], [25.11013103, 60.42996696], [25.10996935, 60.42986835], [25.10951712, 60.42984499], [25.1093119, 60.43081397], [25.10921833, 60.43125579], [25.10911745, 60.43169614], [25.11047935, 60.43200059], [25.11051379, 60.4320083], [25.1120299, 60.43234807], [25.11438283, 60.43287558], [25.11471358, 60.43294972], [25.11564464, 60.43315861], [25.11715995, 60.43350211], [25.11828684, 60.43375767], [25.11859625, 60.4334192], [25.11889803, 60.43308823]]]}, "geometry_name": "geom", "properties": {"id": 280, "kuntanimi": "Kerava", "kaavatun": "2368", "kaavanimi": "Pohjois-Kytömaa", "vtulvuosi": "2022", "netkrostal": 10875, "netrivketj": 4305, "neterillis": 7230, "netyhteens": 22410, "brutyhteen": 22410}}, {"type": "Feature", "id": "voimaantulleetkaavatmal_2020_2023.fid-7dddb29f_19d8b225a81_13c1", "geometry": {"type": "Polygon", "coordinates": [[[25.13959568, 60.41012854], [25.13910212, 60.41000843], [25.13909046, 60.41002551], [25.13904293, 60.41008585], [25.13898672, 60.41014434], [25.13892213, 60.41020067], [25.1388495, 60.41025455], [25.1387692, 60.4103057], [25.1386712, 60.41036368], [25.13922715, 60.41049898], [25.13959568, 60.41012854]]]}, "geometry_name": "geom", "properties": {"id": 281, "kuntanimi": "Kerava", "kaavatun": "2380", "kaavanimi": "Keravan täydennysrakentamistontit", "vtulvuosi": "2022", "netkrostal": 0, "netrivketj": 0, "neterillis": 1200, "netyhteens": 1200, "brutyhteen": 1200}}, {"type": "Feature", "id": "voimaantulleetkaavatmal_2020_2023.fid-7dddb29f_19d8b225a81_13c2", "geometry": {"type": "Polygon", "coordinates": [[[25.12050271, 60.42513382], [25.12032177, 60.4250848], [25.11996059, 60.42506649], [25.11994198, 60.42516598], [25.11993666, 60.42526586], [25.11994465, 60.4253657], [25.11996172, 60.42545061], [25.11998844, 60.42553492], [25.12009648, 60.42582271], [25.12073962, 60.4257637], [25.12056157, 60.42528992], [25.12050271, 60.42513382]]]}, "geometry_name": "geom", "properties": {"id": 282, "kuntanimi": "Kerava", "kaavatun": "2386", "kaavanimi": "Emännänkatu", "vtulvuosi": "2022", "netkrostal": 0, "netrivketj": 110, "neterillis": 0, "netyhteens": 110, "brutyhteen": 110}}, {"type": "Feature", "id": "voimaantulleetkaavatmal_2020_2023.fid-7dddb29f_19d8b225a81_13c3", "geometry": {"type": "Polygon", "coordinates": [[[24.5340711, 60.15899077], [24.53514106, 60.15860088], [24.53460827, 60.15829039], [24.53444674, 60.15820398], [24.53439839, 60.15817809], [24.53396719, 60.1579347], [24.53387184, 60.15788088], [24.53384351, 60.15786489], [24.53324251, 60.15752646], [24.5331469, 60.15747239], [24.53304683, 60.15750902], [24.53296196, 60.15753485], [24.53293642, 60.15754231], [24.53283152, 60.15756838], [24.5327167, 60.15759101], [24.53259841, 60.15760867], [24.53247753, 60.15762121], [24.53228337, 60.15763278], [24.53222534, 60.1576387], [24.53215107, 60.15764899], [24.53206979, 60.15766461], [24.53201155, 60.1576787], [24.53194956, 60.15769702], [24.53191477, 60.15770937], [24.53185813, 60.15773165], [24.53179847, 60.15775968], [24.53173835, 60.15779388], [24.53169656, 60.15782315], [24.5315299, 60.15795043], [24.53132874, 60.15810496], [24.53114466, 60.15824599], [24.53081473, 60.15850322], [24.53072713, 60.1585871], [24.5306635, 60.15866227], [24.53061036, 60.15874014], [24.53058976, 60.15877931], [24.53056853, 60.1588197], [24.53055744, 60.15884929], [24.53052101, 60.15894469], [24.5305151, 60.158955], [24.53050519, 60.15897227], [24.53049499, 60.15898951], [24.53046908, 60.15902332], [24.53046402, 60.15902992], [24.53045423, 60.15903999], [24.53043816, 60.15905652], [24.53040137, 60.15909303], [24.53052314, 60.15912922], [24.530675, 60.1592379], [24.53086276, 60.15937226], [24.53142072, 60.15977156], [24.531453, 60.15979466], [24.53152143, 60.15984363], [24.53061882, 60.16014437], [24.530522, 60.16018578], [24.53135762, 60.1606288], [24.53245802, 60.15996224], [24.53275086, 60.1597853], [24.53301693, 60.15962299], [24.5333502, 60.1594197], [24.53366295, 60.15922892], [24.53388235, 60.1591009], [24.5340711, 60.15899077]], [[24.53299896, 60.15831597], [24.53334993, 60.15820269], [24.53335067, 60.15820316], [24.53350765, 60.15831051], [24.53372677, 60.15846042], [24.53336922, 60.15858304], [24.53321349, 60.15863594], [24.5329743, 60.1587172], [24.53271932, 60.15880383], [24.53171046, 60.15865446], [24.53209727, 60.15845], [24.53276648, 60.15838975], [24.53282504, 60.15837211], [24.53299896, 60.15831597]]]}, "geometry_name": "geom", "properties": {"id": 283, "kuntanimi": "Kirkkonummi", "kaavatun": "3445", "kaavanimi": "Bjönsinmäki", "vtulvuosi": "2022", "netkrostal": 5545, "netrivketj": 0, "neterillis": -280, "netyhteens": 5265, "brutyhteen": 10255}}, {"type": "Feature", "id": "voimaantulleetkaavatmal_2020_2023.fid-7dddb29f_19d8b225a81_13c4", "geometry": {"type": "Polygon", "coordinates": [[[24.44421146, 60.1308067], [24.44474696, 60.13063012], [24.44512387, 60.13038945], [24.44528638, 60.13027912], [24.44553433, 60.13019815], [24.446544, 60.13007575], [24.44741246, 60.1299074], [24.4474397, 60.13021641], [24.44753837, 60.13046437], [24.44755623, 60.13055596], [24.44789241, 60.13054959], [24.44873979, 60.13053355], [24.44872409, 60.13032727], [24.44794821, 60.12974472], [24.44811945, 60.1297083], [24.44839987, 60.12962168], [24.44799089, 60.12928334], [24.4480747, 60.12916832], [24.44796316, 60.12916938], [24.44785419, 60.12915986], [24.44778601, 60.1291522], [24.44771456, 60.12913705], [24.44765558, 60.12911381], [24.4471665, 60.12882259], [24.44719115, 60.12876991], [24.44729966, 60.12853803], [24.44723555, 60.12834467], [24.44734879, 60.1280591], [24.44730454, 60.12788078], [24.44742848, 60.12778253], [24.44721208, 60.12692747], [24.44689375, 60.12622518], [24.44698801, 60.12613143], [24.44702857, 60.12590572], [24.4470165, 60.12565915], [24.44695577, 60.1254686], [24.44686173, 60.1252883], [24.44674351, 60.12514582], [24.44658892, 60.12500199], [24.44641434, 60.12488435], [24.44619897, 60.12476105], [24.44608494, 60.12471356], [24.44595964, 60.12469295], [24.44582571, 60.12467889], [24.4456945, 60.12465105], [24.44555722, 60.12460509], [24.44542104, 60.12453156], [24.44534007, 60.1244564], [24.4453071, 60.12438325], [24.44528807, 60.12426581], [24.44527589, 60.12422487], [24.44526371, 60.12418393], [24.44525204, 60.12407372], [24.44548397, 60.12407874], [24.44583852, 60.12411362], [24.44595718, 60.12412529], [24.4468739, 60.12390892], [24.44690652, 60.12390122], [24.44672779, 60.12375661], [24.44654913, 60.12357731], [24.44647946, 60.12357753], [24.44622309, 60.12357831], [24.44589372, 60.1236209], [24.44570861, 60.12366057], [24.44562159, 60.12368209], [24.44530392, 60.12371309], [24.44473538, 60.12376857], [24.44453431, 60.12377955], [24.44416506, 60.1237997], [24.44412021, 60.12379797], [24.44272003, 60.12374415], [24.44223039, 60.12369093], [24.44192449, 60.12403078], [24.44189928, 60.12413815], [24.44165074, 60.12519656], [24.44160272, 60.1255178], [24.44163863, 60.1258277], [24.44166392, 60.12604591], [24.44213321, 60.12666777], [24.44231573, 60.12682035], [24.44236721, 60.12685673], [24.44249209, 60.126945], [24.44349767, 60.12748851], [24.44370179, 60.12758656], [24.44390591, 60.1276846], [24.44316641, 60.12788097], [24.4426637, 60.12812424], [24.44274685, 60.12842195], [24.44246191, 60.12877334], [24.44234329, 60.12884164], [24.44236288, 60.12885236], [24.44325039, 60.12933791], [24.44340241, 60.12951495], [24.44367359, 60.12999572], [24.44396222, 60.13064135], [24.44402221, 60.13079209], [24.44419297, 60.13076025], [24.44421146, 60.1308067]]]}, "geometry_name": "geom", "properties": {"id": 284, "kuntanimi": "Kirkkonummi", "kaavatun": "3458", "kaavanimi": "Keskustan urheilupuiston asemakaava", "vtulvuosi": "2022", "netkrostal": 1627, "netrivketj": 0, "neterillis": 0, "netyhteens": 1627, "brutyhteen": 6800}}, {"type": "Feature", "id": "voimaantulleetkaavatmal_2020_2023.fid-7dddb29f_19d8b225a81_13c5", "geometry": {"type": "Polygon", "coordinates": [[[24.79974849, 60.45873756], [24.79914429, 60.45942352], [24.79898981, 60.45938208], [24.79888574, 60.45947665], [24.79904569, 60.4595195], [24.79909138, 60.45953175], [24.80028347, 60.45985112], [24.80046181, 60.45989945], [24.80052026, 60.45993121], [24.80052934, 60.45993839], [24.80054947, 60.45996621], [24.80080614, 60.45992092], [24.80073087, 60.45982631], [24.80071246, 60.45977652], [24.80074836, 60.45970692], [24.80106052, 60.45942616], [24.80112647, 60.45938351], [24.801215, 60.4593524], [24.80130406, 60.45933692], [24.80124146, 60.45923338], [24.80120892, 60.45923431], [24.80117728, 60.45923045], [24.80114937, 60.45922215], [24.80112766, 60.45921015], [24.80111411, 60.45919551], [24.80110992, 60.45917955], [24.80110994, 60.45917919], [24.80112721, 60.45883002], [24.8009833, 60.45884553], [24.80098434, 60.4588271], [24.80099444, 60.45864768], [24.80045802, 60.45860078], [24.79990414, 60.45855235], [24.79974849, 60.45873756]]]}, "geometry_name": "geom", "properties": {"id": 285, "kuntanimi": "Nurmijärvi", "kaavatun": "543-2-243", "kaavanimi": "Rantapuisto", "vtulvuosi": "2022", "netkrostal": 0, "netrivketj": 0, "neterillis": 1351, "netyhteens": 1351, "brutyhteen": 1351}}, {"type": "Feature", "id": "voimaantulleetkaavatmal_2020_2023.fid-7dddb29f_19d8b225a81_13c6", "geometry": {"type": "Polygon", "coordinates": [[[24.74886036, 60.36901626], [24.7489877, 60.36954046], [24.74903878, 60.36965628], [24.74913288, 60.36976529], [24.74915275, 60.36978269], [24.74929274, 60.36987886], [24.74939396, 60.36992993], [24.74940857, 60.3699364], [24.74960238, 60.37000599], [24.74962075, 60.37001126], [24.74986021, 60.36974363], [24.75075835, 60.36995504], [24.75101296, 60.36983127], [24.75156661, 60.3695621], [24.75159759, 60.36954704], [24.7519908, 60.36935587], [24.75244872, 60.36913091], [24.75221259, 60.36901008], [24.75219849, 60.36900286], [24.75201498, 60.36891166], [24.75181593, 60.36881265], [24.7516891, 60.36874886], [24.75126363, 60.36853468], [24.75117699, 60.36849106], [24.75094137, 60.36854035], [24.75026357, 60.36868476], [24.74997378, 60.36874061], [24.74972928, 60.36878866], [24.74969228, 60.36877188], [24.74955601, 60.36897506], [24.74886036, 60.36901626]]]}, "geometry_name": "geom", "properties": {"id": 286, "kuntanimi": "Nurmijärvi", "kaavatun": "543-3-341", "kaavanimi": "Sorvitie", "vtulvuosi": "2022", "netkrostal": 0, "netrivketj": -2493, "neterillis": 3740, "netyhteens": 1247, "brutyhteen": 3740}}, {"type": "Feature", "id": "voimaantulleetkaavatmal_2020_2023.fid-7dddb29f_19d8b225a81_13c7", "geometry": {"type": "Polygon", "coordinates": [[[24.74230528, 60.53444083], [24.7426358, 60.53493356], [24.74302819, 60.53551848], [24.74304938, 60.53555007], [24.74358345, 60.53557697], [24.74360347, 60.5354785], [24.74395359, 60.53530354], [24.74413094, 60.5352014], [24.7443502, 60.5350626], [24.74458418, 60.5349327], [24.7447914, 60.53484142], [24.74490428, 60.53479892], [24.74516127, 60.53470725], [24.74559038, 60.53455628], [24.74555102, 60.53444358], [24.74551054, 60.53432766], [24.74488474, 60.53425774], [24.74495425, 60.53409986], [24.74489018, 60.534043], [24.74460577, 60.53401164], [24.7444971, 60.53405016], [24.7440844, 60.53400404], [24.74401122, 60.53416302], [24.74230528, 60.53444083]]]}, "geometry_name": "geom", "properties": {"id": 287, "kuntanimi": "Nurmijärvi", "kaavatun": "543-1-157", "kaavanimi": "Astrakanintie", "vtulvuosi": "2022", "netkrostal": 0, "netrivketj": -3724, "neterillis": 3451, "netyhteens": -273, "brutyhteen": 3451}}, {"type": "Feature", "id": "voimaantulleetkaavatmal_2020_2023.fid-7dddb29f_19d8b225a81_13c8", "geometry": {"type": "MultiPolygon", "coordinates": [[[[25.04454484, 60.42151336], [25.04364592, 60.42138795], [25.04428556, 60.42171382], [25.04293199, 60.42253087], [25.04285276, 60.42272186], [25.04394341, 60.4233308], [25.04497843, 60.42321444], [25.04546416, 60.42319197], [25.0455918, 60.4230979], [25.04559162, 60.42294982], [25.04551307, 60.42281942], [25.04542946, 60.42252363], [25.0453355, 60.42200536], [25.0453149, 60.4218872], [25.04532173, 60.42182487], [25.04532346, 60.42175309], [25.04512941, 60.42169823], [25.04496783, 60.42159053], [25.04454484, 60.42151336]]], [[[25.07225841, 60.41229867], [25.07142167, 60.41188951], [25.0706797, 60.41220747], [25.07143927, 60.41246796], [25.07149398, 60.41248567], [25.07154381, 60.41249998], [25.0715972, 60.41250757], [25.07164692, 60.41250851], [25.0717068, 60.41250191], [25.07174501, 60.41249259], [25.07185441, 60.41245185], [25.07202746, 60.41238644], [25.07218461, 60.41232703], [25.07225841, 60.41229867]]], [[[25.01429181, 60.39226744], [25.01376756, 60.39192354], [25.01284187, 60.39229202], [25.01350634, 60.3925794], [25.01429181, 60.39226744]]]]}, "geometry_name": "geom", "properties": {"id": 288, "kuntanimi": "Tuusula", "kaavatun": "3627", "kaavanimi": "Kehitettävät kiinteistöt II", "vtulvuosi": "2022", "netkrostal": 2000, "netrivketj": 0, "neterillis": 600, "netyhteens": 2600, "brutyhteen": 2600}}, {"type": "Feature", "id": "voimaantulleetkaavatmal_2020_2023.fid-7dddb29f_19d8b225a81_13c9", "geometry": {"type": "Polygon", "coordinates": [[[25.01363084, 60.39355611], [25.01426675, 60.39311583], [25.01331648, 60.39268971], [25.01263838, 60.3931031], [25.01295961, 60.39331957], [25.01317589, 60.39342304], [25.01363084, 60.39355611]]]}, "geometry_name": "geom", "properties": {"id": 289, "kuntanimi": "Tuusula", "kaavatun": "3636", "kaavanimi": "Jussilantie 13", "vtulvuosi": "2022", "netkrostal": 0, "netrivketj": 1200, "neterillis": -500, "netyhteens": 700, "brutyhteen": 1200}}, {"type": "Feature", "id": "voimaantulleetkaavatmal_2020_2023.fid-7dddb29f_19d8b225a81_13ca", "geometry": {"type": "Polygon", "coordinates": [[[25.0238055, 60.39458785], [25.02406467, 60.39390152], [25.02420134, 60.39353388], [25.02283262, 60.39346211], [25.0227158, 60.39377212], [25.02254479, 60.39375524], [25.02229833, 60.39415539], [25.02214326, 60.39442188], [25.0238055, 60.39458785]]]}, "geometry_name": "geom", "properties": {"id": 290, "kuntanimi": "Tuusula", "kaavatun": "3478", "kaavanimi": "Kievarintie", "vtulvuosi": "2022", "netkrostal": 11793, "netrivketj": -2290, "neterillis": 0, "netyhteens": 9503, "brutyhteen": 11793}}, {"type": "Feature", "id": "voimaantulleetkaavatmal_2020_2023.fid-7dddb29f_19d8b225a81_13cb", "geometry": {"type": "Polygon", "coordinates": [[[24.98362435, 60.34395593], [24.98450994, 60.34377209], [24.98631976, 60.34390172], [24.98871363, 60.34491062], [24.98922047, 60.34511679], [24.98977719, 60.34427615], [24.98994763, 60.34401878], [24.99039837, 60.34333811], [24.99039948, 60.3428695], [24.99053691, 60.34218285], [24.99074915, 60.34173397], [24.9903998, 60.34167608], [24.98961699, 60.34154875], [24.98904874, 60.34145373], [24.98870052, 60.34139993], [24.9870103, 60.34189742], [24.98661673, 60.34199695], [24.98476226, 60.34254085], [24.98429474, 60.34267796], [24.98406388, 60.34265702], [24.98365942, 60.34277564], [24.98392099, 60.34288646], [24.98399265, 60.34291674], [24.9833365, 60.34301108], [24.98296832, 60.34306401], [24.98277139, 60.34309232], [24.98358178, 60.34391282], [24.98362435, 60.34395593]]]}, "geometry_name": "geom", "properties": {"id": 291, "kuntanimi": "Tuusula", "kaavatun": "3561", "kaavanimi": "Sammonmäki III", "vtulvuosi": "2022", "netkrostal": 0, "netrivketj": 0, "neterillis": -5305, "netyhteens": -5305, "brutyhteen": 0}}, {"type": "Feature", "id": "voimaantulleetkaavatmal_2020_2023.fid-7dddb29f_19d8b225a81_13cc", "geometry": {"type": "Polygon", "coordinates": [[[25.02792018, 60.41061034], [25.02781476, 60.41067231], [25.02783676, 60.41066775], [25.02786876, 60.41065837], [25.02788752, 60.41065304], [25.02789396, 60.41065195], [25.02792404, 60.410654], [25.02797018, 60.41066389], [25.02802236, 60.41067456], [25.02807967, 60.41068706], [25.02813591, 60.4107015], [25.02819749, 60.41071584], [25.02825348, 60.4107352], [25.02828628, 60.41074981], [25.02829359, 60.41074728], [25.02838281, 60.41071641], [25.02906734, 60.41047951], [25.02944265, 60.41057021], [25.02958486, 60.41060458], [25.03006115, 60.41047716], [25.03001622, 60.41043248], [25.02997551, 60.41038612], [25.02993896, 60.41033891], [25.02989565, 60.41027293], [25.02986932, 60.41022441], [25.0298334, 60.41013775], [25.0297794, 60.40997452], [25.02888139, 60.41014845], [25.02832629, 60.41037151], [25.02792018, 60.41061034]]]}, "geometry_name": "geom", "properties": {"id": 292, "kuntanimi": "Tuusula", "kaavatun": "3626", "kaavanimi": "Aattola", "vtulvuosi": "2022", "netkrostal": 0, "netrivketj": 0, "neterillis": 115, "netyhteens": 115, "brutyhteen": 115}}, {"type": "Feature", "id": "voimaantulleetkaavatmal_2020_2023.fid-7dddb29f_19d8b225a81_13cd", "geometry": {"type": "Polygon", "coordinates": [[[25.00895035, 60.40424467], [25.008657, 60.40454087], [25.00859051, 60.40461794], [25.00832831, 60.40492177], [25.00811822, 60.40580155], [25.0081115, 60.40582946], [25.00854799, 60.40590771], [25.00884348, 60.40596068], [25.00890955, 60.40597252], [25.00906708, 60.40596745], [25.00956311, 60.40595147], [25.00970557, 60.40594407], [25.00984641, 60.40593112], [25.00995074, 60.40591782], [25.01011972, 60.40588898], [25.01016491, 60.40587973], [25.011031, 60.40569508], [25.01113023, 60.40569497], [25.0111956, 60.40569195], [25.01128201, 60.40568426], [25.0114609, 60.40565525], [25.01172678, 60.40559501], [25.01177063, 60.40557208], [25.01179021, 60.40554287], [25.01178494, 60.40551489], [25.01176613, 60.40549379], [25.01146834, 60.40519682], [25.01024034, 60.40494894], [25.01040244, 60.40458231], [25.01030906, 60.40407857], [25.01038069, 60.40402777], [25.00933752, 60.40385368], [25.00895035, 60.40424467]]]}, "geometry_name": "geom", "properties": {"id": 293, "kuntanimi": "Tuusula", "kaavatun": "3458", "kaavanimi": "Kivikiila", "vtulvuosi": "2022", "netkrostal": 0, "netrivketj": 6030, "neterillis": -3948, "netyhteens": 2082, "brutyhteen": 6506}}, {"type": "Feature", "id": "voimaantulleetkaavatmal_2020_2023.fid-7dddb29f_19d8b225a81_13ce", "geometry": {"type": "Polygon", "coordinates": [[[24.76647601, 60.22936434], [24.76519563, 60.22902354], [24.76490056, 60.228945], [24.76468463, 60.22887001], [24.76452819, 60.22881552], [24.76435082, 60.22875372], [24.76323942, 60.22836654], [24.76226551, 60.22818833], [24.76223108, 60.22818199], [24.76181492, 60.22811875], [24.76182472, 60.22854131], [24.76182733, 60.22865441], [24.76184502, 60.22941724], [24.76211715, 60.22947851], [24.76210817, 60.22909182], [24.76216169, 60.22906458], [24.76250698, 60.2290626], [24.76293109, 60.22918189], [24.76325344, 60.22927256], [24.76330032, 60.22923133], [24.76426056, 60.22922586], [24.76462906, 60.22932951], [24.76471033, 60.22940393], [24.76482028, 60.22943484], [24.76505123, 60.22923172], [24.76510453, 60.22918484], [24.76571716, 60.22935713], [24.76629837, 60.22952059], [24.76647601, 60.22936434]]]}, "geometry_name": "geom", "properties": {"id": 294, "kuntanimi": "Espoo", "kaavatun": "131609", "kaavanimi": "Karakallion keskusta", "vtulvuosi": "2023", "netkrostal": 12000, "netrivketj": 0, "neterillis": 0, "netyhteens": 12000, "brutyhteen": 12000}}, {"type": "Feature", "id": "voimaantulleetkaavatmal_2020_2023.fid-7dddb29f_19d8b225a81_13cf", "geometry": {"type": "Polygon", "coordinates": [[[24.81350815, 60.18368596], [24.81325185, 60.1835753], [24.81315697, 60.18353433], [24.81280595, 60.18338277], [24.81248872, 60.18356502], [24.81236398, 60.18363719], [24.81233807, 60.18361406], [24.81221106, 60.18350067], [24.81123978, 60.18377056], [24.8110352, 60.18382739], [24.81098205, 60.18384057], [24.81091903, 60.18385243], [24.81085384, 60.18386087], [24.81078718, 60.18386581], [24.81071988, 60.18386717], [24.81065266, 60.18386496], [24.81058628, 60.18385917], [24.81052153, 60.18384991], [24.81045914, 60.18383725], [24.80961704, 60.18363968], [24.80957892, 60.18361209], [24.80936327, 60.18361981], [24.80894471, 60.18359563], [24.80865602, 60.18360591], [24.80871052, 60.18398586], [24.80841367, 60.18399643], [24.80841883, 60.1840351], [24.80847858, 60.18448275], [24.80848248, 60.18451192], [24.80848487, 60.18452984], [24.80850429, 60.18467542], [24.80721052, 60.18484079], [24.80669469, 60.18459944], [24.80612936, 60.18462061], [24.80581263, 60.18462743], [24.80578461, 60.18468457], [24.80578461, 60.18468457], [24.80569721, 60.18486285], [24.80580309, 60.18487566], [24.80598698, 60.18490082], [24.80616883, 60.18492942], [24.80634838, 60.18496142], [24.80639339, 60.18497], [24.80660464, 60.18501264], [24.8068131, 60.18505858], [24.80701853, 60.18510779], [24.80695228, 60.18517014], [24.80688457, 60.18523386], [24.80665645, 60.18544622], [24.80795761, 60.18578789], [24.80756145, 60.18616075], [24.80744756, 60.18627186], [24.8071923, 60.18620511], [24.80758573, 60.18647138], [24.80786213, 60.18665846], [24.80798522, 60.18682197], [24.80788939, 60.18733132], [24.80778271, 60.18746156], [24.80771005, 60.18756238], [24.80760477, 60.18771727], [24.80750633, 60.18787328], [24.80741479, 60.18803033], [24.80734912, 60.18815173], [24.8072699, 60.1883104], [24.80719769, 60.18846989], [24.80713254, 60.18863014], [24.80710128, 60.18871423], [24.80704687, 60.18887564], [24.80699958, 60.18903761], [24.80700535, 60.18910209], [24.80718577, 60.18910185], [24.80771087, 60.18910114], [24.80782446, 60.18910342], [24.8079038, 60.18910089], [24.80790004, 60.18900994], [24.80804262, 60.18862646], [24.80808887, 60.18853108], [24.80822704, 60.18824611], [24.80827456, 60.18817299], [24.80832629, 60.18809297], [24.80848015, 60.18785484], [24.80861554, 60.1876632], [24.8086715, 60.18758398], [24.80870233, 60.18753858], [24.80903769, 60.18720404], [24.80907291, 60.1871689], [24.80907856, 60.18716791], [24.80917564, 60.18715072], [24.80922683, 60.18715866], [24.80974787, 60.1868401], [24.80992709, 60.18676467], [24.81004848, 60.18671358], [24.81008615, 60.18669773], [24.81057043, 60.18642715], [24.81074447, 60.18642208], [24.81092568, 60.18628137], [24.81092829, 60.18627934], [24.81125234, 60.18602771], [24.81118012, 60.18584361], [24.81190699, 60.18506023], [24.8124278, 60.18455826], [24.81311005, 60.18390061], [24.81350815, 60.18368596]]]}, "geometry_name": "geom", "properties": {"id": 295, "kuntanimi": "Espoo", "kaavatun": "221400", "kaavanimi": "Maarinsolmu", "vtulvuosi": "2023", "netkrostal": 7000, "netrivketj": 0, "neterillis": 0, "netyhteens": 7000, "brutyhteen": 11632}}, {"type": "Feature", "id": "voimaantulleetkaavatmal_2020_2023.fid-7dddb29f_19d8b225a81_13d0", "geometry": {"type": "Polygon", "coordinates": [[[24.63534385, 60.1552518], [24.63491989, 60.15505692], [24.63470148, 60.15495652], [24.63463787, 60.15495781], [24.63440595, 60.15508318], [24.63359998, 60.15551887], [24.63385147, 60.15563448], [24.63390406, 60.15560606], [24.6340001, 60.1556502], [24.63408258, 60.1556641], [24.63414236, 60.15564936], [24.63475773, 60.1553167], [24.63499184, 60.15529755], [24.6350844, 60.1553401], [24.63534385, 60.1552518]]]}, "geometry_name": "geom", "properties": {"id": 296, "kuntanimi": "Espoo", "kaavatun": "412502", "kaavanimi": "Meripoiju", "vtulvuosi": "2023", "netkrostal": 170, "netrivketj": 0, "neterillis": 0, "netyhteens": 170, "brutyhteen": 2470}}, {"type": "Feature", "id": "voimaantulleetkaavatmal_2020_2023.fid-7dddb29f_19d8b225a81_13d1", "geometry": {"type": "Polygon", "coordinates": [[[24.76718792, 60.17300061], [24.76718395, 60.17283009], [24.76718383, 60.17282719], [24.76717884, 60.17280197], [24.76716674, 60.17277735], [24.76714783, 60.17275382], [24.76712244, 60.17273185], [24.76709109, 60.17271187], [24.76705443, 60.17269431], [24.76701314, 60.17267949], [24.76696809, 60.17266771], [24.76692014, 60.17265922], [24.76687029, 60.17265418], [24.7668195, 60.17265268], [24.76481552, 60.17266424], [24.76421673, 60.17266769], [24.7634486, 60.1726721], [24.76327475, 60.1726731], [24.76277037, 60.172676], [24.76267537, 60.1727493], [24.7623157, 60.17275626], [24.76205522, 60.17276131], [24.76182663, 60.17317108], [24.76159833, 60.17358031], [24.76160758, 60.17397984], [24.76162163, 60.17458836], [24.76162579, 60.17476818], [24.76162925, 60.17491753], [24.76325801, 60.17650457], [24.76514683, 60.17606955], [24.76514117, 60.17582548], [24.76512251, 60.17502247], [24.76511665, 60.1747702], [24.76511373, 60.17464456], [24.76511092, 60.17452339], [24.76532004, 60.17452219], [24.76570384, 60.1744289], [24.76567022, 60.17347763], [24.76663518, 60.17317434], [24.76718792, 60.17300061]]]}, "geometry_name": "geom", "properties": {"id": 297, "kuntanimi": "Espoo", "kaavatun": "211841", "kaavanimi": "Vuoritonttu", "vtulvuosi": "2023", "netkrostal": 0, "netrivketj": 0, "neterillis": 0, "netyhteens": 0, "brutyhteen": 57700}}, {"type": "Feature", "id": "voimaantulleetkaavatmal_2020_2023.fid-7dddb29f_19d8b225a81_13d2", "geometry": {"type": "MultiPolygon", "coordinates": [[[[24.73391995, 60.18893976], [24.73385252, 60.18886775], [24.73362136, 60.18876387], [24.73272675, 60.18876712], [24.7326202, 60.18931174], [24.73196342, 60.18961334], [24.73213224, 60.19018341], [24.73224837, 60.19060526], [24.73327544, 60.19094626], [24.73344402, 60.19057875], [24.73353192, 60.19058873], [24.73354597, 60.19055798], [24.73356196, 60.19052298], [24.73368507, 60.19025291], [24.73332989, 60.18985335], [24.73332923, 60.1898411], [24.73333045, 60.18978241], [24.73333885, 60.18972385], [24.73335443, 60.18966567], [24.7333771, 60.18960806], [24.73340682, 60.18955125], [24.73344344, 60.18949546], [24.73348684, 60.18944087], [24.73353686, 60.18938772], [24.73359331, 60.18933618], [24.73365597, 60.18928646], [24.73372461, 60.18923874], [24.73371336, 60.18920674], [24.73370899, 60.18917373], [24.7337118, 60.18914069], [24.7337218, 60.189108], [24.73373882, 60.18907603], [24.7337627, 60.18904518], [24.73379314, 60.18901578], [24.73382979, 60.1889882], [24.73387223, 60.18896276], [24.73391995, 60.18893976]]], [[[24.735622, 60.19132545], [24.73502433, 60.19107338], [24.73497019, 60.19105054], [24.73503097, 60.19089546], [24.73524152, 60.1903582], [24.73533602, 60.1898086], [24.73561164, 60.18941492], [24.73542177, 60.18939123], [24.73467408, 60.18933067], [24.73455354, 60.18936392], [24.73454272, 60.18936722], [24.73449198, 60.1893801], [24.73443841, 60.18938968], [24.73438284, 60.18939584], [24.73432615, 60.18939844], [24.73426926, 60.18939747], [24.73421306, 60.18939293], [24.73415846, 60.1893849], [24.73404643, 60.18938424], [24.73403773, 60.18938836], [24.73397771, 60.18941956], [24.73394373, 60.18943977], [24.73389258, 60.18947468], [24.73384744, 60.18951158], [24.73380859, 60.18955022], [24.73377633, 60.18959033], [24.73375085, 60.18963163], [24.73373232, 60.18967385], [24.73372091, 60.18971668], [24.73413231, 60.19017949], [24.73412979, 60.19036714], [24.73416272, 60.19057211], [24.73409239, 60.19092263], [24.73406397, 60.1909602], [24.73389782, 60.19117982], [24.73386018, 60.19123602], [24.73391266, 60.19123869], [24.73417827, 60.19125217], [24.735622, 60.19132545]]]]}, "geometry_name": "geom", "properties": {"id": 298, "kuntanimi": "Espoo", "kaavatun": "331100", "kaavanimi": "Tuurinmäenlaita", "vtulvuosi": "2023", "netkrostal": 6100, "netrivketj": 0, "neterillis": 3213, "netyhteens": 9313, "brutyhteen": 9313}}, {"type": "Feature", "id": "voimaantulleetkaavatmal_2020_2023.fid-7dddb29f_19d8b225a81_13d3", "geometry": {"type": "Polygon", "coordinates": [[[24.77268106, 60.18638503], [24.77089333, 60.1857795], [24.77065467, 60.18569866], [24.77063999, 60.18570999], [24.7705686, 60.18576509], [24.7703057, 60.1859694], [24.77014593, 60.1860923], [24.77189442, 60.18696175], [24.77192039, 60.18697466], [24.7722444, 60.18673707], [24.77225254, 60.1866992], [24.77268106, 60.18638503]]]}, "geometry_name": "geom", "properties": {"id": 299, "kuntanimi": "Espoo", "kaavatun": "240123", "kaavanimi": "Seiliniitty", "vtulvuosi": "2023", "netkrostal": 0, "netrivketj": 1418, "neterillis": 0, "netyhteens": 1418, "brutyhteen": 2950}}, {"type": "Feature", "id": "voimaantulleetkaavatmal_2020_2023.fid-7dddb29f_19d8b225a81_13d4", "geometry": {"type": "Polygon", "coordinates": [[[24.81083852, 60.24183342], [24.8104709, 60.24184233], [24.81036635, 60.24184433], [24.81003901, 60.24185056], [24.80982532, 60.24185168], [24.80961166, 60.24185281], [24.80928681, 60.24185376], [24.80917504, 60.24185408], [24.80877915, 60.24185516], [24.80879502, 60.24188822], [24.80878248, 60.24191569], [24.8087521, 60.24198216], [24.80873818, 60.24247263], [24.8088643, 60.24258011], [24.8092678, 60.24258331], [24.80981014, 60.24258762], [24.80998936, 60.2425891], [24.8100172, 60.24258875], [24.81006774, 60.24258534], [24.81011679, 60.24257843], [24.81016341, 60.24256816], [24.81020664, 60.24255472], [24.81024564, 60.24253839], [24.81027962, 60.24251949], [24.81035287, 60.24247064], [24.81035694, 60.24228188], [24.81082243, 60.24228153], [24.81083637, 60.24189322], [24.81083852, 60.24183342]]]}, "geometry_name": "geom", "properties": {"id": 300, "kuntanimi": "Espoo", "kaavatun": "117901", "kaavanimi": "Yölinnuntie", "vtulvuosi": "2023", "netkrostal": 0, "netrivketj": 0, "neterillis": -171, "netyhteens": -171, "brutyhteen": 1937}}, {"type": "Feature", "id": "voimaantulleetkaavatmal_2020_2023.fid-7dddb29f_19d8b225a81_13d5", "geometry": {"type": "Polygon", "coordinates": [[[24.71105629, 60.15093639], [24.7100279, 60.15075518], [24.71016522, 60.15049771], [24.70975778, 60.15041019], [24.70972286, 60.15040269], [24.70947564, 60.15035254], [24.70938936, 60.15033504], [24.70922715, 60.1505349], [24.70920728, 60.15055938], [24.70909317, 60.15069995], [24.70896163, 60.15077047], [24.70890981, 60.15079825], [24.70889644, 60.15080471], [24.70886719, 60.15081508], [24.70883437, 60.15082236], [24.70879932, 60.15082624], [24.70876344, 60.15082658], [24.70865173, 60.15099106], [24.70815633, 60.15170444], [24.70788703, 60.15209221], [24.70717664, 60.15217281], [24.70618401, 60.15226201], [24.70495189, 60.15250835], [24.70483386, 60.15267236], [24.7048059, 60.15271121], [24.7049117, 60.15271406], [24.70513875, 60.15272281], [24.70536511, 60.15273514], [24.7055906, 60.15275102], [24.70581496, 60.15277045], [24.70603797, 60.1527934], [24.7062594, 60.15281987], [24.70685971, 60.15291067], [24.70689929, 60.15291767], [24.70711241, 60.15295765], [24.70732291, 60.15300096], [24.70788254, 60.15312219], [24.70778765, 60.15301917], [24.70821575, 60.15240275], [24.70832065, 60.15225169], [24.70841673, 60.15226836], [24.70875679, 60.15223599], [24.7086852, 60.1520491], [24.7086732, 60.1520178], [24.70868184, 60.15201808], [24.70873659, 60.1520178], [24.70879082, 60.15201395], [24.70951216, 60.15194468], [24.70951458, 60.15194445], [24.70959017, 60.15193914], [24.70966643, 60.15193739], [24.70974268, 60.15193924], [24.71026824, 60.15196433], [24.71030213, 60.15187579], [24.71105629, 60.15093639]]]}, "geometry_name": "geom", "properties": {"id": 301, "kuntanimi": "Espoo", "kaavatun": "441501", "kaavanimi": "Finnoon keskus", "vtulvuosi": "2023", "netkrostal": 17270, "netrivketj": 0, "neterillis": 0, "netyhteens": 17270, "brutyhteen": 17270}}, {"type": "Feature", "id": "voimaantulleetkaavatmal_2020_2023.fid-7dddb29f_19d8b225a81_13d6", "geometry": {"type": "Polygon", "coordinates": [[[24.58591914, 60.19862746], [24.58578096, 60.1985601], [24.58556387, 60.19829001], [24.58528252, 60.19815727], [24.585095, 60.19825578], [24.58488398, 60.1984059], [24.58458774, 60.19851533], [24.58424178, 60.19861499], [24.58423929, 60.19872065], [24.58413596, 60.1987744], [24.58413421, 60.19879746], [24.58412215, 60.19883715], [24.58412105, 60.19886396], [24.5841133, 60.19892855], [24.58409837, 60.19899283], [24.5840763, 60.1990566], [24.58404718, 60.19911966], [24.58401073, 60.19914043], [24.58388573, 60.19943552], [24.58386938, 60.19945235], [24.58385319, 60.19949055], [24.583827, 60.19954986], [24.58377291, 60.19965952], [24.58366071, 60.19987229], [24.58364495, 60.19990272], [24.58359217, 60.20001373], [24.58354646, 60.20012552], [24.58343859, 60.20041224], [24.5834229, 60.20042957], [24.58335474, 60.20061076], [24.58335042, 60.20062243], [24.58332498, 60.20070269], [24.58330666, 60.20078344], [24.58329552, 60.20086451], [24.58329377, 60.20089109], [24.5832952, 60.20094924], [24.58330384, 60.20100723], [24.58348344, 60.20099777], [24.58348378, 60.20099825], [24.58350217, 60.2010182], [24.58352682, 60.20103639], [24.58355707, 60.20105234], [24.58359214, 60.20106564], [24.58363106, 60.20107593], [24.58367284, 60.20108293], [24.58371636, 60.20108646], [24.58394374, 60.20109554], [24.58444375, 60.20046153], [24.58454868, 60.20008069], [24.58437562, 60.19983211], [24.58509349, 60.1995089], [24.5852181, 60.19945279], [24.58525681, 60.19925472], [24.58585348, 60.19896341], [24.58591914, 60.19862746]], [[24.58371642, 60.20006985], [24.58368822, 60.20013874], [24.583699, 60.20011072], [24.58371642, 60.20006985]], [[24.58346803, 60.20096051], [24.58346508, 60.2009239], [24.58346535, 60.20091448], [24.58346803, 60.20096051]], [[24.5837662, 60.1999595], [24.58374027, 60.20001389], [24.58374611, 60.20000021], [24.5837662, 60.1999595]], [[24.58348344, 60.20099777], [24.5834743, 60.20098223], [24.58347346, 60.20097933], [24.58348344, 60.20099777]], [[24.58347262, 60.20082519], [24.58346663, 60.20086844], [24.58346717, 60.20086274], [24.58347262, 60.20082519]], [[24.58348728, 60.20074711], [24.58347824, 60.20078648], [24.58347865, 60.20078358], [24.58348728, 60.20074711]], [[24.58350886, 60.20066968], [24.58349665, 60.20070756], [24.5834973, 60.20070477], [24.58350886, 60.20066968]]]}, "geometry_name": "geom", "properties": {"id": 302, "kuntanimi": "Espoo", "kaavatun": "512401", "kaavanimi": "Esbobyntie", "vtulvuosi": "2023", "netkrostal": 0, "netrivketj": 0, "neterillis": 0, "netyhteens": 0, "brutyhteen": 820}}, {"type": "Feature", "id": "voimaantulleetkaavatmal_2020_2023.fid-7dddb29f_19d8b225a81_13d7", "geometry": {"type": "Polygon", "coordinates": [[[24.67386081, 60.1376271], [24.67341354, 60.13753244], [24.67304555, 60.13745455], [24.67257634, 60.13735523], [24.67262256, 60.13761851], [24.67243978, 60.13783333], [24.67254746, 60.13785613], [24.67239281, 60.13803789], [24.67228512, 60.1380151], [24.67193359, 60.1384282], [24.6720916, 60.13846165], [24.67218206, 60.1384808], [24.6726459, 60.13857897], [24.67266307, 60.13858261], [24.67315114, 60.13870539], [24.67315311, 60.1386923], [24.67316887, 60.13861519], [24.67319178, 60.13853852], [24.67321388, 60.13848078], [24.67324921, 60.1384053], [24.67329151, 60.13833071], [24.67333557, 60.13826274], [24.67340079, 60.13817234], [24.6734727, 60.13808322], [24.67386081, 60.1376271]]]}, "geometry_name": "geom", "properties": {"id": 303, "kuntanimi": "Espoo", "kaavatun": "411309", "kaavanimi": "Soukan liiketalo", "vtulvuosi": "2023", "netkrostal": 3833, "netrivketj": 0, "neterillis": 0, "netyhteens": 3833, "brutyhteen": 3833}}, {"type": "Feature", "id": "voimaantulleetkaavatmal_2020_2023.fid-7dddb29f_19d8b225a81_13d8", "geometry": {"type": "Polygon", "coordinates": [[[24.77762013, 60.22945681], [24.77732046, 60.22953335], [24.77678632, 60.22938318], [24.77658208, 60.22932578], [24.77653496, 60.22931252], [24.77643373, 60.22934064], [24.77634728, 60.22931737], [24.77620267, 60.22928174], [24.77605502, 60.22924935], [24.77590459, 60.22922029], [24.77575169, 60.22919458], [24.77559665, 60.22917231], [24.77543976, 60.22915351], [24.77528133, 60.22913822], [24.77512168, 60.22912646], [24.77496114, 60.22911826], [24.77480002, 60.22911364], [24.77463866, 60.22911261], [24.7744205, 60.22930534], [24.77430159, 60.22940997], [24.77565265, 60.22978979], [24.77551879, 60.22990757], [24.77577016, 60.22997825], [24.77512314, 60.23054752], [24.77422935, 60.23133387], [24.77456377, 60.23142788], [24.77476694, 60.231485], [24.7758123, 60.23074193], [24.77628743, 60.23040418], [24.77641207, 60.23028227], [24.77682284, 60.22993472], [24.77704485, 60.22973939], [24.77706703, 60.22971985], [24.77724597, 60.22956396], [24.77740608, 60.22960897], [24.77762013, 60.22945681]]]}, "geometry_name": "geom", "properties": {"id": 304, "kuntanimi": "Espoo", "kaavatun": "131507", "kaavanimi": "Karakallio II", "vtulvuosi": "2023", "netkrostal": 10200, "netrivketj": 0, "neterillis": 0, "netyhteens": 10200, "brutyhteen": 10200}}, {"type": "Feature", "id": "voimaantulleetkaavatmal_2020_2023.fid-7dddb29f_19d8b225a81_13d9", "geometry": {"type": "Polygon", "coordinates": [[[24.80701853, 60.18510779], [24.80697536, 60.18509712], [24.80676928, 60.1850486], [24.80656022, 60.18500335], [24.80634838, 60.18496142], [24.8062461, 60.18494272], [24.8060652, 60.18491265], [24.80588216, 60.18488603], [24.80569721, 60.18486285], [24.80561031, 60.18485323], [24.8054231, 60.1848352], [24.80523463, 60.1848207], [24.80494612, 60.18480546], [24.80492526, 60.1849799], [24.80459623, 60.18527801], [24.80456146, 60.18549934], [24.80506454, 60.18553095], [24.80513862, 60.18554456], [24.80521149, 60.18556174], [24.80624636, 60.18583448], [24.80665645, 60.18544622], [24.80688457, 60.18523386], [24.80695228, 60.18517014], [24.80701853, 60.18510779]]]}, "geometry_name": "geom", "properties": {"id": 305, "kuntanimi": "Espoo", "kaavatun": "213411", "kaavanimi": "Metsänpojanpolku", "vtulvuosi": "2023", "netkrostal": 14800, "netrivketj": 0, "neterillis": 0, "netyhteens": 14800, "brutyhteen": 14800}}, {"type": "Feature", "id": "voimaantulleetkaavatmal_2020_2023.fid-7dddb29f_19d8b225a81_13da", "geometry": {"type": "Polygon", "coordinates": [[[24.8051561, 60.20298589], [24.80515554, 60.20291637], [24.80514777, 60.20284697], [24.80513281, 60.20277786], [24.80511072, 60.20270923], [24.80508153, 60.20264126], [24.80504532, 60.20257413], [24.80500223, 60.20250801], [24.80495232, 60.2024431], [24.80494508, 60.20243588], [24.80492787, 60.20242501], [24.80490569, 60.20241667], [24.80487995, 60.20241144], [24.80485239, 60.20240963], [24.80482481, 60.20241138], [24.8045056, 60.20245299], [24.80442121, 60.20249018], [24.80440952, 60.20255476], [24.80407448, 60.20253308], [24.80410932, 60.20239958], [24.80327888, 60.20234586], [24.80325206, 60.20234412], [24.80256701, 60.20233755], [24.8024445, 60.20205148], [24.80242403, 60.2020037], [24.80281007, 60.20196932], [24.80322679, 60.2019322], [24.80360715, 60.20189831], [24.80348805, 60.20160911], [24.8034817, 60.20159144], [24.80346404, 60.20150183], [24.80332539, 60.20116407], [24.80186289, 60.20130291], [24.80149147, 60.20134419], [24.80113922, 60.2014189], [24.80063745, 60.20147649], [24.79992715, 60.20185758], [24.79976673, 60.20211591], [24.80043789, 60.20218455], [24.80047321, 60.20218816], [24.80048838, 60.2022406], [24.80047568, 60.20227138], [24.80058164, 60.20228222], [24.80051726, 60.20243824], [24.80049892, 60.20248266], [24.80027119, 60.20303446], [24.80012627, 60.20338555], [24.8036372, 60.2037455], [24.80395043, 60.2037538], [24.80402848, 60.20356464], [24.80461136, 60.20362423], [24.80467665, 60.203466], [24.80500341, 60.2034994], [24.80510537, 60.20338613], [24.80515079, 60.20304582], [24.8051561, 60.20298589]]]}, "geometry_name": "geom", "properties": {"id": 306, "kuntanimi": "Espoo", "kaavatun": "120326", "kaavanimi": "Laajalahden keskus", "vtulvuosi": "2023", "netkrostal": 1186, "netrivketj": 22, "neterillis": 0, "netyhteens": 1208, "brutyhteen": 27555}}, {"type": "Feature", "id": "voimaantulleetkaavatmal_2020_2023.fid-7dddb29f_19d8b225a81_13db", "geometry": {"type": "Polygon", "coordinates": [[[24.69001069, 60.1737045], [24.68919223, 60.17348308], [24.68918554, 60.17355781], [24.68910154, 60.17369071], [24.68901434, 60.17392347], [24.68961076, 60.17407145], [24.69001069, 60.1737045]]]}, "geometry_name": "geom", "properties": {"id": 307, "kuntanimi": "Espoo", "kaavatun": "VK4007", "kaavanimi": "Puolarmäenmaja", "vtulvuosi": "2023", "netkrostal": 0, "netrivketj": 0, "neterillis": 0, "netyhteens": 0, "brutyhteen": 420}}, {"type": "Feature", "id": "voimaantulleetkaavatmal_2020_2023.fid-7dddb29f_19d8b225a81_13dc", "geometry": {"type": "Polygon", "coordinates": [[[24.74910448, 60.14854216], [24.74852134, 60.14838713], [24.74840905, 60.14833194], [24.74832905, 60.14829262], [24.74768076, 60.14797395], [24.74759583, 60.14808784], [24.74758074, 60.14811216], [24.74757059, 60.14814004], [24.74756755, 60.14816836], [24.74757171, 60.14819663], [24.74758298, 60.14822442], [24.74760119, 60.14825127], [24.74813775, 60.14885859], [24.74817324, 60.14889546], [24.74817469, 60.14889641], [24.74819436, 60.14890616], [24.7482184, 60.14891309], [24.74824516, 60.14891674], [24.74827292, 60.14891687], [24.74829982, 60.14891347], [24.7483511, 60.14890334], [24.74900858, 60.14877259], [24.74896789, 60.1487236], [24.74884237, 60.1487484], [24.74873629, 60.14861488], [24.74910448, 60.14854216]]]}, "geometry_name": "geom", "properties": {"id": 308, "kuntanimi": "Espoo", "kaavatun": "312308", "kaavanimi": "Nuottaniemi II", "vtulvuosi": "2023", "netkrostal": 0, "netrivketj": 400, "neterillis": 0, "netyhteens": 400, "brutyhteen": 400}}, {"type": "Feature", "id": "voimaantulleetkaavatmal_2020_2023.fid-7dddb29f_19d8b225a81_13dd", "geometry": {"type": "Polygon", "coordinates": [[[24.72984394, 60.16601847], [24.729786, 60.16563614], [24.72978535, 60.16563183], [24.72829393, 60.16548258], [24.72764337, 60.16543088], [24.72764335, 60.16543105], [24.72761004, 60.1657856], [24.72762676, 60.16578911], [24.72763501, 60.16579127], [24.72766446, 60.16580153], [24.72768924, 60.16581449], [24.72770836, 60.16582965], [24.72771444, 60.16583629], [24.72772466, 60.16585347], [24.72772782, 60.16587133], [24.72772382, 60.16588914], [24.72771284, 60.16590621], [24.72750571, 60.16614554], [24.72704412, 60.16668166], [24.72738798, 60.16683558], [24.7283171, 60.16708352], [24.72855766, 60.16714772], [24.72870494, 60.16706485], [24.72874177, 60.16704414], [24.7291414, 60.16667226], [24.72934471, 60.16648899], [24.72958081, 60.16626536], [24.72965224, 60.16619771], [24.72970256, 60.16615005], [24.72984394, 60.16601847]]]}, "geometry_name": "geom", "properties": {"id": 309, "kuntanimi": "Espoo", "kaavatun": "322024", "kaavanimi": "Koronakulma II", "vtulvuosi": "2023", "netkrostal": 7100, "netrivketj": 0, "neterillis": 0, "netyhteens": 7100, "brutyhteen": 7100}}, {"type": "Feature", "id": "voimaantulleetkaavatmal_2020_2023.fid-7dddb29f_19d8b225a81_13de", "geometry": {"type": "Polygon", "coordinates": [[[24.73615076, 60.16621116], [24.73614684, 60.16610499], [24.73613573, 60.16599896], [24.73539229, 60.16592672], [24.7345043, 60.16588053], [24.7336309, 60.16588265], [24.73317132, 60.16589999], [24.73356253, 60.16600436], [24.73424081, 60.16618532], [24.73468996, 60.16630515], [24.73509249, 60.16641303], [24.73493963, 60.1665553], [24.73547316, 60.16669764], [24.73528274, 60.16687487], [24.73547932, 60.16692732], [24.73506227, 60.16731549], [24.7356294, 60.16746678], [24.73571245, 60.16736678], [24.73575533, 60.16731097], [24.73582622, 60.16721083], [24.73589029, 60.16710956], [24.73594746, 60.16700726], [24.73599766, 60.16690405], [24.73604082, 60.16680007], [24.73607691, 60.16669541], [24.73610587, 60.16659021], [24.73610924, 60.1665759], [24.73613008, 60.16647023], [24.73614374, 60.16636426], [24.73614748, 60.16631733], [24.73615076, 60.16621116]]]}, "geometry_name": "geom", "properties": {"id": 310, "kuntanimi": "Espoo", "kaavatun": "322025", "kaavanimi": "Komeetanrinne", "vtulvuosi": "2023", "netkrostal": 16200, "netrivketj": 0, "neterillis": 0, "netyhteens": 16200, "brutyhteen": 16200}}, {"type": "Feature", "id": "voimaantulleetkaavatmal_2020_2023.fid-7dddb29f_19d8b225a81_13df", "geometry": {"type": "Polygon", "coordinates": [[[24.97832026, 60.19340406], [24.9782971, 60.19343234], [24.97798401, 60.19374817], [24.97787422, 60.19383864], [24.9775908, 60.19404096], [24.97727794, 60.19422598], [24.97565219, 60.19515807], [24.97487995, 60.1955999], [24.97427479, 60.19533771], [24.97388169, 60.1951674], [24.97392595, 60.19493689], [24.97273515, 60.19493873], [24.97258714, 60.19505307], [24.97347704, 60.19543864], [24.97355865, 60.195474], [24.97380749, 60.19558181], [24.97383062, 60.19559183], [24.97379857, 60.19561017], [24.97541428, 60.19631016], [24.97499378, 60.19668533], [24.97662321, 60.19713798], [24.97564305, 60.19801248], [24.97749554, 60.1985281], [24.97758352, 60.19844976], [24.98116787, 60.19944729], [24.98196018, 60.19874173], [24.98538457, 60.19752518], [24.9858906, 60.19645581], [24.98805043, 60.19544677], [24.98701847, 60.1953135], [24.98465581, 60.19598447], [24.98405666, 60.19542923], [24.98515081, 60.19323658], [24.98488839, 60.19320412], [24.98479929, 60.19338269], [24.98062072, 60.19286572], [24.97875131, 60.19262435], [24.97847529, 60.19315433], [24.97845176, 60.19315129], [24.97832026, 60.19340406]]]}, "geometry_name": "geom", "properties": {"id": 311, "kuntanimi": "Helsinki", "kaavatun": "12760", "kaavanimi": "Hermanninranta", "vtulvuosi": "2023", "netkrostal": 229050, "netrivketj": 0, "neterillis": 0, "netyhteens": 229050, "brutyhteen": 229050}}, {"type": "Feature", "id": "voimaantulleetkaavatmal_2020_2023.fid-7dddb29f_19d8b225a81_13e0", "geometry": {"type": "Polygon", "coordinates": [[[24.87476387, 60.19726032], [24.8744885, 60.1970182], [24.87377037, 60.19722028], [24.87366817, 60.19734052], [24.87413097, 60.19743795], [24.87476387, 60.19726032]]]}, "geometry_name": "geom", "properties": {"id": 312, "kuntanimi": "Helsinki", "kaavatun": "12792", "kaavanimi": "Munkkiniemi, Vanha Munkkiniemi, Munkkiniemen seurakuntatalo", "vtulvuosi": "2023", "netkrostal": 965, "netrivketj": 0, "neterillis": 0, "netyhteens": 965, "brutyhteen": 965}}, {"type": "Feature", "id": "voimaantulleetkaavatmal_2020_2023.fid-7dddb29f_19d8b225a81_13e1", "geometry": {"type": "Polygon", "coordinates": [[[25.02338071, 60.25177484], [25.02269927, 60.25236194], [25.02314469, 60.25248878], [25.02351542, 60.25268513], [25.02333189, 60.25277116], [25.02342771, 60.25299084], [25.02459463, 60.2528651], [25.02538112, 60.25288128], [25.02591964, 60.25282381], [25.02600809, 60.25281474], [25.02635049, 60.253621], [25.02758739, 60.25349126], [25.02769927, 60.2537547], [25.02781117, 60.25401817], [25.0285074, 60.25394513], [25.02914977, 60.2529896], [25.02809552, 60.25052974], [25.02753556, 60.25063118], [25.02646423, 60.2508435], [25.02636323, 60.2508628], [25.02613792, 60.25090587], [25.0253771, 60.25105128], [25.02494822, 60.25117666], [25.0245626, 60.25128446], [25.02432919, 60.25137639], [25.02472464, 60.25167691], [25.02478999, 60.25182904], [25.02420052, 60.25189194], [25.02369811, 60.25163068], [25.02338071, 60.25177484]]]}, "geometry_name": "geom", "properties": {"id": 313, "kuntanimi": "Helsinki", "kaavatun": "12790", "kaavanimi": "Malmi, Ala-Malmi, Malmin lentokenttä, Pikitehtaankorttelit", "vtulvuosi": "2023", "netkrostal": 47860, "netrivketj": 0, "neterillis": 0, "netyhteens": 47860, "brutyhteen": 51600}}, {"type": "Feature", "id": "voimaantulleetkaavatmal_2020_2023.fid-7dddb29f_19d8b225a81_13e2", "geometry": {"type": "Polygon", "coordinates": [[[25.1292419, 60.22099875], [25.12904809, 60.22078149], [25.12899819, 60.22072555], [25.12914209, 60.22064623], [25.12909505, 60.22044788], [25.12891274, 60.21967922], [25.12887848, 60.21953482], [25.12830675, 60.21956787], [25.12777161, 60.21907135], [25.12780497, 60.21894017], [25.1278427, 60.21876631], [25.12741201, 60.2184827], [25.12727952, 60.21839369], [25.12696098, 60.21818339], [25.12610667, 60.2182425], [25.12605568, 60.21820578], [25.12603492, 60.21818959], [25.12600872, 60.2181633], [25.12599095, 60.21813786], [25.12598965, 60.21813552], [25.12597803, 60.21810674], [25.12597406, 60.21807746], [25.12597493, 60.21806313], [25.12598887, 60.21795135], [25.12571282, 60.21777393], [25.12493986, 60.21727711], [25.12263345, 60.21793298], [25.12273103, 60.21921037], [25.12276374, 60.21963841], [25.12443654, 60.22134138], [25.12451527, 60.2214207], [25.124634, 60.22148191], [25.12467127, 60.22151447], [25.12470527, 60.22160894], [25.1247825, 60.2218235], [25.12507829, 60.22203707], [25.12533512, 60.22224825], [25.12545069, 60.22237788], [25.12577627, 60.22265954], [25.12631322, 60.22295005], [25.12676495, 60.22306256], [25.12685096, 60.22307989], [25.12691912, 60.22309282], [25.12695829, 60.22309822], [25.12700284, 60.22310727], [25.12711184, 60.22312939], [25.1275366, 60.2232499], [25.12796974, 60.22326718], [25.12858421, 60.22342777], [25.12896929, 60.22369193], [25.12939932, 60.2239291], [25.13104202, 60.22475448], [25.13152615, 60.22502235], [25.13153777, 60.2250166], [25.13190358, 60.22483566], [25.13284352, 60.22435527], [25.13322609, 60.22416188], [25.13369615, 60.22392538], [25.13373975, 60.22390309], [25.13417355, 60.22368129], [25.13423345, 60.22365092], [25.13431479, 60.22362221], [25.13434065, 60.22361203], [25.13443876, 60.22356791], [25.13443905, 60.22356776], [25.13450598, 60.22364003], [25.13464185, 60.22361514], [25.13474017, 60.22359261], [25.13468571, 60.2235338], [25.13476411, 60.22347335], [25.13483052, 60.22340821], [25.13484519, 60.22339114], [25.134904, 60.22330437], [25.13492029, 60.2232705], [25.13510554, 60.22322806], [25.13529734, 60.22318412], [25.13583772, 60.22300389], [25.13570282, 60.22290381], [25.13529297, 60.22259973], [25.13529955, 60.2225707], [25.13514138, 60.22248439], [25.13513595, 60.22248656], [25.13511635, 60.2224931], [25.13509521, 60.22249832], [25.13507288, 60.22250211], [25.13504974, 60.22250443], [25.1350262, 60.22250522], [25.13500264, 60.22250448], [25.13500046, 60.22250433], [25.13497948, 60.22250221], [25.13495712, 60.22249846], [25.13493594, 60.22249328], [25.13491628, 60.22248678], [25.13489851, 60.22247906], [25.13488291, 60.22247025], [25.13487626, 60.22246566], [25.13478572, 60.22239891], [25.13465567, 60.22229562], [25.13448048, 60.22212501], [25.13444604, 60.22208524], [25.13429341, 60.22186305], [25.13427558, 60.22182889], [25.13371797, 60.22185615], [25.1337172, 60.22185683], [25.13370151, 60.22186856], [25.13368288, 60.22187918], [25.13367382, 60.22188345], [25.13366162, 60.22188849], [25.13363811, 60.22189634], [25.13361439, 60.22190225], [25.13326633, 60.22197608], [25.13323591, 60.22198246], [25.13274459, 60.22206598], [25.1325733, 60.22208697], [25.13223557, 60.22211687], [25.1318512, 60.22213302], [25.13100767, 60.222148], [25.13098945, 60.22214817], [25.1309188, 60.22214594], [25.13084932, 60.22213913], [25.13078223, 60.22212788], [25.13074236, 60.22211875], [25.13071867, 60.22211236], [25.13065972, 60.22209285], [25.13060641, 60.22206969], [25.13055962, 60.22204325], [25.13053906, 60.22202905], [25.13010161, 60.22170506], [25.12995982, 60.22160003], [25.12993929, 60.22158585], [25.12992079, 60.22157455], [25.1298925, 60.22155941], [25.12987597, 60.22155156], [25.12984782, 60.22153959], [25.12983913, 60.22153622], [25.1298181, 60.22152861], [25.12977599, 60.22151339], [25.12966935, 60.22146705], [25.12957577, 60.22141418], [25.12953525, 60.2213862], [25.12949688, 60.22135568], [25.129434, 60.22129257], [25.12938823, 60.22122591], [25.12937652, 60.22120223], [25.12935305, 60.22115473], [25.1293194, 60.22109882], [25.12926149, 60.22102141], [25.1292419, 60.22099875]]]}, "geometry_name": "geom", "properties": {"id": 314, "kuntanimi": "Helsinki", "kaavatun": "12770", "kaavanimi": "Vuosaari, Keski-Vuosaari, Broända", "vtulvuosi": "2023", "netkrostal": 3943, "netrivketj": 0, "neterillis": 0, "netyhteens": 3943, "brutyhteen": 3943}}, {"type": "Feature", "id": "voimaantulleetkaavatmal_2020_2023.fid-7dddb29f_19d8b225a81_13e3", "geometry": {"type": "Polygon", "coordinates": [[[24.88521257, 60.22758671], [24.88469468, 60.22738336], [24.88372806, 60.22759439], [24.88370025, 60.22762986], [24.8837922, 60.22773407], [24.88371126, 60.22778504], [24.88320549, 60.22789703], [24.88330282, 60.22800577], [24.88348773, 60.22821534], [24.88382755, 60.22858714], [24.88400159, 60.22878439], [24.8839614, 60.2290344], [24.88421445, 60.22932112], [24.88452839, 60.2292526], [24.88500472, 60.22914861], [24.88523915, 60.22919546], [24.88540597, 60.22938447], [24.8854785, 60.22946666], [24.88551476, 60.22950775], [24.88511916, 60.22959411], [24.88424171, 60.22978565], [24.88386224, 60.22986848], [24.88393477, 60.22995067], [24.88365188, 60.23001242], [24.88401815, 60.23042745], [24.88431754, 60.23036209], [24.88436107, 60.2304114], [24.88560149, 60.23014063], [24.8860019, 60.23005322], [24.88663096, 60.23005241], [24.88662659, 60.22921601], [24.88662608, 60.2291181], [24.88662384, 60.22868732], [24.88640624, 60.22844077], [24.88521257, 60.22758671]]]}, "geometry_name": "geom", "properties": {"id": 315, "kuntanimi": "Helsinki", "kaavatun": "12725", "kaavanimi": "Haaga, Lassila, Hopeatien ympäristö", "vtulvuosi": "2023", "netkrostal": 33700, "netrivketj": 0, "neterillis": 0, "netyhteens": 33700, "brutyhteen": 58900}}, {"type": "Feature", "id": "voimaantulleetkaavatmal_2020_2023.fid-7dddb29f_19d8b225a81_13e4", "geometry": {"type": "Polygon", "coordinates": [[[25.05093827, 60.18091351], [25.05093273, 60.18100072], [25.05093952, 60.18109503], [25.05095612, 60.18117643], [25.05098978, 60.18127482], [25.05149099, 60.18132482], [25.05240559, 60.1814263], [25.0525909, 60.18101196], [25.05167632, 60.18091048], [25.05111348, 60.18084802], [25.05110083, 60.18084691], [25.05108202, 60.1808463], [25.0510632, 60.18084692], [25.05104471, 60.18084876], [25.05102686, 60.18085179], [25.05100996, 60.18085595], [25.05099561, 60.18086067], [25.05099429, 60.18086117], [25.05098012, 60.18086737], [25.05096769, 60.18087444], [25.05095724, 60.18088225], [25.05094891, 60.18089068], [25.05094286, 60.18089957], [25.05093919, 60.18090879], [25.05093827, 60.18091351]]]}, "geometry_name": "geom", "properties": {"id": 316, "kuntanimi": "Helsinki", "kaavatun": "12753", "kaavanimi": "Yliskyläntie 2", "vtulvuosi": "2023", "netkrostal": 2455, "netrivketj": 0, "neterillis": 0, "netyhteens": 2455, "brutyhteen": 6655}}, {"type": "Feature", "id": "voimaantulleetkaavatmal_2020_2023.fid-7dddb29f_19d8b225a81_13e5", "geometry": {"type": "Polygon", "coordinates": [[[24.96638083, 60.20258933], [24.96862875, 60.20365641], [24.96965901, 60.20311867], [24.96985891, 60.20321356], [24.97001236, 60.20313756], [24.96874622, 60.20253656], [24.96860269, 60.20246843], [24.96845336, 60.20254637], [24.96741109, 60.2020516], [24.96638083, 60.20258933]]]}, "geometry_name": "geom", "properties": {"id": 317, "kuntanimi": "Helsinki", "kaavatun": "12757", "kaavanimi": "Arabian kauppakeskus", "vtulvuosi": "2023", "netkrostal": 9500, "netrivketj": 0, "neterillis": 0, "netyhteens": 9500, "brutyhteen": 9500}}, {"type": "Feature", "id": "voimaantulleetkaavatmal_2020_2023.fid-7dddb29f_19d8b225a81_13e6", "geometry": {"type": "Polygon", "coordinates": [[[24.92377489, 60.17791274], [24.92477835, 60.17802417], [24.92503103, 60.17746372], [24.92402759, 60.17735229], [24.92388939, 60.1776588], [24.92377489, 60.17791274]]]}, "geometry_name": "geom", "properties": {"id": 318, "kuntanimi": "Helsinki", "kaavatun": "12774", "kaavanimi": "Pohjoinen Hesperiankatu 15", "vtulvuosi": "2023", "netkrostal": 3920, "netrivketj": 0, "neterillis": 0, "netyhteens": 3920, "brutyhteen": 3920}}, {"type": "Feature", "id": "voimaantulleetkaavatmal_2020_2023.fid-7dddb29f_19d8b225a81_13e7", "geometry": {"type": "Polygon", "coordinates": [[[24.87308644, 60.24189209], [24.8734006, 60.24177879], [24.8731768, 60.2416254], [24.87260559, 60.24123392], [24.87172881, 60.24155013], [24.87252384, 60.242095], [24.87308644, 60.24189209]]]}, "geometry_name": "geom", "properties": {"id": 319, "kuntanimi": "Helsinki", "kaavatun": "12612", "kaavanimi": "Kannelmäen Pasuunakuja 1", "vtulvuosi": "2023", "netkrostal": 2290, "netrivketj": 0, "neterillis": 0, "netyhteens": 2290, "brutyhteen": 7000}}, {"type": "Feature", "id": "voimaantulleetkaavatmal_2020_2023.fid-7dddb29f_19d8b225a81_13e8", "geometry": {"type": "Polygon", "coordinates": [[[25.14302235, 60.20869654], [25.143055, 60.20867345], [25.14311753, 60.20863781], [25.14318887, 60.20860654], [25.14326781, 60.20858016], [25.14335298, 60.20855915], [25.14342413, 60.20854651], [25.14344294, 60.20854384], [25.14353615, 60.20853451], [25.14363099, 60.20853132], [25.14372588, 60.20853431], [25.14381916, 60.20854343], [25.14390925, 60.20855855], [25.14392546, 60.20856198], [25.14417254, 60.20861599], [25.14435831, 60.20840546], [25.14447701, 60.20827095], [25.1438743, 60.20813922], [25.14488703, 60.20699148], [25.14442127, 60.20696128], [25.1440148, 60.20742195], [25.14349792, 60.20738713], [25.14350519, 60.20736045], [25.14147748, 60.20722383], [25.14130848, 60.20721244], [25.14125525, 60.20740811], [25.14177466, 60.20797493], [25.14037747, 60.20797725], [25.14006752, 60.20797777], [25.13948091, 60.20797874], [25.13948103, 60.20799759], [25.13912259, 60.20799818], [25.13910452, 60.20809799], [25.13910512, 60.20818774], [25.13973058, 60.20830594], [25.13973517, 60.20899316], [25.13973589, 60.20910087], [25.13987932, 60.20951247], [25.13996358, 60.20978812], [25.14014522, 60.20977437], [25.14077464, 60.20975781], [25.14201733, 60.2097251], [25.14283541, 60.20970762], [25.14282942, 60.20882252], [25.14282857, 60.20869686], [25.14302235, 60.20869654]]]}, "geometry_name": "geom", "properties": {"id": 320, "kuntanimi": "Helsinki", "kaavatun": "12767", "kaavanimi": "Vuosaaren keskustan länsiosa", "vtulvuosi": "2023", "netkrostal": 26600, "netrivketj": 0, "neterillis": 0, "netyhteens": 26600, "brutyhteen": 26600}}, {"type": "Feature", "id": "voimaantulleetkaavatmal_2020_2023.fid-7dddb29f_19d8b225a81_13e9", "geometry": {"type": "Polygon", "coordinates": [[[25.04273068, 60.24812966], [25.04725281, 60.2457158], [25.04632398, 60.24551931], [25.04663323, 60.24537381], [25.04494006, 60.24501376], [25.04460142, 60.24495092], [25.04086372, 60.24416727], [25.04084085, 60.24414286], [25.0405357, 60.24381748], [25.04041364, 60.24368732], [25.0398848, 60.24380989], [25.03950337, 60.24340316], [25.03851703, 60.24363176], [25.03819169, 60.24413753], [25.03764478, 60.24498771], [25.03767405, 60.24499216], [25.03805392, 60.24504993], [25.03791726, 60.24526009], [25.03787633, 60.24532303], [25.03745995, 60.2459801], [25.03776919, 60.24602726], [25.03779988, 60.24610386], [25.03802513, 60.24619143], [25.0380622, 60.24651584], [25.03809294, 60.24678467], [25.03790697, 60.2468737], [25.03747129, 60.24708227], [25.03705341, 60.24704572], [25.03695923, 60.24703749], [25.0369272, 60.24710249], [25.03675235, 60.24718599], [25.03659598, 60.24726066], [25.03560065, 60.24741382], [25.03542997, 60.24744327], [25.03484443, 60.2475443], [25.03463081, 60.24758116], [25.03359537, 60.2474228], [25.03318007, 60.24809361], [25.03334872, 60.24806338], [25.03369813, 60.24811764], [25.03397382, 60.2481555], [25.0343337, 60.2482077], [25.03472739, 60.2482648], [25.03482711, 60.24827926], [25.04221535, 60.2478911], [25.04273068, 60.24812966]]]}, "geometry_name": "geom", "properties": {"id": 321, "kuntanimi": "Helsinki", "kaavatun": "12577", "kaavanimi": "Malmi, Ala-Malmi, Tattariharju, Malmin lentokenttä, Nallenrinne", "vtulvuosi": "2023", "netkrostal": 131400, "netrivketj": 700, "neterillis": 0, "netyhteens": 132100, "brutyhteen": 132100}}, {"type": "Feature", "id": "voimaantulleetkaavatmal_2020_2023.fid-7dddb29f_19d8b225a81_13ea", "geometry": {"type": "Polygon", "coordinates": [[[25.0523591, 60.24654988], [25.05141779, 60.24595491], [25.05075266, 60.24578552], [25.05049364, 60.24573342], [25.05024669, 60.24568375], [25.04973432, 60.24598315], [25.04956005, 60.24608499], [25.0494238, 60.24616461], [25.04884439, 60.24605245], [25.04725281, 60.2457158], [25.04273068, 60.24812966], [25.04451174, 60.24960083], [25.04355428, 60.25126464], [25.0458366, 60.25218194], [25.04899298, 60.2502418], [25.0550526, 60.25055596], [25.05913816, 60.24965483], [25.05919518, 60.24962789], [25.05951235, 60.24947808], [25.0595761, 60.24947739], [25.05925669, 60.24920085], [25.05911661, 60.24907957], [25.0590561, 60.24902577], [25.05902737, 60.24900089], [25.05899395, 60.24897244], [25.0569087, 60.24958888], [25.05624457, 60.24956923], [25.05457545, 60.24972459], [25.05448246, 60.24973325], [25.05270885, 60.24989794], [25.05264029, 60.24972462], [25.05252475, 60.24942381], [25.05243897, 60.24920046], [25.05228691, 60.24880462], [25.05214058, 60.24842364], [25.05197562, 60.24799416], [25.05158462, 60.24697612], [25.05167992, 60.24686789], [25.05200798, 60.24693927], [25.05225976, 60.24666005], [25.05231026, 60.24660515], [25.0523591, 60.24654988]], [[25.04883791, 60.24862526], [25.0473079, 60.24914156], [25.0464175, 60.24944202], [25.04540911, 60.24978229], [25.04463421, 60.24921491], [25.04441195, 60.24905216], [25.04551561, 60.24867976], [25.04615811, 60.24846296], [25.04633697, 60.2484026], [25.04772892, 60.24793288], [25.04831142, 60.24835937], [25.04842791, 60.24832088], [25.04881843, 60.24860938], [25.04883791, 60.24862526]]]}, "geometry_name": "geom", "properties": {"id": 322, "kuntanimi": "Helsinki", "kaavatun": "12623", "kaavanimi": "Malmi, Tattariharju, Malmin lentokenttä, Lentoasemankorttelit", "vtulvuosi": "2023", "netkrostal": 100075, "netrivketj": 0, "neterillis": 0, "netyhteens": 100075, "brutyhteen": 100075}}, {"type": "Feature", "id": "voimaantulleetkaavatmal_2020_2023.fid-7dddb29f_19d8b225a81_13eb", "geometry": {"type": "Polygon", "coordinates": [[[24.93946637, 60.19936582], [24.93968883, 60.19889398], [24.93874103, 60.19878323], [24.93851854, 60.19925508], [24.93946637, 60.19936582]]]}, "geometry_name": "geom", "properties": {"id": 323, "kuntanimi": "Helsinki", "kaavatun": "12683", "kaavanimi": "Opastinsilta 8", "vtulvuosi": "2023", "netkrostal": 5800, "netrivketj": 0, "neterillis": 0, "netyhteens": 5800, "brutyhteen": 11600}}, {"type": "Feature", "id": "voimaantulleetkaavatmal_2020_2023.fid-7dddb29f_19d8b225a81_13ec", "geometry": {"type": "Polygon", "coordinates": [[[24.92142642, 60.20806925], [24.92077564, 60.20819805], [24.91987216, 60.20864511], [24.91936653, 60.20839202], [24.91915565, 60.20850287], [24.91965474, 60.20875269], [24.91502477, 60.21104336], [24.91502587, 60.21106508], [24.91503111, 60.21116891], [24.91503224, 60.21119126], [24.91505921, 60.21172529], [24.91519444, 60.21198109], [24.91644426, 60.21281134], [24.91690776, 60.21317935], [24.91714221, 60.2135249], [24.91715228, 60.21369815], [24.91728995, 60.21367874], [24.91746893, 60.21365352], [24.91930285, 60.213395], [24.92127748, 60.21311662], [24.92073663, 60.21214641], [24.92073233, 60.21213863], [24.92070534, 60.21207068], [24.92069641, 60.21200155], [24.92069687, 60.21198649], [24.92070568, 60.21193244], [24.92073299, 60.21186451], [24.9207556, 60.21182804], [24.92163329, 60.21055226], [24.92170372, 60.21043751], [24.9217864, 60.21024185], [24.92179631, 60.21020727], [24.92182773, 60.20997299], [24.92182644, 60.20992284], [24.92178428, 60.20913886], [24.92170774, 60.20839842], [24.92170033, 60.20835784], [24.92167379, 60.20829103], [24.92162997, 60.20822653], [24.92162568, 60.20822143], [24.9215696, 60.20816542], [24.92149372, 60.20810876], [24.92142642, 60.20806925]]]}, "geometry_name": "geom", "properties": {"id": 324, "kuntanimi": "Helsinki", "kaavatun": "12565", "kaavanimi": "Pasila, Pohjois-Pasila, Keski-Pasila, Eteläinen Postipuisto", "vtulvuosi": "2023", "netkrostal": 152500, "netrivketj": 0, "neterillis": 0, "netyhteens": 152500, "brutyhteen": 152500}}, {"type": "Feature", "id": "voimaantulleetkaavatmal_2020_2023.fid-7dddb29f_19d8b225a81_13ed", "geometry": {"type": "Polygon", "coordinates": [[[24.95697764, 60.22005341], [24.95690791, 60.21991147], [24.95682412, 60.21976813], [24.95662156, 60.21949055], [24.95608281, 60.21958201], [24.95558972, 60.21966573], [24.95589239, 60.22010884], [24.9559272, 60.22016595], [24.9559279, 60.22016726], [24.95595534, 60.22022673], [24.95644828, 60.22014316], [24.95697764, 60.22005341]]]}, "geometry_name": "geom", "properties": {"id": 325, "kuntanimi": "Helsinki", "kaavatun": "12765", "kaavanimi": "Käpylä, tontti 25899/18, Onnentie 18", "vtulvuosi": "2023", "netkrostal": 4340, "netrivketj": 0, "neterillis": 0, "netyhteens": 4340, "brutyhteen": 4340}}, {"type": "Feature", "id": "voimaantulleetkaavatmal_2020_2023.fid-7dddb29f_19d8b225a81_13ee", "geometry": {"type": "Polygon", "coordinates": [[[24.94215857, 60.18340803], [24.94266892, 60.18373337], [24.94322985, 60.18351512], [24.9430135, 60.18337719], [24.9427195, 60.18318978], [24.94215857, 60.18340803]]]}, "geometry_name": "geom", "properties": {"id": 326, "kuntanimi": "Helsinki", "kaavatun": "12716", "kaavanimi": "Kallio, tontti 11302/9, Toinen linja 10.", "vtulvuosi": "2023", "netkrostal": 2665, "netrivketj": 0, "neterillis": 0, "netyhteens": 2665, "brutyhteen": 6380}}, {"type": "Feature", "id": "voimaantulleetkaavatmal_2020_2023.fid-7dddb29f_19d8b225a81_13ef", "geometry": {"type": "Polygon", "coordinates": [[[24.89542176, 60.21462349], [24.89543109, 60.21459301], [24.89544335, 60.21452759], [24.89544576, 60.21448434], [24.8954425, 60.21443108], [24.89543156, 60.21434407], [24.89535578, 60.2143138], [24.89450129, 60.21438038], [24.89343205, 60.21446369], [24.89350461, 60.21469424], [24.89257604, 60.21476658], [24.89232521, 60.21581345], [24.8930807, 60.21624571], [24.8931305, 60.21623496], [24.89331606, 60.21620379], [24.89344308, 60.21618987], [24.89350821, 60.21618493], [24.89370366, 60.21617872], [24.89382203, 60.21618114], [24.89393481, 60.21618569], [24.89415131, 60.2155625], [24.89445319, 60.21536099], [24.89437104, 60.2151902], [24.89414625, 60.21472288], [24.894598, 60.21468769], [24.89542176, 60.21462349]]]}, "geometry_name": "geom", "properties": {"id": 327, "kuntanimi": "Helsinki", "kaavatun": "12697", "kaavanimi": "Haaga, Etelä-Haaga, Steniuksenkentän alue", "vtulvuosi": "2023", "netkrostal": 4260, "netrivketj": 0, "neterillis": 0, "netyhteens": 4260, "brutyhteen": 15620}}, {"type": "Feature", "id": "voimaantulleetkaavatmal_2020_2023.fid-7dddb29f_19d8b225a81_13f0", "geometry": {"type": "MultiPolygon", "coordinates": [[[[24.88347473, 60.23304202], [24.88347207, 60.23299167], [24.88347598, 60.23293412], [24.88348793, 60.23287454], [24.88350327, 60.23282708], [24.88311287, 60.23283342], [24.88320609, 60.2331203], [24.88339044, 60.23366901], [24.88343107, 60.23378994], [24.88350222, 60.23378403], [24.88374255, 60.23376406], [24.88381423, 60.23373231], [24.88380382, 60.23370132], [24.88453504, 60.23375852], [24.88466659, 60.2338606], [24.88450664, 60.23416449], [24.88487825, 60.2341624], [24.8848647, 60.23414809], [24.88485111, 60.23412807], [24.88484289, 60.23410733], [24.88484018, 60.23408652], [24.88484018, 60.23408624], [24.88484304, 60.23406516], [24.8848514, 60.23404444], [24.88486514, 60.23402444], [24.88487826, 60.23401064], [24.88494149, 60.23395231], [24.88494512, 60.23379054], [24.88495459, 60.23357452], [24.88495367, 60.23349441], [24.88492948, 60.2331985], [24.88433896, 60.23310624], [24.88347473, 60.23304202]]], [[[24.87969718, 60.22776451], [24.8794336, 60.22820458], [24.87921803, 60.22856447], [24.88032488, 60.22872847], [24.88060823, 60.22825538], [24.880804, 60.22792852], [24.87969718, 60.22776451]]]]}, "geometry_name": "geom", "properties": {"id": 328, "kuntanimi": "Helsinki", "kaavatun": "12670", "kaavanimi": "Haaga, Laurinmäenkuja 3 ja Sentnerikuja 2 ja 4", "vtulvuosi": "2023", "netkrostal": 5350, "netrivketj": 0, "neterillis": 0, "netyhteens": 5350, "brutyhteen": 5350}}, {"type": "Feature", "id": "voimaantulleetkaavatmal_2020_2023.fid-7dddb29f_19d8b225a81_13f1", "geometry": {"type": "Polygon", "coordinates": [[[24.91683921, 60.20393799], [24.91692493, 60.20390875], [24.91694771, 60.20390024], [24.91700648, 60.20387669], [24.91792346, 60.20416522], [24.91774039, 60.20430936], [24.91784082, 60.20440544], [24.91829968, 60.20451381], [24.9187544, 60.20494875], [24.9193153, 60.20480348], [24.91950385, 60.2048628], [24.92043845, 60.2041269], [24.92069587, 60.20420789], [24.92085002, 60.2040865], [24.92059261, 60.20400551], [24.91987072, 60.20377838], [24.91915054, 60.20355178], [24.91972671, 60.20309811], [24.91988765, 60.20297137], [24.91956757, 60.20287066], [24.91893727, 60.20279691], [24.91884954, 60.20278665], [24.918799, 60.20289368], [24.91855326, 60.20286492], [24.91853263, 60.20290861], [24.91851124, 60.20295391], [24.91815838, 60.20305091], [24.91814275, 60.2030553], [24.91803284, 60.20309176], [24.91795396, 60.20312513], [24.91793342, 60.20313505], [24.91784622, 60.20318442], [24.91779303, 60.20322232], [24.91722026, 60.2036733], [24.91714523, 60.20372676], [24.91702503, 60.203795], [24.91702219, 60.20379641], [24.91688194, 60.20385748], [24.91678111, 60.20389256], [24.91683921, 60.20393799]]]}, "geometry_name": "geom", "properties": {"id": 329, "kuntanimi": "Helsinki", "kaavatun": "12617", "kaavanimi": "Pasila, Länsi-Pasila, Radiokatu 15 ja 20", "vtulvuosi": "2023", "netkrostal": 39200, "netrivketj": 0, "neterillis": 0, "netyhteens": 39200, "brutyhteen": 39200}}, {"type": "Feature", "id": "voimaantulleetkaavatmal_2020_2023.fid-7dddb29f_19d8b225a81_13f2", "geometry": {"type": "Polygon", "coordinates": [[[25.01132597, 60.23334642], [25.01131523, 60.23342297], [25.01128303, 60.23350357], [25.01126749, 60.23353009], [25.01122993, 60.2335814], [25.01115687, 60.23365511], [25.01110346, 60.23369718], [25.0108616, 60.23387199], [25.01173007, 60.23422771], [25.01082266, 60.23477557], [25.01108234, 60.23487996], [25.01117858, 60.23482186], [25.01196495, 60.23434708], [25.01294482, 60.23375546], [25.01308479, 60.23370354], [25.01336426, 60.23361128], [25.01340937, 60.23359639], [25.01383534, 60.23334256], [25.0137215, 60.23329918], [25.01363738, 60.23326499], [25.01352056, 60.23321633], [25.01335338, 60.23314422], [25.01279703, 60.2328839], [25.01235354, 60.2326519], [25.0117072, 60.23226613], [25.01147002, 60.23210734], [25.01155287, 60.23234003], [25.01133984, 60.23234648], [25.01134097, 60.23247176], [25.01132597, 60.23334642]]]}, "geometry_name": "geom", "properties": {"id": 330, "kuntanimi": "Helsinki", "kaavatun": "12779", "kaavanimi": "Pihlajamäen ostoskeskuksen alue", "vtulvuosi": "2023", "netkrostal": 9200, "netrivketj": 0, "neterillis": 0, "netyhteens": 9200, "brutyhteen": 9200}}, {"type": "Feature", "id": "voimaantulleetkaavatmal_2020_2023.fid-7dddb29f_19d8b225a81_13f3", "geometry": {"type": "MultiPolygon", "coordinates": [[[[24.9904532, 60.24281976], [24.99038081, 60.24280858], [24.99025713, 60.24279634], [24.9901313, 60.24279224], [24.99000547, 60.24279633], [24.98988178, 60.24280855], [24.98984887, 60.24281324], [24.98976236, 60.24282869], [24.98964925, 60.24285641], [24.98954438, 60.24289123], [24.98944956, 60.24293256], [24.9893664, 60.24297969], [24.98935552, 60.24298688], [24.98898013, 60.24323957], [24.98901267, 60.24325183], [24.98901566, 60.24325295], [24.98903697, 60.24326224], [24.98905565, 60.24327283], [24.98907139, 60.24328455], [24.98908392, 60.24329718], [24.98909302, 60.24331053], [24.98909803, 60.2433225], [24.98909855, 60.24332435], [24.98910039, 60.2433384], [24.98909854, 60.24335246], [24.989093, 60.24336628], [24.98908389, 60.24337962], [24.98907136, 60.24339225], [24.98905787, 60.24340248], [24.98789694, 60.24418196], [24.98752772, 60.24446001], [24.9875296, 60.24445876], [24.98754517, 60.24444994], [24.98756293, 60.2444422], [24.98758257, 60.24443568], [24.98760375, 60.24443049], [24.98762612, 60.24442672], [24.98764928, 60.24442443], [24.9876516, 60.24442428], [24.98767284, 60.24442367], [24.98769641, 60.24442443], [24.98771958, 60.24442673], [24.98774194, 60.2444305], [24.98776311, 60.2444357], [24.98778274, 60.24444222], [24.98778884, 60.24444465], [24.98835722, 60.24468445], [24.98848094, 60.24460359], [24.98870471, 60.24470287], [24.98874391, 60.24472279], [24.98893201, 60.24483177], [24.98897221, 60.24485851], [24.98901425, 60.24488832], [24.98903963, 60.24487542], [24.98904744, 60.24487153], [24.98906536, 60.2448627], [24.99011328, 60.24430762], [24.99017939, 60.24426489], [24.99092742, 60.24376522], [24.99118819, 60.24386169], [24.99133364, 60.2437645], [24.99129492, 60.24365507], [24.9915776, 60.24346621], [24.99251357, 60.24376536], [24.99261986, 60.24378457], [24.99287373, 60.2434032], [24.99307748, 60.24343992], [24.99310586, 60.2433973], [24.99378505, 60.24351969], [24.99375668, 60.24356231], [24.99389634, 60.24358747], [24.99405391, 60.2434323], [24.9940496, 60.2434329], [24.99402181, 60.24343564], [24.99399353, 60.24343656], [24.99398727, 60.24343652], [24.99396525, 60.24343564], [24.99393746, 60.24343289], [24.99392123, 60.24343039], [24.99282356, 60.24323713], [24.99252575, 60.2431847], [24.99192162, 60.24307832], [24.9912239, 60.24295548], [24.99090907, 60.24290004], [24.99051767, 60.24283112], [24.9904532, 60.24281976]], [[24.98961432, 60.24307351], [24.98962106, 60.24306906], [24.98967557, 60.24303817], [24.98973772, 60.24301109], [24.98980645, 60.24298826], [24.98988059, 60.24297009], [24.98993846, 60.24295979], [24.98995886, 60.24295689], [24.99003993, 60.24294888], [24.9901224, 60.2429462], [24.99020488, 60.24294889], [24.99028594, 60.24295691], [24.99033509, 60.24296454], [24.99154067, 60.24317888], [24.99154565, 60.24317984], [24.99155836, 60.24318295], [24.99157014, 60.24318687], [24.99158079, 60.24319151], [24.99159014, 60.24319681], [24.99159801, 60.24320267], [24.99160428, 60.24320898], [24.99160787, 60.24321399], [24.99160883, 60.24321565], [24.99161159, 60.24322257], [24.99161251, 60.2432296], [24.99161158, 60.24323662], [24.99160882, 60.24324353], [24.99160427, 60.2432502], [24.99159799, 60.24325652], [24.9915911, 60.24326173], [24.99012619, 60.2442403], [24.98910948, 60.24386561], [24.98907102, 60.24382351], [24.98870123, 60.24368722], [24.98961432, 60.24307351]]], [[[24.98790514, 60.24948886], [24.98828019, 60.24962981], [24.98874495, 60.24946917], [24.98891108, 60.24933031], [24.98894919, 60.24925456], [24.98873468, 60.24917967], [24.9880964, 60.24888981], [24.98801803, 60.24885422], [24.98746312, 60.24914034], [24.98737535, 60.24918559], [24.98789036, 60.24941715], [24.9878943, 60.24941901], [24.98790364, 60.2494243], [24.98791151, 60.24943016], [24.98791778, 60.24943648], [24.98792233, 60.24944315], [24.98792509, 60.24945006], [24.98792545, 60.24945159], [24.98792602, 60.24945709], [24.98792509, 60.24946412], [24.98792232, 60.24947103], [24.98791776, 60.2494777], [24.98791149, 60.24948402], [24.98790514, 60.24948886]]]]}, "geometry_name": "geom", "properties": {"id": 331, "kuntanimi": "Helsinki", "kaavatun": "12706", "kaavanimi": "Pukinmäki, Säterinportti 3, Säterintie 7?9, Madetojankuja 1 ja Karhusuontie 12", "vtulvuosi": "2023", "netkrostal": 8028, "netrivketj": 0, "neterillis": 0, "netyhteens": 8028, "brutyhteen": 17290}}, {"type": "Feature", "id": "voimaantulleetkaavatmal_2020_2023.fid-7dddb29f_19d8b225a81_13f4", "geometry": {"type": "Polygon", "coordinates": [[[24.89940924, 60.20642365], [24.89938073, 60.20603467], [24.89935747, 60.20571743], [24.89937112, 60.20547747], [24.89937419, 60.20542364], [24.89941709, 60.20467004], [24.89941837, 60.20464758], [24.89869742, 60.20463624], [24.89871602, 60.2043097], [24.89800074, 60.20429961], [24.89799719, 60.20430459], [24.89799143, 60.20431039], [24.89798421, 60.20431575], [24.89797564, 60.2043206], [24.89796587, 60.20432485], [24.89796386, 60.20432559], [24.89795507, 60.20432843], [24.89794342, 60.20433127], [24.89793114, 60.20433334], [24.89791841, 60.20433459], [24.89790546, 60.204335], [24.8979028, 60.20433498], [24.89789851, 60.20441036], [24.89684903, 60.20466347], [24.89678367, 60.20467924], [24.89667008, 60.20470663], [24.89667094, 60.20473356], [24.89668217, 60.20508355], [24.89588884, 60.20508985], [24.89588452, 60.20495524], [24.89559603, 60.20495753], [24.89560472, 60.20522855], [24.8956191, 60.20567725], [24.89562859, 60.2059734], [24.89563578, 60.20619776], [24.89564182, 60.20638621], [24.89565159, 60.20669133], [24.89456972, 60.20669991], [24.89457231, 60.20678068], [24.89437903, 60.20678222], [24.89406401, 60.20684016], [24.89418915, 60.2070087], [24.89420134, 60.20702422], [24.8942533, 60.20707689], [24.89425333, 60.2070769], [24.8943187, 60.20712576], [24.89433947, 60.20713878], [24.89570749, 60.20796378], [24.89825663, 60.20766628], [24.89883303, 60.20771748], [24.89965335, 60.20776776], [24.89964074, 60.20759581], [24.8995857, 60.20756532], [24.89958162, 60.20756286], [24.89957573, 60.20755847], [24.89957105, 60.20755373], [24.89957084, 60.20755346], [24.89956766, 60.20754872], [24.8995656, 60.20754354], [24.89956497, 60.2075398], [24.89955206, 60.2073636], [24.89954249, 60.20723316], [24.89951866, 60.20703146], [24.89947683, 60.20683049], [24.89947595, 60.20682702], [24.89947507, 60.20682355], [24.89943307, 60.20662398], [24.89940924, 60.20642365]]]}, "geometry_name": "geom", "properties": {"id": 332, "kuntanimi": "Helsinki", "kaavatun": "12591", "kaavanimi": "Ruskeasuo, Pikku Huopalahti, Vanha Ruskeasuo, Huopalahdenportti", "vtulvuosi": "2023", "netkrostal": 101850, "netrivketj": 0, "neterillis": 0, "netyhteens": 101850, "brutyhteen": 101850}}, {"type": "Feature", "id": "voimaantulleetkaavatmal_2020_2023.fid-7dddb29f_19d8b225a81_13f5", "geometry": {"type": "Polygon", "coordinates": [[[25.13246061, 60.20524536], [25.13385699, 60.20567958], [25.13484905, 60.20591697], [25.13496626, 60.20579563], [25.13428615, 60.2056329], [25.13398765, 60.20556146], [25.13430027, 60.20494647], [25.13432239, 60.20490296], [25.13441085, 60.20472894], [25.13442531, 60.20464848], [25.13449628, 60.20425336], [25.13509694, 60.20405618], [25.13514305, 60.20393238], [25.13439843, 60.2038386], [25.13407445, 60.20321459], [25.13379694, 60.20268008], [25.13392194, 60.20244587], [25.1339661, 60.20236311], [25.13429997, 60.20211126], [25.13444267, 60.20183052], [25.13423291, 60.2018041], [25.13433021, 60.20161268], [25.13540786, 60.20128549], [25.13545208, 60.20119848], [25.13439578, 60.20106545], [25.13349601, 60.20077764], [25.13234897, 60.20083203], [25.1321801, 60.19994944], [25.13104216, 60.19859475], [25.13002515, 60.19740007], [25.12882395, 60.19782527], [25.12823728, 60.19803292], [25.12811857, 60.1979498], [25.1278783, 60.19778156], [25.12770814, 60.19784179], [25.12767841, 60.1979294], [25.12672332, 60.19826745], [25.12648821, 60.19835065], [25.12583995, 60.19858009], [25.12590512, 60.19862573], [25.12558008, 60.19884333], [25.12538645, 60.19897295], [25.12497761, 60.19924664], [25.12485799, 60.19932672], [25.12484656, 60.19947597], [25.1250491, 60.19955095], [25.12464142, 60.19982385], [25.12281225, 60.20034997], [25.12278062, 60.20040571], [25.12302618, 60.20058023], [25.12305521, 60.2005999], [25.12314872, 60.20065277], [25.12325529, 60.20069912], [25.12337309, 60.20073814], [25.12338943, 60.20074273], [25.12350013, 60.20076918], [25.12363421, 60.2007917], [25.12377305, 60.20080532], [25.12385923, 60.20080915], [25.12522657, 60.20084253], [25.12551958, 60.20085555], [25.12562226, 60.20086291], [25.12599167, 60.20090182], [25.12601123, 60.20090444], [25.12636609, 60.20096223], [25.12644754, 60.20097837], [25.12670735, 60.20103763], [25.12715554, 60.20115054], [25.12750948, 60.2012397], [25.12733037, 60.20141587], [25.12736254, 60.20142398], [25.12640405, 60.20236551], [25.12614387, 60.20284556], [25.12505358, 60.20279025], [25.12494418, 60.2033245], [25.12493003, 60.20345911], [25.12500599, 60.20416028], [25.12557893, 60.20415366], [25.12589506, 60.20415521], [25.12678288, 60.20417938], [25.12675546, 60.20431333], [25.12730018, 60.20434278], [25.12801983, 60.20439933], [25.12899194, 60.20450857], [25.12926159, 60.20454579], [25.12921496, 60.20462316], [25.13036913, 60.2048185], [25.13056398, 60.20485754], [25.13148156, 60.2050667], [25.13155158, 60.2049938], [25.13201109, 60.20511512], [25.13217371, 60.20516087], [25.13246061, 60.20524536]]]}, "geometry_name": "geom", "properties": {"id": 333, "kuntanimi": "Helsinki", "kaavatun": "12571", "kaavanimi": "Meri-Rastilan itäosa", "vtulvuosi": "2023", "netkrostal": 92935, "netrivketj": 2015, "neterillis": 0, "netyhteens": 94950, "brutyhteen": 136165}}, {"type": "Feature", "id": "voimaantulleetkaavatmal_2020_2023.fid-7dddb29f_19d8b225a81_13f6", "geometry": {"type": "Polygon", "coordinates": [[[24.92186569, 60.20110605], [24.92188791, 60.20111642], [24.92191724, 60.20113254], [24.92192674, 60.2011385], [24.92195938, 60.20116288], [24.92195943, 60.20116293], [24.92198545, 60.20118927], [24.92200434, 60.20121707], [24.92200802, 60.20122443], [24.92201577, 60.20124586], [24.92201956, 60.20127516], [24.92201849, 60.20129036], [24.92224031, 60.20133361], [24.92232862, 60.20136065], [24.92240418, 60.20129949], [24.92266483, 60.20122354], [24.92290586, 60.20129597], [24.92294446, 60.20130756], [24.9229848, 60.2014034], [24.92301991, 60.2014075], [24.92324343, 60.20142189], [24.92377603, 60.20139067], [24.92415702, 60.2012547], [24.92432376, 60.2012742], [24.92441861, 60.20107324], [24.92443511, 60.20103828], [24.92430038, 60.20102253], [24.92397198, 60.200844], [24.92396318, 60.20070303], [24.92395675, 60.20059987], [24.92427781, 60.20042982], [24.92442628, 60.20011528], [24.92549696, 60.20024051], [24.92551181, 60.20020907], [24.92551987, 60.20018724], [24.92552378, 60.20015796], [24.92552, 60.20012867], [24.9255179, 60.20012155], [24.92550856, 60.20009987], [24.92548967, 60.20007208], [24.92546365, 60.20004573], [24.9254562, 60.20003953], [24.92496148, 60.19964203], [24.92495049, 60.19963287], [24.92492699, 60.19961065], [24.92491199, 60.19959389], [24.92489947, 60.1995776], [24.92462134, 60.19954506], [24.92442829, 60.19952248], [24.92434448, 60.19970005], [24.92401109, 60.19987663], [24.92406643, 60.19993595], [24.92394843, 60.20018591], [24.92356267, 60.20039023], [24.92322981, 60.20061643], [24.92270829, 60.20073081], [24.92259485, 60.20073121], [24.92230663, 60.20087938], [24.92186569, 60.20110605]]]}, "geometry_name": "geom", "properties": {"id": 334, "kuntanimi": "Helsinki", "kaavatun": "12791", "kaavanimi": "Pasila, Länsi-Pasila, Päiväkoti Hertta ja Hertanmäki", "vtulvuosi": "2023", "netkrostal": 0, "netrivketj": 0, "neterillis": 895, "netyhteens": 895, "brutyhteen": 895}}, {"type": "Feature", "id": "voimaantulleetkaavatmal_2020_2023.fid-7dddb29f_19d8b225a81_13f7", "geometry": {"type": "Polygon", "coordinates": [[[24.88970958, 60.25907339], [24.88948842, 60.25909878], [24.88906309, 60.25917012], [24.88885081, 60.25921786], [24.88866014, 60.25926845], [24.88828645, 60.25939206], [24.88809814, 60.25946903], [24.8885212, 60.25971429], [24.88848554, 60.25972947], [24.88923118, 60.26016173], [24.8897398, 60.26031077], [24.88977614, 60.26030607], [24.88995355, 60.26015505], [24.89054697, 60.25981722], [24.8905471, 60.25966804], [24.88983293, 60.25933248], [24.88973796, 60.25908296], [24.88970958, 60.25907339]]]}, "geometry_name": "geom", "properties": {"id": 335, "kuntanimi": "Helsinki", "kaavatun": "12789", "kaavanimi": "Kaarela, Kuninkaantammi, Ultramariinikuja 2 ja 4", "vtulvuosi": "2023", "netkrostal": 5840, "netrivketj": 900, "neterillis": 0, "netyhteens": 6740, "brutyhteen": 10540}}, {"type": "Feature", "id": "voimaantulleetkaavatmal_2020_2023.fid-7dddb29f_19d8b225a81_13f8", "geometry": {"type": "Polygon", "coordinates": [[[25.07794427, 60.16592746], [25.07764743, 60.16587143], [25.0775696, 60.16584885], [25.07744881, 60.16598204], [25.07736279, 60.16607519], [25.07654914, 60.16596977], [25.07655323, 60.16607764], [25.07644956, 60.1660705], [25.07645011, 60.16610161], [25.07654073, 60.16622686], [25.0763671, 60.16622964], [25.07611203, 60.16663016], [25.0759842, 60.16683088], [25.07595316, 60.16687752], [25.07559864, 60.16735276], [25.0754907, 60.16744948], [25.07505934, 60.16746353], [25.0748595, 60.16750458], [25.07488748, 60.16754463], [25.07486588, 60.16760036], [25.07509363, 60.16755357], [25.07568838, 60.16759833], [25.07646533, 60.16770704], [25.07695414, 60.16786961], [25.07736696, 60.16811355], [25.07731631, 60.1682636], [25.07877893, 60.16805584], [25.07899799, 60.16796254], [25.07936748, 60.16785971], [25.08039335, 60.16772494], [25.08003914, 60.16813694], [25.07982435, 60.16838846], [25.07957879, 60.16873767], [25.07932286, 60.16914361], [25.07928193, 60.16924538], [25.07946182, 60.16935525], [25.08028854, 60.1693434], [25.08062366, 60.1691301], [25.08078341, 60.16902791], [25.08087256, 60.16897088], [25.08117891, 60.16889373], [25.08119997, 60.16861299], [25.0812146, 60.16841794], [25.08183887, 60.16843125], [25.08194685, 60.16843354], [25.08222006, 60.16839378], [25.08225959, 60.16789963], [25.08172183, 60.16789964], [25.08114236, 60.16789826], [25.0806619, 60.16779612], [25.08087547, 60.16753904], [25.0810145, 60.16737232], [25.08133717, 60.16698718], [25.08140093, 60.16695346], [25.08162992, 60.16668013], [25.08163503, 60.16662498], [25.08162482, 60.16654883], [25.08159477, 60.166474], [25.08159377, 60.16647218], [25.08154535, 60.16640177], [25.08147745, 60.16633337], [25.08141304, 60.16628388], [25.08139222, 60.16626998], [25.08129968, 60.16621696], [25.08129111, 60.16621266], [25.08117584, 60.16616241], [25.08116748, 60.16615925], [25.0808897, 60.16609506], [25.08058333, 60.16604897], [25.08058125, 60.16606689], [25.07883707, 60.16601666], [25.07860358, 60.16600572], [25.07838439, 60.16598767], [25.07818524, 60.16596451], [25.07794427, 60.16592746]], [[25.07679165, 60.16693947], [25.07690804, 60.16678155], [25.07691302, 60.16677691], [25.07692478, 60.16676812], [25.07693874, 60.16676016], [25.07695467, 60.16675319], [25.07697228, 60.16674731], [25.07698276, 60.16674453], [25.07699129, 60.16674262], [25.07701136, 60.16673921], [25.07703216, 60.16673714], [25.07705331, 60.16673644], [25.07707448, 60.16673712], [25.07708736, 60.16673822], [25.07757292, 60.16678218], [25.07803066, 60.16678246], [25.07856213, 60.16678122], [25.0791211, 60.16677952], [25.07941483, 60.1667794], [25.07973284, 60.16683284], [25.07980785, 60.16698076], [25.07988199, 60.16712694], [25.07912357, 60.16720249], [25.07856689, 60.16725849], [25.07803233, 60.16731128], [25.07757294, 60.16735703], [25.07757293, 60.16711138], [25.07702647, 60.16702184], [25.0768802, 60.16724353], [25.07658888, 60.16719579], [25.07672603, 60.16702192], [25.07672994, 60.16702144], [25.07674333, 60.16701917], [25.076756, 60.16701604], [25.07676775, 60.16701213], [25.07677522, 60.16700898], [25.07677836, 60.16700747], [25.07678767, 60.16700217], [25.07679551, 60.16699631], [25.07680175, 60.16698999], [25.07680497, 60.16698555], [25.07680628, 60.16698331], [25.07680902, 60.1669764], [25.07680992, 60.16696938], [25.07680898, 60.16696235], [25.07680882, 60.16696176], [25.07680621, 60.16695544], [25.07680165, 60.16694877], [25.07679538, 60.16694246], [25.07679165, 60.16693947]], [[25.07928973, 60.16620103], [25.07979271, 60.16621489], [25.08026267, 60.16622922], [25.08002668, 60.1666206], [25.08061105, 60.1666512], [25.08097683, 60.16631937], [25.08111897, 60.16640496], [25.08126853, 60.16659653], [25.08125842, 60.16671907], [25.08117746, 60.16680986], [25.08083988, 60.16689537], [25.08066672, 60.16671239], [25.08000483, 60.16687929], [25.07992401, 60.16679176], [25.07961676, 60.1667404], [25.07952844, 60.1667256], [25.07928721, 60.16672477], [25.07928973, 60.16620103]], [[25.07666216, 60.1662453], [25.07736375, 60.16618096], [25.0773627, 60.16635123], [25.07678884, 60.16643751], [25.07666216, 60.1662453]]]}, "geometry_name": "geom", "properties": {"id": 336, "kuntanimi": "Helsinki", "kaavatun": "12709", "kaavanimi": "Laajasalo, Jollas, Hämeenapajantien, Puhuritien ja Puuskakujan alue", "vtulvuosi": "2023", "netkrostal": 3679, "netrivketj": 3330, "neterillis": 3870, "netyhteens": 10879, "brutyhteen": 17046}}, {"type": "Feature", "id": "voimaantulleetkaavatmal_2020_2023.fid-7dddb29f_19d8b225a81_13f9", "geometry": {"type": "Polygon", "coordinates": [[[24.85615436, 60.21873778], [24.85630959, 60.21829782], [24.85633092, 60.21823735], [24.85624209, 60.21822959], [24.85610825, 60.2182179], [24.85596404, 60.21822065], [24.85590094, 60.21822185], [24.85582805, 60.21822177], [24.85576051, 60.21856549], [24.85538452, 60.21853265], [24.85533563, 60.21867122], [24.85543126, 60.2186959], [24.85573681, 60.21873017], [24.85587721, 60.21873427], [24.85602386, 60.2187459], [24.8561842, 60.21875861], [24.85618047, 60.21875822], [24.85617601, 60.21875746], [24.85617179, 60.21875642], [24.85616787, 60.21875511], [24.85616432, 60.21875355], [24.85616122, 60.21875179], [24.85616051, 60.21875131], [24.85615861, 60.21874982], [24.85615653, 60.21874772], [24.85615502, 60.21874549], [24.85615411, 60.21874319], [24.85615381, 60.21874085], [24.85615413, 60.2187385], [24.85615436, 60.21873778]]]}, "geometry_name": "geom", "properties": {"id": 337, "kuntanimi": "Helsinki", "kaavatun": "12793", "kaavanimi": "Pitäjänmäki, Pajamäki, Pajamäentie 10 ja 12 lähialueineen", "vtulvuosi": "2023", "netkrostal": 600, "netrivketj": 0, "neterillis": 0, "netyhteens": 600, "brutyhteen": 600}}, {"type": "Feature", "id": "voimaantulleetkaavatmal_2020_2023.fid-7dddb29f_19d8b225a81_13fa", "geometry": {"type": "Polygon", "coordinates": [[[24.94407094, 60.15566938], [24.94399953, 60.15581776], [24.94464698, 60.15589602], [24.94471805, 60.15574835], [24.94407094, 60.15566938]]]}, "geometry_name": "geom", "properties": {"id": 338, "kuntanimi": "Helsinki", "kaavatun": "12803", "kaavanimi": "Ullanlinna, Huvilakatu 3", "vtulvuosi": "2023", "netkrostal": 335, "netrivketj": 0, "neterillis": 0, "netyhteens": 335, "brutyhteen": 1265}}, {"type": "Feature", "id": "voimaantulleetkaavatmal_2020_2023.fid-7dddb29f_19d8b225a81_13fb", "geometry": {"type": "Polygon", "coordinates": [[[24.85532447, 60.16456042], [24.85536787, 60.16443722], [24.85545817, 60.16418086], [24.85554184, 60.16415089], [24.85601702, 60.16418686], [24.8558946, 60.16390608], [24.85771481, 60.16361298], [24.85814324, 60.16357589], [24.85889225, 60.16349507], [24.85892177, 60.16341862], [24.85919639, 60.16270725], [24.85917935, 60.16271049], [24.85911987, 60.16272087], [24.85837858, 60.16285022], [24.85814812, 60.16282817], [24.85797998, 60.16281208], [24.85745834, 60.16276218], [24.85700721, 60.16271902], [24.85689522, 60.16300971], [24.85642455, 60.16310461], [24.85569947, 60.16303504], [24.85559341, 60.16297348], [24.85558289, 60.16281737], [24.85558222, 60.16279612], [24.85558585, 60.16275103], [24.85559277, 60.1627185], [24.85560362, 60.16268527], [24.85564097, 60.16258831], [24.85594695, 60.16261758], [24.85619507, 60.16219901], [24.85624055, 60.16213056], [24.85508028, 60.16158662], [24.85472729, 60.16159812], [24.85465182, 60.16151012], [24.85458376, 60.16148771], [24.85437109, 60.16140766], [24.85344158, 60.16153644], [24.85271229, 60.16150017], [24.85232546, 60.16132984], [24.85233216, 60.15809842], [24.84137429, 60.15809233], [24.84174949, 60.1590159], [24.84428039, 60.16524485], [24.8443487, 60.16542192], [24.84441247, 60.1655843], [24.84440543, 60.16571946], [24.84439115, 60.16601985], [24.84423567, 60.17050533], [24.84422175, 60.17091443], [24.85535745, 60.16956494], [24.85537807, 60.16853171], [24.85538326, 60.1682804], [24.85539482, 60.16771164], [24.85540162, 60.16737183], [24.85540922, 60.16699093], [24.85541621, 60.16664986], [24.85540747, 60.16633088], [24.85540446, 60.16621276], [24.85539993, 60.1660451], [24.85536804, 60.16514118], [24.85549571, 60.16515363], [24.85592311, 60.16519496], [24.85596027, 60.16510342], [24.85595978, 60.16510331], [24.85591756, 60.16509288], [24.85587845, 60.16507979], [24.85586743, 60.16507539], [24.85584309, 60.16506427], [24.8558121, 60.16504659], [24.85579556, 60.16503485], [24.85554641, 60.16484216], [24.85538946, 60.16472075], [24.85537752, 60.16471098], [24.85535159, 60.16468463], [24.85533278, 60.16465681], [24.85532661, 60.16464364], [24.85532142, 60.16462801], [24.85531769, 60.16459872], [24.85532167, 60.16456944], [24.85532447, 60.16456042]]]}, "geometry_name": "geom", "properties": {"id": 339, "kuntanimi": "Helsinki", "kaavatun": "12587", "kaavanimi": "Koivusaaren asemakaava ja asemakaavan muutos", "vtulvuosi": "2023", "netkrostal": 189600, "netrivketj": 4060, "neterillis": 900, "netyhteens": 194560, "brutyhteen": 194560}}, {"type": "Feature", "id": "voimaantulleetkaavatmal_2020_2023.fid-7dddb29f_19d8b225a81_13fc", "geometry": {"type": "Polygon", "coordinates": [[[25.0761487, 60.17124099], [25.07617799, 60.17126034], [25.07564618, 60.17158884], [25.07772083, 60.17242256], [25.07825741, 60.17217039], [25.07826354, 60.17212696], [25.07830299, 60.17208315], [25.07905966, 60.17164197], [25.07906698, 60.17140043], [25.07884567, 60.17136228], [25.07880514, 60.17134791], [25.07807633, 60.17108973], [25.07813617, 60.1710758], [25.07805963, 60.17105562], [25.07777293, 60.17067145], [25.07747074, 60.17074146], [25.07713076, 60.17074695], [25.07685576, 60.1706508], [25.07625572, 60.17090469], [25.07586915, 60.17105624], [25.0761487, 60.17124099]]]}, "geometry_name": "geom", "properties": {"id": 340, "kuntanimi": "Helsinki", "kaavatun": "12615", "kaavanimi": "Laajasalo, Jollas, tontit 49229/23?30 sekä Laajasalo, Jollas, vesialue, Hepokalliontie 28?32, Puuskaniementie 44 ja vesialue", "vtulvuosi": "2023", "netkrostal": 0, "netrivketj": 2115, "neterillis": 2126, "netyhteens": 4241, "brutyhteen": 4241}}, {"type": "Feature", "id": "voimaantulleetkaavatmal_2020_2023.fid-7dddb29f_19d8b225a81_13fd", "geometry": {"type": "Polygon", "coordinates": [[[25.07709629, 60.22325182], [25.07697154, 60.22299197], [25.07495141, 60.22292208], [25.07480163, 60.2229169], [25.07478284, 60.2230512], [25.07471649, 60.22352575], [25.07468459, 60.2237538], [25.07467642, 60.22381229], [25.07541656, 60.22396367], [25.07541681, 60.22396372], [25.07543799, 60.2239689], [25.07545763, 60.22397541], [25.07547539, 60.22398314], [25.0754842, 60.22398783], [25.07549097, 60.22399196], [25.0755041, 60.22400171], [25.07551457, 60.22401224], [25.07552218, 60.22402335], [25.07552281, 60.22402455], [25.07603136, 60.22412855], [25.07626463, 60.22384631], [25.07655443, 60.22349565], [25.07655491, 60.22349507], [25.07660385, 60.22344555], [25.07666538, 60.22339964], [25.07673842, 60.22335811], [25.07676986, 60.22334322], [25.07682173, 60.22332168], [25.07691389, 60.22329097], [25.07701332, 60.22326651], [25.07709629, 60.22325182]]]}, "geometry_name": "geom", "properties": {"id": 341, "kuntanimi": "Helsinki", "kaavatun": "12682", "kaavanimi": "Vartiokylä, Kivensilmänkuja 2", "vtulvuosi": "2023", "netkrostal": 5250, "netrivketj": 0, "neterillis": 0, "netyhteens": 5250, "brutyhteen": 11250}}, {"type": "Feature", "id": "voimaantulleetkaavatmal_2020_2023.fid-7dddb29f_19d8b225a81_13fe", "geometry": {"type": "Polygon", "coordinates": [[[24.84613305, 60.23877189], [24.84608249, 60.23883646], [24.84596418, 60.23896067], [24.84591251, 60.23900684], [24.8457432, 60.23913565], [24.84623075, 60.23931814], [24.84687037, 60.23966744], [24.84705628, 60.23958232], [24.84762629, 60.23932132], [24.84758155, 60.23903798], [24.84752215, 60.23867743], [24.84754982, 60.23850867], [24.84686654, 60.23848097], [24.846317, 60.23842853], [24.84630303, 60.23846469], [24.84623491, 60.23861144], [24.84623023, 60.23861996], [24.84613305, 60.23877189]]]}, "geometry_name": "geom", "properties": {"id": 342, "kuntanimi": "Helsinki", "kaavatun": "12776", "kaavanimi": "Konala, Ristikon korttelin länsiosa", "vtulvuosi": "2023", "netkrostal": 8600, "netrivketj": 0, "neterillis": 0, "netyhteens": 8600, "brutyhteen": 8600}}, {"type": "Feature", "id": "voimaantulleetkaavatmal_2020_2023.fid-7dddb29f_19d8b225a81_13ff", "geometry": {"type": "Polygon", "coordinates": [[[25.08705512, 60.16073873], [25.08737348, 60.16113432], [25.08737099, 60.16128021], [25.08752419, 60.16125641], [25.08763945, 60.16142361], [25.08853565, 60.16133229], [25.08896025, 60.16103333], [25.08899434, 60.16053289], [25.08898117, 60.16053268], [25.08896802, 60.16053258], [25.08810487, 60.16052962], [25.08809829, 60.16052961], [25.0879937, 60.1605331], [25.08789091, 60.16054336], [25.08782608, 60.16055355], [25.0877917, 60.16056022], [25.08769774, 60.16058338], [25.08761066, 60.16061247], [25.08758135, 60.16062427], [25.08754478, 60.16063898], [25.08743617, 60.16067525], [25.08733508, 60.16070074], [25.08731899, 60.16070415], [25.08719525, 60.16072518], [25.08706705, 60.16073797], [25.08705512, 60.16073873]]]}, "geometry_name": "geom", "properties": {"id": 343, "kuntanimi": "Helsinki", "kaavatun": "12680", "kaavanimi": "Laajasalo, Jollas, lähivirkistysalue, muodostuu uusi kortteli 49264, Jollaksentie 64", "vtulvuosi": "2023", "netkrostal": 4600, "netrivketj": 0, "neterillis": 0, "netyhteens": 4600, "brutyhteen": 4600}}, {"type": "Feature", "id": "voimaantulleetkaavatmal_2020_2023.fid-7dddb29f_19d8b225a81_1400", "geometry": {"type": "Polygon", "coordinates": [[[25.03145947, 60.29100363], [25.03181899, 60.29164557], [25.03289895, 60.29149651], [25.03294981, 60.2915873], [25.03400411, 60.29143477], [25.03361082, 60.29077553], [25.0316481, 60.29086757], [25.03163021, 60.29086877], [25.0316126, 60.29087073], [25.03159536, 60.29087339], [25.03157864, 60.29087676], [25.03156253, 60.29088081], [25.03154716, 60.29088551], [25.03153263, 60.29089082], [25.03151904, 60.29089672], [25.03150648, 60.29090316], [25.03149505, 60.29091009], [25.03148481, 60.29091747], [25.03147585, 60.29092526], [25.03146822, 60.29093337], [25.03146198, 60.29094178], [25.03145717, 60.29095042], [25.03145382, 60.29095922], [25.03145196, 60.29096814], [25.0314516, 60.29097709], [25.03145273, 60.29098604], [25.03145536, 60.29099491], [25.03145947, 60.29100363]]]}, "geometry_name": "geom", "properties": {"id": 344, "kuntanimi": "Vantaa", "kaavatun": "002372", "kaavanimi": "Neilikkatie 17", "vtulvuosi": "2023", "netkrostal": 9910, "netrivketj": 0, "neterillis": 0, "netyhteens": 9910, "brutyhteen": 9910}}, {"type": "Feature", "id": "voimaantulleetkaavatmal_2020_2023.fid-7dddb29f_19d8b225a81_1401", "geometry": {"type": "Polygon", "coordinates": [[[25.09199697, 60.2716946], [25.09225039, 60.27197755], [25.0923234, 60.27196345], [25.0923969, 60.27194998], [25.09247086, 60.27193713], [25.0923175, 60.27176478], [25.092487, 60.27172887], [25.09246952, 60.27165705], [25.09241844, 60.27138235], [25.09238619, 60.27133095], [25.09225919, 60.2711285], [25.09218824, 60.27101539], [25.09209524, 60.27086997], [25.09136973, 60.27098843], [25.09159008, 60.27123653], [25.09180889, 60.27148285], [25.09199697, 60.2716946]]]}, "geometry_name": "geom", "properties": {"id": 345, "kuntanimi": "Vantaa", "kaavatun": "002343", "kaavanimi": "Rajatie 43-47", "vtulvuosi": "2023", "netkrostal": 0, "netrivketj": 0, "neterillis": 975, "netyhteens": 975, "brutyhteen": 975}}, {"type": "Feature", "id": "voimaantulleetkaavatmal_2020_2023.fid-7dddb29f_19d8b225a81_1402", "geometry": {"type": "Polygon", "coordinates": [[[25.06100602, 60.29695538], [25.06097267, 60.29694728], [25.05998205, 60.29720782], [25.06008166, 60.29770797], [25.0600827, 60.29771165], [25.06008435, 60.29771526], [25.06008659, 60.2977188], [25.06008942, 60.29772224], [25.06009281, 60.29772554], [25.06009673, 60.29772869], [25.06010117, 60.29773168], [25.06010609, 60.29773447], [25.06011146, 60.29773705], [25.06011724, 60.29773941], [25.06012338, 60.29774152], [25.06012987, 60.29774336], [25.06013664, 60.29774494], [25.06014364, 60.29774623], [25.06015084, 60.29774723], [25.06015817, 60.29774794], [25.0601656, 60.29774834], [25.06017307, 60.29774843], [25.06018053, 60.29774822], [25.06170051, 60.29767364], [25.06170664, 60.29767317], [25.06171267, 60.29767244], [25.06171855, 60.29767147], [25.06172424, 60.29767025], [25.0617297, 60.29766879], [25.06173489, 60.2976671], [25.06173977, 60.2976652], [25.06174431, 60.29766311], [25.06174847, 60.29766083], [25.06175223, 60.29765838], [25.06175555, 60.29765578], [25.06175842, 60.29765305], [25.0617608, 60.29765021], [25.0617627, 60.29764728], [25.06176408, 60.29764428], [25.06176494, 60.29764123], [25.06176527, 60.29763816], [25.06176507, 60.29763508], [25.06176435, 60.29763202], [25.06176311, 60.29762901], [25.06176135, 60.29762605], [25.06175909, 60.29762319], [25.06175635, 60.29762043], [25.06175315, 60.2976178], [25.0617495, 60.29761531], [25.06174544, 60.29761298], [25.06169214, 60.297584], [25.0616422, 60.29755359], [25.06159577, 60.29752183], [25.06151468, 60.29746117], [25.061437, 60.29739942], [25.06136281, 60.29733662], [25.06122806, 60.29721329], [25.06110898, 60.29708604], [25.06100602, 60.29695538]]]}, "geometry_name": "geom", "properties": {"id": 346, "kuntanimi": "Vantaa", "kaavatun": "002430", "kaavanimi": "Haxas", "vtulvuosi": "2023", "netkrostal": 0, "netrivketj": 0, "neterillis": 900, "netyhteens": 900, "brutyhteen": 1100}}, {"type": "Feature", "id": "voimaantulleetkaavatmal_2020_2023.fid-7dddb29f_19d8b225a81_1403", "geometry": {"type": "Polygon", "coordinates": [[[25.04128591, 60.2997789], [25.04128774, 60.29978423], [25.04129025, 60.2997895], [25.04129343, 60.29979467], [25.04129727, 60.29979973], [25.04130175, 60.29980465], [25.04130685, 60.29980943], [25.04131723, 60.29981651], [25.04132875, 60.29982315], [25.04134133, 60.29982929], [25.0413549, 60.29983488], [25.04136936, 60.29983991], [25.0413846, 60.29984433], [25.04142054, 60.29989714], [25.04213549, 60.30006252], [25.04216414, 60.30003383], [25.04249264, 60.29971718], [25.04197199, 60.29961102], [25.04214383, 60.29953769], [25.04221861, 60.29950966], [25.04149201, 60.29959074], [25.04141445, 60.2995994], [25.04141434, 60.29959942], [25.04141411, 60.29959944], [25.04140216, 60.2996011], [25.04139055, 60.29960325], [25.04137933, 60.29960587], [25.0413686, 60.29960895], [25.04135843, 60.29961247], [25.04134889, 60.2996164], [25.04134876, 60.29961645], [25.04133988, 60.2996208], [25.04133177, 60.2996255], [25.0413245, 60.29963052], [25.04131809, 60.29963583], [25.04131262, 60.29964139], [25.04130812, 60.29964715], [25.04130807, 60.29964722], [25.04129504, 60.29966851], [25.04128568, 60.29969028], [25.04128006, 60.29971236], [25.04127822, 60.29973459], [25.04128018, 60.29975683], [25.04128591, 60.2997789]]]}, "geometry_name": "geom", "properties": {"id": 347, "kuntanimi": "Vantaa", "kaavatun": "002436", "kaavanimi": "Suopursuntie", "vtulvuosi": "2023", "netkrostal": 2960, "netrivketj": 0, "neterillis": -379, "netyhteens": 2581, "brutyhteen": 2960}}, {"type": "Feature", "id": "voimaantulleetkaavatmal_2020_2023.fid-7dddb29f_19d8b225a81_1404", "geometry": {"type": "Polygon", "coordinates": [[[24.8605849, 60.31956669], [24.85952412, 60.32004233], [24.85946864, 60.32006721], [24.85916079, 60.32022152], [24.85770251, 60.32097551], [24.85904327, 60.32161121], [24.85956781, 60.32134], [24.86076996, 60.32099916], [24.86123664, 60.32088568], [24.86236841, 60.32057708], [24.86240337, 60.32040812], [24.86222335, 60.32039896], [24.86225383, 60.32025164], [24.86235821, 60.31974718], [24.86237114, 60.31968468], [24.86240344, 60.31952857], [24.86240702, 60.31937229], [24.86240862, 60.31930223], [24.86225437, 60.31930219], [24.86186302, 60.31929567], [24.86147692, 60.31928407], [24.8609364, 60.31925887], [24.86075394, 60.31924628], [24.86073159, 60.31931724], [24.86072393, 60.31931683], [24.86071624, 60.31931675], [24.86070856, 60.319317], [24.86070096, 60.31931758], [24.86069348, 60.31931847], [24.86068617, 60.31931966], [24.86067911, 60.31932117], [24.86067232, 60.31932297], [24.86066586, 60.31932505], [24.86065979, 60.31932739], [24.86065414, 60.31932998], [24.86064896, 60.31933279], [24.86064427, 60.31933582], [24.86064012, 60.31933903], [24.86063653, 60.31934241], [24.86063353, 60.31934593], [24.86063115, 60.31934955], [24.8606294, 60.31935326], [24.86062829, 60.31935704], [24.8605849, 60.31956669]]]}, "geometry_name": "geom", "properties": {"id": 348, "kuntanimi": "Vantaa", "kaavatun": "232800", "kaavanimi": "Kvartsikulma", "vtulvuosi": "2023", "netkrostal": 43770, "netrivketj": 600, "neterillis": 0, "netyhteens": 44370, "brutyhteen": 44370}}, {"type": "Feature", "id": "voimaantulleetkaavatmal_2020_2023.fid-7dddb29f_19d8b225a81_1405", "geometry": {"type": "MultiPolygon", "coordinates": [[[[25.09342042, 60.26316143], [25.09373718, 60.26339583], [25.09384371, 60.26346689], [25.09395472, 60.26353623], [25.09407008, 60.26360381], [25.09560495, 60.26447456], [25.0956306, 60.26446626], [25.09607607, 60.26431271], [25.09551151, 60.26387916], [25.0953568, 60.26376204], [25.09534173, 60.26376375], [25.09532643, 60.26376482], [25.09531099, 60.26376522], [25.09529555, 60.26376498], [25.0952802, 60.26376408], [25.09526506, 60.26376253], [25.09525025, 60.26376034], [25.09523587, 60.26375753], [25.09522203, 60.26375412], [25.09520881, 60.26375014], [25.09519634, 60.26374561], [25.09518468, 60.26374057], [25.09517395, 60.26373505], [25.09516419, 60.26372909], [25.09499121, 60.26360985], [25.09472785, 60.2634283], [25.09466382, 60.26338416], [25.09414009, 60.26302309], [25.09377145, 60.2627889], [25.0944444, 60.26246433], [25.09506654, 60.26216428], [25.09454402, 60.26189682], [25.09448238, 60.26193691], [25.09445348, 60.26195529], [25.09442385, 60.2619734], [25.09439351, 60.2619912], [25.09433023, 60.26202616], [25.0942642, 60.26205983], [25.09419552, 60.26209217], [25.09400722, 60.26201466], [25.09400715, 60.26201469], [25.09296841, 60.26158624], [25.0931026, 60.26135463], [25.09326623, 60.26107216], [25.09334269, 60.2609402], [25.09295306, 60.26089897], [25.0920361, 60.26080193], [25.09162469, 60.26075272], [25.09145448, 60.26104596], [25.09127251, 60.26135941], [25.09104758, 60.26172896], [25.09078542, 60.26216863], [25.09090929, 60.26239627], [25.09089697, 60.26239569], [25.0908846, 60.26239562], [25.09087226, 60.26239609], [25.09086005, 60.26239708], [25.09084806, 60.26239858], [25.09083636, 60.26240059], [25.09082506, 60.26240309], [25.09081423, 60.26240606], [25.09080394, 60.26240947], [25.09079429, 60.26241331], [25.09078532, 60.26241756], [25.09077713, 60.26242216], [25.09077193, 60.26242507], [25.09076721, 60.26242818], [25.09076297, 60.26243145], [25.09075927, 60.26243488], [25.0907561, 60.26243844], [25.0907535, 60.26244212], [25.09075149, 60.26244588], [25.09056541, 60.2627402], [25.09190659, 60.26295529], [25.09253253, 60.26309628], [25.09277748, 60.26299433], [25.0929221, 60.26293414], [25.09292081, 60.26297367], [25.09306052, 60.26306903], [25.09319088, 60.2631589], [25.09328232, 60.26321088], [25.09342042, 60.26316143]]], [[[25.09742402, 60.26654596], [25.09807165, 60.26640341], [25.09852586, 60.26630343], [25.09902257, 60.26667198], [25.09903193, 60.26667828], [25.09904235, 60.26668414], [25.09905376, 60.26668953], [25.09906605, 60.26669442], [25.09907915, 60.26669877], [25.09909296, 60.26670253], [25.09910737, 60.26670568], [25.09912227, 60.26670821], [25.09913756, 60.2667101], [25.09915312, 60.2667113], [25.09916883, 60.26671185], [25.09918457, 60.26671172], [25.09920024, 60.26671091], [25.09921571, 60.26670944], [25.09923086, 60.26670731], [25.09924558, 60.26670453], [25.09925977, 60.26670113], [25.09927331, 60.26669714], [25.09959805, 60.26693883], [25.09967172, 60.26703509], [25.09991109, 60.26719348], [25.1002519, 60.26739432], [25.10047111, 60.26753005], [25.10057753, 60.26749915], [25.1008739, 60.26741311], [25.10099367, 60.26738127], [25.10111791, 60.267354], [25.10124594, 60.26733143], [25.101377, 60.26731371], [25.10037265, 60.26656853], [25.1001516, 60.26640452], [25.10030162, 60.26635454], [25.09968852, 60.26589963], [25.09945739, 60.26572814], [25.09869465, 60.26556835], [25.0986042, 60.2654901], [25.09894458, 60.265393], [25.09865062, 60.26515036], [25.09761695, 60.26549595], [25.09787881, 60.26569703], [25.09799271, 60.26577041], [25.09742442, 60.265933], [25.09652893, 60.26613541], [25.09652091, 60.26613742], [25.09651326, 60.26613976], [25.09650601, 60.26614241], [25.09649923, 60.26614535], [25.09649297, 60.26614856], [25.09648727, 60.26615201], [25.09648216, 60.26615568], [25.09647768, 60.26615955], [25.09647387, 60.26616359], [25.09647074, 60.26616779], [25.09646831, 60.26617209], [25.09646662, 60.26617647], [25.09646566, 60.26618091], [25.09646545, 60.26618538], [25.09646599, 60.26618984], [25.09646726, 60.26619426], [25.09646927, 60.26619862], [25.096472, 60.26620287], [25.09647542, 60.266207], [25.09664812, 60.26639185], [25.09689987, 60.26666132], [25.09742402, 60.26654596]]]]}, "geometry_name": "geom", "properties": {"id": 349, "kuntanimi": "Vantaa", "kaavatun": "002451", "kaavanimi": "Vantaan ratikka: Vaarala", "vtulvuosi": "2023", "netkrostal": 0, "netrivketj": 0, "neterillis": 0, "netyhteens": 0, "brutyhteen": 4147}}, {"type": "Feature", "id": "voimaantulleetkaavatmal_2020_2023.fid-7dddb29f_19d8b225a81_1406", "geometry": {"type": "Polygon", "coordinates": [[[25.09733251, 60.26048711], [25.0973299, 60.26049154], [25.09732806, 60.26049605], [25.097327, 60.26050064], [25.09732674, 60.26050525], [25.09732727, 60.26050985], [25.0973286, 60.26051442], [25.0973307, 60.26051891], [25.09733358, 60.26052329], [25.0973372, 60.26052754], [25.09734153, 60.26053161], [25.09734656, 60.2605355], [25.09735223, 60.26053914], [25.09743077, 60.26058549], [25.09795737, 60.26045664], [25.09854516, 60.26029662], [25.09894792, 60.2601845], [25.09994099, 60.25991074], [25.09966306, 60.26052598], [25.09989174, 60.26075012], [25.09989566, 60.26075436], [25.09989881, 60.26075876], [25.09990119, 60.26076327], [25.09990278, 60.26076786], [25.09990355, 60.26077251], [25.09990352, 60.26077718], [25.09990267, 60.26078183], [25.09990102, 60.26078642], [25.09989857, 60.26079092], [25.09989535, 60.26079531], [25.09989137, 60.26079954], [25.09988668, 60.26080358], [25.0998813, 60.2608074], [25.09987526, 60.26081097], [25.09986864, 60.26081428], [25.09986147, 60.26081729], [25.09985379, 60.26081997], [25.09984567, 60.26082232], [25.10023055, 60.26072445], [25.10022195, 60.26072641], [25.10021305, 60.26072798], [25.1002039, 60.26072917], [25.10019457, 60.26072995], [25.10018515, 60.26073033], [25.10017569, 60.26073029], [25.10016628, 60.26072985], [25.10015698, 60.26072901], [25.10014786, 60.26072776], [25.100139, 60.26072612], [25.10013045, 60.26072411], [25.1001223, 60.26072173], [25.1001146, 60.260719], [25.10010739, 60.26071597], [25.10010075, 60.26071261], [25.10009472, 60.260709], [25.10008935, 60.26070513], [25.10008467, 60.26070105], [25.0998954, 60.2605173], [25.10076365, 60.26029647], [25.10123765, 60.26037253], [25.10324763, 60.26069498], [25.10340882, 60.26037991], [25.10350474, 60.26016839], [25.10141286, 60.25991367], [25.1014549, 60.25983138], [25.10083046, 60.25973376], [25.10063245, 60.25970281], [25.10062562, 60.25931997], [25.0998997, 60.25923392], [25.09804408, 60.25901393], [25.09712958, 60.2589025], [25.09645311, 60.25881691], [25.09410183, 60.25851941], [25.09401583, 60.25901036], [25.09398073, 60.25920868], [25.09344241, 60.25932529], [25.09346276, 60.25947126], [25.09348419, 60.25963832], [25.09340718, 60.25976459], [25.09323874, 60.26004082], [25.09333576, 60.26005338], [25.09285209, 60.26088828], [25.09290965, 60.26089437], [25.09294068, 60.26089766], [25.09295306, 60.26089897], [25.09320297, 60.26092542], [25.09321726, 60.26092693], [25.09334268, 60.2609402], [25.09347041, 60.26071975], [25.09354337, 60.26059382], [25.0938201, 60.26011611], [25.09382114, 60.26011624], [25.09382384, 60.26011658], [25.09383136, 60.26011752], [25.09399093, 60.26013757], [25.09467214, 60.26022315], [25.09486835, 60.26024781], [25.09522647, 60.26068046], [25.09534933, 60.26064013], [25.09596462, 60.26043824], [25.09681438, 60.26015938], [25.09748834, 60.26028973], [25.09753476, 60.26029966], [25.09763717, 60.26038557], [25.09737545, 60.2604595], [25.09736873, 60.26046165], [25.0973624, 60.26046409], [25.09735652, 60.26046677], [25.09735111, 60.26046969], [25.09734623, 60.26047284], [25.09734189, 60.26047617], [25.09733815, 60.26047968], [25.09733501, 60.26048334], [25.09733251, 60.26048711]], [[25.09385669, 60.25992036], [25.09393027, 60.25984931], [25.09401592, 60.25978168], [25.09411302, 60.25971798], [25.09422081, 60.25965869], [25.09433851, 60.25960424], [25.09446523, 60.25955504], [25.09460002, 60.25951147], [25.09474189, 60.25947384], [25.09488976, 60.25944244], [25.0955061, 60.25942896], [25.09562355, 60.25942764], [25.09574102, 60.259428], [25.09585842, 60.25943006], [25.09574787, 60.2600363], [25.09484507, 60.26009244], [25.09406419, 60.2600139], [25.09409808, 60.25997152], [25.09385669, 60.25992036]]]}, "geometry_name": "geom", "properties": {"id": 350, "kuntanimi": "Vantaa", "kaavatun": "931500", "kaavanimi": "Hopeatie", "vtulvuosi": "2023", "netkrostal": 0, "netrivketj": 0, "neterillis": 1319, "netyhteens": 1319, "brutyhteen": 1319}}, {"type": "Feature", "id": "voimaantulleetkaavatmal_2020_2023.fid-7dddb29f_19d8b225a81_1407", "geometry": {"type": "Polygon", "coordinates": [[[24.81300256, 60.25402665], [24.81300585, 60.25403694], [24.81300742, 60.25404733], [24.81300724, 60.25405776], [24.81300533, 60.25406813], [24.81300169, 60.25407841], [24.81299635, 60.25408849], [24.81298935, 60.25409831], [24.81298073, 60.25410781], [24.81297057, 60.25411693], [24.81295892, 60.25412559], [24.81294585, 60.25413375], [24.81293147, 60.25414134], [24.81291588, 60.25414831], [24.81289918, 60.25415461], [24.81288148, 60.25416021], [24.81286292, 60.25416506], [24.81284361, 60.25416913], [24.81282369, 60.25417238], [24.81280328, 60.25417481], [24.81216849, 60.25423635], [24.81172725, 60.25438038], [24.81167198, 60.25439842], [24.81093052, 60.25431897], [24.81090706, 60.25439889], [24.81043242, 60.25447875], [24.81042399, 60.25448037], [24.81041585, 60.25448234], [24.81040807, 60.25448462], [24.81040069, 60.25448723], [24.81039379, 60.25449013], [24.81038739, 60.25449332], [24.81038156, 60.25449675], [24.81037632, 60.25450041], [24.81037171, 60.25450428], [24.81036777, 60.25450832], [24.81036451, 60.25451252], [24.81036197, 60.25451683], [24.81036017, 60.25452124], [24.81035911, 60.2545257], [24.81035881, 60.25453019], [24.81035926, 60.25453468], [24.81036046, 60.25453913], [24.81036241, 60.25454353], [24.81036508, 60.25454782], [24.81059362, 60.25486673], [24.8115191, 60.25471101], [24.81154805, 60.25475351], [24.81328628, 60.25448674], [24.81362322, 60.25445206], [24.81429949, 60.25437193], [24.81491414, 60.25430467], [24.81576399, 60.25419911], [24.81771999, 60.2539903], [24.81943049, 60.25382452], [24.81980829, 60.25377545], [24.82022541, 60.2537479], [24.82030276, 60.25405628], [24.81979521, 60.25409661], [24.82024882, 60.25412865], [24.82064009, 60.25409833], [24.82067821, 60.25409538], [24.82066958, 60.25402792], [24.82081133, 60.25401631], [24.82073779, 60.25371406], [24.8207903, 60.25371059], [24.82112748, 60.25368861], [24.82131909, 60.25349767], [24.82136077, 60.25345614], [24.82090925, 60.25340943], [24.82074659, 60.2533926], [24.82042064, 60.25342136], [24.82032789, 60.25338658], [24.82031655, 60.25339502], [24.82030387, 60.25340298], [24.82028995, 60.2534104], [24.82027486, 60.25341724], [24.8202587, 60.25342345], [24.8202416, 60.25342899], [24.82022365, 60.25343383], [24.82020497, 60.25343794], [24.82018569, 60.25344128], [24.82016593, 60.25344384], [24.81989467, 60.25347055], [24.81948881, 60.2535105], [24.81912036, 60.25354807], [24.81873112, 60.25358498], [24.81828898, 60.25362918], [24.81788356, 60.25366908], [24.81744285, 60.25371344], [24.81701852, 60.25375566], [24.81659454, 60.25379727], [24.81615291, 60.25384126], [24.8156874, 60.25388696], [24.81521222, 60.25393361], [24.8147531, 60.25398042], [24.81432541, 60.25402206], [24.81358358, 60.25409581], [24.8133792, 60.25411613], [24.81334819, 60.25407344], [24.81332707, 60.25404434], [24.81331729, 60.2540368], [24.81330861, 60.25402893], [24.81330109, 60.25402077], [24.81329476, 60.25401237], [24.81328965, 60.25400377], [24.81300256, 60.25402665]]]}, "geometry_name": "geom", "properties": {"id": 351, "kuntanimi": "Vantaa", "kaavatun": "002398", "kaavanimi": "Vaakapuisto", "vtulvuosi": "2023", "netkrostal": 0, "netrivketj": 0, "neterillis": 4840, "netyhteens": 4840, "brutyhteen": 4840}}, {"type": "Feature", "id": "voimaantulleetkaavatmal_2020_2023.fid-7dddb29f_19d8b225a81_1408", "geometry": {"type": "MultiPolygon", "coordinates": [[[[25.10424461, 60.2705483], [25.10426195, 60.27061891], [25.10427441, 60.27068976], [25.10428201, 60.2707608], [25.10440339, 60.27084224], [25.10453259, 60.27092895], [25.10476837, 60.27107649], [25.10502169, 60.27121667], [25.10529161, 60.27134899], [25.10530037, 60.27135185], [25.10530961, 60.27135434], [25.10531923, 60.27135642], [25.10532919, 60.27135808], [25.10533939, 60.27135931], [25.10534977, 60.27136009], [25.10536025, 60.27136042], [25.10537074, 60.2713603], [25.10538118, 60.27135973], [25.10539147, 60.27135871], [25.10540155, 60.27135726], [25.10541135, 60.27135537], [25.10542077, 60.27135308], [25.10542976, 60.27135039], [25.10543825, 60.27134732], [25.10544617, 60.27134389], [25.10545346, 60.27134014], [25.10546008, 60.2713361], [25.10546597, 60.27133178], [25.10547109, 60.27132722], [25.10547538, 60.27132246], [25.10478219, 60.27090928], [25.10450798, 60.27074736], [25.10453552, 60.27072136], [25.10424461, 60.2705483]]], [[[25.1039456, 60.27192423], [25.10386107, 60.27160768], [25.10381801, 60.27149264], [25.10376774, 60.27137833], [25.10371031, 60.27126486], [25.10369827, 60.27124224], [25.10362894, 60.27112229], [25.10355219, 60.27100345], [25.10346807, 60.27088585], [25.10335241, 60.27089518], [25.10323598, 60.2709018], [25.10311905, 60.27090567], [25.10181928, 60.27093268], [25.10185017, 60.27122396], [25.10296888, 60.27119467], [25.10302359, 60.27171001], [25.10370422, 60.2716922], [25.10371826, 60.27182662], [25.10313666, 60.27184198], [25.1032032, 60.27246473], [25.10350568, 60.27250174], [25.10398402, 60.27248922], [25.10398491, 60.2724318], [25.10398462, 60.27237438], [25.10398315, 60.27231696], [25.10397642, 60.27218593], [25.10396389, 60.272055], [25.1039456, 60.27192423]]], [[[25.10248936, 60.27426837], [25.10250442, 60.27454511], [25.10258355, 60.27529046], [25.10338657, 60.27526943], [25.10340085, 60.27540386], [25.1032294, 60.27540835], [25.10331905, 60.27625268], [25.10332457, 60.2763046], [25.10334379, 60.27648571], [25.10334947, 60.2765395], [25.10337348, 60.27676582], [25.10338659, 60.27688902], [25.10366631, 60.2768817], [25.10367054, 60.27692156], [25.10367112, 60.27692455], [25.1036722, 60.27692752], [25.10367378, 60.27693044], [25.10367585, 60.27693328], [25.10367838, 60.27693602], [25.10368137, 60.27693864], [25.1036848, 60.27694113], [25.10368864, 60.27694347], [25.10369285, 60.27694565], [25.10369742, 60.27694763], [25.10370231, 60.27694942], [25.10370747, 60.276951], [25.1037129, 60.27695236], [25.10371853, 60.27695349], [25.10372434, 60.27695438], [25.10373027, 60.27695502], [25.1037363, 60.27695541], [25.10374236, 60.27695556], [25.10374843, 60.27695545], [25.10375446, 60.27695509], [25.10376041, 60.27695447], [25.10376623, 60.27695361], [25.10377189, 60.27695252], [25.10377733, 60.27695118], [25.10378254, 60.27694963], [25.10378746, 60.27694786], [25.104302, 60.2767465], [25.10438218, 60.27671512], [25.10426896, 60.27651541], [25.10415511, 60.27623078], [25.10406992, 60.27599502], [25.10401814, 60.27575688], [25.10400002, 60.27551752], [25.10398728, 60.27524611], [25.10467797, 60.27522964], [25.10605429, 60.27519357], [25.10607529, 60.27519199], [25.10608421, 60.27519066], [25.10609287, 60.27518895], [25.10610119, 60.27518688], [25.10610913, 60.27518446], [25.10611662, 60.27518172], [25.10612362, 60.27517866], [25.10613006, 60.27517533], [25.10613589, 60.27517172], [25.10614108, 60.27516788], [25.1061456, 60.27516384], [25.1061494, 60.27515962], [25.10615245, 60.27515524], [25.10615474, 60.27515076], [25.10615624, 60.2751462], [25.10615695, 60.27514159], [25.10615686, 60.27513696], [25.10612351, 60.27482328], [25.10611208, 60.27471574], [25.10598577, 60.27471905], [25.10595864, 60.27446362], [25.10542556, 60.27447611], [25.10542059, 60.27442379], [25.10541392, 60.27436105], [25.10536888, 60.27393714], [25.10498994, 60.27394706], [25.10494982, 60.27356935], [25.10493554, 60.27343492], [25.10507644, 60.27343122], [25.10503978, 60.27308617], [25.10523827, 60.27308098], [25.10520542, 60.27277177], [25.104628, 60.2727869], [25.10463514, 60.27285412], [25.10443887, 60.27307104], [25.10444023, 60.27333465], [25.1044469, 60.27356676], [25.10387589, 60.2735745], [25.10344888, 60.27358568], [25.10322381, 60.27368144], [25.10328392, 60.27424756], [25.10248936, 60.27426837]]]]}, "geometry_name": "geom", "properties": {"id": 352, "kuntanimi": "Vantaa", "kaavatun": "002452", "kaavanimi": "Vantaan ratikka: Hakunilanmäki", "vtulvuosi": "2023", "netkrostal": 0, "netrivketj": 0, "neterillis": 0, "netyhteens": 0, "brutyhteen": 14270}}, {"type": "Feature", "id": "voimaantulleetkaavatmal_2020_2023.fid-7dddb29f_19d8b225a81_1409", "geometry": {"type": "MultiPolygon", "coordinates": [[[[25.03462369, 60.28911981], [25.0340783, 60.28872267], [25.03373312, 60.28852678], [25.03353284, 60.28852209], [25.03345319, 60.28894225], [25.03296358, 60.28892948], [25.03247876, 60.28892041], [25.03255249, 60.2884992], [25.03246213, 60.28849708], [25.03238976, 60.28891095], [25.03234081, 60.28916994], [25.0324312, 60.28917206], [25.03242626, 60.28919819], [25.03340446, 60.28922609], [25.03448716, 60.28925697], [25.03462369, 60.28911981]]], [[[25.03653527, 60.29067176], [25.03656474, 60.29065715], [25.03659932, 60.29064559], [25.03663769, 60.29063754], [25.03665835, 60.29063432], [25.03655531, 60.29046225], [25.03651107, 60.29046689], [25.0364677, 60.29046697], [25.03642346, 60.2904625], [25.03638517, 60.29045444], [25.0363493, 60.29044234], [25.036319, 60.29042693], [25.03629547, 60.29040885], [25.03627966, 60.29038872], [25.0358388, 60.29040583], [25.03584095, 60.29041095], [25.03584273, 60.29041609], [25.03584413, 60.29042127], [25.03584385, 60.29042649], [25.0358432, 60.29043171], [25.03584217, 60.29043692], [25.03583977, 60.29044201], [25.03583703, 60.29044705], [25.03583394, 60.29045204], [25.03582918, 60.29045671], [25.03582408, 60.2904613], [25.03581868, 60.2904658], [25.03581197, 60.2904698], [25.03580498, 60.2904737], [25.03579773, 60.29047747], [25.03578976, 60.29048087], [25.03578144, 60.29048406], [25.0357728, 60.29048703], [25.03576343, 60.29048943], [25.03575384, 60.29049162], [25.03574407, 60.29049358], [25.03573382, 60.29049478], [25.0357235, 60.29049578], [25.03571311, 60.29049661], [25.03567218, 60.29049854], [25.03570119, 60.29067747], [25.03586368, 60.29066985], [25.03588882, 60.29066975], [25.03591363, 60.29067183], [25.03593734, 60.290676], [25.03595922, 60.29068216], [25.03597863, 60.2906901], [25.03599496, 60.29069958], [25.03600776, 60.29071034], [25.03601659, 60.29072202], [25.03606985, 60.29081898], [25.03649365, 60.29076923], [25.03648636, 60.29074887], [25.03648704, 60.29072818], [25.03649568, 60.29070795], [25.03651197, 60.29068891], [25.03653527, 60.29067176]]], [[[25.02910279, 60.2892879], [25.02913876, 60.28928302], [25.02917003, 60.28927888], [25.02920133, 60.28927478], [25.02923266, 60.28927073], [25.02923686, 60.2892702], [25.02932674, 60.28925884], [25.02935815, 60.28925497], [25.02938959, 60.28925115], [25.02942104, 60.28924736], [25.0294256, 60.28924681], [25.02951554, 60.28923626], [25.02961021, 60.28922557], [25.02961201, 60.28922537], [25.02964301, 60.28922196], [25.02967404, 60.2892186], [25.02970507, 60.28921527], [25.02973673, 60.28921194], [25.02976841, 60.28920864], [25.0298001, 60.28920539], [25.02980433, 60.28920496], [25.02989529, 60.28919589], [25.0299096, 60.2891943], [25.02992371, 60.28919232], [25.02993759, 60.28918996], [25.02995118, 60.28918724], [25.02996446, 60.28918416], [25.02997739, 60.28918073], [25.02998991, 60.28917696], [25.03000202, 60.28917285], [25.03001366, 60.28916842], [25.03002479, 60.28916369], [25.0300354, 60.28915867], [25.03004545, 60.28915337], [25.03004561, 60.28915328], [25.03006468, 60.28914134], [25.03006716, 60.28913958], [25.03006957, 60.28913778], [25.03007194, 60.28913597], [25.03007945, 60.28912972], [25.03008628, 60.28912328], [25.0300924, 60.28911666], [25.03009779, 60.2891099], [25.03010244, 60.28910299], [25.03010633, 60.28909598], [25.03010842, 60.28908956], [25.03010844, 60.28908954], [25.03011044, 60.28908454], [25.03011208, 60.2890795], [25.03011334, 60.28907445], [25.03011637, 60.28905551], [25.03020825, 60.28848096], [25.02971802, 60.28849133], [25.02907111, 60.28850503], [25.02906426, 60.28850516], [25.02905744, 60.28850551], [25.02905068, 60.28850608], [25.02904401, 60.28850689], [25.02903622, 60.28850779], [25.0290286, 60.28850897], [25.02902116, 60.28851043], [25.02901395, 60.28851216], [25.02900675, 60.28851388], [25.02899981, 60.28851587], [25.02899319, 60.28851809], [25.0289869, 60.28852054], [25.02898061, 60.28852304], [25.02897472, 60.28852575], [25.02896924, 60.28852867], [25.02896423, 60.2885318], [25.02895987, 60.28853451], [25.0289559, 60.28853737], [25.02895231, 60.28854035], [25.02894914, 60.28854344], [25.02894659, 60.2885452], [25.02894432, 60.28854706], [25.02894238, 60.28854901], [25.02894076, 60.28855102], [25.02893949, 60.2885531], [25.02893857, 60.28855522], [25.028938, 60.28855738], [25.02893593, 60.28856099], [25.02893439, 60.28856467], [25.02893339, 60.2885684], [25.02893293, 60.28857215], [25.02893241, 60.2885759], [25.02893245, 60.28857966], [25.02893303, 60.28858341], [25.02893416, 60.28858713], [25.02882866, 60.28860121], [25.02793312, 60.28873597], [25.02775888, 60.28876479], [25.02775858, 60.28877562], [25.02787161, 60.28900297], [25.02776716, 60.2890176], [25.02676727, 60.28916867], [25.0267199, 60.28907571], [25.0265234, 60.28915009], [25.02637834, 60.28887874], [25.02554134, 60.28908745], [25.02541813, 60.28911645], [25.02540982, 60.28911841], [25.02540525, 60.28910908], [25.02539928, 60.28909996], [25.02539191, 60.28909109], [25.02538321, 60.28908252], [25.02537322, 60.28907431], [25.02536198, 60.2890665], [25.02534958, 60.28905914], [25.02533609, 60.28905226], [25.02532674, 60.28904822], [25.02531672, 60.28904458], [25.02530611, 60.28904138], [25.02529499, 60.28903866], [25.02528342, 60.2890364], [25.02527153, 60.28903466], [25.02525937, 60.28903342], [25.02524704, 60.2890327], [25.02523464, 60.28903252], [25.02522224, 60.28903286], [25.02520995, 60.28903373], [25.02519786, 60.28903512], [25.02518605, 60.28903702], [25.02517461, 60.2890394], [25.02516363, 60.28904228], [25.02515318, 60.28904561], [25.02515137, 60.28904624], [25.02453154, 60.28926292], [25.02429023, 60.28934728], [25.02428474, 60.2893492], [25.02426584, 60.28935681], [25.02424926, 60.28936554], [25.02424918, 60.28936559], [25.0242351, 60.28937535], [25.02423503, 60.28937541], [25.02422366, 60.28938608], [25.02421537, 60.28939729], [25.02421529, 60.28939742], [25.02421011, 60.28940906], [25.02421006, 60.28940921], [25.02420807, 60.28942111], [25.02420806, 60.28942124], [25.02420932, 60.28943328], [25.02421329, 60.28944963], [25.02428172, 60.28973245], [25.02428283, 60.28973708], [25.02428816, 60.28973929], [25.0242934, 60.28974155], [25.02429854, 60.28974387], [25.02429875, 60.28974396], [25.02431353, 60.28975113], [25.02431383, 60.28975128], [25.02432768, 60.28975882], [25.02432803, 60.28975902], [25.02434129, 60.28976716], [25.02435338, 60.28977554], [25.02435357, 60.28977567], [25.02436465, 60.28978438], [25.02436482, 60.28978452], [25.02437485, 60.28979351], [25.02437503, 60.28979368], [25.02438415, 60.28980313], [25.02443152, 60.28985617], [25.02444717, 60.28987369], [25.0245129, 60.28994728], [25.02441035, 60.28995424], [25.02419328, 60.28996899], [25.02380817, 60.28999514], [25.02382814, 60.29007766], [25.02332397, 60.29009672], [25.02266709, 60.29012166], [25.02274913, 60.29034705], [25.02275353, 60.29035914], [25.02278626, 60.290401], [25.02279584, 60.29041213], [25.02280691, 60.2904229], [25.02281941, 60.29043329], [25.02286489, 60.29046159], [25.02286494, 60.29046162], [25.02288257, 60.29046998], [25.0229013, 60.29047773], [25.02292103, 60.29048483], [25.02294167, 60.29049126], [25.02296314, 60.29049699], [25.02298534, 60.29050197], [25.02300816, 60.29050621], [25.0230315, 60.29050968], [25.02305526, 60.29051236], [25.02307934, 60.29051423], [25.02310363, 60.29051531], [25.02312801, 60.29051555], [25.02315235, 60.29051499], [25.02317657, 60.29051362], [25.02320054, 60.29051143], [25.02322416, 60.29050846], [25.02324732, 60.29050469], [25.02326992, 60.29050016], [25.02332801, 60.29048738], [25.02337631, 60.29047675], [25.02357619, 60.29043274], [25.02381792, 60.29069371], [25.02405484, 60.290692], [25.02430399, 60.29064033], [25.02438125, 60.29072722], [25.02448755, 60.29070478], [25.0244948, 60.2908364], [25.02457372, 60.2908355], [25.02458704, 60.29086259], [25.02459322, 60.29087259], [25.02459638, 60.29087653], [25.02460273, 60.29088316], [25.02461017, 60.2908895], [25.02461862, 60.29089553], [25.02462802, 60.29090119], [25.02463543, 60.29090507], [25.02464947, 60.29091129], [25.02466427, 60.29091788], [25.02467718, 60.29092502], [25.02468863, 60.29093294], [25.02469828, 60.29094142], [25.02470602, 60.29095037], [25.02471176, 60.29095968], [25.02471544, 60.29096925], [25.02471699, 60.29097896], [25.02489722, 60.29096945], [25.02489094, 60.29084779], [25.02488534, 60.29075511], [25.02487847, 60.29064676], [25.02487583, 60.29059864], [25.02487227, 60.29054022], [25.02486673, 60.29046282], [25.02497431, 60.29043899], [25.02474293, 60.29017591], [25.02518661, 60.29007823], [25.02575047, 60.2899541], [25.02576817, 60.28995021], [25.0258859, 60.28992428], [25.0271336, 60.28964959], [25.02742183, 60.28958613], [25.02746476, 60.28957668], [25.02748648, 60.28957192], [25.02750822, 60.28956717], [25.02752998, 60.28956245], [25.02759538, 60.28954841], [25.02766094, 60.28953457], [25.02766475, 60.28953378], [25.0277267, 60.28952094], [25.02779261, 60.28950752], [25.02785869, 60.28949429], [25.02792495, 60.28948127], [25.02792591, 60.28948109], [25.02799133, 60.28946846], [25.02799876, 60.28946706], [25.0280823, 60.28945131], [25.02809347, 60.28944921], [25.02814576, 60.28943965], [25.02818296, 60.28943286], [25.02820672, 60.28942852], [25.02820948, 60.28942802], [25.02821282, 60.28942742], [25.02832591, 60.28940746], [25.02832844, 60.28940703], [25.02843945, 60.28938808], [25.02844279, 60.28938752], [25.02844731, 60.28938677], [25.02856011, 60.28936822], [25.02856335, 60.2893677], [25.02867782, 60.28934954], [25.0286812, 60.28934901], [25.0287892, 60.28933251], [25.02879596, 60.2893315], [25.02880057, 60.28933081], [25.02891445, 60.2893141], [25.02891736, 60.28931367], [25.02903334, 60.28929732], [25.02904308, 60.289296], [25.02910279, 60.2892879]]], [[[25.02250024, 60.29231591], [25.02257162, 60.29231508], [25.02258597, 60.29231467], [25.02260022, 60.2923138], [25.02261433, 60.29231246], [25.02262823, 60.29231066], [25.02264186, 60.2923084], [25.02265516, 60.29230571], [25.02266807, 60.29230258], [25.02268053, 60.29229904], [25.02269249, 60.29229509], [25.02270391, 60.29229076], [25.02271472, 60.29228606], [25.02272489, 60.29228102], [25.02273435, 60.29227566], [25.02274308, 60.29227], [25.02275103, 60.29226407], [25.02275109, 60.29226401], [25.02275821, 60.29225784], [25.0227645, 60.29225145], [25.02276992, 60.29224487], [25.02277446, 60.29223811], [25.0227781, 60.29223122], [25.02278081, 60.29222422], [25.02278081, 60.29222419], [25.02278258, 60.29221713], [25.0227834, 60.29221001], [25.02278328, 60.29220289], [25.02278217, 60.29218981], [25.02272643, 60.29153006], [25.02260555, 60.29115827], [25.02258759, 60.29112312], [25.02258754, 60.29112307], [25.02257459, 60.29111096], [25.02256929, 60.29110601], [25.02255984, 60.29109717], [25.0225214, 60.29107483], [25.02247413, 60.29105715], [25.02242024, 60.29104498], [25.02242013, 60.29104497], [25.02236235, 60.29103892], [25.02230333, 60.29103922], [25.02230316, 60.29103923], [25.02229371, 60.29104032], [25.02228733, 60.29104107], [25.02224552, 60.29104591], [25.02220261, 60.29105436], [25.02198852, 60.29109656], [25.02198099, 60.29109806], [25.02195734, 60.29110323], [25.02193366, 60.29110835], [25.02190993, 60.29111342], [25.02190898, 60.29111362], [25.02190663, 60.29111412], [25.02188432, 60.29111882], [25.02186196, 60.29112348], [25.02183957, 60.2911281], [25.02183656, 60.29112872], [25.02183186, 60.29112968], [25.02180945, 60.29113424], [25.02178699, 60.29113874], [25.0217645, 60.2911432], [25.02176375, 60.29114335], [25.02173955, 60.2911481], [25.02171531, 60.29115279], [25.02169102, 60.29115742], [25.02169055, 60.29115751], [25.02166629, 60.29116208], [25.02164199, 60.2911666], [25.02161765, 60.29117107], [25.02161699, 60.29117119], [25.02159399, 60.29117536], [25.02157094, 60.29117948], [25.02154786, 60.29118355], [25.02154309, 60.2911844], [25.02151917, 60.29118855], [25.02149521, 60.29119265], [25.02147123, 60.29119671], [25.02146882, 60.29119712], [25.021444, 60.29120125], [25.02141914, 60.29120532], [25.02139425, 60.29120935], [25.02138167, 60.29121137], [25.02136699, 60.29121372], [25.01913238, 60.29157229], [25.01915153, 60.29184642], [25.01919741, 60.29235459], [25.0224717, 60.29231625], [25.02250024, 60.29231591]]]]}, "geometry_name": "geom", "properties": {"id": 353, "kuntanimi": "Vantaa", "kaavatun": "002458", "kaavanimi": "Vantaan ratikka: Viertola", "vtulvuosi": "2023", "netkrostal": 0, "netrivketj": 0, "neterillis": 0, "netyhteens": 0, "brutyhteen": 9032}}, {"type": "Feature", "id": "voimaantulleetkaavatmal_2020_2023.fid-7dddb29f_19d8b225a81_140a", "geometry": {"type": "MultiPolygon", "coordinates": [[[[24.80091312, 60.27086574], [24.79983141, 60.27041484], [24.79972401, 60.27047288], [24.79933994, 60.27065842], [24.80023335, 60.27100578], [24.80091312, 60.27086574]]], [[[24.80058246, 60.27285398], [24.80197508, 60.27291744], [24.80200814, 60.27291824], [24.80204122, 60.27291758], [24.80207406, 60.27291551], [24.8021064, 60.27291202], [24.80213802, 60.27290714], [24.80216865, 60.27290091], [24.80219807, 60.27289339], [24.80222606, 60.27288461], [24.80225242, 60.27287466], [24.80227691, 60.2728636], [24.80229938, 60.27285152], [24.80231965, 60.27283853], [24.80233756, 60.2728247], [24.80235297, 60.27281015], [24.80236576, 60.27279499], [24.80237586, 60.27277933], [24.80238316, 60.2727633], [24.80238763, 60.272747], [24.80240732, 60.27264062], [24.80242363, 60.27263407], [24.80248989, 60.27260444], [24.80255901, 60.27257648], [24.80263084, 60.27255025], [24.80264561, 60.27254517], [24.80266049, 60.27254018], [24.80267546, 60.27253525], [24.80296527, 60.2710681], [24.80275631, 60.2710577], [24.8012922, 60.27102128], [24.80063167, 60.27107919], [24.80000413, 60.27120848], [24.7998934, 60.27122869], [24.79977973, 60.27124436], [24.79966386, 60.27125538], [24.79954657, 60.27126166], [24.79942864, 60.27126317], [24.79931085, 60.2712599], [24.79919399, 60.27125187], [24.79907884, 60.27123914], [24.79896616, 60.27122178], [24.79885672, 60.27119991], [24.79875122, 60.27117369], [24.79865038, 60.27114328], [24.79855487, 60.27110889], [24.79846532, 60.27107074], [24.79770953, 60.27072118], [24.79764087, 60.27069197], [24.79756756, 60.27066573], [24.7974901, 60.2706426], [24.79740904, 60.27062275], [24.79732492, 60.27060633], [24.79723834, 60.27059345], [24.79714992, 60.27058419], [24.79706023, 60.27057862], [24.79634412, 60.27054915], [24.79618327, 60.27061589], [24.79603409, 60.27068901], [24.79589761, 60.27076801], [24.79577476, 60.27085235], [24.79545281, 60.27098891], [24.79520589, 60.27114335], [24.79512492, 60.27119865], [24.79505366, 60.27125716], [24.79499262, 60.27131845], [24.79494222, 60.27138208], [24.79490284, 60.2714476], [24.79487476, 60.27151454], [24.79485818, 60.27158242], [24.79479242, 60.27199815], [24.79475843, 60.27281918], [24.79514489, 60.27282181], [24.79639214, 60.27283678], [24.79758973, 60.27277286], [24.79820988, 60.27279567], [24.79880851, 60.27278129], [24.79945641, 60.27281517], [24.79968142, 60.2728453], [24.80030729, 60.27285134], [24.80058246, 60.27285398]]]]}, "geometry_name": "geom", "properties": {"id": 354, "kuntanimi": "Vantaa", "kaavatun": "002484", "kaavanimi": "Ainontie 5 ja 10", "vtulvuosi": "2023", "netkrostal": 0, "netrivketj": 0, "neterillis": 41, "netyhteens": 41, "brutyhteen": 1082}}, {"type": "Feature", "id": "voimaantulleetkaavatmal_2020_2023.fid-7dddb29f_19d8b225a81_140b", "geometry": {"type": "Polygon", "coordinates": [[[24.98237262, 60.28403673], [24.98269296, 60.28404835], [24.98312926, 60.28406417], [24.98353831, 60.28407899], [24.9834793, 60.28373784], [24.98347802, 60.28372908], [24.98323314, 60.28362498], [24.98320411, 60.28362372], [24.9827606, 60.28360475], [24.98240792, 60.28361649], [24.98240548, 60.28367638], [24.98237262, 60.28403673]]]}, "geometry_name": "geom", "properties": {"id": 355, "kuntanimi": "Vantaa", "kaavatun": "002408", "kaavanimi": "Knapas", "vtulvuosi": "2023", "netkrostal": 0, "netrivketj": 0, "neterillis": -185, "netyhteens": -185, "brutyhteen": 280}}, {"type": "Feature", "id": "voimaantulleetkaavatmal_2020_2023.fid-7dddb29f_19d8b225a81_140c", "geometry": {"type": "Polygon", "coordinates": [[[25.14720604, 60.35643905], [25.14761066, 60.35669469], [25.14764329, 60.35671506], [25.14768113, 60.3567365], [25.14778382, 60.35680222], [25.1478689, 60.35676748], [25.14825601, 60.35700588], [25.14895742, 60.35678738], [25.14793645, 60.35615007], [25.14720604, 60.35643905]]]}, "geometry_name": "geom", "properties": {"id": 356, "kuntanimi": "Vantaa", "kaavatun": "860900", "kaavanimi": "Nikinmäki liitosalue", "vtulvuosi": "2023", "netkrostal": 0, "netrivketj": 0, "neterillis": 864, "netyhteens": 864, "brutyhteen": 864}}, {"type": "Feature", "id": "voimaantulleetkaavatmal_2020_2023.fid-7dddb29f_19d8b225a81_140d", "geometry": {"type": "Polygon", "coordinates": [[[24.85716496, 60.31858121], [24.85730515, 60.31861377], [24.85772031, 60.3187019], [24.85826573, 60.31880482], [24.85891308, 60.31890816], [24.85942585, 60.31897745], [24.85999506, 60.31904101], [24.86018104, 60.31905723], [24.86013682, 60.31919758], [24.8600906, 60.31932213], [24.85991547, 60.31930429], [24.85980383, 60.31942455], [24.85964847, 60.31955476], [24.85937067, 60.31971361], [24.85942303, 60.31973625], [24.85913389, 60.31988536], [24.85949309, 60.32005625], [24.85987005, 60.31988723], [24.8605849, 60.31956669], [24.86062722, 60.31936219], [24.86062864, 60.31935535], [24.86062972, 60.31935164], [24.86063143, 60.31934798], [24.86063375, 60.31934441], [24.86063666, 60.31934095], [24.86064015, 60.31933761], [24.86064419, 60.31933444], [24.86064875, 60.31933144], [24.8606538, 60.31932864], [24.8606593, 60.31932606], [24.86066522, 60.31932372], [24.86067151, 60.31932163], [24.86067841, 60.31931974], [24.86068562, 60.31931816], [24.86069308, 60.31931689], [24.86070073, 60.31931595], [24.86070852, 60.31931534], [24.86071639, 60.31931507], [24.86072427, 60.31931515], [24.86073211, 60.31931556], [24.86075394, 60.31924628], [24.86081071, 60.31906606], [24.86081762, 60.31904415], [24.86070535, 60.31903632], [24.86073046, 60.31896557], [24.86078998, 60.3187979], [24.86080737, 60.31874289], [24.86081801, 60.31870926], [24.86083501, 60.31865547], [24.86087088, 60.31854205], [24.86090873, 60.31842233], [24.86092793, 60.31836166], [24.86094549, 60.31831321], [24.86096478, 60.31826492], [24.86098579, 60.31821679], [24.86105597, 60.31806853], [24.86105599, 60.31806851], [24.86105944, 60.318063], [24.86106305, 60.31805752], [24.86106682, 60.31805208], [24.86106837, 60.31804991], [24.86106994, 60.31804774], [24.86107154, 60.31804558], [24.86108381, 60.31803017], [24.86109737, 60.31801502], [24.8611122, 60.31800017], [24.86111595, 60.31799661], [24.86112107, 60.31799222], [24.86112693, 60.31798807], [24.8611335, 60.31798419], [24.86114072, 60.31798061], [24.86114854, 60.31797735], [24.8611569, 60.31797444], [24.86116574, 60.3179719], [24.86117499, 60.31796975], [24.86118459, 60.317968], [24.86119444, 60.31796667], [24.8612045, 60.31796579], [24.86121467, 60.31796532], [24.86121933, 60.31795173], [24.86126202, 60.31782704], [24.86142934, 60.31753791], [24.86146638, 60.31749014], [24.86172314, 60.31722697], [24.86194711, 60.31702964], [24.86208341, 60.31689273], [24.86219018, 60.31678539], [24.86230636, 60.31667818], [24.86257644, 60.31646293], [24.86271997, 60.3163384], [24.86294745, 60.31617754], [24.86239111, 60.31602944], [24.86188594, 60.31652697], [24.86164731, 60.31674825], [24.86164652, 60.31674892], [24.86164562, 60.31674954], [24.86164461, 60.31675013], [24.86164351, 60.31675066], [24.86164232, 60.31675116], [24.86164104, 60.31675159], [24.8616397, 60.31675197], [24.8616383, 60.3167523], [24.86163685, 60.31675256], [24.86163535, 60.31675277], [24.86163382, 60.3167529], [24.86163229, 60.31675297], [24.86163074, 60.31675298], [24.86162919, 60.31675292], [24.86162766, 60.31675279], [24.86162616, 60.3167526], [24.86162471, 60.31675235], [24.86162329, 60.31675203], [24.86161247, 60.31674936], [24.86158692, 60.31674367], [24.86156057, 60.31673896], [24.86153357, 60.31673524], [24.8615061, 60.31673253], [24.86147829, 60.31673088], [24.86141073, 60.31672812], [24.86137678, 60.31672604], [24.86134329, 60.31672258], [24.86131048, 60.31671776], [24.86127859, 60.31671163], [24.86124781, 60.31670422], [24.86025775, 60.31644028], [24.86014256, 60.31635303], [24.85984661, 60.31632085], [24.85980215, 60.31636188], [24.85893708, 60.3162691], [24.85888306, 60.31626331], [24.85883165, 60.3162576], [24.85880578, 60.31625363], [24.85878065, 60.31624863], [24.85875641, 60.31624265], [24.85873323, 60.3162357], [24.85871125, 60.31622786], [24.85869062, 60.31621915], [24.85867148, 60.31620965], [24.85866612, 60.3162067], [24.85866092, 60.31620369], [24.85865585, 60.31620061], [24.85863694, 60.31618885], [24.85859167, 60.31616265], [24.85854272, 60.31613814], [24.85849035, 60.31611544], [24.85848569, 60.31611339], [24.85840757, 60.31608181], [24.85831001, 60.31630251], [24.85773861, 60.31759514], [24.85686914, 60.31843923], [24.85701403, 60.31847584], [24.8569686, 60.31853563], [24.85716496, 60.31858121]]]}, "geometry_name": "geom", "properties": {"id": 357, "kuntanimi": "Vantaa", "kaavatun": "232700", "kaavanimi": "Kivistön Lumikvartsi", "vtulvuosi": "2023", "netkrostal": 61650, "netrivketj": 1450, "neterillis": 0, "netyhteens": 63100, "brutyhteen": 63100}}, {"type": "Feature", "id": "voimaantulleetkaavatmal_2020_2023.fid-7dddb29f_19d8b225a81_140e", "geometry": {"type": "Polygon", "coordinates": [[[25.01784633, 60.29028131], [25.01762752, 60.29028818], [25.01811152, 60.29143424], [25.01906521, 60.29128123], [25.0189762, 60.29033872], [25.01886776, 60.29034059], [25.01886639, 60.29033316], [25.01886379, 60.29032581], [25.01885997, 60.29031858], [25.01885495, 60.29031155], [25.01884877, 60.29030474], [25.01884148, 60.2902982], [25.01883313, 60.29029199], [25.01882376, 60.29028615], [25.01881346, 60.29028072], [25.01880228, 60.29027572], [25.01879031, 60.2902712], [25.01877762, 60.29026719], [25.01876431, 60.29026372], [25.01875046, 60.29026081], [25.01873618, 60.29025847], [25.01872155, 60.29025673], [25.01870669, 60.2902556], [25.01869168, 60.29025508], [25.01784633, 60.29028131]]]}, "geometry_name": "geom", "properties": {"id": 358, "kuntanimi": "Vantaa", "kaavatun": "002428", "kaavanimi": "Viertolankuja 4", "vtulvuosi": "2023", "netkrostal": 10424, "netrivketj": 0, "neterillis": 0, "netyhteens": 10424, "brutyhteen": 10424}}, {"type": "Feature", "id": "voimaantulleetkaavatmal_2020_2023.fid-7dddb29f_19d8b225a81_140f", "geometry": {"type": "Polygon", "coordinates": [[[24.7096421, 60.22281707], [24.71040935, 60.22314029], [24.71076575, 60.22289192], [24.71000435, 60.22256615], [24.70963809, 60.22273665], [24.70961803, 60.22274928], [24.70960638, 60.2227643], [24.70960416, 60.22278035], [24.70961158, 60.22279602], [24.70962798, 60.2228099], [24.7096421, 60.22281707]]]}, "geometry_name": "geom", "properties": {"id": 359, "kuntanimi": "Kauniainen", "kaavatun": "Ak 215", "kaavanimi": "Venevalkamantie 1", "vtulvuosi": "2023", "netkrostal": 1350, "netrivketj": 0, "neterillis": -400, "netyhteens": 950, "brutyhteen": 1350}}, {"type": "Feature", "id": "voimaantulleetkaavatmal_2020_2023.fid-7dddb29f_19d8b225a81_1410", "geometry": {"type": "Polygon", "coordinates": [[[25.35146338, 60.30304163], [25.35079087, 60.30312019], [25.3507445, 60.30313087], [25.35060677, 60.3031487], [25.35030295, 60.30272773], [25.34997683, 60.30230709], [25.34908815, 60.30230912], [25.34818533, 60.3023113], [25.34728436, 60.30202703], [25.34659726, 60.30181023], [25.34575121, 60.30144635], [25.34563775, 60.30137605], [25.34435607, 60.30126507], [25.34431586, 60.30126159], [25.34418673, 60.30125276], [25.34414504, 60.3012499], [25.34329775, 60.30126313], [25.34330023, 60.30132204], [25.34330127, 60.30134699], [25.34331024, 60.3015155], [25.34344367, 60.30155734], [25.34358639, 60.30155375], [25.34371029, 60.30151385], [25.34363423, 60.30167832], [25.34315453, 60.30271555], [25.34591729, 60.30544905], [25.34574803, 60.30629502], [25.34390001, 60.30716431], [25.34387412, 60.3074186], [25.34394519, 60.30759572], [25.34399025, 60.3076908], [25.34404057, 60.30777702], [25.34406619, 60.30781447], [25.34417134, 60.30794818], [25.3442015, 60.30798469], [25.34433449, 60.30813202], [25.34437007, 60.30816335], [25.34440896, 60.30819358], [25.34445115, 60.30822278], [25.34448697, 60.30824514], [25.34453501, 60.30827194], [25.34458589, 60.30829747], [25.34463961, 60.30832144], [25.3446772, 60.30833542], [25.34496209, 60.30843645], [25.3453716, 60.30857045], [25.34603202, 60.30862137], [25.34646606, 60.30862571], [25.34697318, 60.3085344], [25.34740901, 60.30843154], [25.34768935, 60.30822421], [25.34778252, 60.30826294], [25.34806226, 60.30838545], [25.34815676, 60.30842623], [25.34854448, 60.30859109], [25.3488989, 60.3087418], [25.34898131, 60.30877685], [25.3497955, 60.30912968], [25.34989173, 60.30917081], [25.3503654, 60.30937486], [25.35090475, 60.30933016], [25.35162975, 60.30928279], [25.35177474, 60.30927331], [25.35274456, 60.30920045], [25.35270741, 60.30936625], [25.35265118, 60.30961688], [25.35258027, 60.30993368], [25.35441161, 60.31025245], [25.35558694, 60.31049355], [25.35597623, 60.310269], [25.35666232, 60.30989263], [25.35698112, 60.30971773], [25.35746546, 60.30945203], [25.35774714, 60.30931343], [25.35901499, 60.30861961], [25.35906372, 60.30859419], [25.35834573, 60.30845229], [25.35811663, 60.30778218], [25.35801936, 60.30749766], [25.35797266, 60.30736108], [25.35787732, 60.30708218], [25.35779565, 60.30684331], [25.35769959, 60.30656229], [25.35762441, 60.30634238], [25.35750842, 60.30600307], [25.35749864, 60.30597828], [25.35747771, 60.30592522], [25.357291, 60.30578022], [25.35669664, 60.30531863], [25.35667283, 60.3052199], [25.35652506, 60.30471868], [25.35652624, 60.30466126], [25.35698657, 60.30459925], [25.35706839, 60.3043685], [25.357156, 60.3041214], [25.35628952, 60.30313021], [25.35616626, 60.30283729], [25.35500087, 60.3018173], [25.35493302, 60.30156962], [25.35469436, 60.30076736], [25.35349977, 60.30077654], [25.353228, 60.3011808], [25.35318997, 60.3021717], [25.35312902, 60.30257168], [25.3530189, 60.30262147], [25.35277673, 60.30273097], [25.35226752, 60.30295544], [25.35146338, 60.30304163]]]}, "geometry_name": "geom", "properties": {"id": 360, "kuntanimi": "Sipoo", "kaavatun": "T6", "kaavanimi": "Taasjärven itäpuoli", "vtulvuosi": "2023", "netkrostal": 0, "netrivketj": 0, "neterillis": 30140, "netyhteens": 30140, "brutyhteen": 30140}}, {"type": "Feature", "id": "voimaantulleetkaavatmal_2020_2023.fid-7dddb29f_19d8b225a81_1411", "geometry": {"type": "Polygon", "coordinates": [[[25.29740107, 60.30009779], [25.29761541, 60.30025444], [25.29787318, 60.30041825], [25.29815111, 60.30054667], [25.29875055, 60.30064223], [25.29912493, 60.30072802], [25.29967577, 60.30092435], [25.30034875, 60.30122687], [25.30014217, 60.30137189], [25.30043987, 60.30150571], [25.29977231, 60.30170982], [25.29953068, 60.30182642], [25.29899949, 60.30201876], [25.29877502, 60.30208283], [25.29863254, 60.30215708], [25.2969801, 60.30246185], [25.2961738, 60.30310174], [25.29489647, 60.30402796], [25.29487333, 60.30424551], [25.2952814, 60.30440152], [25.29713081, 60.30306571], [25.29767209, 60.30277787], [25.29802625, 60.30266371], [25.29864354, 60.30237731], [25.29896656, 60.30230197], [25.29936558, 60.30219631], [25.29987052, 60.30216882], [25.30013059, 60.30210998], [25.30054239, 60.30206385], [25.30094384, 60.30182136], [25.30161582, 60.30172579], [25.30223628, 60.30170154], [25.30295792, 60.3015961], [25.30316004, 60.30161115], [25.30366492, 60.30159807], [25.30399772, 60.30163002], [25.30449765, 60.30164924], [25.30530388, 60.30170096], [25.30571014, 60.30175466], [25.30628372, 60.30175741], [25.30695109, 60.30178318], [25.30706613, 60.30178804], [25.30741537, 60.30182852], [25.30835074, 60.30180839], [25.30835564, 60.30158986], [25.30782775, 60.30157815], [25.30734888, 60.3015542], [25.30597137, 60.30143679], [25.30504594, 60.30137605], [25.30434527, 60.30136622], [25.30383116, 60.30137011], [25.3034971, 60.30133943], [25.30505514, 60.30031354], [25.30406445, 60.29886474], [25.30332511, 60.29778342], [25.30270474, 60.29792957], [25.30186142, 60.29815896], [25.30096924, 60.29843179], [25.3003681, 60.29861716], [25.29968772, 60.29883178], [25.29920089, 60.2989858], [25.29887345, 60.29911755], [25.29868563, 60.2992154], [25.29851039, 60.29938205], [25.29834134, 60.29952181], [25.29825626, 60.29957737], [25.29819866, 60.29958725], [25.29809127, 60.29968064], [25.29780717, 60.29986935], [25.29763074, 60.29980457], [25.29728402, 60.30001224], [25.29740107, 60.30009779]]]}, "geometry_name": "geom", "properties": {"id": 361, "kuntanimi": "Sipoo", "kaavatun": "S20", "kaavanimi": "Söderkullan kartanon asuinalue", "vtulvuosi": "2023", "netkrostal": 0, "netrivketj": 0, "neterillis": 8330, "netyhteens": 8330, "brutyhteen": 8330}}, {"type": "Feature", "id": "voimaantulleetkaavatmal_2020_2023.fid-7dddb29f_19d8b225a81_1412", "geometry": {"type": "Polygon", "coordinates": [[[25.18369038, 60.41580477], [25.18122181, 60.41515347], [25.17889196, 60.41497124], [25.17870909, 60.41448997], [25.17864131, 60.41450747], [25.17860564, 60.41441434], [25.17846239, 60.41404908], [25.17838565, 60.41385313], [25.17834029, 60.41372033], [25.1782612, 60.41351469], [25.1782242, 60.41342936], [25.17818331, 60.41333184], [25.17815118, 60.41324247], [25.17811734, 60.41314827], [25.17800541, 60.41289033], [25.17799191, 60.41285318], [25.1778024, 60.41232819], [25.17772036, 60.41230775], [25.17765297, 60.41234034], [25.17705534, 60.41257345], [25.17641387, 60.41289747], [25.17606568, 60.41307343], [25.17641872, 60.41303391], [25.17685809, 60.41298476], [25.17682269, 60.41358788], [25.17681876, 60.41365243], [25.17677367, 60.41421668], [25.17674637, 60.41448226], [25.17776215, 60.4147012], [25.17796796, 60.41577286], [25.17800663, 60.41638817], [25.17802398, 60.4168202], [25.17944235, 60.4179239], [25.18003454, 60.41815748], [25.18009843, 60.41815417], [25.18010138, 60.41816161], [25.1801747, 60.41834383], [25.18025937, 60.41833923], [25.18028529, 60.4183541], [25.18045643, 60.41844695], [25.18053491, 60.41848428], [25.18056265, 60.41849583], [25.1805916, 60.41850665], [25.18062147, 60.41851684], [25.18065256, 60.41852614], [25.18068441, 60.41853471], [25.18071717, 60.41854247], [25.18075069, 60.41854934], [25.18075774, 60.41855059], [25.18079216, 60.41855629], [25.18082705, 60.41856109], [25.18086254, 60.41856499], [25.18089818, 60.41856827], [25.18093412, 60.41857091], [25.18100631, 60.41857458], [25.1813326, 60.41858149], [25.18134622, 60.41858201], [25.1814184, 60.41858578], [25.18149029, 60.41859115], [25.18156127, 60.41859833], [25.18159645, 60.41860277], [25.18163134, 60.41860775], [25.18166577, 60.41861345], [25.1816999, 60.41861969], [25.18173343, 60.41862655], [25.18176633, 60.41863396], [25.18186738, 60.41865887], [25.1819009, 60.41866573], [25.18193563, 60.41867098], [25.18197127, 60.41867407], [25.18198764, 60.41867468], [25.18202387, 60.41867409], [25.18205993, 60.41867153], [25.18216582, 60.41865936], [25.18218706, 60.41865717], [25.18222281, 60.41865407], [25.18225873, 60.41865178], [25.18229496, 60.41865038], [25.18233119, 60.41864998], [25.18236743, 60.41865109], [25.18240338, 60.41865382], [25.18243841, 60.41865826], [25.18247652, 60.41866558], [25.18250898, 60.41867352], [25.18254068, 60.41868228], [25.18269444, 60.41872991], [25.1827266, 60.4187383], [25.18274359, 60.41874205], [25.18277741, 60.41874874], [25.18281184, 60.41875425], [25.18284703, 60.41875869], [25.18288252, 60.41876242], [25.18299445, 60.41876334], [25.18300699, 60.41870982], [25.1836634, 60.4159268], [25.18369038, 60.41580477]]]}, "geometry_name": "geom", "properties": {"id": 362, "kuntanimi": "Sipoo", "kaavatun": "TM1", "kaavanimi": "PuuTalma", "vtulvuosi": "2023", "netkrostal": 2687, "netrivketj": 0, "neterillis": 17151, "netyhteens": 19838, "brutyhteen": 19838}}, {"type": "Feature", "id": "voimaantulleetkaavatmal_2020_2023.fid-7dddb29f_19d8b225a81_1413", "geometry": {"type": "Polygon", "coordinates": [[[24.85416127, 60.63746199], [24.85456545, 60.63786445], [24.85548031, 60.63764227], [24.8554969, 60.6376343], [24.85550966, 60.63762447], [24.85551607, 60.63761368], [24.85551739, 60.63760188], [24.85514485, 60.63722865], [24.85514102, 60.63722483], [24.85465309, 60.63734294], [24.85416127, 60.63746199]]]}, "geometry_name": "geom", "properties": {"id": 363, "kuntanimi": "Hyvinkää", "kaavatun": "02:076", "kaavanimi": "Parantolankatu 40-42", "vtulvuosi": "2023", "netkrostal": 599, "netrivketj": 0, "neterillis": 0, "netyhteens": 599, "brutyhteen": 1797}}, {"type": "Feature", "id": "voimaantulleetkaavatmal_2020_2023.fid-7dddb29f_19d8b225a81_1414", "geometry": {"type": "Polygon", "coordinates": [[[24.84585103, 60.62525299], [24.84574636, 60.62533042], [24.84470039, 60.62610409], [24.84413411, 60.62583696], [24.84333587, 60.62607437], [24.84257681, 60.62622115], [24.84277107, 60.62636246], [24.84264796, 60.62649864], [24.84302949, 60.62677909], [24.84352186, 60.62690829], [24.84361246, 60.62690875], [24.8435853, 60.62692884], [24.84341584, 60.62705417], [24.84331235, 60.62706594], [24.84377503, 60.62720388], [24.84427927, 60.6273744], [24.8447598, 60.62756073], [24.84521455, 60.62776206], [24.84564167, 60.62797753], [24.84585838, 60.62809841], [24.84586701, 60.62803448], [24.84636835, 60.62781622], [24.84713531, 60.62766318], [24.847251, 60.6276401], [24.84759996, 60.62745979], [24.84746388, 60.62733853], [24.84784371, 60.62711304], [24.84797521, 60.62703497], [24.84852872, 60.62670635], [24.84858787, 60.62667123], [24.84890147, 60.62663625], [24.84901145, 60.62658244], [24.84845792, 60.62630939], [24.8480167, 60.62609173], [24.84751467, 60.62585848], [24.84698509, 60.62564043], [24.84642988, 60.62543836], [24.84585103, 60.62525299]]]}, "geometry_name": "geom", "properties": {"id": 364, "kuntanimi": "Hyvinkää", "kaavatun": "01:107", "kaavanimi": "Hangonsilta 1b", "vtulvuosi": "2023", "netkrostal": 28500, "netrivketj": 0, "neterillis": 0, "netyhteens": 28500, "brutyhteen": 28500}}, {"type": "Feature", "id": "voimaantulleetkaavatmal_2020_2023.fid-7dddb29f_19d8b225a81_1415", "geometry": {"type": "Polygon", "coordinates": [[[25.06107199, 60.46526326], [25.06164562, 60.4655179], [25.06198441, 60.46533157], [25.06203019, 60.46530639], [25.06151215, 60.46502516], [25.06147722, 60.46502372], [25.06144558, 60.46504243], [25.06107199, 60.46526326]]]}, "geometry_name": "geom", "properties": {"id": 365, "kuntanimi": "Järvenpää", "kaavatun": "250019", "kaavanimi": "Ratsukatu 9", "vtulvuosi": "2023", "netkrostal": 0, "netrivketj": 0, "neterillis": 300, "netyhteens": 300, "brutyhteen": 300}}, {"type": "Feature", "id": "voimaantulleetkaavatmal_2020_2023.fid-7dddb29f_19d8b225a81_1416", "geometry": {"type": "Polygon", "coordinates": [[[25.08626951, 60.46548002], [25.08627892, 60.46546113], [25.08628974, 60.46544694], [25.08630425, 60.46543274], [25.08632379, 60.46541809], [25.08634908, 60.46540353], [25.08638355, 60.46538867], [25.08643117, 60.46537441], [25.08648227, 60.46536498], [25.08655022, 60.46535934], [25.08661323, 60.46535774], [25.08671074, 60.46536128], [25.08678663, 60.46536925], [25.08683439, 60.46537673], [25.08683525, 60.4653769], [25.0869227, 60.46529666], [25.08720836, 60.46505505], [25.08748902, 60.46480503], [25.08777545, 60.46455586], [25.08806348, 60.46430693], [25.08815211, 60.46422847], [25.08834773, 60.46405527], [25.08838297, 60.46402486], [25.08861767, 60.46382234], [25.08863592, 60.46380658], [25.08879711, 60.46366599], [25.08885119, 60.46361948], [25.08908652, 60.46341713], [25.08932207, 60.46321457], [25.09009326, 60.46335535], [25.09035061, 60.46321679], [25.09030214, 60.46315189], [25.08992416, 60.46307635], [25.08739075, 60.46257001], [25.08725355, 60.46240879], [25.08744198, 60.46217106], [25.08742387, 60.4620941], [25.08699244, 60.46176513], [25.08596758, 60.46176295], [25.08562846, 60.46215809], [25.0857945, 60.46254135], [25.085318, 60.46280758], [25.0854616, 60.46289348], [25.0858699, 60.46303908], [25.08585017, 60.4634429], [25.08549377, 60.46517743], [25.0854669, 60.46530824], [25.08539717, 60.46564754], [25.08621334, 60.46565526], [25.08626951, 60.46548002]]]}, "geometry_name": "geom", "properties": {"id": 366, "kuntanimi": "Järvenpää", "kaavatun": "010108", "kaavanimi": "Sävelpuisto", "vtulvuosi": "2023", "netkrostal": 10370, "netrivketj": 0, "neterillis": 0, "netyhteens": 10370, "brutyhteen": 10370}}, {"type": "Feature", "id": "voimaantulleetkaavatmal_2020_2023.fid-7dddb29f_19d8b225a81_1417", "geometry": {"type": "MultiPolygon", "coordinates": [[[[25.09334142, 60.48563727], [25.0935377, 60.48544128], [25.09297714, 60.48510208], [25.09178451, 60.48483236], [25.09125505, 60.48540239], [25.09028374, 60.48555993], [25.08992254, 60.48547824], [25.08966709, 60.48527069], [25.08960325, 60.4851677], [25.08963414, 60.48542009], [25.08964731, 60.48549263], [25.089669, 60.48556467], [25.08969913, 60.48563597], [25.08974088, 60.48571188], [25.08993458, 60.48602434], [25.09003693, 60.48618943], [25.09026482, 60.48655711], [25.09029979, 60.48662533], [25.09032106, 60.48669491], [25.09032842, 60.48676518], [25.0903218, 60.48683548], [25.09030127, 60.48690511], [25.09019779, 60.48706631], [25.09008125, 60.48723635], [25.08985986, 60.48755941], [25.0896268, 60.48789948], [25.08946393, 60.48813713], [25.08943794, 60.48818053], [25.08941884, 60.48822478], [25.08940408, 60.48828634], [25.08940265, 60.48834833], [25.08941456, 60.48841004], [25.08943966, 60.48847078], [25.08947769, 60.48852986], [25.08952821, 60.48858662], [25.08959066, 60.48864041], [25.08966431, 60.48869063], [25.08974488, 60.48873981], [25.09010849, 60.48896184], [25.09066602, 60.48919682], [25.09097568, 60.48848454], [25.0911024, 60.48819304], [25.09115666, 60.48806821], [25.09124062, 60.4879461], [25.09141342, 60.4876954], [25.09158031, 60.4874533], [25.09172965, 60.48723663], [25.09177565, 60.48716989], [25.09209346, 60.48698397], [25.09224474, 60.48682074], [25.092396, 60.4866575], [25.09254728, 60.48649426], [25.09269854, 60.48633103], [25.09284981, 60.48616779], [25.09300109, 60.48600456], [25.09319017, 60.48580051], [25.09334142, 60.48563727]]], [[[25.08912542, 60.48817005], [25.08854801, 60.48803946], [25.08839641, 60.48820263], [25.08824483, 60.4883658], [25.08810083, 60.4885208], [25.08843153, 60.4885956], [25.08876222, 60.4886704], [25.08909292, 60.48874518], [25.08921391, 60.48861494], [25.08916731, 60.48855428], [25.08913171, 60.48849184], [25.0891074, 60.4884281], [25.08909456, 60.48836354], [25.08909329, 60.48829868], [25.0891036, 60.48823401], [25.08912542, 60.48817005]]]]}, "geometry_name": "geom", "properties": {"id": 367, "kuntanimi": "Järvenpää", "kaavatun": "070061", "kaavanimi": "Pajalanpihan rivitalot", "vtulvuosi": "2023", "netkrostal": 0, "netrivketj": -251, "neterillis": 0, "netyhteens": -251, "brutyhteen": 10902}}, {"type": "Feature", "id": "voimaantulleetkaavatmal_2020_2023.fid-7dddb29f_19d8b225a81_1418", "geometry": {"type": "Polygon", "coordinates": [[[25.08306819, 60.47344418], [25.08252804, 60.47309431], [25.08357777, 60.4726777], [25.08333475, 60.47251951], [25.08269973, 60.47210615], [25.08226408, 60.4722787], [25.08258561, 60.47250058], [25.08298432, 60.47277571], [25.08250657, 60.47296478], [25.0823967, 60.47300826], [25.08213281, 60.47311269], [25.08226927, 60.47319672], [25.0828129, 60.47354521], [25.08306819, 60.47344418]]]}, "geometry_name": "geom", "properties": {"id": 368, "kuntanimi": "Järvenpää", "kaavatun": "020041", "kaavanimi": "Tupalantie 16", "vtulvuosi": "2023", "netkrostal": 2550, "netrivketj": 0, "neterillis": 0, "netyhteens": 2550, "brutyhteen": 5100}}, {"type": "Feature", "id": "voimaantulleetkaavatmal_2020_2023.fid-7dddb29f_19d8b225a81_1419", "geometry": {"type": "Polygon", "coordinates": [[[25.09708725, 60.4792576], [25.09729512, 60.47890528], [25.09715414, 60.47887795], [25.09658846, 60.47878156], [25.09635642, 60.47874097], [25.09541221, 60.47857579], [25.09537374, 60.47862972], [25.09532839, 60.47868233], [25.09527634, 60.4787334], [25.0952182, 60.47878618], [25.09520566, 60.47880036], [25.09519824, 60.47881539], [25.09519616, 60.47883083], [25.09519949, 60.47884622], [25.09520812, 60.47886109], [25.09522179, 60.47887501], [25.09524011, 60.47888757], [25.09526253, 60.47889838], [25.09528838, 60.47890714], [25.09677024, 60.47932121], [25.09680266, 60.47932861], [25.09683709, 60.4793333], [25.09687261, 60.47933516], [25.09690827, 60.47933413], [25.09694311, 60.47933024], [25.09697619, 60.4793236], [25.09700664, 60.47931439], [25.09703364, 60.47930284], [25.09705646, 60.47928928], [25.09707449, 60.47927406], [25.09708725, 60.4792576]]]}, "geometry_name": "geom", "properties": {"id": 369, "kuntanimi": "Järvenpää", "kaavatun": "060064", "kaavanimi": "Välskärinkatu 4", "vtulvuosi": "2023", "netkrostal": 1500, "netrivketj": 0, "neterillis": 0, "netyhteens": 1500, "brutyhteen": 4500}}, {"type": "Feature", "id": "voimaantulleetkaavatmal_2020_2023.fid-7dddb29f_19d8b225a81_141a", "geometry": {"type": "Polygon", "coordinates": [[[25.08813567, 60.37895534], [25.08727798, 60.37879616], [25.08717592, 60.37920127], [25.08784282, 60.37931088], [25.08805103, 60.37905787], [25.08813567, 60.37895534]]]}, "geometry_name": "geom", "properties": {"id": 370, "kuntanimi": "Kerava", "kaavatun": "2387", "kaavanimi": "Urputie 1", "vtulvuosi": "2023", "netkrostal": 0, "netrivketj": 0, "neterillis": 292, "netyhteens": 292, "brutyhteen": 486}}, {"type": "Feature", "id": "voimaantulleetkaavatmal_2020_2023.fid-7dddb29f_19d8b225a81_141b", "geometry": {"type": "Polygon", "coordinates": [[[25.08905675, 60.38867961], [25.08905638, 60.38867671], [25.08905, 60.38864227], [25.08890192, 60.38784266], [25.08830588, 60.38786969], [25.08848712, 60.38881413], [25.08891923, 60.3887431], [25.08898054, 60.38873302], [25.08899697, 60.38872972], [25.0890121, 60.38872515], [25.08902553, 60.38871942], [25.0890369, 60.38871269], [25.08904591, 60.38870514], [25.08905233, 60.38869696], [25.08905597, 60.38868837], [25.08905675, 60.38867961]]]}, "geometry_name": "geom", "properties": {"id": 371, "kuntanimi": "Kerava", "kaavatun": "2389", "kaavanimi": "Kannistonkatu", "vtulvuosi": "2023", "netkrostal": 0, "netrivketj": 0, "neterillis": 800, "netyhteens": 800, "brutyhteen": 800}}, {"type": "Feature", "id": "voimaantulleetkaavatmal_2020_2023.fid-7dddb29f_19d8b225a81_141c", "geometry": {"type": "Polygon", "coordinates": [[[25.10126668, 60.39953226], [25.10169816, 60.39949259], [25.10294985, 60.39938528], [25.10302293, 60.39907387], [25.10277116, 60.39836815], [25.10116352, 60.39850855], [25.10109249, 60.39830943], [25.10128868, 60.39816953], [25.10103917, 60.39815996], [25.10070872, 60.39814728], [25.10039963, 60.39817427], [25.10046262, 60.39817154], [25.10052562, 60.39817426], [25.1005867, 60.39818236], [25.10064401, 60.39819558], [25.10069582, 60.39821352], [25.10074054, 60.39823564], [25.10077682, 60.39826126], [25.10080356, 60.39828962], [25.10081994, 60.39831984], [25.10096346, 60.39872223], [25.10121141, 60.39941734], [25.10126666, 60.3995322], [25.10126682, 60.39953219], [25.10126668, 60.39953226]]]}, "geometry_name": "geom", "properties": {"id": 372, "kuntanimi": "Kerava", "kaavatun": "2342", "kaavanimi": "Sarviniitynkatu 4-6", "vtulvuosi": "2023", "netkrostal": 16000, "netrivketj": 0, "neterillis": 0, "netyhteens": 16000, "brutyhteen": 16000}}, {"type": "Feature", "id": "voimaantulleetkaavatmal_2020_2023.fid-7dddb29f_19d8b225a81_141d", "geometry": {"type": "Polygon", "coordinates": [[[25.10385304, 60.40294374], [25.10448615, 60.40288086], [25.10435655, 60.40253531], [25.10427879, 60.40232793], [25.10443498, 60.40210749], [25.10353186, 60.40218451], [25.10296615, 60.40212056], [25.1027072, 60.40193008], [25.10237753, 60.40210669], [25.10282731, 60.40235225], [25.10225366, 60.40264435], [25.10204237, 60.40275193], [25.10173132, 60.40289147], [25.1022679, 60.40318318], [25.10280291, 60.403094], [25.10311661, 60.40301622], [25.10385304, 60.40294374]]]}, "geometry_name": "geom", "properties": {"id": 373, "kuntanimi": "Kerava", "kaavatun": "2350", "kaavanimi": "Kauppakaari 1", "vtulvuosi": "2023", "netkrostal": 16650, "netrivketj": 0, "neterillis": 0, "netyhteens": 16650, "brutyhteen": 16650}}, {"type": "Feature", "id": "voimaantulleetkaavatmal_2020_2023.fid-7dddb29f_19d8b225a81_141e", "geometry": {"type": "MultiPolygon", "coordinates": [[[[24.4496994, 60.13708499], [24.44956486, 60.13690886], [24.44954564, 60.1368837], [24.44949072, 60.13681729], [24.44897152, 60.13691585], [24.44869744, 60.13655667], [24.44852347, 60.13632866], [24.44844307, 60.1362233], [24.44781583, 60.13540119], [24.44776463, 60.13533409], [24.44641921, 60.13558946], [24.44600267, 60.13504347], [24.44556349, 60.13515651], [24.44546216, 60.135021], [24.44531832, 60.13498537], [24.4452726, 60.13492482], [24.44523088, 60.13486355], [24.4451932, 60.13480163], [24.44515961, 60.13473913], [24.44513015, 60.13467612], [24.44510484, 60.13461266], [24.44508372, 60.13454881], [24.4450668, 60.13448466], [24.44505742, 60.13443934], [24.44506237, 60.13434145], [24.44507282, 60.1341187], [24.44457841, 60.1340993], [24.44440648, 60.13409255], [24.44070059, 60.13401953], [24.44085298, 60.134274], [24.44140285, 60.13520233], [24.44199535, 60.13616632], [24.44282345, 60.1375009], [24.4429878, 60.13776576], [24.44424975, 60.13985947], [24.44433173, 60.13999319], [24.4447151, 60.14061846], [24.44550625, 60.14063559], [24.44590181, 60.14064415], [24.44629737, 60.14065272], [24.44669295, 60.14066128], [24.44708852, 60.14066983], [24.44791947, 60.14068783], [24.44778842, 60.14032564], [24.44776688, 60.14026613], [24.44810986, 60.14019909], [24.44846217, 60.14013023], [24.44881445, 60.14006137], [24.44916677, 60.13999251], [24.44951906, 60.13992365], [24.44987202, 60.13985465], [24.45019591, 60.13975516], [24.45052041, 60.13965547], [24.45120064, 60.1394485], [24.45146197, 60.13918644], [24.45113245, 60.13915172], [24.4507803, 60.13908299], [24.44958199, 60.13883974], [24.44940798, 60.13879338], [24.44909257, 60.13870935], [24.44892588, 60.13864095], [24.44876061, 60.1385717], [24.44859677, 60.13850161], [24.44843439, 60.13843068], [24.4483575, 60.13839463], [24.44828247, 60.13835763], [24.44820934, 60.13831968], [24.44813818, 60.13828083], [24.44806901, 60.13824108], [24.44800189, 60.13820047], [24.44793686, 60.13815902], [24.44787396, 60.13811677], [24.44781323, 60.13807373], [24.44775471, 60.13802993], [24.44769844, 60.13798541], [24.44764445, 60.13794019], [24.44759278, 60.1378943], [24.44754347, 60.13784778], [24.44749654, 60.13780064], [24.44745202, 60.13775292], [24.44733887, 60.13763919], [24.44808822, 60.13749678], [24.44827321, 60.13746163], [24.44820274, 60.13736937], [24.44892585, 60.13723198], [24.4496994, 60.13708499]]], [[[24.44861092, 60.13450957], [24.44853908, 60.1345085], [24.4484672, 60.13450867], [24.44839538, 60.13451009], [24.4483237, 60.13451275], [24.44833333, 60.13452536], [24.44839935, 60.13461189], [24.44863369, 60.13491904], [24.44864374, 60.13493221], [24.44865333, 60.13494506], [24.44866258, 60.13495745], [24.44953054, 60.13479626], [24.44954426, 60.13479319], [24.44955708, 60.13478927], [24.44956879, 60.13478456], [24.44957919, 60.13477914], [24.44958811, 60.1347731], [24.4495954, 60.13476654], [24.44960094, 60.13475957], [24.44960465, 60.1347523], [24.44966385, 60.1345941], [24.44961069, 60.13458943], [24.44951957, 60.13458136], [24.44942804, 60.13457327], [24.44907386, 60.13454193], [24.44895454, 60.13453137], [24.44889627, 60.13452622], [24.44882541, 60.13452021], [24.44875418, 60.13451543], [24.44868265, 60.13451188], [24.44861092, 60.13450957]]]]}, "geometry_name": "geom", "properties": {"id": 374, "kuntanimi": "Kirkkonummi", "kaavatun": "3480", "kaavanimi": "Läntinen Gesterby", "vtulvuosi": "2023", "netkrostal": 8350, "netrivketj": 250, "neterillis": 0, "netyhteens": 8600, "brutyhteen": 30407}}, {"type": "Feature", "id": "voimaantulleetkaavatmal_2020_2023.fid-7dddb29f_19d8b225a81_141f", "geometry": {"type": "MultiPolygon", "coordinates": [[[[24.43732543, 60.12634471], [24.43758371, 60.12606608], [24.43775205, 60.1258845], [24.43767588, 60.12586762], [24.4377548, 60.12578251], [24.43777102, 60.12568124], [24.43764908, 60.1256542], [24.43775492, 60.12498692], [24.43815205, 60.12495598], [24.4383305, 60.12494208], [24.43831281, 60.12490182], [24.43830085, 60.12486104], [24.43829469, 60.12481994], [24.43829437, 60.12477873], [24.43829988, 60.12473761], [24.43831119, 60.12469678], [24.43832825, 60.12465646], [24.43835097, 60.12461683], [24.43837925, 60.12457811], [24.43841293, 60.12454048], [24.43845185, 60.12450413], [24.43849582, 60.12446923], [24.43854462, 60.12443598], [24.438598, 60.12440453], [24.43865569, 60.12437503], [24.43871742, 60.12434765], [24.43876402, 60.1243284], [24.43939633, 60.12406722], [24.44050435, 60.12379934], [24.44049903, 60.12379903], [24.44017281, 60.12377978], [24.43955771, 60.12374387], [24.4389661, 60.12370892], [24.43889488, 60.1237038], [24.4388167, 60.12396768], [24.43826134, 60.12392672], [24.43830422, 60.12345895], [24.43745763, 60.12339681], [24.43726474, 60.12338265], [24.43659346, 60.12318092], [24.43643223, 60.12331417], [24.43614071, 60.12355511], [24.43654256, 60.12367534], [24.43643616, 60.12408581], [24.43613927, 60.12406665], [24.43611944, 60.12413778], [24.43648577, 60.12416215], [24.43636665, 60.12463835], [24.43635371, 60.12469007], [24.43610755, 60.12467385], [24.4360445, 60.12489726], [24.43599264, 60.12488318], [24.43560492, 60.1247775], [24.43493779, 60.12459672], [24.43477956, 60.12458091], [24.43451867, 60.12498151], [24.4345917, 60.12527537], [24.43538577, 60.12549506], [24.43531613, 60.12555788], [24.43547402, 60.12560092], [24.43611819, 60.12562623], [24.43605641, 60.12602448], [24.43605483, 60.12603439], [24.43605469, 60.12603494], [24.43605224, 60.12604472], [24.4360502, 60.12604866], [24.43604876, 60.12605305], [24.43604531, 60.12605811], [24.43603803, 60.12606876], [24.43603656, 60.12607093], [24.43603305, 60.12607417], [24.43601861, 60.1260875], [24.43599534, 60.12610244], [24.43596746, 60.12611521], [24.43593573, 60.1261255], [24.43590103, 60.12613302], [24.4358643, 60.12613757], [24.43582657, 60.12613902], [24.43578888, 60.12613733], [24.43575227, 60.12613255], [24.43571776, 60.1261248], [24.43571364, 60.12612868], [24.43549568, 60.12633425], [24.43551104, 60.12633836], [24.43584728, 60.12642775], [24.43615887, 60.12651048], [24.43684761, 60.12665653], [24.43745414, 60.12678766], [24.43774404, 60.12657914], [24.43721443, 60.12646442], [24.43732543, 60.12634471]]], [[[24.43410187, 60.12573078], [24.4344669, 60.12539742], [24.43452678, 60.12534273], [24.43428209, 60.12527602], [24.43406925, 60.12538289], [24.43393063, 60.12550982], [24.43318754, 60.12533005], [24.43304636, 60.12547534], [24.43342723, 60.12556687], [24.43377601, 60.1256507], [24.43410187, 60.12573078]]]]}, "geometry_name": "geom", "properties": {"id": 375, "kuntanimi": "Kirkkonummi", "kaavatun": "3492", "kaavanimi": "Tallinmäki", "vtulvuosi": "2023", "netkrostal": 28450, "netrivketj": 0, "neterillis": 0, "netyhteens": 28450, "brutyhteen": 32645}}, {"type": "Feature", "id": "voimaantulleetkaavatmal_2020_2023.fid-7dddb29f_19d8b225a81_1420", "geometry": {"type": "Polygon", "coordinates": [[[24.68622235, 60.38660116], [24.68596314, 60.38845564], [24.687288, 60.38827082], [24.68758922, 60.38637396], [24.68766596, 60.38588782], [24.68662336, 60.38606113], [24.6862897, 60.38611659], [24.68628696, 60.38613885], [24.68627445, 60.38622839], [24.68622235, 60.38660116]]]}, "geometry_name": "geom", "properties": {"id": 376, "kuntanimi": "Nurmijärvi", "kaavatun": "543-6-026", "kaavanimi": "Oivankuja", "vtulvuosi": "2023", "netkrostal": 0, "netrivketj": 0, "neterillis": 954, "netyhteens": 954, "brutyhteen": 954}}, {"type": "Feature", "id": "voimaantulleetkaavatmal_2020_2023.fid-7dddb29f_19d8b225a81_1421", "geometry": {"type": "Polygon", "coordinates": [[[24.75662672, 60.37572526], [24.7572214, 60.37590503], [24.75814351, 60.37618378], [24.75841572, 60.37596967], [24.75894656, 60.37552546], [24.75888859, 60.37550904], [24.75731478, 60.37538608], [24.75703385, 60.37540633], [24.75691463, 60.37538482], [24.75671023, 60.37563183], [24.75662672, 60.37572526]]]}, "geometry_name": "geom", "properties": {"id": 377, "kuntanimi": "Nurmijärvi", "kaavatun": "543-3-297", "kaavanimi": "Kyijynpuisto", "vtulvuosi": "2023", "netkrostal": 4000, "netrivketj": 0, "neterillis": 0, "netyhteens": 4000, "brutyhteen": 4000}}, {"type": "Feature", "id": "voimaantulleetkaavatmal_2020_2023.fid-7dddb29f_19d8b225a81_1422", "geometry": {"type": "Polygon", "coordinates": [[[25.10495135, 60.54286188], [25.10470557, 60.54278734], [25.10082665, 60.54161267], [25.09971171, 60.54150477], [25.09985409, 60.54160596], [25.09995451, 60.54163975], [25.09992906, 60.5416598], [25.0996025, 60.54156338], [25.09877162, 60.54131713], [25.09715346, 60.54120801], [25.09644552, 60.54177623], [25.09554001, 60.54243613], [25.09464627, 60.54284367], [25.09373247, 60.54331772], [25.09333402, 60.54316738], [25.09330299, 60.54318168], [25.09329951, 60.54320203], [25.09329001, 60.54325745], [25.09324377, 60.54329713], [25.09320835, 60.54332346], [25.09352003, 60.54344106], [25.09271106, 60.54391182], [25.09239008, 60.54405256], [25.09230707, 60.54458867], [25.09172751, 60.54482008], [25.09165085, 60.54504273], [25.09356186, 60.54571164], [25.09453428, 60.54594876], [25.09814152, 60.54674852], [25.10495135, 60.54286188]]]}, "geometry_name": "geom", "properties": {"id": 378, "kuntanimi": "Tuusula", "kaavatun": "3525", "kaavanimi": "Joenranta", "vtulvuosi": "2023", "netkrostal": 0, "netrivketj": 0, "neterillis": 17544, "netyhteens": 17544, "brutyhteen": 17544}}, {"type": "Feature", "id": "voimaantulleetkaavatmal_2020_2023.fid-7dddb29f_19d8b225a81_1423", "geometry": {"type": "Polygon", "coordinates": [[[25.03933612, 60.40511708], [25.04022437, 60.40503341], [25.04144276, 60.40491554], [25.04172637, 60.40483934], [25.0417219, 60.40478484], [25.04170943, 60.40463271], [25.0416998, 60.40456096], [25.04165325, 60.40441908], [25.04158454, 60.40429593], [25.04154636, 60.40423794], [25.04149867, 60.4041817], [25.04144182, 60.40412758], [25.04138428, 60.40407366], [25.04132018, 60.40402159], [25.04124977, 60.40397155], [25.04119247, 60.40392981], [25.04112148, 60.40388298], [25.04107304, 60.40385318], [25.04083873, 60.4039386], [25.04029787, 60.404169], [25.03922581, 60.40446367], [25.03910109, 60.40444487], [25.03820403, 60.40469134], [25.03786563, 60.40468262], [25.03878805, 60.40550714], [25.03910977, 60.40545978], [25.03923491, 60.40557142], [25.03936138, 60.40545744], [25.03944063, 60.40545881], [25.03933612, 60.40511708]]]}, "geometry_name": "geom", "properties": {"id": 379, "kuntanimi": "Tuusula", "kaavatun": "3569", "kaavanimi": "Lepomäki", "vtulvuosi": "2023", "netkrostal": 2150, "netrivketj": 3310, "neterillis": 0, "netyhteens": 5460, "brutyhteen": 5460}}, {"type": "Feature", "id": "voimaantulleetkaavatmal_2020_2023.fid-7dddb29f_19d8b225a81_1424", "geometry": {"type": "Polygon", "coordinates": [[[24.97861697, 60.39586079], [24.97881699, 60.39610294], [24.97908141, 60.39642331], [24.97943189, 60.39639335], [24.97999062, 60.39640788], [24.98007718, 60.3963653], [24.98029787, 60.39617396], [24.98034848, 60.39615814], [24.98057789, 60.39608564], [24.97957275, 60.3957185], [24.97861697, 60.39586079]]]}, "geometry_name": "geom", "properties": {"id": 380, "kuntanimi": "Tuusula", "kaavatun": "3642", "kaavanimi": "Neitoperho", "vtulvuosi": "2023", "netkrostal": 0, "netrivketj": 709, "neterillis": 0, "netyhteens": 709, "brutyhteen": 709}}, {"type": "Feature", "id": "voimaantulleetkaavatmal_2020_2023.fid-7dddb29f_19d8b225a81_1425", "geometry": {"type": "Polygon", "coordinates": [[[24.29802896, 60.29930954], [24.29200733, 60.30317761], [24.29036622, 60.30387319], [24.29730233, 60.30460027], [24.29829745, 60.3046901], [24.29818532, 60.30486197], [24.30533516, 60.30561552], [24.30654286, 60.30569228], [24.30742008, 60.30572067], [24.30744592, 60.30584883], [24.30800649, 60.30584721], [24.30853835, 60.30584186], [24.30911765, 60.30582081], [24.30956859, 60.305794], [24.31113481, 60.30566303], [24.31185219, 60.30559609], [24.31178255, 60.30533352], [24.31386895, 60.30516062], [24.31392606, 60.30528807], [24.32524023, 60.30432614], [24.32652387, 60.30429865], [24.32779301, 60.30433029], [24.32938332, 60.30452146], [24.32943426, 60.30434461], [24.32993367, 60.30442727], [24.33055942, 60.30450752], [24.33085793, 60.30334498], [24.33005559, 60.30289766], [24.32787618, 60.30188939], [24.32716869, 60.30129399], [24.32620782, 60.30028343], [24.32594118, 60.30007705], [24.32546253, 60.29971836], [24.32632633, 60.29885345], [24.32276376, 60.29813468], [24.319234, 60.29787023], [24.31655322, 60.2979745], [24.31555833, 60.29776395], [24.31407185, 60.29722407], [24.31368807, 60.29698407], [24.31334979, 60.29669518], [24.31287279, 60.29622658], [24.31320605, 60.29577721], [24.31310738, 60.29570718], [24.31079255, 60.29633294], [24.30716895, 60.29689345], [24.29802896, 60.29930954]]]}, "geometry_name": "geom", "properties": {"id": 381, "kuntanimi": "Vihti", "kaavatun": "927-N198", "kaavanimi": "Etelä-Nummelan työpaikka-alue 1 asemakaava", "vtulvuosi": "2023", "netkrostal": 0, "netrivketj": 0, "neterillis": 9613, "netyhteens": 9613, "brutyhteen": 9613}}, {"type": "Feature", "id": "voimaantulleetkaavatmal_2020_2023.fid-7dddb29f_19d8b225a81_1426", "geometry": {"type": "Polygon", "coordinates": [[[24.31512953, 60.33483424], [24.31398648, 60.33534801], [24.31383214, 60.33535994], [24.31423149, 60.33552074], [24.31454492, 60.33564677], [24.31503524, 60.33584392], [24.31545501, 60.33601748], [24.31655885, 60.33556892], [24.31685241, 60.33544963], [24.31762979, 60.33513372], [24.31748649, 60.33505702], [24.31714948, 60.33487663], [24.31707165, 60.33483129], [24.31699852, 60.33478054], [24.31694883, 60.33473981], [24.3168863, 60.33467764], [24.31684133, 60.33462046], [24.31681256, 60.33457353], [24.31676456, 60.33436513], [24.31676545, 60.33435419], [24.31663062, 60.33439277], [24.31654537, 60.3343943], [24.3164215, 60.33440123], [24.31634514, 60.33440835], [24.31622325, 60.33442443], [24.31614993, 60.33443705], [24.31603284, 60.33446219], [24.31586306, 60.33451112], [24.31577171, 60.33454479], [24.31569048, 60.3345801], [24.31564504, 60.33460254], [24.31526366, 60.33477396], [24.31512953, 60.33483424]]]}, "geometry_name": "geom", "properties": {"id": 382, "kuntanimi": "Vihti", "kaavatun": "927-N194", "kaavanimi": "Nummelan korttelia 38 sekä puisto- ja katualueita koskeva asemakaavamuutos", "vtulvuosi": "2023", "netkrostal": 0, "netrivketj": 4850, "neterillis": 0, "netyhteens": 4850, "brutyhteen": 4850}}, {"type": "Feature", "id": "voimaantulleetkaavatmal_2020_2023.fid-7dddb29f_19d8b225a81_1427", "geometry": {"type": "Polygon", "coordinates": [[[24.31099235, 60.32640611], [24.31087357, 60.3273105], [24.31177293, 60.32742707], [24.31214083, 60.32752398], [24.31267581, 60.3276649], [24.31397769, 60.32800797], [24.31501395, 60.32838989], [24.31589932, 60.32799681], [24.31568285, 60.32776779], [24.31529372, 60.32763077], [24.31415086, 60.32659825], [24.31390325, 60.32636699], [24.3136745, 60.32619317], [24.3132299, 60.32587803], [24.31273848, 60.32565642], [24.31209441, 60.32593241], [24.31099235, 60.32640611]]]}, "geometry_name": "geom", "properties": {"id": 383, "kuntanimi": "Vihti", "kaavatun": "927-N170", "kaavanimi": "Asemantien keskustakaavamuutos", "vtulvuosi": "2023", "netkrostal": 0, "netrivketj": 5430, "neterillis": 750, "netyhteens": 6180, "brutyhteen": 6180}}], "totalFeatures": 383, "numberMatched": 383, "numberReturned": 383, "timeStamp": "2026-04-14T08:55:30.905Z", "crs": {"type": "name", "properties": {"name": "urn:ogc:def:crs:EPSG::4326"}}}