{"type": "FeatureCollection", "features": [{"type": "Feature", "id": "pks_postinumeroalueet_2024.1", "geometry": {"type": "Polygon", "coordinates": [[[24.91739095, 60.17663645], [24.91765845, 60.17665807], [24.91805715, 60.17587117], [24.92080901, 60.17625699], [24.92224286, 60.17653967], [24.92234218, 60.17705896], [24.92261244, 60.1770575], [24.92537167, 60.17736568], [24.92707662, 60.17755601], [24.92796396, 60.17765505], [24.92917664, 60.17778674], [24.92974698, 60.17800255], [24.93208186, 60.17891064], [24.93501647, 60.18004571], [24.94351647, 60.17972649], [24.94344259, 60.17773391], [24.94408947, 60.17655041], [24.94429225, 60.17649404], [24.94446582, 60.17645992], [24.94771817, 60.1760735], [24.94995962, 60.17609699], [24.94999623, 60.17583932], [24.94936114, 60.1758345], [24.94764595, 60.17594234], [24.94410974, 60.1763868], [24.94435195, 60.17443519], [24.95034405, 60.17458423], [24.94891423, 60.17299378], [24.94931926, 60.16898901], [24.95097929, 60.16903029], [24.95106906, 60.16789663], [24.94193231, 60.16764388], [24.94352178, 60.16655593], [24.94261671, 60.16623898], [24.9410727, 60.16726779], [24.94093339, 60.16721001], [24.94022841, 60.16769993], [24.93953825, 60.16746357], [24.93968811, 60.16736401], [24.93312194, 60.16506431], [24.93302475, 60.1650298], [24.93171522, 60.16596078], [24.93276167, 60.16632374], [24.93235096, 60.16660572], [24.92804963, 60.16715437], [24.92810334, 60.16730115], [24.92372445, 60.16790391], [24.92342985, 60.16747517], [24.92258501, 60.16757942], [24.92277879, 60.16790381], [24.91596324, 60.16909385], [24.90062381, 60.1699184], [24.8959379, 60.16719103], [24.89516661, 60.16674219], [24.89588168, 60.17625152], [24.90634653, 60.1785363], [24.91210954, 60.17602632], [24.91739095, 60.17663645]]]}, "geometry_name": "geom", "properties": {"posnro": "00100", "postitoimi": "HELSINKI", "postitoiru": "HELSINGFORS", "nimi": "Helsinki Keskusta - Etu-Töölö", "nimiru": "Helsingfors centrum - Främre Tölö", "kunta": "Helsinki", "kunta_nro": "091"}}, {"type": "Feature", "id": "pks_postinumeroalueet_2024.2", "geometry": {"type": "Polygon", "coordinates": [[[24.94093339, 60.16721001], [24.9410727, 60.16726779], [24.94261671, 60.16623898], [24.94352178, 60.16655593], [24.9436923, 60.16637766], [24.94410568, 60.16414035], [24.94609989, 60.16419395], [24.94648172, 60.16097703], [24.94194978, 60.16080352], [24.94145408, 60.16065502], [24.94025375, 60.16148229], [24.93822744, 60.16077706], [24.93780059, 60.16108732], [24.93650644, 60.16064332], [24.93576245, 60.16122744], [24.93431009, 60.16074717], [24.93422459, 60.1608201], [24.93329706, 60.16050388], [24.93283325, 60.16116684], [24.9324915, 60.16105143], [24.93027039, 60.16032775], [24.9249924, 60.15879366], [24.92501499, 60.16073336], [24.92683663, 60.16054005], [24.9270553, 60.161084], [24.92890219, 60.16171113], [24.9298685, 60.16182321], [24.93506181, 60.16364742], [24.93358621, 60.16473129], [24.93312194, 60.16506431], [24.93968811, 60.16736401], [24.93953825, 60.16746357], [24.94022841, 60.16769993], [24.94093339, 60.16721001]]]}, "geometry_name": "geom", "properties": {"posnro": "00120", "postitoimi": "HELSINKI", "postitoiru": "HELSINGFORS", "nimi": "Punavuori", "nimiru": "Rödbergen", "kunta": "Helsinki", "kunta_nro": "091"}}, {"type": "Feature", "id": "pks_postinumeroalueet_2024.3", "geometry": {"type": "Polygon", "coordinates": [[[24.94193231, 60.16764388], [24.95106906, 60.16789663], [24.9538449, 60.16794664], [24.95384435, 60.1671795], [24.95560889, 60.16658584], [24.95804777, 60.16468061], [24.96322153, 60.1625967], [24.95635198, 60.16162258], [24.94846068, 60.16029757], [24.94835417, 60.16103486], [24.94648172, 60.16097703], [24.94609989, 60.16419395], [24.94410568, 60.16414035], [24.9436923, 60.16637766], [24.94352178, 60.16655593], [24.94193231, 60.16764388]]]}, "geometry_name": "geom", "properties": {"posnro": "00130", "postitoimi": "HELSINKI", "postitoiru": "HELSINGFORS", "nimi": "Kaartinkaupunki", "nimiru": "Gardesstaden", "kunta": "Helsinki", "kunta_nro": "091"}}, {"type": "Feature", "id": "pks_postinumeroalueet_2024.4", "geometry": {"type": "Polygon", "coordinates": [[[24.94835417, 60.16103486], [24.94846068, 60.16029757], [24.95635198, 60.16162258], [24.96322153, 60.1625967], [24.96683173, 60.1625955], [24.98725894, 60.16258683], [24.9874209, 60.15867921], [24.9749043, 60.15887812], [24.97050082, 60.15778696], [24.96899276, 60.12658867], [24.94236892, 60.12659502], [24.94544875, 60.15314337], [24.94548537, 60.1538625], [24.94642174, 60.15401197], [24.94575288, 60.15541779], [24.94531921, 60.15536645], [24.94510627, 60.15575994], [24.94478116, 60.15571573], [24.94380798, 60.15780723], [24.94372911, 60.15780235], [24.94371935, 60.1581409], [24.94300038, 60.15811169], [24.94290222, 60.15864183], [24.94300108, 60.15864188], [24.94293208, 60.15917705], [24.9432967, 60.15920135], [24.94323215, 60.15966518], [24.94569282, 60.15973855], [24.9456316, 60.16017123], [24.94656996, 60.16020375], [24.94648172, 60.16097703], [24.94835417, 60.16103486]]]}, "geometry_name": "geom", "properties": {"posnro": "00140", "postitoimi": "HELSINKI", "postitoiru": "HELSINGFORS", "nimi": "Kaivopuisto - Ullanlinna", "nimiru": "Brunnsparken - Ulrikasborg", "kunta": "Helsinki", "kunta_nro": "091"}}, {"type": "Feature", "id": "pks_postinumeroalueet_2024.5", "geometry": {"type": "Polygon", "coordinates": [[[24.94544875, 60.15314337], [24.94236892, 60.12659502], [24.90958281, 60.12659536], [24.90840198, 60.13746154], [24.916647, 60.14662736], [24.92492131, 60.15466849], [24.9249924, 60.15879366], [24.93027039, 60.16032775], [24.9324915, 60.16105143], [24.93283325, 60.16116684], [24.93329706, 60.16050388], [24.93422459, 60.1608201], [24.93431009, 60.16074717], [24.93576245, 60.16122744], [24.93650644, 60.16064332], [24.93780059, 60.16108732], [24.93822744, 60.16077706], [24.94025375, 60.16148229], [24.94145408, 60.16065502], [24.94194978, 60.16080352], [24.94648172, 60.16097703], [24.94656996, 60.16020375], [24.9456316, 60.16017123], [24.94569282, 60.15973855], [24.94323215, 60.15966518], [24.9432967, 60.15920135], [24.94293208, 60.15917705], [24.94300108, 60.15864188], [24.94290222, 60.15864183], [24.94300038, 60.15811169], [24.94371935, 60.1581409], [24.94372911, 60.15780235], [24.94380798, 60.15780723], [24.94478116, 60.15571573], [24.94510627, 60.15575994], [24.94531921, 60.15536645], [24.94575288, 60.15541779], [24.94642174, 60.15401197], [24.94548537, 60.1538625], [24.94544875, 60.15314337]]]}, "geometry_name": "geom", "properties": {"posnro": "00150", "postitoimi": "HELSINKI", "postitoiru": "HELSINGFORS", "nimi": "Eira - Hernesaari", "nimiru": "Eira - Ärtholmen", "kunta": "Helsinki", "kunta_nro": "091"}}, {"type": "Feature", "id": "pks_postinumeroalueet_2024.6", "geometry": {"type": "Polygon", "coordinates": [[[24.96322153, 60.1625967], [24.95804777, 60.16468061], [24.95560889, 60.16658584], [24.95761172, 60.16804815], [24.95772508, 60.16814288], [24.95907246, 60.16926756], [24.96617627, 60.17057442], [24.96897402, 60.17057339], [24.97194632, 60.17057226], [24.97769785, 60.16999955], [24.97859823, 60.16990995], [24.99435931, 60.16625065], [24.99390954, 60.15857582], [24.9874209, 60.15867921], [24.98725894, 60.16258683], [24.96683173, 60.1625955], [24.96322153, 60.1625967]]]}, "geometry_name": "geom", "properties": {"posnro": "00160", "postitoimi": "HELSINKI", "postitoiru": "HELSINGFORS", "nimi": "Katajanokka", "nimiru": "Skatudden", "kunta": "Helsinki", "kunta_nro": "091"}}, {"type": "Feature", "id": "pks_postinumeroalueet_2024.7", "geometry": {"type": "Polygon", "coordinates": [[[24.94344259, 60.17773391], [24.94935115, 60.17635956], [24.95037539, 60.17638005], [24.9511348, 60.17639505], [24.95334126, 60.17709692], [24.95365841, 60.17719791], [24.95485401, 60.17722938], [24.95812193, 60.17731572], [24.96648606, 60.17627892], [24.97682048, 60.17499729], [24.97697754, 60.17454854], [24.97859823, 60.16990995], [24.97769785, 60.16999955], [24.97194632, 60.17057226], [24.96897402, 60.17057339], [24.96617627, 60.17057442], [24.95907246, 60.16926756], [24.95772508, 60.16814288], [24.95761172, 60.16804815], [24.95560889, 60.16658584], [24.95384435, 60.1671795], [24.9538449, 60.16794664], [24.95106906, 60.16789663], [24.95097929, 60.16903029], [24.94931926, 60.16898901], [24.94891423, 60.17299378], [24.95034405, 60.17458423], [24.94435195, 60.17443519], [24.94410974, 60.1763868], [24.94764595, 60.17594234], [24.94936114, 60.1758345], [24.94999623, 60.17583932], [24.94995962, 60.17609699], [24.94771817, 60.1760735], [24.94446582, 60.17645992], [24.94429225, 60.17649404], [24.94408947, 60.17655041], [24.94344259, 60.17773391]]]}, "geometry_name": "geom", "properties": {"posnro": "00170", "postitoimi": "HELSINKI", "postitoiru": "HELSINGFORS", "nimi": "Kruununhaka", "nimiru": "Kronohagen", "kunta": "Helsinki", "kunta_nro": "091"}}, {"type": "Feature", "id": "pks_postinumeroalueet_2024.8", "geometry": {"type": "Polygon", "coordinates": [[[24.92810334, 60.16730115], [24.92804963, 60.16715437], [24.93235096, 60.16660572], [24.93276167, 60.16632374], [24.93171522, 60.16596078], [24.93302475, 60.1650298], [24.93312194, 60.16506431], [24.93358621, 60.16473129], [24.93506181, 60.16364742], [24.9298685, 60.16182321], [24.92890219, 60.16171113], [24.9270553, 60.161084], [24.92683663, 60.16054005], [24.92501499, 60.16073336], [24.9221888, 60.16214644], [24.92151851, 60.16138331], [24.9216313, 60.16075752], [24.92133494, 60.1606543], [24.92122482, 60.16039224], [24.92075811, 60.16036154], [24.92013257, 60.16033235], [24.91976633, 60.16031382], [24.91921372, 60.16028449], [24.91784481, 60.15981828], [24.91747888, 60.15967821], [24.91677772, 60.15943741], [24.91632646, 60.15928804], [24.91550899, 60.15911421], [24.91429567, 60.15868135], [24.91352577, 60.15850798], [24.91255138, 60.1582405], [24.91211144, 60.15811608], [24.91163479, 60.15798122], [24.91151752, 60.15799712], [24.91147044, 60.15803057], [24.91099211, 60.15791716], [24.91054031, 60.15778895], [24.90896582, 60.15731936], [24.90785442, 60.15700373], [24.89721983, 60.15398312], [24.89721948, 60.15755517], [24.89721943, 60.15878364], [24.89516661, 60.16674219], [24.8959379, 60.16719103], [24.90062381, 60.1699184], [24.91596324, 60.16909385], [24.92277879, 60.16790381], [24.92258501, 60.16757942], [24.92342985, 60.16747517], [24.92372445, 60.16790391], [24.92810334, 60.16730115]]]}, "geometry_name": "geom", "properties": {"posnro": "00180", "postitoimi": "HELSINKI", "postitoiru": "HELSINGFORS", "nimi": "Kamppi - Ruoholahti", "nimiru": "Kampen - Gräsviken", "kunta": "Helsinki", "kunta_nro": "091"}}, {"type": "Feature", "id": "pks_postinumeroalueet_2024.9", "geometry": {"type": "Polygon", "coordinates": [[[24.9874209, 60.15867921], [24.99390954, 60.15857582], [24.99485649, 60.14163619], [24.99312035, 60.14009251], [24.99139884, 60.12657927], [24.96899276, 60.12658867], [24.97050082, 60.15778696], [24.9749043, 60.15887812], [24.9874209, 60.15867921]]]}, "geometry_name": "geom", "properties": {"posnro": "00190", "postitoimi": "HELSINKI", "postitoiru": "HELSINGFORS", "nimi": "Suomenlinna", "nimiru": "Sveaborg", "kunta": "Helsinki", "kunta_nro": "091"}}, {"type": "Feature", "id": "pks_postinumeroalueet_2024.10", "geometry": {"type": "Polygon", "coordinates": [[[24.84434854, 60.16542196], [24.84441207, 60.16558476], [24.84440611, 60.16570367], [24.84440549, 60.16571938], [24.84440432, 60.16573948], [24.84439056, 60.16601995], [24.84439056, 60.16602004], [24.84423533, 60.17050534], [24.84423587, 60.17050534], [24.85710098, 60.17189461], [24.86320764, 60.17106391], [24.86319116, 60.17060785], [24.86303032, 60.16887075], [24.87574564, 60.16961155], [24.88222694, 60.17211174], [24.88493068, 60.17368527], [24.89588168, 60.17625152], [24.89516661, 60.16674219], [24.89721943, 60.15878364], [24.89721948, 60.15755517], [24.88606661, 60.15764712], [24.88318288, 60.15600237], [24.8826494, 60.1562436], [24.88119757, 60.15544592], [24.88060409, 60.15525071], [24.87728927, 60.15490778], [24.87711683, 60.15537614], [24.87687299, 60.1558701], [24.87560841, 60.1557324], [24.87599339, 60.15477382], [24.87583178, 60.15479934], [24.87254323, 60.15453557], [24.86622355, 60.15104066], [24.86514627, 60.12658306], [24.82898173, 60.12656185], [24.83513063, 60.13010026], [24.83567476, 60.13041373], [24.8356699, 60.13041345], [24.83567152, 60.13041435], [24.83567204, 60.13041687], [24.83682769, 60.13651841], [24.8380221, 60.14284078], [24.83827209, 60.14416273], [24.8391103, 60.14855438], [24.83914375, 60.14867173], [24.8393636, 60.14988126], [24.83937832, 60.14996242], [24.83939148, 60.15003298], [24.83943519, 60.15026271], [24.84085874, 60.15106971], [24.84091607, 60.1551889], [24.84094175, 60.15702926], [24.84174898, 60.15901596], [24.84317928, 60.16258101], [24.84427968, 60.16524488], [24.84434854, 60.16542196]]]}, "geometry_name": "geom", "properties": {"posnro": "00200", "postitoimi": "HELSINKI", "postitoiru": "HELSINGFORS", "nimi": "Lauttasaari", "nimiru": "Drumsö", "kunta": "Helsinki", "kunta_nro": "091"}}, {"type": "Feature", "id": "pks_postinumeroalueet_2024.11", "geometry": {"type": "Polygon", "coordinates": [[[24.8972201, 60.14662529], [24.89722056, 60.13973042], [24.90399942, 60.13852911], [24.90391113, 60.1265946], [24.86514627, 60.12658306], [24.86622355, 60.15104066], [24.87254323, 60.15453557], [24.87583178, 60.15479934], [24.87599339, 60.15477382], [24.87560841, 60.1557324], [24.87687299, 60.1558701], [24.87711683, 60.15537614], [24.87728927, 60.15490778], [24.88060409, 60.15525071], [24.88119757, 60.15544592], [24.8826494, 60.1562436], [24.88318288, 60.15600237], [24.88606661, 60.15764712], [24.89721948, 60.15755517], [24.89721983, 60.15398312], [24.89722007, 60.14767336], [24.8972201, 60.14662529]]]}, "geometry_name": "geom", "properties": {"posnro": "00210", "postitoimi": "HELSINKI", "postitoiru": "HELSINGFORS", "nimi": "Vattuniemi", "nimiru": "Hallonnäs", "kunta": "Helsinki", "kunta_nro": "091"}}, {"type": "Feature", "id": "pks_postinumeroalueet_2024.12", "geometry": {"type": "Polygon", "coordinates": [[[24.9216313, 60.16075752], [24.92151851, 60.16138331], [24.9221888, 60.16214644], [24.92501499, 60.16073336], [24.9249924, 60.15879366], [24.92492131, 60.15466849], [24.916647, 60.14662736], [24.90840198, 60.13746154], [24.90958281, 60.12659536], [24.90391113, 60.1265946], [24.90399942, 60.13852911], [24.89722056, 60.13973042], [24.8972201, 60.14662529], [24.89722007, 60.14767336], [24.89721983, 60.15398312], [24.90785442, 60.15700373], [24.90896582, 60.15731936], [24.91054031, 60.15778895], [24.91099211, 60.15791716], [24.91147044, 60.15803057], [24.91151752, 60.15799712], [24.91163479, 60.15798122], [24.91211144, 60.15811608], [24.91255138, 60.1582405], [24.91352577, 60.15850798], [24.91429567, 60.15868135], [24.91550899, 60.15911421], [24.91632646, 60.15928804], [24.91677772, 60.15943741], [24.91747888, 60.15967821], [24.91784481, 60.15981828], [24.91921372, 60.16028449], [24.91976633, 60.16031382], [24.92013257, 60.16033235], [24.92075811, 60.16036154], [24.92122482, 60.16039224], [24.92133494, 60.1606543], [24.9216313, 60.16075752]]]}, "geometry_name": "geom", "properties": {"posnro": "00220", "postitoimi": "HELSINKI", "postitoiru": "HELSINGFORS", "nimi": "Jätkäsaari", "nimiru": "Busholmen", "kunta": "Helsinki", "kunta_nro": "091"}}, {"type": "Feature", "id": "pks_postinumeroalueet_2024.13", "geometry": {"type": "Polygon", "coordinates": [[[24.9217071, 60.21133163], [24.91324056, 60.21240027], [24.9146377, 60.21843972], [24.9206269, 60.21723213], [24.92161553, 60.21660094], [24.923134, 60.21640069], [24.92431781, 60.21628648], [24.9217071, 60.21133163]]]}, "geometry_name": "geom", "properties": {"posnro": "00230", "postitoimi": "HELSINKI", "postitoiru": "HELSINGFORS", "nimi": "Ilmala", "nimiru": "Ilmala", "kunta": "Helsinki", "kunta_nro": "091"}}, {"type": "Feature", "id": "pks_postinumeroalueet_2024.14", "geometry": {"type": "Polygon", "coordinates": [[[24.93139342, 60.20627533], [24.93019211, 60.20360156], [24.92976283, 60.20298463], [24.92760141, 60.20288366], [24.92744782, 60.20286581], [24.92722122, 60.20283912], [24.92718336, 60.20283488], [24.92695839, 60.20280863], [24.92670691, 60.20277915], [24.92621532, 60.20272161], [24.92648545, 60.20214931], [24.92699634, 60.2010659], [24.92721481, 60.20060325], [24.92766642, 60.19964609], [24.92771587, 60.1995412], [24.92796747, 60.19900828], [24.92812071, 60.198684], [24.92863149, 60.19760148], [24.92878798, 60.19726938], [24.92928241, 60.19622105], [24.92977031, 60.19518025], [24.93015421, 60.19521887], [24.93170984, 60.19537181], [24.93283156, 60.19297129], [24.92965393, 60.19244691], [24.929381, 60.19287642], [24.9290969, 60.19296414], [24.92872064, 60.19315152], [24.92851911, 60.19331593], [24.92888611, 60.19340741], [24.9287209, 60.19378213], [24.92809721, 60.19409746], [24.9284645, 60.19480573], [24.92823467, 60.19529019], [24.92762923, 60.19540896], [24.92572931, 60.19516692], [24.92460256, 60.19502492], [24.92433444, 60.19473478], [24.92247211, 60.1944017], [24.92048196, 60.19394224], [24.9202651, 60.19550221], [24.91788332, 60.19657054], [24.91127533, 60.20556242], [24.91324056, 60.21240027], [24.9217071, 60.21133163], [24.92431781, 60.21628648], [24.923134, 60.21640069], [24.92161553, 60.21660094], [24.9206269, 60.21723213], [24.92162314, 60.21749229], [24.92237146, 60.21801393], [24.922876, 60.21864277], [24.92326234, 60.21937565], [24.92343561, 60.21981016], [24.92341249, 60.22044093], [24.92915034, 60.22086139], [24.93012666, 60.22089861], [24.9330719, 60.22074979], [24.93323697, 60.22022033], [24.93361797, 60.21943105], [24.93382349, 60.21869598], [24.93392033, 60.21817734], [24.93392203, 60.21814189], [24.93392954, 60.21709689], [24.93373705, 60.21620563], [24.93836488, 60.21576052], [24.93461258, 60.21162512], [24.93139342, 60.20627533]]]}, "geometry_name": "geom", "properties": {"posnro": "00240", "postitoimi": "HELSINKI", "postitoiru": "HELSINGFORS", "nimi": "Länsi-Pasila", "nimiru": "Västra Böle", "kunta": "Helsinki", "kunta_nro": "091"}}, {"type": "Feature", "id": "pks_postinumeroalueet_2024.15", "geometry": {"type": "Polygon", "coordinates": [[[24.88028211, 60.18972223], [24.88165795, 60.19116725], [24.88198011, 60.19150573], [24.88328478, 60.19262585], [24.88858709, 60.19567433], [24.88971562, 60.19540565], [24.89063338, 60.19508904], [24.89194808, 60.19444039], [24.89449344, 60.19333496], [24.89995387, 60.19136792], [24.90038635, 60.19105447], [24.8999672, 60.1908978], [24.89980545, 60.19074124], [24.89978659, 60.19054197], [24.89990064, 60.19038059], [24.90067285, 60.18983519], [24.90116863, 60.18949827], [24.90162594, 60.18900505], [24.90167383, 60.18890537], [24.90304639, 60.18809904], [24.90370336, 60.18827939], [24.9039611, 60.18797109], [24.90702017, 60.18557064], [24.90736347, 60.18538571], [24.90779205, 60.18525282], [24.90836388, 60.18512469], [24.90863974, 60.18547115], [24.90951589, 60.18635376], [24.91043027, 60.18711281], [24.91159246, 60.1878248], [24.9126782, 60.18843217], [24.91191636, 60.18902979], [24.91048255, 60.19114711], [24.91291712, 60.19111454], [24.91393166, 60.19190764], [24.91440263, 60.19296785], [24.92048196, 60.19394224], [24.92247211, 60.1944017], [24.92433444, 60.19473478], [24.92460256, 60.19502492], [24.92572931, 60.19516692], [24.92762923, 60.19540896], [24.92823467, 60.19529019], [24.9284645, 60.19480573], [24.92809721, 60.19409746], [24.9287209, 60.19378213], [24.92888611, 60.19340741], [24.92851911, 60.19331593], [24.92872064, 60.19315152], [24.9290969, 60.19296414], [24.929381, 60.19287642], [24.92965393, 60.19244691], [24.93283156, 60.19297129], [24.93355756, 60.19150426], [24.9364642, 60.18532548], [24.93624825, 60.18516257], [24.93345384, 60.18316542], [24.93076049, 60.1828849], [24.92730232, 60.18182611], [24.92493535, 60.18333652], [24.92021748, 60.18169297], [24.91594887, 60.18043565], [24.90968359, 60.18080716], [24.90634653, 60.1785363], [24.89588168, 60.17625152], [24.88493068, 60.17368527], [24.88222694, 60.17211174], [24.86881524, 60.1776738], [24.87666533, 60.18592285], [24.88028211, 60.18972223]]]}, "geometry_name": "geom", "properties": {"posnro": "00250", "postitoimi": "HELSINKI", "postitoiru": "HELSINGFORS", "nimi": "Taka-Töölö", "nimiru": "Bortre Tölö", "kunta": "Helsinki", "kunta_nro": "091"}}, {"type": "Feature", "id": "pks_postinumeroalueet_2024.16", "geometry": {"type": "Polygon", "coordinates": [[[24.91805715, 60.17587117], [24.91765845, 60.17665807], [24.91739095, 60.17663645], [24.91210954, 60.17602632], [24.90634653, 60.1785363], [24.90968359, 60.18080716], [24.91594887, 60.18043565], [24.92021748, 60.18169297], [24.92493535, 60.18333652], [24.92730232, 60.18182611], [24.93076049, 60.1828849], [24.93345384, 60.18316542], [24.93501647, 60.18004571], [24.93208186, 60.17891064], [24.92974698, 60.17800255], [24.92917664, 60.17778674], [24.92796396, 60.17765505], [24.92707662, 60.17755601], [24.92537167, 60.17736568], [24.92261244, 60.1770575], [24.92234218, 60.17705896], [24.92224286, 60.17653967], [24.92080901, 60.17625699], [24.91805715, 60.17587117]]]}, "geometry_name": "geom", "properties": {"posnro": "00260", "postitoimi": "HELSINKI", "postitoiru": "HELSINGFORS", "nimi": "Keski-Töölö", "nimiru": "Mellersta Tölö", "kunta": "Helsinki", "kunta_nro": "091"}}, {"type": "Feature", "id": "pks_postinumeroalueet_2024.17", "geometry": {"type": "Polygon", "coordinates": [[[24.90143388, 60.19715916], [24.90139619, 60.19746331], [24.90279203, 60.19750347], [24.90282365, 60.19723621], [24.90815827, 60.19737958], [24.90843354, 60.1973891], [24.910446, 60.19741839], [24.91788332, 60.19657054], [24.9202651, 60.19550221], [24.92048196, 60.19394224], [24.91440263, 60.19296785], [24.91393166, 60.19190764], [24.91291712, 60.19111454], [24.91048255, 60.19114711], [24.89995387, 60.19136792], [24.89449344, 60.19333496], [24.89194808, 60.19444039], [24.89063338, 60.19508904], [24.88971562, 60.19540565], [24.88858709, 60.19567433], [24.8906212, 60.19696094], [24.90143388, 60.19715916]]]}, "geometry_name": "geom", "properties": {"posnro": "00270", "postitoimi": "HELSINKI", "postitoiru": "HELSINGFORS", "nimi": "Pohjois-Meilahti", "nimiru": "Norra Mejlans", "kunta": "Helsinki", "kunta_nro": "091"}}, {"type": "Feature", "id": "pks_postinumeroalueet_2024.18", "geometry": {"type": "Polygon", "coordinates": [[[24.90843354, 60.1973891], [24.90815827, 60.19737958], [24.90282365, 60.19723621], [24.90279203, 60.19750347], [24.90139619, 60.19746331], [24.90123817, 60.19875062], [24.89946781, 60.20089136], [24.89897812, 60.20534297], [24.89912205, 60.20797673], [24.90350515, 60.20809864], [24.90631065, 60.2082106], [24.90682678, 60.20802859], [24.90757431, 60.20770492], [24.90669345, 60.20715698], [24.90661249, 60.20708934], [24.90735992, 60.20679933], [24.90688567, 60.20652875], [24.90642627, 60.20579873], [24.90620877, 60.20580531], [24.90568578, 60.20499787], [24.91127533, 60.20556242], [24.91788332, 60.19657054], [24.910446, 60.19741839], [24.90843354, 60.1973891]]]}, "geometry_name": "geom", "properties": {"posnro": "00280", "postitoimi": "HELSINKI", "postitoiru": "HELSINGFORS", "nimi": "Ruskeasuo", "nimiru": "Brunakärr", "kunta": "Helsinki", "kunta_nro": "091"}}, {"type": "Feature", "id": "pks_postinumeroalueet_2024.19", "geometry": {"type": "Polygon", "coordinates": [[[24.90370336, 60.18827939], [24.90304639, 60.18809904], [24.90167383, 60.18890537], [24.90162594, 60.18900505], [24.90116863, 60.18949827], [24.90067285, 60.18983519], [24.89990064, 60.19038059], [24.89978659, 60.19054197], [24.89980545, 60.19074124], [24.8999672, 60.1908978], [24.90038635, 60.19105447], [24.89995387, 60.19136792], [24.91048255, 60.19114711], [24.91191636, 60.18902979], [24.9126782, 60.18843217], [24.91159246, 60.1878248], [24.91043027, 60.18711281], [24.90951589, 60.18635376], [24.90863974, 60.18547115], [24.90836388, 60.18512469], [24.90779205, 60.18525282], [24.90736347, 60.18538571], [24.90702017, 60.18557064], [24.9039611, 60.18797109], [24.90370336, 60.18827939]]]}, "geometry_name": "geom", "properties": {"posnro": "00290", "postitoimi": "HELSINKI", "postitoiru": "HELSINGFORS", "nimi": "Meilahden sairaala-alue", "nimiru": "Mejlans sjukhusområde", "kunta": "Helsinki", "kunta_nro": "091"}}, {"type": "Feature", "id": "pks_postinumeroalueet_2024.20", "geometry": {"type": "Polygon", "coordinates": [[[24.89139349, 60.20139471], [24.89021271, 60.20234773], [24.88434142, 60.20708633], [24.88397085, 60.20738561], [24.88381951, 60.20749776], [24.88454835, 60.20808951], [24.8850465, 60.20828732], [24.88557362, 60.2083988], [24.88637521, 60.20846725], [24.88895283, 60.20860092], [24.8895301, 60.20877005], [24.88985019, 60.20899363], [24.89493168, 60.20833267], [24.89709817, 60.20811016], [24.89912205, 60.20797673], [24.89897812, 60.20534297], [24.89946781, 60.20089136], [24.90123817, 60.19875062], [24.90143388, 60.19715916], [24.8906212, 60.19696094], [24.89065517, 60.19715466], [24.89139349, 60.20139471]]]}, "geometry_name": "geom", "properties": {"posnro": "00300", "postitoimi": "HELSINKI", "postitoiru": "HELSINGFORS", "nimi": "Pikku Huopalahti", "nimiru": "Lillhoplax", "kunta": "Helsinki", "kunta_nro": "091"}}, {"type": "Feature", "id": "pks_postinumeroalueet_2024.21", "geometry": {"type": "Polygon", "coordinates": [[[24.89913511, 60.20883541], [24.89922343, 60.20932078], [24.89948892, 60.20990708], [24.89980507, 60.21038624], [24.90013407, 60.21073285], [24.90055212, 60.21115528], [24.9009699, 60.21149576], [24.90171703, 60.21207576], [24.90297036, 60.21276303], [24.90400901, 60.21360146], [24.90561698, 60.21482452], [24.90679542, 60.21450323], [24.90811275, 60.21404946], [24.91079226, 60.21312144], [24.91324056, 60.21240027], [24.91127533, 60.20556242], [24.90568578, 60.20499787], [24.90620877, 60.20580531], [24.90642627, 60.20579873], [24.90688567, 60.20652875], [24.90735992, 60.20679933], [24.90661249, 60.20708934], [24.90669345, 60.20715698], [24.90757431, 60.20770492], [24.90682678, 60.20802859], [24.90631065, 60.2082106], [24.90350515, 60.20809864], [24.89912205, 60.20797673], [24.89909743, 60.20824292], [24.89913511, 60.20883541]]]}, "geometry_name": "geom", "properties": {"posnro": "00310", "postitoimi": "HELSINKI", "postitoiru": "HELSINGFORS", "nimi": "Kivihaka", "nimiru": "Stenhagen", "kunta": "Helsinki", "kunta_nro": "091"}}, {"type": "Feature", "id": "pks_postinumeroalueet_2024.22", "geometry": {"type": "Polygon", "coordinates": [[[24.88936002, 60.20930888], [24.8878195, 60.21108858], [24.88638102, 60.21241885], [24.88551959, 60.21303696], [24.8854955, 60.21342809], [24.88558824, 60.21367885], [24.88552532, 60.21387599], [24.88528855, 60.21411507], [24.88475442, 60.21427814], [24.88432572, 60.21431268], [24.8796855, 60.2221314], [24.87900995, 60.22332083], [24.88625146, 60.22373822], [24.88733687, 60.22355013], [24.89011704, 60.22303287], [24.89097005, 60.22288396], [24.89637957, 60.2218677], [24.8965155, 60.22184223], [24.89923153, 60.22132168], [24.90052524, 60.22110725], [24.90132189, 60.22094817], [24.90231643, 60.22086032], [24.90421276, 60.22055555], [24.90488383, 60.22039035], [24.90541908, 60.22021904], [24.90583781, 60.22009484], [24.90701392, 60.2199019], [24.9083551, 60.21970304], [24.90906968, 60.21964474], [24.91025996, 60.21959789], [24.91143655, 60.21960972], [24.91274194, 60.21962737], [24.91368811, 60.21958724], [24.9146377, 60.21843972], [24.91324056, 60.21240027], [24.91079226, 60.21312144], [24.90811275, 60.21404946], [24.90679542, 60.21450323], [24.90561698, 60.21482452], [24.90400901, 60.21360146], [24.90297036, 60.21276303], [24.90171703, 60.21207576], [24.9009699, 60.21149576], [24.90055212, 60.21115528], [24.90013407, 60.21073285], [24.89980507, 60.21038624], [24.89948892, 60.20990708], [24.89922343, 60.20932078], [24.89913511, 60.20883541], [24.89909743, 60.20824292], [24.89912205, 60.20797673], [24.89709817, 60.20811016], [24.89493168, 60.20833267], [24.88985019, 60.20899363], [24.88936002, 60.20930888]]]}, "geometry_name": "geom", "properties": {"posnro": "00320", "postitoimi": "HELSINKI", "postitoiru": "HELSINGFORS", "nimi": "Etelä-Haaga", "nimiru": "Södra Haga", "kunta": "Helsinki", "kunta_nro": "091"}}, {"type": "Feature", "id": "pks_postinumeroalueet_2024.23", "geometry": {"type": "Polygon", "coordinates": [[[24.88328478, 60.19262585], [24.88198011, 60.19150573], [24.88165795, 60.19116725], [24.88028211, 60.18972223], [24.87666533, 60.18592285], [24.87576337, 60.18624117], [24.87223169, 60.18748872], [24.87101257, 60.18786289], [24.86990988, 60.18996269], [24.8669604, 60.19431293], [24.84293108, 60.19602322], [24.84298841, 60.19613539], [24.84310736, 60.19636907], [24.84345513, 60.19705044], [24.84396689, 60.1980519], [24.84433291, 60.1987691], [24.84456174, 60.19921742], [24.84594294, 60.2019227], [24.84606461, 60.20216105], [24.84622542, 60.20247591], [24.8464259, 60.20286774], [24.8464318, 60.2028796], [24.84647629, 60.20296653], [24.84669661, 60.20339724], [24.84686923, 60.20373546], [24.84685274, 60.20390678], [24.84684365, 60.20399984], [24.84683853, 60.20405369], [24.84680046, 60.20444578], [24.84675103, 60.2049531], [24.84673816, 60.20504536], [24.84673227, 60.20514659], [24.84672318, 60.20524011], [24.84669872, 60.20549633], [24.85762046, 60.20333887], [24.85978567, 60.20288909], [24.86117909, 60.20265118], [24.86335341, 60.20245768], [24.86488879, 60.2024142], [24.86634049, 60.20246037], [24.86807168, 60.20255347], [24.87013245, 60.2027491], [24.87246086, 60.20298589], [24.87388286, 60.20302755], [24.87536715, 60.20304861], [24.87672765, 60.20304898], [24.87786078, 60.20294681], [24.87893309, 60.20276246], [24.88021132, 60.20247559], [24.88194245, 60.20244537], [24.88367386, 60.20248684], [24.88410661, 60.20233312], [24.88470417, 60.20238453], [24.88526134, 60.20223081], [24.88569402, 60.20225138], [24.88627133, 60.20205666], [24.88658007, 60.20209776], [24.88734248, 60.20219041], [24.89021271, 60.20234773], [24.89139349, 60.20139471], [24.89065517, 60.19715466], [24.8906212, 60.19696094], [24.88858709, 60.19567433], [24.88328478, 60.19262585]]]}, "geometry_name": "geom", "properties": {"posnro": "00330", "postitoimi": "HELSINKI", "postitoiru": "HELSINGFORS", "nimi": "Munkkiniemi", "nimiru": "Munksnäs", "kunta": "Helsinki", "kunta_nro": "091"}}, {"type": "Feature", "id": "pks_postinumeroalueet_2024.24", "geometry": {"type": "Polygon", "coordinates": [[[24.86319116, 60.17060785], [24.86320764, 60.17106391], [24.85710098, 60.17189461], [24.84423587, 60.17050534], [24.84417378, 60.17231966], [24.84416569, 60.17254296], [24.8441569, 60.17280144], [24.84414559, 60.17313496], [24.84414133, 60.17323673], [24.84414071, 60.17325352], [24.84414006, 60.17327649], [24.84372279, 60.17942804], [24.84365038, 60.18078666], [24.84363683, 60.18102108], [24.84283474, 60.19513265], [24.84280654, 60.1956023], [24.84279713, 60.19576053], [24.84293108, 60.19602322], [24.8669604, 60.19431293], [24.86990988, 60.18996269], [24.87101257, 60.18786289], [24.87223169, 60.18748872], [24.87576337, 60.18624117], [24.87666533, 60.18592285], [24.86881524, 60.1776738], [24.88222694, 60.17211174], [24.87574564, 60.16961155], [24.86303032, 60.16887075], [24.86319116, 60.17060785]]]}, "geometry_name": "geom", "properties": {"posnro": "00340", "postitoimi": "HELSINKI", "postitoiru": "HELSINGFORS", "nimi": "Kuusisaari-Lehtisaari", "nimiru": "Granö-Lövö", "kunta": "Helsinki", "kunta_nro": "091"}}, {"type": "Feature", "id": "pks_postinumeroalueet_2024.25", "geometry": {"type": "Polygon", "coordinates": [[[24.88528855, 60.21411507], [24.88552532, 60.21387599], [24.88558824, 60.21367885], [24.8854955, 60.21342809], [24.88551959, 60.21303696], [24.88638102, 60.21241885], [24.8878195, 60.21108858], [24.88936002, 60.20930888], [24.88985019, 60.20899363], [24.8895301, 60.20877005], [24.88895283, 60.20860092], [24.88637521, 60.20846725], [24.88557362, 60.2083988], [24.8850465, 60.20828732], [24.88454835, 60.20808951], [24.88381951, 60.20749776], [24.88397085, 60.20738561], [24.88434142, 60.20708633], [24.89021271, 60.20234773], [24.88734248, 60.20219041], [24.88658007, 60.20209776], [24.88627133, 60.20205666], [24.88569402, 60.20225138], [24.88526134, 60.20223081], [24.88470417, 60.20238453], [24.88410661, 60.20233312], [24.88367386, 60.20248684], [24.88194245, 60.20244537], [24.88021132, 60.20247559], [24.87893309, 60.20276246], [24.87786078, 60.20294681], [24.87672765, 60.20304898], [24.87536715, 60.20304861], [24.87388286, 60.20302755], [24.87246086, 60.20298589], [24.87013245, 60.2027491], [24.86807168, 60.20255347], [24.86634049, 60.20246037], [24.86488879, 60.2024142], [24.86335341, 60.20245768], [24.86117909, 60.20265118], [24.85978567, 60.20288909], [24.85762046, 60.20333887], [24.84669872, 60.20549633], [24.84669872, 60.20549642], [24.84668794, 60.20560474], [24.84666435, 60.2057914], [24.84665554, 60.20593876], [24.84663628, 60.20612417], [24.84658243, 60.20665025], [24.84655607, 60.20696561], [24.84636116, 60.20896421], [24.84632134, 60.20938116], [24.84629519, 60.20965093], [24.84597058, 60.21299183], [24.84595579, 60.21314475], [24.84593931, 60.21331185], [24.86042204, 60.21341225], [24.86042204, 60.21341225], [24.86042204, 60.21341225], [24.85830339, 60.21231617], [24.85914678, 60.21084645], [24.86075417, 60.2101215], [24.86140685, 60.20995641], [24.86165827, 60.20986898], [24.87201012, 60.21079594], [24.87770106, 60.2125787], [24.88074295, 60.21368787], [24.88097757, 60.21390035], [24.88138037, 60.21384515], [24.88211043, 60.21382471], [24.88296538, 60.21383328], [24.88344624, 60.2140439], [24.88390276, 60.21425469], [24.88432572, 60.21431268], [24.88475442, 60.21427814], [24.88528855, 60.21411507]]]}, "geometry_name": "geom", "properties": {"posnro": "00350", "postitoimi": "HELSINKI", "postitoiru": "HELSINGFORS", "nimi": "Munkkivuori-Niemenmäki", "nimiru": "Munkshöjden-Näshöjden", "kunta": "Helsinki", "kunta_nro": "091"}}, {"type": "Feature", "id": "pks_postinumeroalueet_2024.26", "geometry": {"type": "Polygon", "coordinates": [[[24.8643401, 60.21556098], [24.86042204, 60.21341225], [24.84593931, 60.21331185], [24.84595606, 60.21354793], [24.84608549, 60.21537493], [24.84682636, 60.21652903], [24.84719856, 60.21713916], [24.84735163, 60.21739047], [24.84769323, 60.2179503], [24.85031745, 60.21796253], [24.84963782, 60.22018155], [24.85073929, 60.22005086], [24.85678108, 60.21955445], [24.85947727, 60.21972732], [24.86172164, 60.22052418], [24.86180559, 60.22038291], [24.86189214, 60.22026488], [24.86203493, 60.22015831], [24.8622405, 60.22005396], [24.86597137, 60.21868931], [24.86581488, 60.21857758], [24.86535559, 60.2182654], [24.86530216, 60.21822909], [24.86509869, 60.21809084], [24.86479592, 60.21775431], [24.86422919, 60.21712528], [24.8638424, 60.21669505], [24.86379769, 60.21664546], [24.86326116, 60.21604912], [24.86365045, 60.21587307], [24.8643401, 60.21556098]]]}, "geometry_name": "geom", "properties": {"posnro": "00360", "postitoimi": "HELSINKI", "postitoiru": "HELSINGFORS", "nimi": "Pajamäki", "nimiru": "Smedjebacka", "kunta": "Helsinki", "kunta_nro": "091"}}, {"type": "Feature", "id": "pks_postinumeroalueet_2024.27", "geometry": {"type": "Polygon", "coordinates": [[[24.83488828, 60.21852529], [24.8337691, 60.21873069], [24.83358905, 60.21912331], [24.83364422, 60.21913137], [24.83440028, 60.21924271], [24.83519853, 60.21936066], [24.83526059, 60.21961142], [24.83480621, 60.22031497], [24.835568, 60.22036878], [24.83581721, 60.22075539], [24.83457612, 60.22118799], [24.83482382, 60.22111766], [24.83509037, 60.22106746], [24.83536926, 60.22103882], [24.83554303, 60.22103212], [24.83568823, 60.2214362], [24.8357206, 60.22145831], [24.83589051, 60.22157485], [24.83584623, 60.22166176], [24.83655917, 60.22175096], [24.83704028, 60.22209244], [24.83714923, 60.22217003], [24.83678428, 60.22241524], [24.83780386, 60.22288985], [24.83843891, 60.22253304], [24.83915281, 60.22220918], [24.83910294, 60.22211497], [24.83910294, 60.22211497], [24.83910294, 60.22211497], [24.83910294, 60.22211497], [24.83910294, 60.22211497], [24.83876062, 60.2220528], [24.83864652, 60.22203211], [24.83841449, 60.22199611], [24.83818246, 60.22196028], [24.83771241, 60.22189948], [24.83756741, 60.22188683], [24.83756741, 60.22188683], [24.83756741, 60.22188683], [24.83759185, 60.22187034], [24.83759999, 60.22186551], [24.83759999, 60.22186551], [24.83760759, 60.22186067], [24.83761627, 60.22185619], [24.83762496, 60.22185181], [24.83763418, 60.2218476], [24.8376434, 60.22184357], [24.83765316, 60.2218399], [24.83766346, 60.22183615], [24.83767376, 60.22183302], [24.8376846, 60.2218298], [24.83769544, 60.22182694], [24.83770682, 60.22182426], [24.8377182, 60.22182203], [24.83772958, 60.22181971], [24.8377415, 60.22181784], [24.83775341, 60.22181606], [24.83775937, 60.22181544], [24.83776587, 60.22181482], [24.83777778, 60.22181358], [24.83779023, 60.22181279], [24.83780269, 60.22181208], [24.83780864, 60.221812], [24.83781514, 60.22181192], [24.83782705, 60.22181166], [24.83783949, 60.22181204], [24.83785194, 60.22181232], [24.83785843, 60.22181278], [24.83786439, 60.22181315], [24.83787683, 60.22181397], [24.83790063, 60.22181669], [24.83853349, 60.22190264], [24.84010837, 60.22216429], [24.8409826, 60.22225905], [24.84118115, 60.22239086], [24.84010726, 60.22228133], [24.83999777, 60.2227568], [24.84002315, 60.22288177], [24.84033919, 60.22445329], [24.84033969, 60.22468531], [24.83961108, 60.22468694], [24.83860153, 60.22468841], [24.83761417, 60.22469026], [24.83713023, 60.22469092], [24.83683293, 60.2249337], [24.83682488, 60.22513797], [24.83673448, 60.22513795], [24.83658668, 60.22514189], [24.83648867, 60.22514895], [24.8362514, 60.22518205], [24.83602973, 60.22523608], [24.83583125, 60.22530916], [24.83566299, 60.22539907], [24.83553039, 60.22550257], [24.83546996, 60.22556945], [24.83535516, 60.22568706], [24.83528886, 60.22573679], [24.83520143, 60.22579305], [24.83501421, 60.22588455], [24.83479785, 60.22595868], [24.83468077, 60.22598852], [24.83455884, 60.2260134], [24.83432754, 60.22604507], [24.83427629, 60.22622352], [24.83479459, 60.22671315], [24.83538479, 60.22701034], [24.83545721, 60.2270335], [24.83609994, 60.22722116], [24.83684421, 60.22734782], [24.83690266, 60.22735059], [24.8376252, 60.22738468], [24.83829436, 60.22737634], [24.83850161, 60.22761471], [24.83879069, 60.22794473], [24.83892366, 60.22809684], [24.8390997, 60.22829864], [24.83933603, 60.22857044], [24.8400777, 60.22868487], [24.83997156, 60.22913593], [24.83811732, 60.2290258], [24.83792214, 60.22974072], [24.8383706, 60.22981424], [24.83991097, 60.23001455], [24.84090202, 60.23006565], [24.84212802, 60.23012303], [24.84347421, 60.23017937], [24.84535615, 60.2302882], [24.84627407, 60.23035201], [24.84792114, 60.23055935], [24.84901316, 60.23079324], [24.85020414, 60.23117559], [24.85146002, 60.23158171], [24.85319173, 60.23213508], [24.85386539, 60.23235123], [24.85550089, 60.23103939], [24.85721896, 60.23062703], [24.85756999, 60.23095725], [24.86017087, 60.23033973], [24.86146989, 60.23003701], [24.86291682, 60.23047911], [24.86512386, 60.23027961], [24.8657855, 60.23093108], [24.866047, 60.2311963], [24.86625028, 60.23140258], [24.87299246, 60.22737881], [24.87722323, 60.22489321], [24.87814194, 60.22428094], [24.87860104, 60.22382443], [24.87900995, 60.22332083], [24.8796855, 60.2221314], [24.87838149, 60.2221584], [24.87693478, 60.2221287], [24.87545151, 60.22203855], [24.87259549, 60.22197813], [24.87132184, 60.22199144], [24.87028071, 60.22206241], [24.86891195, 60.22216877], [24.86805799, 60.22226441], [24.86293142, 60.22296126], [24.86175934, 60.22108294], [24.86165882, 60.22079041], [24.86172164, 60.22052418], [24.85947727, 60.21972732], [24.85678108, 60.21955445], [24.85073929, 60.22005086], [24.84963782, 60.22018155], [24.85031745, 60.21796253], [24.84769269, 60.2179503], [24.84735163, 60.21739047], [24.84682636, 60.21652903], [24.84608549, 60.21537484], [24.84593931, 60.21331185], [24.84597058, 60.21299183], [24.84629519, 60.20965093], [24.84632134, 60.20938116], [24.84636116, 60.20896421], [24.84234324, 60.2090935], [24.84245123, 60.21083225], [24.84207962, 60.21193255], [24.84206568, 60.21213018], [24.84207761, 60.21223789], [24.84203999, 60.21229709], [24.84192942, 60.21233573], [24.84138346, 60.21244278], [24.84111061, 60.21247181], [24.84092961, 60.21252625], [24.84073934, 60.21259711], [24.84049315, 60.21270451], [24.83990317, 60.21296149], [24.83961994, 60.21311947], [24.83935832, 60.21328206], [24.83894038, 60.21354238], [24.83859458, 60.21376769], [24.83828732, 60.21396603], [24.83801588, 60.21414368], [24.83754986, 60.21438383], [24.83713164, 60.21458455], [24.83676237, 60.21473685], [24.83628953, 60.21492825], [24.83690872, 60.21512423], [24.83552014, 60.21522861], [24.83551886, 60.21526855], [24.83548327, 60.21643162], [24.83547432, 60.21670464], [24.83547173, 60.21679044], [24.83573463, 60.21702889], [24.83604648, 60.21732842], [24.83611008, 60.21738208], [24.83626706, 60.21748182], [24.8364566, 60.21756651], [24.83667329, 60.21763319], [24.83691064, 60.21767989], [24.83716001, 60.21770506], [24.83730557, 60.21770945], [24.83737901, 60.21796049], [24.83708301, 60.21795358], [24.83679307, 60.2179245], [24.83652217, 60.2178757], [24.83636542, 60.2178362], [24.83625518, 60.21780294], [24.83602021, 60.21771317], [24.83594516, 60.21767771], [24.83590194, 60.21766195], [24.83585111, 60.21765318], [24.835797, 60.21765231], [24.83574501, 60.21765933], [24.83569948, 60.21767364], [24.83566474, 60.21769415], [24.83564351, 60.21771871], [24.83563796, 60.21774554], [24.83564812, 60.21777176], [24.83565834, 60.217783], [24.83511886, 60.21798068], [24.83488828, 60.21852529]]]}, "geometry_name": "geom", "properties": {"posnro": "00370", "postitoimi": "HELSINKI", "postitoiru": "HELSINGFORS", "nimi": "Reimarla", "nimiru": "Reimars", "kunta": "Helsinki", "kunta_nro": "091"}}, {"type": "Feature", "id": "pks_postinumeroalueet_2024.28", "geometry": {"type": "Polygon", "coordinates": [[[24.88138037, 60.21384515], [24.88097757, 60.21390035], [24.88074295, 60.21368787], [24.87770106, 60.2125787], [24.87201012, 60.21079594], [24.86165827, 60.20986898], [24.86140685, 60.20995641], [24.86075417, 60.2101215], [24.85914678, 60.21084645], [24.85830339, 60.21231617], [24.86042204, 60.21341225], [24.8643401, 60.21556098], [24.8643401, 60.21556098], [24.86365045, 60.21587307], [24.86326116, 60.21604912], [24.86379769, 60.21664546], [24.8638424, 60.21669505], [24.86422919, 60.21712528], [24.86479592, 60.21775431], [24.86509869, 60.21809084], [24.86530216, 60.21822909], [24.86535559, 60.2182654], [24.86581488, 60.21857758], [24.86597137, 60.21868931], [24.8622405, 60.22005396], [24.86203493, 60.22015831], [24.86189214, 60.22026488], [24.86180559, 60.22038291], [24.86172164, 60.22052418], [24.86165882, 60.22079041], [24.86175934, 60.22108294], [24.86293142, 60.22296126], [24.86805799, 60.22226441], [24.86891195, 60.22216877], [24.87028072, 60.22205963], [24.87132779, 60.22199145], [24.87259549, 60.22197813], [24.87545151, 60.22203855], [24.87691206, 60.2221259], [24.87838149, 60.2221584], [24.8796855, 60.2221314], [24.88432572, 60.21431268], [24.88390276, 60.21425469], [24.88344624, 60.2140439], [24.88296538, 60.21383328], [24.88211043, 60.21382471], [24.88138037, 60.21384515]]]}, "geometry_name": "geom", "properties": {"posnro": "00380", "postitoimi": "HELSINKI", "postitoiru": "HELSINGFORS", "nimi": "Pitäjänmäen teollisuusalue", "nimiru": "Sockenbacka industriområde", "kunta": "Helsinki", "kunta_nro": "091"}}, {"type": "Feature", "id": "pks_postinumeroalueet_2024.29", "geometry": {"type": "Polygon", "coordinates": [[[24.85757, 60.23095438], [24.85722492, 60.23062704], [24.85550089, 60.23103939], [24.85386539, 60.23235123], [24.85319173, 60.23213508], [24.85146004, 60.23157892], [24.85020414, 60.23117559], [24.84901316, 60.23079324], [24.84792114, 60.23055935], [24.84627407, 60.23035201], [24.84535615, 60.2302882], [24.84347424, 60.23017372], [24.84212802, 60.23012303], [24.84090202, 60.23006565], [24.83991098, 60.23001168], [24.8383706, 60.22981424], [24.83792214, 60.22974072], [24.83788249, 60.22987683], [24.83784997, 60.22999482], [24.83784611, 60.23000836], [24.83783728, 60.23004138], [24.83769672, 60.2305494], [24.83767907, 60.23061373], [24.83766143, 60.2306786], [24.83757267, 60.23099918], [24.83725013, 60.23217169], [24.83713159, 60.23260209], [24.83708034, 60.23278198], [24.83706984, 60.23282442], [24.83700706, 60.23303841], [24.83699273, 60.23308874], [24.83699108, 60.23309404], [24.83698502, 60.23311458], [24.83690237, 60.23340295], [24.8368886, 60.23345041], [24.8367729, 60.2338521], [24.83670402, 60.23409157], [24.83662137, 60.23437841], [24.83657343, 60.23454574], [24.83654699, 60.23463752], [24.83648307, 60.23485976], [24.83641915, 60.23508138], [24.83638554, 60.23519837], [24.83635523, 60.23530308], [24.83629131, 60.23552604], [24.83628525, 60.23554587], [24.83628084, 60.23556256], [24.83595954, 60.23668552], [24.8360862, 60.23669519], [24.83693821, 60.23676059], [24.83690026, 60.23687866], [24.83674679, 60.23735811], [24.83668683, 60.23754742], [24.83623457, 60.23897493], [24.83620156, 60.23907928], [24.8361955, 60.23909865], [24.83612124, 60.23932986], [24.83604313, 60.23957138], [24.83601068, 60.23967195], [24.83586985, 60.24010915], [24.83586703, 60.24013194], [24.83586703, 60.24013203], [24.83586419, 60.24015985], [24.83584828, 60.24019977], [24.83582853, 60.24025091], [24.8358225, 60.24026517], [24.8358214, 60.24026849], [24.83574271, 60.24051755], [24.83574216, 60.24051907], [24.83574161, 60.24052033], [24.83566776, 60.24077613], [24.8356617, 60.24079748], [24.83564074, 60.24087213], [24.83557586, 60.24106663], [24.83550826, 60.24126383], [24.83549121, 60.24131488], [24.83545052, 60.24143797], [24.83541753, 60.24153702], [24.83541147, 60.24155604], [24.83539058, 60.24161884], [24.83534443, 60.24174991], [24.83527187, 60.24196299], [24.83520921, 60.24214511], [24.83519822, 60.24217723], [24.83519712, 60.24217974], [24.83517956, 60.24222648], [24.83512195, 60.24237351], [24.83511482, 60.24239172], [24.83506804, 60.24253976], [24.83505538, 60.24257995], [24.83501465, 60.24270942], [24.83494366, 60.24293308], [24.83494146, 60.24293972], [24.8349145, 60.24302361], [24.83490349, 60.24305743], [24.83486529, 60.24322271], [24.83481413, 60.24338016], [24.83435967, 60.24478352], [24.83433549, 60.24485215], [24.83432999, 60.2448683], [24.83403817, 60.24580766], [24.83383003, 60.24647678], [24.83368413, 60.24694278], [24.83355306, 60.24736562], [24.83342366, 60.24778084], [24.83315999, 60.24860606], [24.83307742, 60.24886472], [24.83274821, 60.24989629], [24.83266342, 60.25016338], [24.83250817, 60.25064973], [24.83220371, 60.25160361], [24.83212114, 60.25185769], [24.83207877, 60.25198634], [24.83206942, 60.25201433], [24.83186796, 60.25263319], [24.83178265, 60.25289445], [24.83168136, 60.25320514], [24.83140341, 60.25405295], [24.83140395, 60.25405313], [24.83140395, 60.25405322], [24.83140285, 60.25405574], [24.8323405, 60.25430662], [24.83352381, 60.25462314], [24.83359415, 60.25464199], [24.83369804, 60.25466985], [24.83371665, 60.25473889], [24.83431024, 60.25692971], [24.83470759, 60.25839776], [24.83472301, 60.25845594], [24.83473418, 60.25849877], [24.83546486, 60.25877342], [24.83598506, 60.25888231], [24.83607331, 60.25889732], [24.83684428, 60.25902904], [24.83684807, 60.2590294], [24.83708153, 60.2590488], [24.83727088, 60.25889206], [24.83739037, 60.25883521], [24.83692336, 60.25859948], [24.83726324, 60.25846446], [24.83705855, 60.25832886], [24.83683449, 60.2581647], [24.83664408, 60.25799097], [24.83711778, 60.25785854], [24.83678515, 60.2575185], [24.83783329, 60.25725843], [24.83844088, 60.25711197], [24.83912524, 60.25700115], [24.83921779, 60.25713185], [24.83930622, 60.25710943], [24.83922815, 60.25700836], [24.83996731, 60.25687876], [24.83972828, 60.25678459], [24.83801606, 60.25700572], [24.8379389, 60.25683052], [24.8380408, 60.25682302], [24.83801101, 60.25671187], [24.83798619, 60.25658053], [24.83796636, 60.25642774], [24.83798235, 60.25626109], [24.83799584, 60.25616372], [24.83733026, 60.2560973], [24.83738973, 60.25590404], [24.83745871, 60.2557616], [24.83753573, 60.25563667], [24.83703057, 60.25556398], [24.83723276, 60.25521823], [24.83730689, 60.25512749], [24.83739127, 60.25504798], [24.83750109, 60.25497227], [24.83765645, 60.25489168], [24.83770941, 60.25491831], [24.83797158, 60.25482269], [24.83820099, 60.25477621], [24.83841405, 60.25475116], [24.83859235, 60.25474132], [24.83882096, 60.25474671], [24.83904191, 60.25476951], [24.83921188, 60.25480023], [24.83936177, 60.25483946], [24.83953649, 60.25489774], [24.83969648, 60.2549762], [24.8398558, 60.25508131], [24.83989411, 60.25511537], [24.83995983, 60.25519246], [24.84001252, 60.2552759], [24.84004509, 60.25537566], [24.84005001, 60.25547682], [24.84002628, 60.25556645], [24.84013285, 60.2556006], [24.8403041, 60.25548089], [24.84049477, 60.25538132], [24.8406832, 60.25529439], [24.8409508, 60.25519365], [24.84050109, 60.25519446], [24.84049926, 60.25501378], [24.84053003, 60.25492676], [24.84058892, 60.25484856], [24.84069116, 60.25477033], [24.84080306, 60.25471105], [24.84096369, 60.25465963], [24.84102395, 60.2547456], [24.84129891, 60.25469145], [24.84122295, 60.25460053], [24.84157102, 60.25455418], [24.84186864, 60.25451792], [24.84203396, 60.25450546], [24.84219221, 60.25449515], [24.8425271, 60.25448459], [24.84253089, 60.25471033], [24.84264034, 60.25471046], [24.84265334, 60.25448429], [24.8429892, 60.25449528], [24.84330334, 60.25451845], [24.84347609, 60.25453687], [24.84380259, 60.25458016], [24.84365527, 60.25479558], [24.8437262, 60.25480616], [24.84387133, 60.25459317], [24.84409868, 60.25463813], [24.84438064, 60.2547056], [24.84466848, 60.25479012], [24.84494001, 60.25488486], [24.84520282, 60.25499305], [24.84530323, 60.25495592], [24.84525142, 60.25491341], [24.84537136, 60.25487064], [24.84566163, 60.2547859], [24.845897, 60.25473663], [24.84619736, 60.25469416], [24.84646131, 60.25467418], [24.84661576, 60.25466709], [24.84670246, 60.25385358], [24.84685559, 60.25331487], [24.84713866, 60.25267921], [24.84750813, 60.25221606], [24.84837802, 60.2510849], [24.84892161, 60.25044944], [24.84918249, 60.25002942], [24.84928035, 60.24971764], [24.848322, 60.24960812], [24.84864322, 60.24890841], [24.84870883, 60.24854203], [24.84788729, 60.24756098], [24.84793168, 60.24721611], [24.84875678, 60.24648385], [24.84907941, 60.24511718], [24.84926078, 60.24501678], [24.85025879, 60.24435678], [24.85037864, 60.24420604], [24.85557809, 60.24093463], [24.85642095, 60.24040169], [24.85810272, 60.23935221], [24.85834438, 60.23944806], [24.85850225, 60.23951052], [24.86007838, 60.23882665], [24.86083307, 60.23836808], [24.86140047, 60.2380137], [24.86281431, 60.23713101], [24.86332099, 60.2373017], [24.86382648, 60.23750273], [24.86415388, 60.23729439], [24.86379158, 60.23716971], [24.86388661, 60.23710474], [24.86467308, 60.23679634], [24.86564058, 60.23657429], [24.86605495, 60.23601446], [24.86540586, 60.23531525], [24.86544003, 60.2346416], [24.86404272, 60.2345839], [24.86314911, 60.23449933], [24.86211058, 60.23436677], [24.8613584, 60.23425801], [24.86625028, 60.23140258], [24.866047, 60.2311963], [24.86578548, 60.23093674], [24.86512386, 60.23027961], [24.86291682, 60.23047911], [24.86146394, 60.23003413], [24.86017087, 60.23033973], [24.85757, 60.23095438]]]}, "geometry_name": "geom", "properties": {"posnro": "00390", "postitoimi": "HELSINKI", "postitoiru": "HELSINGFORS", "nimi": "Konala", "nimiru": "Kånala", "kunta": "Helsinki", "kunta_nro": "091"}}, {"type": "Feature", "id": "pks_postinumeroalueet_2024.30", "geometry": {"type": "Polygon", "coordinates": [[[24.91368811, 60.21958724], [24.91274194, 60.21962737], [24.91143655, 60.21960972], [24.91025996, 60.21959789], [24.90906968, 60.21964474], [24.9083551, 60.21970304], [24.90701392, 60.2199019], [24.90583781, 60.22009484], [24.90541908, 60.22021904], [24.90488383, 60.22039035], [24.90421276, 60.22055555], [24.90231643, 60.22086032], [24.90132189, 60.22094817], [24.90052524, 60.22110725], [24.89923153, 60.22132168], [24.8965155, 60.22184223], [24.89637957, 60.2218677], [24.89097005, 60.22288396], [24.89011704, 60.22303287], [24.88733687, 60.22355013], [24.88625146, 60.22373822], [24.88508464, 60.22708126], [24.88596357, 60.22776756], [24.88688744, 60.22862191], [24.8866313, 60.23005236], [24.88663284, 60.23038894], [24.88645218, 60.23081036], [24.88660977, 60.23111153], [24.88669153, 60.23126804], [24.88669213, 60.23140715], [24.88716245, 60.23193028], [24.88978979, 60.23231995], [24.88917144, 60.23297024], [24.89062067, 60.23319888], [24.89107918, 60.23339115], [24.89175596, 60.23340328], [24.89583826, 60.23382462], [24.8966841, 60.23380078], [24.89736031, 60.23382482], [24.89755407, 60.23384902], [24.89774713, 60.23410129], [24.89731181, 60.23426951], [24.89714289, 60.23443767], [24.89669006, 60.23483205], [24.89810648, 60.23503222], [24.89982204, 60.23533788], [24.90250899, 60.23256865], [24.91104641, 60.22277875], [24.91368811, 60.21958724]]]}, "geometry_name": "geom", "properties": {"posnro": "00400", "postitoimi": "HELSINKI", "postitoiru": "HELSINGFORS", "nimi": "Pohjois-Haaga", "nimiru": "Norra Haga", "kunta": "Helsinki", "kunta_nro": "091"}}, {"type": "Feature", "id": "pks_postinumeroalueet_2024.35", "geometry": {"type": "Polygon", "coordinates": [[[24.96264227, 60.18313063], [24.96309878, 60.18341007], [24.96240309, 60.18379654], [24.96003957, 60.18457608], [24.95875176, 60.18498138], [24.95806296, 60.18456407], [24.95738739, 60.18438372], [24.9552227, 60.18434064], [24.95539814, 60.18453987], [24.95466039, 60.18476454], [24.95446032, 60.18478332], [24.95387234, 60.1849891], [24.95382572, 60.18546434], [24.9532472, 60.1854688], [24.9531239, 60.18700786], [24.95269474, 60.19141823], [24.95349608, 60.19108588], [24.95376781, 60.19127608], [24.95433426, 60.19107495], [24.95531341, 60.19079346], [24.95703845, 60.19034239], [24.9567295, 60.19007356], [24.95660795, 60.18998826], [24.95886707, 60.18962368], [24.95886289, 60.18950134], [24.96106691, 60.18950658], [24.96145608, 60.19055592], [24.9623707, 60.19084609], [24.96412623, 60.18961793], [24.96398395, 60.18919085], [24.97016096, 60.18824969], [24.96815033, 60.18629483], [24.96580771, 60.18460534], [24.96335831, 60.18289837], [24.96264227, 60.18313063]]]}, "geometry_name": "geom", "properties": {"posnro": "00500", "postitoimi": "HELSINKI", "postitoiru": "HELSINGFORS", "nimi": "Sörnäinen", "nimiru": "Sörnäs", "kunta": "Helsinki", "kunta_nro": "091"}}, {"type": "Feature", "id": "pks_postinumeroalueet_2024.36", "geometry": {"type": "Polygon", "coordinates": [[[24.93893126, 60.19258802], [24.93846576, 60.19282009], [24.93969396, 60.19307017], [24.94107509, 60.19249314], [24.94144949, 60.19270054], [24.94082005, 60.19297644], [24.94204155, 60.19367203], [24.94323757, 60.19317657], [24.94584477, 60.19478722], [24.94364203, 60.19572791], [24.94377881, 60.19607801], [24.94764578, 60.19642856], [24.94754817, 60.19692881], [24.94860552, 60.19797512], [24.95506651, 60.19537882], [24.95630252, 60.19480732], [24.96060948, 60.19264533], [24.9623707, 60.19084609], [24.96145608, 60.19055592], [24.96106691, 60.18950658], [24.95886289, 60.18950134], [24.95886707, 60.18962368], [24.95660795, 60.18998826], [24.9567295, 60.19007356], [24.95703845, 60.19034239], [24.95531341, 60.19079346], [24.95433426, 60.19107495], [24.95376781, 60.19127608], [24.95349608, 60.19108588], [24.95269474, 60.19141823], [24.9531239, 60.18700786], [24.95161009, 60.18692726], [24.95099636, 60.18659718], [24.94345213, 60.18633704], [24.9364642, 60.18532548], [24.93355756, 60.19150426], [24.93761004, 60.19178366], [24.93893126, 60.19258802]]]}, "geometry_name": "geom", "properties": {"posnro": "00510", "postitoimi": "HELSINKI", "postitoiru": "HELSINGFORS", "nimi": "Etu-Vallila - Alppila", "nimiru": "Främre Vallgård - Alphyddan", "kunta": "Helsinki", "kunta_nro": "091"}}, {"type": "Feature", "id": "pks_postinumeroalueet_2024.37", "geometry": {"type": "Polygon", "coordinates": [[[24.94493327, 60.2004102], [24.94507912, 60.20020096], [24.94536946, 60.1999512], [24.9469506, 60.19889607], [24.94772001, 60.19838603], [24.94860552, 60.19797512], [24.94754817, 60.19692881], [24.94764578, 60.19642856], [24.94377881, 60.19607801], [24.94364203, 60.19572791], [24.94584477, 60.19478722], [24.94323757, 60.19317657], [24.94204155, 60.19367203], [24.94082005, 60.19297644], [24.94144949, 60.19270054], [24.94107509, 60.19249314], [24.93969396, 60.19307017], [24.93846576, 60.19282009], [24.93893126, 60.19258802], [24.93761004, 60.19178366], [24.93355756, 60.19150426], [24.93283156, 60.19297129], [24.93170984, 60.19537181], [24.93015421, 60.19521887], [24.92977031, 60.19518025], [24.92928241, 60.19622105], [24.92878798, 60.19726938], [24.92863149, 60.19760148], [24.92812071, 60.198684], [24.92796747, 60.19900828], [24.92771587, 60.1995412], [24.92766642, 60.19964609], [24.92721481, 60.20060325], [24.92699634, 60.2010659], [24.92648545, 60.20214931], [24.92621532, 60.20272161], [24.92670691, 60.20277915], [24.92695839, 60.20280863], [24.92718336, 60.20283488], [24.92722122, 60.20283912], [24.92744782, 60.20286581], [24.92760141, 60.20288366], [24.92976283, 60.20298463], [24.93019211, 60.20360156], [24.93139342, 60.20627533], [24.93884647, 60.20590497], [24.94431503, 60.20582633], [24.94414737, 60.20452195], [24.94539216, 60.20452301], [24.9453075, 60.20273184], [24.94988927, 60.20241189], [24.95017084, 60.20293786], [24.95324235, 60.20371239], [24.95381748, 60.20364931], [24.95376559, 60.20323939], [24.95363688, 60.20320739], [24.95364977, 60.20289344], [24.95335343, 60.20282306], [24.95346888, 60.2026566], [24.95364819, 60.20248138], [24.95298596, 60.2021837], [24.95300335, 60.20212151], [24.95252517, 60.20174643], [24.95257502, 60.20168865], [24.952303, 60.20126545], [24.95281008, 60.20110192], [24.95320135, 60.20097569], [24.95197388, 60.20069315], [24.95151375, 60.20056356], [24.95146454, 60.2005516], [24.95048057, 60.20023234], [24.94912798, 60.19973818], [24.94922776, 60.19992078], [24.94920809, 60.20004948], [24.94910892, 60.200169], [24.94895945, 60.20028625], [24.94867796, 60.20042391], [24.94811736, 60.20056003], [24.94788848, 60.2006102], [24.94708286, 60.20073545], [24.94651979, 60.20071835], [24.94574813, 60.20058475], [24.94537586, 60.2006582], [24.94485498, 60.20065026], [24.94493327, 60.2004102]]]}, "geometry_name": "geom", "properties": {"posnro": "00520", "postitoimi": "HELSINKI", "postitoiru": "HELSINGFORS", "nimi": "Itä-Pasila", "nimiru": "Östra Böle", "kunta": "Helsinki", "kunta_nro": "091"}}, {"type": "Feature", "id": "pks_postinumeroalueet_2024.31", "geometry": {"type": "Polygon", "coordinates": [[[24.84685559, 60.25331487], [24.84670246, 60.25385358], [24.84661576, 60.25466709], [24.84646131, 60.25467418], [24.84619736, 60.25469416], [24.845897, 60.25473663], [24.84566163, 60.2547859], [24.84537136, 60.25487064], [24.84525142, 60.25491341], [24.84530323, 60.25495592], [24.84520282, 60.25499305], [24.84494001, 60.25488486], [24.84466848, 60.25479012], [24.84438064, 60.2547056], [24.84409868, 60.25463813], [24.84387133, 60.25459317], [24.8437262, 60.25480616], [24.84365527, 60.25479558], [24.84380259, 60.25458016], [24.84347609, 60.25453687], [24.84330334, 60.25451845], [24.8429892, 60.25449528], [24.84265334, 60.25448429], [24.84264034, 60.25471046], [24.84253089, 60.25471033], [24.8425271, 60.25448459], [24.84219221, 60.25449515], [24.84203396, 60.25450546], [24.84186864, 60.25451792], [24.84157102, 60.25455418], [24.84122295, 60.25460053], [24.84129891, 60.25469145], [24.84102395, 60.2547456], [24.84096369, 60.25465963], [24.84080306, 60.25471105], [24.84069116, 60.25477033], [24.84058892, 60.25484856], [24.84053003, 60.25492676], [24.84049926, 60.25501378], [24.84050109, 60.25519446], [24.8409508, 60.25519365], [24.8406832, 60.25529439], [24.84049477, 60.25538132], [24.8403041, 60.25548089], [24.84013285, 60.2556006], [24.84002628, 60.25556645], [24.84005001, 60.25547682], [24.84004509, 60.25537566], [24.84001252, 60.2552759], [24.83995983, 60.25519246], [24.83989411, 60.25511537], [24.8398558, 60.25508131], [24.83969648, 60.2549762], [24.83953649, 60.25489774], [24.83936177, 60.25483946], [24.83921188, 60.25480023], [24.83904191, 60.25476951], [24.83882096, 60.25474671], [24.83859235, 60.25474132], [24.83841405, 60.25475116], [24.83820099, 60.25477621], [24.83797158, 60.25482269], [24.83770941, 60.25491831], [24.83765645, 60.25489168], [24.83750109, 60.25497227], [24.83739127, 60.25504798], [24.83730689, 60.25512749], [24.83723276, 60.25521823], [24.83703057, 60.25556398], [24.83753573, 60.25563667], [24.83745871, 60.2557616], [24.83738973, 60.25590404], [24.83733026, 60.2560973], [24.83799584, 60.25616372], [24.83798235, 60.25626109], [24.83796636, 60.25642774], [24.83798619, 60.25658053], [24.83801101, 60.25671187], [24.8380408, 60.25682302], [24.8379389, 60.25683052], [24.83801606, 60.25700572], [24.83972828, 60.25678459], [24.83996731, 60.25687876], [24.83922815, 60.25700836], [24.83930622, 60.25710943], [24.83921779, 60.25713185], [24.83912524, 60.25700115], [24.83844088, 60.25711197], [24.83783329, 60.25725843], [24.83678515, 60.2575185], [24.83711778, 60.25785854], [24.83664408, 60.25799097], [24.83683449, 60.2581647], [24.83705855, 60.25832886], [24.83726324, 60.25846446], [24.83692336, 60.25859948], [24.83739037, 60.25883521], [24.83727088, 60.25889206], [24.83708153, 60.2590488], [24.83771309, 60.25910119], [24.8386419, 60.25909648], [24.84254011, 60.25798104], [24.84503224, 60.25726792], [24.84638, 60.25688211], [24.85522861, 60.25434889], [24.85661519, 60.2539518], [24.8568414, 60.25388715], [24.85687069, 60.25387866], [24.85692548, 60.25386283], [24.85733884, 60.25374453], [24.85748259, 60.2537034], [24.85764913, 60.25365565], [24.85781458, 60.25360826], [24.85882815, 60.25350774], [24.85889916, 60.25350063], [24.85904984, 60.25348572], [24.86026667, 60.25336494], [24.86193606, 60.2531992], [24.86205421, 60.25318739], [24.86219785, 60.25317318], [24.86249324, 60.25314387], [24.86249594, 60.25314521], [24.86249648, 60.25314521], [24.86264413, 60.25320811], [24.86298214, 60.25335179], [24.86301729, 60.25336628], [24.86334125, 60.25350447], [24.86386423, 60.25372652], [24.86389235, 60.25373849], [24.86430934, 60.25391636], [24.86433379, 60.25389843], [24.86443487, 60.25382521], [24.86451373, 60.25375259], [24.86451481, 60.25375151], [24.86452187, 60.25374784], [24.86463045, 60.25369481], [24.86486757, 60.25360674], [24.86497226, 60.2535766], [24.86507966, 60.25354556], [24.86520502, 60.25349606], [24.86542658, 60.25337107], [24.86551234, 60.25333266], [24.8655308, 60.25332415], [24.86562027, 60.25330351], [24.86575362, 60.25328749], [24.86592107, 60.25327769], [24.86608683, 60.25328432], [24.86648773, 60.25328715], [24.86662104, 60.25328127], [24.86662375, 60.25328109], [24.86677178, 60.25324902], [24.86682872, 60.25323687], [24.86706245, 60.25318218], [24.86708253, 60.25317277], [24.86713736, 60.25314671], [24.86728417, 60.25301465], [24.86741038, 60.25288616], [24.86745118, 60.25284491], [24.86745499, 60.25284115], [24.86747403, 60.25282151], [24.86753721, 60.25273972], [24.86759004, 60.25267084], [24.86760868, 60.25261665], [24.86760821, 60.25259816], [24.86760681, 60.25254134], [24.86762317, 60.2525165], [24.8676308, 60.25250502], [24.86769872, 60.25245563], [24.86781757, 60.2524045], [24.8678751, 60.2523796], [24.86993325, 60.25143124], [24.8705037, 60.2511602], [24.87104057, 60.2510225], [24.87127286, 60.25091458], [24.87197012, 60.250765], [24.87253992, 60.25065291], [24.87466965, 60.25061159], [24.87555669, 60.25041389], [24.87618702, 60.25019225], [24.87680887, 60.24991674], [24.877702, 60.24953019], [24.8782992, 60.24932359], [24.87854676, 60.24917824], [24.87889377, 60.24894753], [24.87890609, 60.24883804], [24.87908429, 60.24869729], [24.87905451, 60.24854729], [24.87898822, 60.2483075], [24.87881976, 60.24815889], [24.87799385, 60.24767149], [24.87742133, 60.24737002], [24.87518829, 60.24628856], [24.87307879, 60.24523394], [24.87138887, 60.24412412], [24.87019, 60.24336364], [24.86876217, 60.24258049], [24.86709289, 60.24165948], [24.86547904, 60.24044914], [24.86487948, 60.23993335], [24.86471426, 60.23968142], [24.8647118, 60.2393575], [24.8638112, 60.23896588], [24.86140047, 60.2380137], [24.86083307, 60.23836808], [24.86007838, 60.23882665], [24.85850225, 60.23951052], [24.85834438, 60.23944806], [24.85810272, 60.23935221], [24.85642095, 60.24040169], [24.85557809, 60.24093463], [24.85037864, 60.24420604], [24.85025879, 60.24435678], [24.84926078, 60.24501678], [24.84907941, 60.24511718], [24.84875678, 60.24648385], [24.84793168, 60.24721611], [24.84788729, 60.24756098], [24.84870883, 60.24854203], [24.84864322, 60.24890841], [24.848322, 60.24960812], [24.84928035, 60.24971764], [24.84918249, 60.25002942], [24.84892161, 60.25044944], [24.84837802, 60.2510849], [24.84750813, 60.25221606], [24.84713866, 60.25267921], [24.84685559, 60.25331487]]]}, "geometry_name": "geom", "properties": {"posnro": "00410", "postitoimi": "HELSINKI", "postitoiru": "HELSINGFORS", "nimi": "Malminkartano", "nimiru": "Malmgård", "kunta": "Helsinki", "kunta_nro": "091"}}, {"type": "Feature", "id": "pks_postinumeroalueet_2024.32", "geometry": {"type": "Polygon", "coordinates": [[[24.87908429, 60.24869729], [24.87890609, 60.24883804], [24.87889377, 60.24894753], [24.87854676, 60.24917824], [24.8782992, 60.24932359], [24.877702, 60.24953019], [24.87680887, 60.24991674], [24.87618702, 60.25019225], [24.87555669, 60.25041389], [24.87466965, 60.25061159], [24.87253992, 60.25065291], [24.87197012, 60.250765], [24.87127286, 60.25091458], [24.87104057, 60.2510225], [24.8705037, 60.2511602], [24.86993325, 60.25143124], [24.8678751, 60.2523796], [24.8684228, 60.25292603], [24.86876492, 60.2532668], [24.86879577, 60.25327419], [24.86890619, 60.2533006], [24.86907832, 60.2533417], [24.86913083, 60.25335422], [24.86976086, 60.25350446], [24.87021607, 60.2536136], [24.87025234, 60.25362234], [24.87029618, 60.25363306], [24.87060146, 60.25370723], [24.87070051, 60.25373129], [24.87127156, 60.25386827], [24.87146913, 60.25391567], [24.87241692, 60.25414375], [24.87289135, 60.25474878], [24.87304555, 60.25494441], [24.87325906, 60.25521567], [24.87356314, 60.25560406], [24.87363054, 60.25569028], [24.87405864, 60.25623863], [24.87411686, 60.25631462], [24.87413789, 60.25634193], [24.87414598, 60.25635252], [24.87415083, 60.25635926], [24.87440639, 60.25668917], [24.87462152, 60.25696698], [24.87468892, 60.25705311], [24.87471319, 60.25708392], [24.87475687, 60.25713997], [24.87487872, 60.25729661], [24.87500111, 60.25745703], [24.87506958, 60.25754712], [24.87521355, 60.25773241], [24.87535591, 60.2579151], [24.87551063, 60.25812437], [24.8755446, 60.25816749], [24.87559314, 60.25822812], [24.87562226, 60.25826566], [24.87563143, 60.25827698], [24.87583312, 60.25853198], [24.87605153, 60.25880844], [24.87606016, 60.25881967], [24.87608335, 60.25884895], [24.87672031, 60.25964431], [24.87674026, 60.25966892], [24.87683573, 60.25978811], [24.87691501, 60.2598879], [24.87699484, 60.25998706], [24.87702451, 60.26002443], [24.87713184, 60.26015844], [24.87802049, 60.25886358], [24.87888155, 60.25783167], [24.88010077, 60.25648548], [24.885359, 60.25082786], [24.89515383, 60.24027126], [24.89824608, 60.23698555], [24.89982204, 60.23533788], [24.89810648, 60.23503222], [24.89669006, 60.23483205], [24.8944198, 60.23461297], [24.89269597, 60.23454625], [24.89020745, 60.23452214], [24.88489337, 60.23454303], [24.87967449, 60.23458965], [24.8675462, 60.2346815], [24.86613787, 60.2346704], [24.86544003, 60.2346416], [24.86540586, 60.23531525], [24.86605495, 60.23601446], [24.86564058, 60.23657429], [24.86467308, 60.23679634], [24.86388661, 60.23710474], [24.86379158, 60.23716971], [24.86415388, 60.23729439], [24.86382648, 60.23750273], [24.86332099, 60.2373017], [24.86281431, 60.23713101], [24.86140047, 60.2380137], [24.8638112, 60.23896588], [24.8647118, 60.2393575], [24.86471426, 60.23968142], [24.86487948, 60.23993335], [24.86547904, 60.24044914], [24.86709289, 60.24165948], [24.86876217, 60.24258049], [24.87019, 60.24336364], [24.87138887, 60.24412412], [24.87307879, 60.24523394], [24.87518829, 60.24628856], [24.87742133, 60.24737002], [24.87799385, 60.24767149], [24.87881976, 60.24815889], [24.87898822, 60.2483075], [24.87905451, 60.24854729], [24.87908429, 60.24869729]]]}, "geometry_name": "geom", "properties": {"posnro": "00420", "postitoimi": "HELSINKI", "postitoiru": "HELSINGFORS", "nimi": "Kannelmäki", "nimiru": "Gamlas", "kunta": "Helsinki", "kunta_nro": "091"}}, {"type": "Feature", "id": "pks_postinumeroalueet_2024.33", "geometry": {"type": "Polygon", "coordinates": [[[24.87802049, 60.25886358], [24.87713184, 60.26015844], [24.87713238, 60.26015862], [24.87720573, 60.2602505], [24.87722407, 60.2602735], [24.8772532, 60.2603096], [24.87738521, 60.26036645], [24.87739171, 60.26036852], [24.87741336, 60.26037545], [24.87743986, 60.26038786], [24.87752209, 60.26042671], [24.8775724, 60.26044821], [24.87763083, 60.26047303], [24.87763517, 60.26047412], [24.8776395, 60.2604752], [24.87789595, 60.26058538], [24.87808694, 60.2606675], [24.87883035, 60.26098384], [24.87887147, 60.26100165], [24.87889852, 60.26101316], [24.87894234, 60.26103295], [24.87920692, 60.26114556], [24.87923181, 60.26115627], [24.88800548, 60.26492775], [24.88820626, 60.26501516], [24.88861971, 60.26519547], [24.88870738, 60.26523377], [24.88891251, 60.2653176], [24.88891359, 60.26531814], [24.89034453, 60.26593297], [24.8910638, 60.26624509], [24.89140639, 60.26639382], [24.89247814, 60.26715311], [24.89252678, 60.26736075], [24.89257923, 60.26756265], [24.89269058, 60.26798835], [24.89277242, 60.26832274], [24.89279274, 60.26840533], [24.89279863, 60.26842885], [24.89282377, 60.26853182], [24.89282431, 60.26853182], [24.89282593, 60.26853182], [24.89283461, 60.26853165], [24.89283461, 60.26853246], [24.89321406, 60.2685237], [24.89431934, 60.26850062], [24.89496758, 60.26850921], [24.89535512, 60.26851436], [24.8953562, 60.26851436], [24.89583203, 60.26853924], [24.89611818, 60.26855427], [24.89660428, 60.26858633], [24.8970091, 60.26861286], [24.89701181, 60.26861313], [24.8977645, 60.26867537], [24.89778563, 60.26867754], [24.89814701, 60.26873059], [24.89854899, 60.26879714], [24.89897749, 60.26887986], [24.89927435, 60.26893735], [24.89885322, 60.26857254], [24.89844193, 60.26818664], [24.89791332, 60.26718594], [24.89864489, 60.26635602], [24.89988787, 60.26540925], [24.90421361, 60.26608667], [24.90467878, 60.26492021], [24.90077365, 60.26445459], [24.90136095, 60.26307579], [24.90322183, 60.26074088], [24.90458425, 60.25903925], [24.90564595, 60.25635064], [24.90601436, 60.25541693], [24.91048077, 60.24838802], [24.9089781, 60.24448192], [24.90901116, 60.24427946], [24.90961385, 60.24315436], [24.9102001, 60.2422802], [24.91101459, 60.24130881], [24.91208933, 60.24041038], [24.91339266, 60.23947035], [24.91419614, 60.2389205], [24.91320329, 60.23879034], [24.9118051, 60.23856243], [24.91011995, 60.23812537], [24.90994886, 60.23692767], [24.90937015, 60.23667328], [24.9076415, 60.23634637], [24.905974, 60.23604443], [24.90498973, 60.23598225], [24.90375936, 60.23619911], [24.90200941, 60.23577796], [24.90071447, 60.23549634], [24.89982204, 60.23533788], [24.89824608, 60.23698555], [24.89515383, 60.24027126], [24.885359, 60.25082786], [24.88010077, 60.25648548], [24.87888155, 60.25783167], [24.87802049, 60.25886358]]]}, "geometry_name": "geom", "properties": {"posnro": "00430", "postitoimi": "HELSINKI", "postitoiru": "HELSINGFORS", "nimi": "Maununneva", "nimiru": "Magnuskärr", "kunta": "Helsinki", "kunta_nro": "091"}}, {"type": "Feature", "id": "pks_postinumeroalueet_2024.34", "geometry": {"type": "Polygon", "coordinates": [[[24.87860104, 60.22382443], [24.87814194, 60.22428094], [24.87722323, 60.22489321], [24.87299246, 60.22737881], [24.86625028, 60.23140258], [24.8613584, 60.23425801], [24.86211058, 60.23436677], [24.86314911, 60.23449933], [24.86404272, 60.2345839], [24.86544003, 60.2346416], [24.86613787, 60.2346704], [24.8675462, 60.2346815], [24.87967449, 60.23458965], [24.88489337, 60.23454303], [24.89020745, 60.23452214], [24.89269597, 60.23454625], [24.8944198, 60.23461297], [24.89669006, 60.23483205], [24.89714289, 60.23443767], [24.89731181, 60.23426951], [24.89774713, 60.23410129], [24.89755407, 60.23384902], [24.89736031, 60.23382482], [24.8966841, 60.23380078], [24.89583826, 60.23382462], [24.89175596, 60.23340328], [24.89107918, 60.23339115], [24.89062067, 60.23319888], [24.88917144, 60.23297024], [24.88978979, 60.23231995], [24.88716245, 60.23193028], [24.88669213, 60.23140715], [24.88669153, 60.23126804], [24.88660977, 60.23111153], [24.88645218, 60.23081036], [24.88663284, 60.23038894], [24.8866313, 60.23005236], [24.88688744, 60.22862191], [24.88596357, 60.22776756], [24.88508464, 60.22708126], [24.88625146, 60.22373822], [24.87900995, 60.22332083], [24.87860104, 60.22382443]]]}, "geometry_name": "geom", "properties": {"posnro": "00440", "postitoimi": "HELSINKI", "postitoiru": "HELSINGFORS", "nimi": "Lassila", "nimiru": "Lassas", "kunta": "Helsinki", "kunta_nro": "091"}}, {"type": "Feature", "id": "pks_postinumeroalueet_2024.38", "geometry": {"type": "Polygon", "coordinates": [[[24.93501647, 60.18004571], [24.93345384, 60.18316542], [24.93624825, 60.18516257], [24.9364642, 60.18532548], [24.94345213, 60.18633704], [24.95099636, 60.18659718], [24.95161009, 60.18692726], [24.9531239, 60.18700786], [24.9532472, 60.1854688], [24.95382572, 60.18546434], [24.95387234, 60.1849891], [24.95446032, 60.18478332], [24.95466039, 60.18476454], [24.95539814, 60.18453987], [24.9552227, 60.18434064], [24.95738739, 60.18438372], [24.95806296, 60.18456407], [24.95875176, 60.18498138], [24.96003957, 60.18457608], [24.96240309, 60.18379654], [24.96309878, 60.18341007], [24.96264227, 60.18313063], [24.96335831, 60.18289837], [24.9641835, 60.18122477], [24.96648606, 60.17627892], [24.95812193, 60.17731572], [24.95485401, 60.17722938], [24.95365841, 60.17719791], [24.95334126, 60.17709692], [24.9511348, 60.17639505], [24.95037539, 60.17638005], [24.94935115, 60.17635956], [24.94344259, 60.17773391], [24.94351647, 60.17972649], [24.93501647, 60.18004571]]]}, "geometry_name": "geom", "properties": {"posnro": "00530", "postitoimi": "HELSINKI", "postitoiru": "HELSINGFORS", "nimi": "Kallio", "nimiru": "Berghäll", "kunta": "Helsinki", "kunta_nro": "091"}}, {"type": "Feature", "id": "pks_postinumeroalueet_2024.39", "geometry": {"type": "Polygon", "coordinates": [[[24.97016096, 60.18824969], [24.97470945, 60.18748396], [24.97707034, 60.18718595], [24.98721146, 60.18605588], [24.98709689, 60.18592734], [24.98702879, 60.18585095], [24.98683746, 60.1856953], [24.98624779, 60.18519944], [24.97852707, 60.17876088], [24.97682048, 60.17499729], [24.96648606, 60.17627892], [24.9641835, 60.18122477], [24.96335831, 60.18289837], [24.96580771, 60.18460534], [24.96815033, 60.18629483], [24.97016096, 60.18824969]]]}, "geometry_name": "geom", "properties": {"posnro": "00540", "postitoimi": "HELSINKI", "postitoiru": "HELSINGFORS", "nimi": "Kalasatama", "nimiru": "Fiskhamnen", "kunta": "Helsinki", "kunta_nro": "091"}}, {"type": "Feature", "id": "pks_postinumeroalueet_2024.40", "geometry": {"type": "Polygon", "coordinates": [[[24.94485498, 60.20065026], [24.94537586, 60.2006582], [24.94574813, 60.20058475], [24.94651979, 60.20071835], [24.94708286, 60.20073545], [24.94788848, 60.2006102], [24.94811736, 60.20056003], [24.94867796, 60.20042391], [24.94895945, 60.20028625], [24.94910892, 60.200169], [24.94920809, 60.20004948], [24.94922776, 60.19992078], [24.94912798, 60.19973818], [24.95048057, 60.20023234], [24.95146454, 60.2005516], [24.95151375, 60.20056356], [24.95197388, 60.20069315], [24.95320135, 60.20097569], [24.95419856, 60.20115105], [24.95488053, 60.20124535], [24.95591409, 60.20135062], [24.95730146, 60.20142467], [24.95843794, 60.20142907], [24.95966537, 60.20137748], [24.9597267, 60.20165628], [24.95998631, 60.20212586], [24.96037599, 60.20195814], [24.96171666, 60.20222097], [24.96275828, 60.20242519], [24.9632081, 60.20264279], [24.96477008, 60.20339741], [24.96470729, 60.20342971], [24.96497223, 60.20355786], [24.96470863, 60.20369305], [24.96514875, 60.20390561], [24.96535497, 60.20379976], [24.96556624, 60.20404035], [24.96633603, 60.20510521], [24.96670019, 60.20502264], [24.96817028, 60.20478928], [24.9693312, 60.20423972], [24.96852883, 60.2037869], [24.96656709, 60.20291752], [24.96482145, 60.20240304], [24.96444047, 60.20204779], [24.96396397, 60.20149809], [24.96355501, 60.20102588], [24.96777161, 60.20033532], [24.96669782, 60.19989329], [24.96801079, 60.19912406], [24.96945406, 60.19835431], [24.97137733, 60.19720436], [24.97089292, 60.19698876], [24.97123599, 60.19678689], [24.97032936, 60.19637229], [24.96986962, 60.19640728], [24.96920233, 60.19629054], [24.96829079, 60.1959419], [24.96791033, 60.19509624], [24.96707649, 60.19283172], [24.96681665, 60.19309732], [24.96571331, 60.19269638], [24.96599098, 60.19245636], [24.96461199, 60.19196531], [24.96444037, 60.19014577], [24.96412623, 60.18961793], [24.9623707, 60.19084609], [24.96060948, 60.19264533], [24.95630252, 60.19480732], [24.95506651, 60.19537882], [24.94860552, 60.19797512], [24.94772001, 60.19838603], [24.9469506, 60.19889607], [24.94536946, 60.1999512], [24.94507912, 60.20020096], [24.94493327, 60.2004102], [24.94485498, 60.20065026]]]}, "geometry_name": "geom", "properties": {"posnro": "00550", "postitoimi": "HELSINKI", "postitoiru": "HELSINGFORS", "nimi": "Vallila", "nimiru": "Vallgård", "kunta": "Helsinki", "kunta_nro": "091"}}, {"type": "Feature", "id": "pks_postinumeroalueet_2024.41", "geometry": {"type": "Polygon", "coordinates": [[[24.96556624, 60.20404035], [24.96535497, 60.20379976], [24.96514875, 60.20390561], [24.96470863, 60.20369305], [24.96497223, 60.20355786], [24.96470729, 60.20342971], [24.96477008, 60.20339741], [24.9632081, 60.20264279], [24.96275828, 60.20242519], [24.96171666, 60.20222097], [24.96037599, 60.20195814], [24.95998631, 60.20212586], [24.9597267, 60.20165628], [24.95966537, 60.20137748], [24.95843794, 60.20142907], [24.95730146, 60.20142467], [24.95591409, 60.20135062], [24.95488053, 60.20124535], [24.95419856, 60.20115105], [24.95320135, 60.20097569], [24.95281008, 60.20110192], [24.952303, 60.20126545], [24.95257502, 60.20168865], [24.95252517, 60.20174643], [24.95300335, 60.20212151], [24.95298596, 60.2021837], [24.95364819, 60.20248138], [24.95346888, 60.2026566], [24.95335343, 60.20282306], [24.95364977, 60.20289344], [24.95363688, 60.20320739], [24.95376559, 60.20323939], [24.95381748, 60.20364931], [24.95324235, 60.20371239], [24.95328093, 60.20397269], [24.95299131, 60.20411108], [24.95283743, 60.20428245], [24.95225513, 60.20480174], [24.95766873, 60.20732108], [24.95707919, 60.20760209], [24.95716369, 60.20877206], [24.95863666, 60.2094394], [24.95927416, 60.21238649], [24.9596928, 60.21253381], [24.9605166, 60.21279255], [24.96130958, 60.21304167], [24.96205875, 60.21327704], [24.96353928, 60.21374211], [24.96434078, 60.21316611], [24.96505254, 60.21247457], [24.96648986, 60.21287587], [24.96735493, 60.21249858], [24.96811607, 60.21270987], [24.96830654, 60.21270982], [24.96866222, 60.2125383], [24.97000342, 60.21217735], [24.97181123, 60.21407936], [24.97468696, 60.21670658], [24.97609776, 60.21676599], [24.97643694, 60.21696351], [24.97663, 60.21716073], [24.97694593, 60.21733805], [24.97719807, 60.21741654], [24.97747676, 60.21746254], [24.97788264, 60.21746943], [24.97818844, 60.21742694], [24.9785587, 60.21730511], [24.97902372, 60.21708457], [24.97955036, 60.21696564], [24.98019651, 60.21700074], [24.98012604, 60.21720044], [24.97988987, 60.21754856], [24.97961848, 60.21794756], [24.97924647, 60.21912965], [24.97925078, 60.22002081], [24.98176903, 60.22117918], [24.9837984, 60.22183285], [24.98670576, 60.22259492], [24.9901058, 60.22338406], [24.99312276, 60.22422775], [24.99504319, 60.22493573], [24.99690957, 60.2257801], [24.99948897, 60.22692395], [25.0017383, 60.22763156], [25.01880703, 60.2139095], [25.00680395, 60.20489982], [25.00680449, 60.20489964], [24.99797281, 60.19826689], [24.98067268, 60.20240145], [24.97462315, 60.20122861], [24.97027789, 60.20066217], [24.96777161, 60.20033532], [24.96355501, 60.20102588], [24.96396397, 60.20149809], [24.96444047, 60.20204779], [24.96482145, 60.20240304], [24.96656709, 60.20291752], [24.96852883, 60.2037869], [24.9693312, 60.20423972], [24.96817028, 60.20478928], [24.96670019, 60.20502264], [24.96633603, 60.20510521], [24.96556624, 60.20404035]]]}, "geometry_name": "geom", "properties": {"posnro": "00560", "postitoimi": "HELSINKI", "postitoiru": "HELSINGFORS", "nimi": "Toukola-Vanhakaupunki", "nimiru": "Majstad-Gammelstad", "kunta": "Helsinki", "kunta_nro": "091"}}, {"type": "Feature", "id": "pks_postinumeroalueet_2024.42", "geometry": {"type": "Polygon", "coordinates": [[[24.97852707, 60.17876088], [24.98624779, 60.18519944], [24.98683746, 60.1856953], [24.98702879, 60.18585095], [24.98709689, 60.18592734], [24.98721146, 60.18605588], [24.98746763, 60.18634707], [24.99206375, 60.19156285], [24.99608109, 60.19612092], [25.01433167, 60.19112728], [25.01726444, 60.19056893], [25.02286396, 60.18912456], [25.02282246, 60.18853704], [25.02201043, 60.18307716], [25.02194363, 60.18262858], [25.02140933, 60.17904559], [24.99480768, 60.17723939], [24.99435931, 60.16625065], [24.97859823, 60.16990995], [24.97697754, 60.17454854], [24.97682048, 60.17499729], [24.97852707, 60.17876088]]]}, "geometry_name": "geom", "properties": {"posnro": "00570", "postitoimi": "HELSINKI", "postitoiru": "HELSINGFORS", "nimi": "Kulosaari", "nimiru": "Brändö", "kunta": "Helsinki", "kunta_nro": "091"}}, {"type": "Feature", "id": "pks_postinumeroalueet_2024.43", "geometry": {"type": "Polygon", "coordinates": [[[24.96412623, 60.18961793], [24.96444037, 60.19014577], [24.96461199, 60.19196531], [24.96599098, 60.19245636], [24.96571331, 60.19269638], [24.96681665, 60.19309732], [24.96707649, 60.19283172], [24.96791033, 60.19509624], [24.96829079, 60.1959419], [24.96920233, 60.19629054], [24.96986962, 60.19640728], [24.97032936, 60.19637229], [24.97123599, 60.19678689], [24.97089292, 60.19698876], [24.97137733, 60.19720436], [24.96945406, 60.19835431], [24.96801079, 60.19912406], [24.96669782, 60.19989329], [24.96777161, 60.20033532], [24.97027789, 60.20066217], [24.97462315, 60.20122861], [24.98067268, 60.20240145], [24.99797281, 60.19826689], [24.99608109, 60.19612092], [24.99206375, 60.19156285], [24.98746763, 60.18634707], [24.98721146, 60.18605588], [24.97707034, 60.18718595], [24.97470945, 60.18748396], [24.97016096, 60.18824969], [24.96398395, 60.18919085], [24.96412623, 60.18961793]]]}, "geometry_name": "geom", "properties": {"posnro": "00580", "postitoimi": "HELSINKI", "postitoiru": "HELSINGFORS", "nimi": "Verkkosaari", "nimiru": "Nätholmen", "kunta": "Helsinki", "kunta_nro": "091"}}, {"type": "Feature", "id": "pks_postinumeroalueet_2024.44", "geometry": {"type": "Polygon", "coordinates": [[[25.0358397, 60.17721732], [25.03587527, 60.17711903], [25.03678975, 60.17655261], [25.03717531, 60.176231], [25.0378314, 60.17567757], [25.03815175, 60.1750667], [25.03837812, 60.17452129], [25.03723101, 60.17434283], [25.03686717, 60.17425937], [25.03642383, 60.17411992], [25.03581605, 60.17385639], [25.03461008, 60.17318014], [25.03419252, 60.17287033], [25.03244434, 60.1719673], [25.03205616, 60.17182316], [25.03064382, 60.17106004], [25.02932493, 60.17018362], [25.02911136, 60.17005846], [25.02850349, 60.16953622], [25.02830613, 60.16941097], [25.02790557, 60.16926098], [25.02741213, 60.16918605], [25.02927853, 60.16783601], [25.03085089, 60.16711717], [25.03292151, 60.16598936], [25.03508044, 60.16470738], [25.03460103, 60.16405786], [25.0340129, 60.16327751], [25.03753355, 60.16001425], [25.03735765, 60.15783111], [25.02704513, 60.15792104], [25.02312605, 60.15813172], [25.02222608, 60.15818007], [25.01831016, 60.15836574], [25.00519538, 60.15898648], [24.99390954, 60.15857582], [24.99435931, 60.16625065], [24.99480768, 60.17723939], [25.02140933, 60.17904559], [25.02194363, 60.18262858], [25.02201043, 60.18307716], [25.04060276, 60.18503247], [25.04040648, 60.18458393], [25.03920621, 60.18184024], [25.03910155, 60.17883664], [25.03791498, 60.17831965], [25.03773867, 60.17824278], [25.03584046, 60.17741559], [25.0358397, 60.17721732]]]}, "geometry_name": "geom", "properties": {"posnro": "00590", "postitoimi": "HELSINKI", "postitoiru": "HELSINGFORS", "nimi": "Kaitalahti", "nimiru": "Hålvik", "kunta": "Helsinki", "kunta_nro": "091"}}, {"type": "Feature", "id": "pks_postinumeroalueet_2024.45", "geometry": {"type": "Polygon", "coordinates": [[[24.95959932, 60.22342701], [24.96052533, 60.22354128], [24.96441075, 60.22399806], [24.96640962, 60.22361004], [24.97067032, 60.22278307], [24.97511163, 60.22190179], [24.97492491, 60.22047036], [24.97447019, 60.21987108], [24.97484559, 60.21732295], [24.97468696, 60.21670658], [24.97263218, 60.21662028], [24.9701073, 60.21635317], [24.96934599, 60.21622052], [24.9681389, 60.21594873], [24.96296205, 60.21456679], [24.95481497, 60.21666432], [24.95376402, 60.21704201], [24.95142541, 60.21751139], [24.94950718, 60.21907885], [24.94886382, 60.21968229], [24.94835313, 60.22056877], [24.94888104, 60.22078537], [24.94850443, 60.22107369], [24.95390425, 60.22277633], [24.9582115, 60.22424218], [24.95959932, 60.22342701]]]}, "geometry_name": "geom", "properties": {"posnro": "00600", "postitoimi": "HELSINKI", "postitoiru": "HELSINGFORS", "nimi": "Koskela-Helsinki", "nimiru": "Forsby-Helsingfors", "kunta": "Helsinki", "kunta_nro": "091"}}, {"type": "Feature", "id": "pks_postinumeroalueet_2024.46", "geometry": {"type": "Polygon", "coordinates": [[[24.93139342, 60.20627533], [24.93461258, 60.21162512], [24.93836488, 60.21576052], [24.93961912, 60.21674103], [24.94178184, 60.21817178], [24.94370606, 60.21928941], [24.94801105, 60.22091804], [24.94835313, 60.22056877], [24.94886382, 60.21968229], [24.94950718, 60.21907885], [24.95142541, 60.21751139], [24.95376402, 60.21704201], [24.95481497, 60.21666432], [24.96296205, 60.21456679], [24.9681389, 60.21594873], [24.96934599, 60.21622052], [24.9701073, 60.21635317], [24.97263218, 60.21662028], [24.97468696, 60.21670658], [24.97181123, 60.21407936], [24.97000342, 60.21217735], [24.96866222, 60.2125383], [24.96830654, 60.21270982], [24.96811607, 60.21270987], [24.96735493, 60.21249858], [24.96648986, 60.21287587], [24.96505254, 60.21247457], [24.96434078, 60.21316611], [24.96353928, 60.21374211], [24.96205875, 60.21327704], [24.96130958, 60.21304167], [24.9605166, 60.21279255], [24.9596928, 60.21253381], [24.95927416, 60.21238649], [24.95863666, 60.2094394], [24.95716369, 60.20877206], [24.95707919, 60.20760209], [24.95766873, 60.20732108], [24.95225513, 60.20480174], [24.95283743, 60.20428245], [24.95299131, 60.20411108], [24.95328093, 60.20397269], [24.95324235, 60.20371239], [24.95017084, 60.20293786], [24.94988927, 60.20241189], [24.9453075, 60.20273184], [24.94539216, 60.20452301], [24.94414737, 60.20452195], [24.94431503, 60.20582633], [24.93884647, 60.20590497], [24.93139342, 60.20627533]]]}, "geometry_name": "geom", "properties": {"posnro": "00610", "postitoimi": "HELSINKI", "postitoiru": "HELSINGFORS", "nimi": "Käpylä", "nimiru": "Kottby", "kunta": "Helsinki", "kunta_nro": "091"}}, {"type": "Feature", "id": "pks_postinumeroalueet_2024.47", "geometry": {"type": "Polygon", "coordinates": [[[24.92162314, 60.21749229], [24.9206269, 60.21723213], [24.9146377, 60.21843972], [24.91368811, 60.21958724], [24.91104641, 60.22277875], [24.92454404, 60.22428896], [24.92528552, 60.22409722], [24.92608548, 60.22389061], [24.92743855, 60.22420998], [24.92712875, 60.22453436], [24.92791437, 60.22469643], [24.92858454, 60.22468226], [24.92902719, 60.22474936], [24.92923057, 60.22482127], [24.92946531, 60.22465383], [24.92983232, 60.22439957], [24.93036671, 60.22255622], [24.93366718, 60.22293712], [24.9316476, 60.22452438], [24.93150139, 60.22455159], [24.93133003, 60.22469708], [24.93104811, 60.22490857], [24.9311493, 60.22492469], [24.93189, 60.22509695], [24.93396312, 60.2256971], [24.93461167, 60.22594793], [24.93809688, 60.22731529], [24.94180545, 60.22867333], [24.94270788, 60.22900392], [24.94323433, 60.22918509], [24.9431188, 60.22962618], [24.9444695, 60.22966526], [24.9462341, 60.22986766], [24.94871357, 60.23028869], [24.95134832, 60.23082766], [24.95274306, 60.2311537], [24.95459808, 60.22910339], [24.95389841, 60.22886405], [24.95371369, 60.2266372], [24.95340618, 60.22665656], [24.95311288, 60.2262094], [24.95320285, 60.22612623], [24.95286586, 60.22594947], [24.95265671, 60.22570733], [24.9522178, 60.22526613], [24.95266092, 60.22504522], [24.95206271, 60.2247122], [24.95290948, 60.22421787], [24.95331004, 60.2238415], [24.95269479, 60.22369848], [24.95390425, 60.22277633], [24.94850443, 60.22107369], [24.94888104, 60.22078537], [24.94835313, 60.22056877], [24.94801105, 60.22091804], [24.94370606, 60.21928941], [24.94178184, 60.21817178], [24.93961912, 60.21674103], [24.93837517, 60.21576053], [24.93373705, 60.21620563], [24.93392954, 60.21709689], [24.93392202, 60.21814305], [24.93392033, 60.21817671], [24.93382349, 60.21869598], [24.93361797, 60.21943051], [24.93323697, 60.22022033], [24.9330719, 60.22074979], [24.93012666, 60.22089861], [24.92915034, 60.22086139], [24.92341249, 60.22044093], [24.92343561, 60.21981016], [24.92326234, 60.21937565], [24.9228706, 60.21863747], [24.92237146, 60.21801393], [24.92162314, 60.21749229]]]}, "geometry_name": "geom", "properties": {"posnro": "00620", "postitoimi": "HELSINKI", "postitoiru": "HELSINGFORS", "nimi": "Metsälä-Etelä-Oulunkylä", "nimiru": "Krämertsskog-Södra Åggelby", "kunta": "Helsinki", "kunta_nro": "091"}}, {"type": "Feature", "id": "pks_postinumeroalueet_2024.48", "geometry": {"type": "Polygon", "coordinates": [[[24.90250899, 60.23256865], [24.89982204, 60.23533788], [24.90071447, 60.23549634], [24.90200941, 60.23577796], [24.90375936, 60.23619911], [24.90498973, 60.23598225], [24.905974, 60.23604443], [24.9076415, 60.23634637], [24.91367296, 60.23420478], [24.91581531, 60.23450629], [24.9157411, 60.23472928], [24.91627807, 60.23479649], [24.91616156, 60.23504405], [24.91658434, 60.23509206], [24.91650255, 60.23531424], [24.91734382, 60.23539312], [24.91731494, 60.23546491], [24.91813236, 60.23555346], [24.91820426, 60.23538602], [24.91909365, 60.23549598], [24.92075224, 60.23526183], [24.92078127, 60.23512802], [24.92114178, 60.23517571], [24.92093007, 60.23562023], [24.92182441, 60.23570405], [24.92182449, 60.2356729], [24.92266091, 60.23574951], [24.92261283, 60.23593105], [24.92348926, 60.23604159], [24.92334557, 60.23635744], [24.92420632, 60.23645873], [24.92434835, 60.23615518], [24.92445447, 60.23592601], [24.92602609, 60.23607436], [24.92599722, 60.2361509], [24.92756452, 60.23630623], [24.92761453, 60.23621758], [24.92841901, 60.23630409], [24.92863839, 60.23576991], [24.92886089, 60.2357957], [24.92920467, 60.23582649], [24.92965186, 60.23586657], [24.92961867, 60.23594195], [24.9302732, 60.23600324], [24.93099216, 60.23607542], [24.93158931, 60.23613353], [24.93170082, 60.23615064], [24.93240134, 60.23623976], [24.93267851, 60.23627742], [24.93342613, 60.23637527], [24.9341483, 60.23646906], [24.93484828, 60.23656158], [24.93512548, 60.23604061], [24.93559483, 60.23610268], [24.93653572, 60.23622556], [24.93738512, 60.23633726], [24.93740515, 60.23633762], [24.93789248, 60.23634826], [24.93853197, 60.23636202], [24.93873767, 60.23639667], [24.93939485, 60.2365071], [24.94032001, 60.23666019], [24.94124354, 60.23681355], [24.9414812, 60.2368526], [24.9416707, 60.23686786], [24.94215204, 60.23690603], [24.94263392, 60.23694358], [24.94311525, 60.23698121], [24.94361392, 60.23702262], [24.94420029, 60.23706963], [24.94468272, 60.23710609], [24.94516243, 60.23714632], [24.94685667, 60.23724673], [24.94723836, 60.23796904], [24.94743543, 60.23799604], [24.94768394, 60.23803168], [24.94736995, 60.23729289], [24.94674767, 60.23634143], [24.9459267, 60.23539007], [24.94498182, 60.23441397], [24.94433489, 60.23369738], [24.94396222, 60.23315368], [24.94351411, 60.2324], [24.94326553, 60.2318069], [24.94306599, 60.23104067], [24.94305154, 60.2303204], [24.9431188, 60.22962618], [24.94323433, 60.22918509], [24.94270788, 60.22900392], [24.94180545, 60.22867333], [24.93809688, 60.22731529], [24.93461167, 60.22594793], [24.93396312, 60.2256971], [24.93189, 60.22509695], [24.9311493, 60.22492469], [24.93104811, 60.22490857], [24.93133003, 60.22469708], [24.93150139, 60.22455159], [24.9316476, 60.22452438], [24.93366718, 60.22293712], [24.93036671, 60.22255622], [24.92983232, 60.22439957], [24.92946531, 60.22465383], [24.92923057, 60.22482127], [24.92902719, 60.22474936], [24.92858454, 60.22468226], [24.92791437, 60.22469643], [24.92712875, 60.22453436], [24.92743855, 60.22420998], [24.92608548, 60.22389061], [24.92528552, 60.22409722], [24.92454404, 60.22428896], [24.91104641, 60.22277875], [24.90250899, 60.23256865]]]}, "geometry_name": "geom", "properties": {"posnro": "00630", "postitoimi": "HELSINKI", "postitoiru": "HELSINGFORS", "nimi": "Maunula-Suursuo", "nimiru": "Månsas-Storkärr", "kunta": "Helsinki", "kunta_nro": "091"}}, {"type": "Feature", "id": "pks_postinumeroalueet_2024.49", "geometry": {"type": "Polygon", "coordinates": [[[24.95371369, 60.2266372], [24.95389841, 60.22886405], [24.95459808, 60.22910339], [24.95274306, 60.2311537], [24.95134832, 60.23082766], [24.94871357, 60.23028869], [24.9462341, 60.22986766], [24.9444695, 60.22966526], [24.9431188, 60.22962618], [24.94305154, 60.2303204], [24.94306599, 60.23104067], [24.94326553, 60.2318069], [24.94351411, 60.2324], [24.94396222, 60.23315368], [24.94433489, 60.23369738], [24.94498182, 60.23441397], [24.9459267, 60.23539007], [24.94674767, 60.23634143], [24.94736995, 60.23729289], [24.94768394, 60.23803168], [24.94830007, 60.23811504], [24.94908295, 60.23822268], [24.94963573, 60.23830251], [24.9503772, 60.23859789], [24.95042484, 60.238605], [24.95097277, 60.23867521], [24.95109893, 60.23869204], [24.95218507, 60.23882177], [24.95319431, 60.23895299], [24.95321495, 60.23890929], [24.95401682, 60.23902302], [24.95399347, 60.23906636], [24.95430968, 60.23910848], [24.95485654, 60.23917975], [24.95540449, 60.23925111], [24.95764178, 60.23955386], [24.95796188, 60.23952031], [24.95814815, 60.23953805], [24.95808457, 60.23928286], [24.95816062, 60.23910472], [24.9590439, 60.23908731], [24.95948554, 60.23887177], [24.96042662, 60.23897411], [24.96166237, 60.23948427], [24.96063384, 60.24003326], [24.96027718, 60.24028859], [24.96099119, 60.240556], [24.96132882, 60.24035666], [24.96161691, 60.24038466], [24.96174781, 60.24004857], [24.96232993, 60.24010116], [24.96232987, 60.24015734], [24.96400092, 60.24035697], [24.9660039, 60.24061572], [24.96878401, 60.24096725], [24.9713573, 60.24128995], [24.97246362, 60.24144716], [24.97255791, 60.24138148], [24.97263269, 60.24132908], [24.97393146, 60.24058637], [24.97573535, 60.23995906], [24.97722441, 60.23952312], [24.97774764, 60.23940178], [24.97860443, 60.23930624], [24.9794347, 60.23918826], [24.98009221, 60.23908684], [24.98053144, 60.23901188], [24.98060239, 60.23899779], [24.98078275, 60.23896183], [24.9809956, 60.23891564], [24.98145381, 60.23880297], [24.98173383, 60.23872914], [24.98226679, 60.23856479], [24.98256849, 60.23845928], [24.98299584, 60.23829939], [24.98332787, 60.23816391], [24.9837379, 60.23798095], [24.98398056, 60.23786879], [24.98457528, 60.23759358], [24.98264363, 60.23665838], [24.97293582, 60.2316793], [24.96989021, 60.23001461], [24.96574804, 60.22787729], [24.96225018, 60.22610326], [24.95993789, 60.22498362], [24.9582115, 60.22424218], [24.95390425, 60.22277633], [24.95269479, 60.22369848], [24.95331004, 60.2238415], [24.95290948, 60.22421787], [24.95206271, 60.2247122], [24.95266092, 60.22504522], [24.9522178, 60.22526613], [24.95265671, 60.22570733], [24.95286586, 60.22594947], [24.95320285, 60.22612623], [24.95311288, 60.2262094], [24.95340618, 60.22665656], [24.95371369, 60.2266372]]]}, "geometry_name": "geom", "properties": {"posnro": "00640", "postitoimi": "HELSINKI", "postitoiru": "HELSINGFORS", "nimi": "Oulunkylä-Patola", "nimiru": "Åggelby-Dammen", "kunta": "Helsinki", "kunta_nro": "091"}}, {"type": "Feature", "id": "pks_postinumeroalueet_2024.50", "geometry": {"type": "Polygon", "coordinates": [[[24.97694593, 60.21733805], [24.97663, 60.21716073], [24.97643694, 60.21696351], [24.97609776, 60.21676599], [24.97468696, 60.21670658], [24.97484559, 60.21732295], [24.97447019, 60.21987108], [24.97492491, 60.22047036], [24.97511163, 60.22190179], [24.97067032, 60.22278307], [24.96640962, 60.22361004], [24.96441075, 60.22399806], [24.96052533, 60.22354128], [24.95959932, 60.22342701], [24.9582115, 60.22424218], [24.95993789, 60.22498362], [24.96225018, 60.22610326], [24.96574804, 60.22787729], [24.96989021, 60.23001461], [24.97293582, 60.2316793], [24.98264363, 60.23665838], [24.98457528, 60.23759358], [24.98484556, 60.23746976], [24.98550527, 60.23716557], [24.98742584, 60.2362492], [24.98827457, 60.23566983], [24.98863867, 60.23505262], [24.98905098, 60.23431237], [24.98910895, 60.2342088], [24.98945409, 60.23349942], [24.98968383, 60.23299673], [24.98985235, 60.23256305], [24.98988866, 60.23244718], [24.98991634, 60.23223554], [24.98992123, 60.23217703], [24.98992352, 60.23178741], [24.98989274, 60.23150836], [24.98984355, 60.23125974], [24.98983814, 60.23123389], [24.98981868, 60.2311418], [24.98979596, 60.23108175], [24.98974618, 60.23097423], [24.9897056, 60.23090394], [24.9893787, 60.23055577], [24.98913622, 60.23034204], [24.98865723, 60.22990015], [24.98852247, 60.22978426], [24.98810678, 60.2294971], [24.98742537, 60.22898212], [24.98678024, 60.22849461], [24.98607998, 60.22782255], [24.98524314, 60.22761055], [24.98494488, 60.22754671], [24.98419193, 60.2273856], [24.98346822, 60.22723087], [24.98331868, 60.226421], [24.98362383, 60.22564907], [24.98369542, 60.22539319], [24.98370465, 60.22532408], [24.98369174, 60.22515543], [24.9836523, 60.22501407], [24.98300711, 60.22385428], [24.98229781, 60.22323874], [24.98177786, 60.22281827], [24.98104544, 60.22201774], [24.98041354, 60.22151288], [24.98003432, 60.221181], [24.97984878, 60.22100075], [24.97977414, 60.22092076], [24.9796876, 60.22082121], [24.97961081, 60.22072113], [24.97953618, 60.22061969], [24.97947075, 60.22051557], [24.97939561, 60.22038308], [24.97931399, 60.22020347], [24.97929076, 60.22013579], [24.97925078, 60.22002081], [24.97924647, 60.21912965], [24.97961848, 60.21794756], [24.97988987, 60.21754856], [24.98012604, 60.21720044], [24.98019651, 60.21700074], [24.97955036, 60.21696564], [24.97902372, 60.21708457], [24.9785587, 60.21730511], [24.97818844, 60.21742694], [24.97788264, 60.21746943], [24.97747676, 60.21746254], [24.97719807, 60.21741654], [24.97694593, 60.21733805]]]}, "geometry_name": "geom", "properties": {"posnro": "00650", "postitoimi": "HELSINKI", "postitoiru": "HELSINGFORS", "nimi": "Veräjämäki", "nimiru": "Grindbacka", "kunta": "Helsinki", "kunta_nro": "091"}}, {"type": "Feature", "id": "pks_postinumeroalueet_2024.51", "geometry": {"type": "Polygon", "coordinates": [[[24.9076415, 60.23634637], [24.90937015, 60.23667328], [24.90994886, 60.23692767], [24.91011995, 60.23812537], [24.9118051, 60.23856243], [24.91320329, 60.23879034], [24.91419614, 60.2389205], [24.91339266, 60.23947035], [24.91208933, 60.24041038], [24.91101459, 60.24130881], [24.9102001, 60.2422802], [24.90961385, 60.24315436], [24.90901116, 60.24427946], [24.9089781, 60.24448192], [24.91283667, 60.24490653], [24.91345393, 60.24498466], [24.914081, 60.24504673], [24.91441728, 60.24508132], [24.91480607, 60.24512124], [24.91490246, 60.245131], [24.91520079, 60.2451766], [24.91550618, 60.24521297], [24.91617926, 60.24528861], [24.91650524, 60.24532588], [24.91683013, 60.24536306], [24.91748155, 60.24543707], [24.91814055, 60.24551188], [24.91879415, 60.2455857], [24.91937192, 60.24565472], [24.91994699, 60.24572292], [24.92138089, 60.24589314], [24.92180868, 60.24594195], [24.9222381, 60.24599067], [24.92266644, 60.24603911], [24.92309857, 60.24608747], [24.92427314, 60.24622071], [24.92471394, 60.24626916], [24.92530204, 60.24633528], [24.92695587, 60.24652406], [24.92741401, 60.24657655], [24.92783803, 60.24662497], [24.92824742, 60.2466733], [24.92871477, 60.24672831], [24.92906731, 60.24676781], [24.92914746, 60.24677673], [24.92969442, 60.24683842], [24.93030582, 60.24690785], [24.93085657, 60.24697096], [24.93142844, 60.24703678], [24.93156058, 60.2470522], [24.93277582, 60.24719705], [24.93318306, 60.24724411], [24.93359086, 60.24729116], [24.93399811, 60.24733831], [24.93462577, 60.24741123], [24.93524098, 60.24748288], [24.93642051, 60.24761629], [24.93703898, 60.24768758], [24.93764608, 60.24775868], [24.93870593, 60.24788303], [24.93931954, 60.24795296], [24.93955595, 60.2475306], [24.94023997, 60.247602], [24.94019098, 60.24773616], [24.94078021, 60.24780454], [24.94080031, 60.24777278], [24.94262758, 60.24800434], [24.94279938, 60.24764145], [24.94330143, 60.24769794], [24.94315784, 60.24803607], [24.94369835, 60.24809706], [24.94367874, 60.2481606], [24.94473489, 60.24825071], [24.94459624, 60.24855922], [24.94602641, 60.24818455], [24.94720079, 60.24853048], [24.94809877, 60.24863145], [24.94837901, 60.24679422], [24.94839076, 60.24552404], [24.94815639, 60.24439557], [24.94777957, 60.24327377], [24.9476359, 60.24234539], [24.9477257, 60.24139117], [24.94789846, 60.24002833], [24.94794475, 60.23918583], [24.94784014, 60.23856048], [24.94768394, 60.23803168], [24.94743543, 60.23799604], [24.94723836, 60.23796904], [24.94685667, 60.23724673], [24.94516243, 60.23714632], [24.94468272, 60.23710609], [24.94420029, 60.23706963], [24.94361392, 60.23702262], [24.94311525, 60.23698121], [24.94263392, 60.23694358], [24.94215204, 60.23690603], [24.9416707, 60.23686786], [24.9414812, 60.2368526], [24.94124354, 60.23681355], [24.94032001, 60.23666019], [24.93939485, 60.2365071], [24.93873767, 60.23639667], [24.93853197, 60.23636202], [24.93789248, 60.23634826], [24.93740515, 60.23633762], [24.93738512, 60.23633726], [24.93653572, 60.23622556], [24.93559483, 60.23610268], [24.93512548, 60.23604061], [24.93484828, 60.23656158], [24.9341483, 60.23646906], [24.93342613, 60.23637527], [24.93267851, 60.23627742], [24.93240134, 60.23623976], [24.93170082, 60.23615064], [24.93158931, 60.23613353], [24.93099216, 60.23607542], [24.9302732, 60.23600324], [24.92961867, 60.23594195], [24.92965186, 60.23586657], [24.92920467, 60.23582649], [24.92886089, 60.2357957], [24.92863839, 60.23576991], [24.92841901, 60.23630409], [24.92761453, 60.23621758], [24.92756452, 60.23630623], [24.92599722, 60.2361509], [24.92602609, 60.23607436], [24.92445447, 60.23592601], [24.92434835, 60.23615518], [24.92420632, 60.23645873], [24.92334557, 60.23635744], [24.92348926, 60.23604159], [24.92261661, 60.23593276], [24.92266091, 60.23574951], [24.92182449, 60.2356729], [24.92182441, 60.23570405], [24.92093007, 60.23562023], [24.92114178, 60.23517571], [24.92078127, 60.23512802], [24.92075224, 60.23526183], [24.91909365, 60.23549598], [24.91820426, 60.23538602], [24.91813236, 60.23555346], [24.91731494, 60.23546491], [24.91734382, 60.23539312], [24.91650255, 60.23531424], [24.91658434, 60.23509206], [24.91616156, 60.23504405], [24.91627807, 60.23479649], [24.9157411, 60.23472928], [24.91581531, 60.23450629], [24.91367296, 60.23420478], [24.9076415, 60.23634637]]]}, "geometry_name": "geom", "properties": {"posnro": "00660", "postitoimi": "HELSINKI", "postitoiru": "HELSINGFORS", "nimi": "Länsi-Pakila", "nimiru": "Västra Baggböle", "kunta": "Helsinki", "kunta_nro": "091"}}, {"type": "Feature", "id": "pks_postinumeroalueet_2024.52", "geometry": {"type": "Polygon", "coordinates": [[[24.89844193, 60.26818664], [24.89885322, 60.26857254], [24.89927435, 60.26893735], [24.89897749, 60.26887986], [24.89927435, 60.26893744], [24.8996237, 60.26902386], [24.89963128, 60.26902584], [24.89963615, 60.26902737], [24.90001033, 60.26914909], [24.90001088, 60.26914936], [24.90011215, 60.26917959], [24.9001598, 60.26919381], [24.90029521, 60.26922604], [24.90103581, 60.26935126], [24.90131645, 60.26939859], [24.9013896, 60.26940834], [24.90165076, 60.26944354], [24.90256256, 60.26960083], [24.90383188, 60.26984086], [24.903853, 60.269845], [24.90402636, 60.26987932], [24.90540881, 60.27018718], [24.90581504, 60.2702958], [24.90608637, 60.27037937], [24.90695284, 60.27067482], [24.90725071, 60.27076739], [24.9073558, 60.27079313], [24.90749071, 60.27081764], [24.90759963, 60.27082974], [24.9077053, 60.27084175], [24.90772644, 60.27084284], [24.90791126, 60.27085275], [24.90812645, 60.27085514], [24.90813296, 60.27085515], [24.90836769, 60.27084786], [24.90858401, 60.27083607], [24.90880359, 60.27082151], [24.90924055, 60.27080376], [24.90947473, 60.27080213], [24.90969261, 60.27081197], [24.90985463, 60.27083353], [24.90987197, 60.27083579], [24.90991694, 60.27084524], [24.91017207, 60.27091165], [24.91029445, 60.27095805], [24.91040705, 60.27101404], [24.91044495, 60.27103273], [24.91048877, 60.27106247], [24.91057102, 60.27111826], [24.91060453, 60.27115194], [24.91065805, 60.27120628], [24.91072175, 60.27130406], [24.91075796, 60.27134223], [24.91081256, 60.27139917], [24.91087424, 60.27144149], [24.91089264, 60.27145416], [24.91105558, 60.27153531], [24.91110431, 60.27155958], [24.91125969, 60.27163014], [24.91132034, 60.2716554], [24.91142647, 60.27169954], [24.91159055, 60.2717605], [24.91167071, 60.27178829], [24.91176765, 60.27182174], [24.91194261, 60.271874], [24.91194315, 60.27187409], [24.91211865, 60.27192501], [24.91232505, 60.27197451], [24.91252009, 60.272017], [24.91252226, 60.27201763], [24.91253201, 60.27201952], [24.91271135, 60.27205411], [24.91286036, 60.27207925], [24.91292971, 60.27209096], [24.91351495, 60.2721758], [24.91364283, 60.2721967], [24.91391972, 60.27224212], [24.91441712, 60.27233668], [24.91501805, 60.27243678], [24.91523589, 60.27246609], [24.91591388, 60.27253752], [24.91625205, 60.27257318], [24.91686558, 60.272625], [24.91690677, 60.27262834], [24.91733983, 60.27266146], [24.91749212, 60.27267412], [24.91775011, 60.27269556], [24.91787801, 60.27270928], [24.91796635, 60.27271858], [24.91802813, 60.27272813], [24.91837926, 60.27279018], [24.91840635, 60.27279559], [24.91852338, 60.27282007], [24.91865396, 60.27284717], [24.91879755, 60.27287409], [24.91945975, 60.27297547], [24.91964725, 60.27300574], [24.91997999, 60.27305243], [24.92026994, 60.2730842], [24.92053063, 60.27310895], [24.92061512, 60.27314292], [24.92067899, 60.2731847], [24.92069685, 60.27319628], [24.92079582, 60.27329382], [24.92081042, 60.27330827], [24.92081313, 60.27331052], [24.92092458, 60.27340339], [24.92098735, 60.27345001], [24.92120498, 60.27357409], [24.92126562, 60.27360581], [24.92129757, 60.27362261], [24.92132898, 60.27363555], [24.92146329, 60.2736911], [24.92157921, 60.2737312], [24.92163717, 60.27375143], [24.92170055, 60.2737704], [24.92180944, 60.27380323], [24.9219828, 60.2738526], [24.92448226, 60.2706732], [24.92744692, 60.26549035], [24.93145173, 60.25585146], [24.93616111, 60.25593423], [24.93715645, 60.25621124], [24.93814097, 60.25648814], [24.93936542, 60.25683587], [24.94034959, 60.25702578], [24.94114803, 60.2571561], [24.94185934, 60.25723764], [24.942373, 60.25724298], [24.94299617, 60.25721561], [24.94345577, 60.25715037], [24.94412253, 60.25698183], [24.94494216, 60.25675887], [24.94706347, 60.25607913], [24.94729276, 60.25601936], [24.94810393, 60.25598225], [24.94850351, 60.25582309], [24.94890977, 60.2555416], [24.94938559, 60.25372249], [24.94880108, 60.25297426], [24.94838022, 60.25222439], [24.94817915, 60.25158805], [24.94798685, 60.24986471], [24.94809877, 60.24863145], [24.94720079, 60.24853048], [24.94602641, 60.24818455], [24.94459624, 60.24855922], [24.94473489, 60.24825071], [24.94367874, 60.2481606], [24.94369835, 60.24809706], [24.94315784, 60.24803607], [24.94330143, 60.24769794], [24.94279938, 60.24764145], [24.94262758, 60.24800434], [24.94080031, 60.24777278], [24.94078021, 60.24780454], [24.94019098, 60.24773616], [24.94023997, 60.247602], [24.93955595, 60.2475306], [24.93931954, 60.24795296], [24.93870593, 60.24788303], [24.93764608, 60.24775868], [24.93703898, 60.24768758], [24.93642051, 60.24761629], [24.93524098, 60.24748288], [24.93462577, 60.24741123], [24.93399811, 60.24733831], [24.93359086, 60.24729116], [24.93318306, 60.24724411], [24.93277582, 60.24719705], [24.93156058, 60.2470522], [24.93142844, 60.24703678], [24.93085657, 60.24697096], [24.93030582, 60.24690785], [24.92969442, 60.24683842], [24.92914746, 60.24677673], [24.92906731, 60.24676781], [24.92871477, 60.24672831], [24.92824742, 60.2466733], [24.92783803, 60.24662497], [24.92741401, 60.24657655], [24.92695587, 60.24652406], [24.92530204, 60.24633528], [24.92471394, 60.24626916], [24.92427314, 60.24622071], [24.92309857, 60.24608747], [24.92266644, 60.24603911], [24.9222381, 60.24599067], [24.92180868, 60.24594195], [24.92138089, 60.24589314], [24.91994699, 60.24572292], [24.91937192, 60.24565472], [24.91879415, 60.2455857], [24.91814055, 60.24551188], [24.91748155, 60.24543707], [24.91683013, 60.24536306], [24.91650524, 60.24532588], [24.91617926, 60.24528861], [24.91550618, 60.24521297], [24.91520079, 60.2451766], [24.91490246, 60.245131], [24.91480607, 60.24512124], [24.91441728, 60.24508132], [24.914081, 60.24504673], [24.91345393, 60.24498466], [24.91283667, 60.24490653], [24.9089781, 60.24448192], [24.91048077, 60.24838802], [24.90601436, 60.25541693], [24.90564595, 60.25635064], [24.90458425, 60.25903925], [24.90322183, 60.26074088], [24.90136095, 60.26307579], [24.90077365, 60.26445459], [24.90467878, 60.26492021], [24.90421361, 60.26608667], [24.89988787, 60.26540925], [24.89864489, 60.26635602], [24.89791332, 60.26718594], [24.89844193, 60.26818664]]]}, "geometry_name": "geom", "properties": {"posnro": "00670", "postitoimi": "HELSINKI", "postitoiru": "HELSINGFORS", "nimi": "Paloheinä", "nimiru": "Svedängen", "kunta": "Helsinki", "kunta_nro": "091"}}, {"type": "Feature", "id": "pks_postinumeroalueet_2024.53", "geometry": {"type": "Polygon", "coordinates": [[[24.95816062, 60.23910472], [24.95808457, 60.23928286], [24.95814815, 60.23953805], [24.95796188, 60.23952031], [24.95764178, 60.23955386], [24.95540449, 60.23925111], [24.95485654, 60.23917975], [24.95430968, 60.23910848], [24.95399347, 60.23906636], [24.95401682, 60.23902302], [24.95321495, 60.23890929], [24.95319431, 60.23895299], [24.95218507, 60.23882177], [24.95109893, 60.23869204], [24.95097277, 60.23867521], [24.95042484, 60.238605], [24.9503772, 60.23859789], [24.94963573, 60.23830251], [24.94908295, 60.23822268], [24.94830007, 60.23811504], [24.94768394, 60.23803168], [24.94784014, 60.23856048], [24.94794475, 60.23918583], [24.94789846, 60.24002833], [24.9477257, 60.24139117], [24.9476359, 60.24234539], [24.94777957, 60.24327377], [24.94815639, 60.24439557], [24.94839076, 60.24552404], [24.94837901, 60.24679422], [24.94809877, 60.24863145], [24.94798685, 60.24986471], [24.94817915, 60.25158805], [24.94838022, 60.25222439], [24.94880108, 60.25297426], [24.94938559, 60.25372249], [24.95091409, 60.25401135], [24.95200708, 60.2542495], [24.95368624, 60.25454045], [24.95913981, 60.25296456], [24.97830506, 60.25307032], [24.97833561, 60.25275663], [24.97817608, 60.25231251], [24.97812196, 60.25222957], [24.97779773, 60.25181665], [24.97769974, 60.25170749], [24.97763857, 60.25163963], [24.97754274, 60.2515477], [24.97647602, 60.25080355], [24.97595726, 60.25048915], [24.97526522, 60.25010119], [24.97511145, 60.24998476], [24.97500264, 60.24988601], [24.9749339, 60.24980791], [24.97481269, 60.24963744], [24.97437826, 60.24889896], [24.97428587, 60.24859387], [24.97403054, 60.2481525], [24.97371728, 60.24767325], [24.97357612, 60.24739588], [24.97334576, 60.24691144], [24.9731663, 60.24644747], [24.97292895, 60.24591536], [24.9728507, 60.24424764], [24.97273083, 60.24380163], [24.97263627, 60.24353423], [24.97257676, 60.24345802], [24.97209773, 60.24310456], [24.97190776, 60.24293767], [24.97171082, 60.24270526], [24.97166917, 60.24264422], [24.9716508, 60.24258785], [24.97163298, 60.2425304], [24.97163249, 60.24246479], [24.97167216, 60.24231231], [24.97173131, 60.24217751], [24.97185387, 60.24199085], [24.97202897, 60.24179603], [24.97221271, 60.24163443], [24.97246362, 60.24144716], [24.9713573, 60.24128995], [24.96878401, 60.24096725], [24.96599686, 60.24061571], [24.96400092, 60.24035697], [24.96232283, 60.24015734], [24.96232993, 60.24010116], [24.96174781, 60.24004857], [24.96161691, 60.24038466], [24.96132882, 60.24035666], [24.96099119, 60.240556], [24.96027718, 60.24028859], [24.96063384, 60.24003326], [24.96166237, 60.23948427], [24.96042662, 60.23897411], [24.95948554, 60.23887177], [24.9590439, 60.23908731], [24.95816062, 60.23910472]]]}, "geometry_name": "geom", "properties": {"posnro": "00680", "postitoimi": "HELSINKI", "postitoiru": "HELSINGFORS", "nimi": "Itä-Pakila", "nimiru": "Östra Baggböle", "kunta": "Helsinki", "kunta_nro": "091"}}, {"type": "Feature", "id": "pks_postinumeroalueet_2024.54", "geometry": {"type": "Polygon", "coordinates": [[[24.92448226, 60.2706732], [24.9219828, 60.2738526], [24.92277383, 60.27405052], [24.92287731, 60.27407921], [24.9230956, 60.27415671], [24.92312648, 60.27416749], [24.92317306, 60.2741852], [24.92390356, 60.27454284], [24.92413802, 60.2746654], [24.92418352, 60.27468436], [24.92427722, 60.27472355], [24.92442781, 60.27477722], [24.92447224, 60.27478783], [24.92458169, 60.27481374], [24.92471067, 60.27483338], [24.92476867, 60.27483871], [24.92488304, 60.27484883], [24.92495459, 60.27485327], [24.92501096, 60.27485644], [24.92544682, 60.27486494], [24.92575419, 60.2748775], [24.92683186, 60.27492181], [24.92685137, 60.2749228], [24.92686492, 60.27492389], [24.92768066, 60.27500475], [24.92768121, 60.27500475], [24.92793594, 60.27503541], [24.92814733, 60.2750576], [24.92820262, 60.27506158], [24.92836632, 60.27507307], [24.92857775, 60.27507453], [24.92889981, 60.27506339], [24.92907493, 60.27505729], [24.92915247, 60.27505033], [24.9292208, 60.27504418], [24.92985577, 60.27498447], [24.93079805, 60.27496558], [24.93079968, 60.27496558], [24.93080076, 60.27496558], [24.93195315, 60.27506068], [24.93195803, 60.27506123], [24.93199976, 60.27506879], [24.9337761, 60.27546944], [24.9337788, 60.27547007], [24.93384926, 60.27548222], [24.93401727, 60.27551112], [24.9342525, 60.27554184], [24.93453598, 60.27557295], [24.93511755, 60.27565212], [24.93513489, 60.27565527], [24.93526982, 60.2756898], [24.93684177, 60.27612173], [24.93875057, 60.27648164], [24.93875112, 60.27648182], [24.93889365, 60.27651132], [24.93905679, 60.27654147], [24.93917494, 60.27656234], [24.93923618, 60.27657332], [24.94006108, 60.27672861], [24.9401066, 60.27673859], [24.94011202, 60.27673985], [24.94011581, 60.27674066], [24.94014453, 60.27674794], [24.94197433, 60.27737972], [24.94199004, 60.27738502], [24.94212227, 60.27742278], [24.9423179, 60.2774786], [24.94252708, 60.27753523], [24.94266527, 60.27757236], [24.94297798, 60.27764753], [24.94303488, 60.27766021], [24.94328419, 60.27771551], [24.94343594, 60.2777513], [24.94351453, 60.27776973], [24.94351615, 60.27777027], [24.94468176, 60.27814467], [24.94468556, 60.27814584], [24.94477659, 60.27817783], [24.94509794, 60.27827849], [24.94535644, 60.27835309], [24.94550821, 60.2783842], [24.94554452, 60.27839167], [24.94562313, 60.27840068], [24.94565186, 60.27840392], [24.94566324, 60.27840446], [24.94575053, 60.27840908], [24.94597012, 60.27840567], [24.94618431, 60.2783913], [24.94630306, 60.27839009], [24.94640715, 60.27839561], [24.94662508, 60.27841607], [24.9472577, 60.27849199], [24.9474713, 60.27850885], [24.94765402, 60.2785109], [24.94778253, 60.2785009], [24.94793601, 60.27847583], [24.94810307, 60.27843613], [24.94827069, 60.27838612], [24.94848225, 60.27832238], [24.94867102, 60.27826888], [24.94893951, 60.27819906], [24.94906045, 60.27817694], [24.9491212, 60.27816583], [24.94929907, 60.27814337], [24.94942379, 60.27813418], [24.9495767, 60.27812795], [24.94973826, 60.27813035], [24.94996271, 60.27814488], [24.95018173, 60.27816229], [24.95060295, 60.27820741], [24.95109192, 60.27826674], [24.95124263, 60.27828035], [24.95153702, 60.27829787], [24.95166498, 60.27829701], [24.95187861, 60.27828937], [24.95207329, 60.27827006], [24.95227015, 60.2782371], [24.95251421, 60.27818926], [24.95259394, 60.27816801], [24.95288912, 60.27801428], [24.9528902, 60.27801375], [24.95293095, 60.27795327], [24.95294617, 60.27793056], [24.95295542, 60.277904], [24.95297447, 60.27784989], [24.95298435, 60.27776759], [24.9529855, 60.27772451], [24.95298834, 60.27763682], [24.95306575, 60.27733743], [24.95318093, 60.27717672], [24.95367308, 60.27689274], [24.95367471, 60.27689211], [24.95367579, 60.27689175], [24.95412161, 60.27678295], [24.95472622, 60.27671907], [24.95472947, 60.2767188], [24.95493226, 60.27670621], [24.95509763, 60.27669595], [24.95530803, 60.27667268], [24.95544469, 60.27664679], [24.95558678, 60.27661058], [24.95566001, 60.27658924], [24.95573648, 60.27656692], [24.95592037, 60.27649913], [24.95609993, 60.27642263], [24.95621223, 60.27636809], [24.95626214, 60.27634343], [24.95636794, 60.27628261], [24.95645043, 60.2762234], [24.95652371, 60.27615575], [24.95654108, 60.27613538], [24.95661059, 60.27605427], [24.95668012, 60.27594937], [24.95672362, 60.27585595], [24.95673395, 60.27583307], [24.95674212, 60.27580211], [24.95675901, 60.27573911], [24.95677053, 60.27563715], [24.95676518, 60.27558222], [24.95677227, 60.27554982], [24.95623235, 60.27429212], [24.95623181, 60.27429167], [24.95621995, 60.27423611], [24.95618324, 60.27412525], [24.95607024, 60.27389499], [24.95602482, 60.27381007], [24.95602482, 60.27380989], [24.95581567, 60.27332265], [24.95580278, 60.27323352], [24.95580336, 60.27320614], [24.95585095, 60.27289157], [24.95585149, 60.27289041], [24.95585204, 60.27288969], [24.95615735, 60.27240683], [24.95661122, 60.27189404], [24.95680609, 60.2716962], [24.95680772, 60.2716944], [24.95724895, 60.27129532], [24.95725492, 60.27129048], [24.95746438, 60.27112495], [24.95832421, 60.27062144], [24.95836272, 60.27060054], [24.95849453, 60.2705295], [24.95939617, 60.26995437], [24.95952095, 60.26986394], [24.95954103, 60.26984931], [24.9597, 60.26972523], [24.95982264, 60.26961236], [24.95982427, 60.26961039], [24.95986064, 60.26956992], [24.95990298, 60.26952209], [24.95994045, 60.26946637], [24.95996, 60.26943676], [24.95999751, 60.26934944], [24.96001057, 60.26930609], [24.96001438, 60.26929272], [24.96002368, 60.26921733], [24.96002752, 60.2691869], [24.9600228, 60.26905748], [24.96001634, 60.26901888], [24.96000827, 60.26896934], [24.96001507, 60.26872719], [24.96016827, 60.26844397], [24.96016881, 60.26844307], [24.96016935, 60.26844227], [24.9602947, 60.26832661], [24.96029579, 60.26832589], [24.96029687, 60.26832527], [24.96065809, 60.26813985], [24.9606608, 60.26813842], [24.96066242, 60.26813797], [24.96117697, 60.26800125], [24.96122468, 60.26799085], [24.96123227, 60.26798906], [24.96124528, 60.26798583], [24.96143884, 60.26793796], [24.96154892, 60.26790012], [24.9615641, 60.26789491], [24.96178427, 60.26779769], [24.96178698, 60.26779652], [24.96227669, 60.2675677], [24.96227723, 60.26756743], [24.96276532, 60.26733089], [24.9627664, 60.26733044], [24.96276694, 60.26733035], [24.96327666, 60.2671272], [24.963281, 60.26712568], [24.96328805, 60.26712335], [24.96367248, 60.26699448], [24.96367627, 60.26699322], [24.96400809, 60.26689763], [24.96452044, 60.26675004], [24.96478991, 60.26666691], [24.96515046, 60.26655589], [24.96515262, 60.26655508], [24.96588621, 60.26630908], [24.96633618, 60.26619126], [24.96633835, 60.26619072], [24.96654869, 60.26615227], [24.96710702, 60.26607361], [24.96722574, 60.26605075], [24.96730759, 60.26603515], [24.96743554, 60.26600189], [24.96831866, 60.26577161], [24.9684027, 60.26574973], [24.96863364, 60.26568947], [24.96877677, 60.26564409], [24.96877731, 60.26564391], [24.96885321, 60.26562392], [24.96892533, 60.2655892], [24.9692165, 60.26544979], [24.96923385, 60.26544118], [24.96924253, 60.26543687], [24.9693602, 60.26537093], [24.96996536, 60.26503126], [24.97020448, 60.26491069], [24.97020719, 60.26490943], [24.97068916, 60.26473551], [24.97103502, 60.26464969], [24.97162313, 60.26456105], [24.97318951, 60.26443904], [24.97320089, 60.26443815], [24.97286945, 60.26284478], [24.97503773, 60.26001906], [24.97546569, 60.25947138], [24.97562902, 60.25917065], [24.97604636, 60.25829356], [24.97653251, 60.25740213], [24.97660959, 60.25720684], [24.97673568, 60.2566688], [24.97682477, 60.2563474], [24.97687361, 60.25624411], [24.97698213, 60.25602854], [24.97717631, 60.25573239], [24.97734718, 60.25543847], [24.97757059, 60.25518657], [24.97772026, 60.25499623], [24.97782278, 60.25481854], [24.97794106, 60.25456976], [24.97821178, 60.2540294], [24.97832681, 60.25377982], [24.97835021, 60.25362733], [24.97830506, 60.25307032], [24.95913981, 60.25296456], [24.95368624, 60.25454045], [24.95200708, 60.2542495], [24.95091409, 60.25401135], [24.94938559, 60.25372249], [24.94890977, 60.2555416], [24.94850351, 60.25582309], [24.94810393, 60.25598225], [24.94729276, 60.25601936], [24.94706347, 60.25607913], [24.94494216, 60.25675887], [24.94412253, 60.25698183], [24.94345577, 60.25715037], [24.94299617, 60.25721561], [24.942373, 60.25724298], [24.94185934, 60.25723764], [24.94114803, 60.2571561], [24.94034959, 60.25702578], [24.93936542, 60.25683587], [24.93814097, 60.25648814], [24.93715645, 60.25621124], [24.93616111, 60.25593423], [24.93145173, 60.25585146], [24.92744692, 60.26549035], [24.92448226, 60.2706732]]]}, "geometry_name": "geom", "properties": {"posnro": "00690", "postitoimi": "HELSINKI", "postitoiru": "HELSINGFORS", "nimi": "Tuomarinkylä-Torpparinmäki", "nimiru": "Domarby-Torparbacken", "kunta": "Helsinki", "kunta_nro": "091"}}, {"type": "Feature", "id": "pks_postinumeroalueet_2024.55", "geometry": {"type": "Polygon", "coordinates": [[[25.02286865, 60.23472821], [25.02321676, 60.23464674], [25.02313433, 60.2344738], [25.02015809, 60.23307458], [25.02100621, 60.23426557], [25.02153844, 60.23504149], [25.02214289, 60.23607697], [25.02221004, 60.23688599], [25.02218467, 60.23700815], [25.02218467, 60.23700815], [25.02160246, 60.23770231], [25.02151215, 60.23788758], [25.02120326, 60.23838091], [25.02104319, 60.23872631], [25.02102017, 60.23914555], [25.02100909, 60.23960778], [25.02092318, 60.23991628], [25.01876762, 60.24059595], [25.0183345, 60.24083672], [25.01780173, 60.2410899], [25.01713298, 60.24128763], [25.01585601, 60.24146119], [25.01206161, 60.24133441], [25.00889929, 60.24129965], [25.00503998, 60.24133136], [25.00337374, 60.243432], [25.00453121, 60.24364639], [25.00464069, 60.24411884], [25.00418896, 60.24415485], [25.00417109, 60.24418402], [25.00466779, 60.24427636], [25.00373957, 60.2455009], [25.00325965, 60.24540756], [25.00318871, 60.24550279], [25.00327267, 60.24560942], [25.00327214, 60.24568786], [25.0032104, 60.24579072], [25.00285889, 60.24603594], [25.00319906, 60.24612425], [25.00403269, 60.24627797], [25.0042667, 60.24634618], [25.00440592, 60.24643431], [25.00491945, 60.24652557], [25.00475102, 60.24675041], [25.0054341, 60.24691032], [25.00552403, 60.2470147], [25.00537459, 60.24739266], [25.00513412, 60.24762343], [25.00318231, 60.24660524], [25.00260162, 60.2463516], [25.00236276, 60.24648301], [25.00227934, 60.24652708], [25.00028222, 60.24768985], [24.99787813, 60.24894055], [24.99730172, 60.24929084], [24.99672313, 60.24967695], [24.99612393, 60.25014518], [24.99544289, 60.25072667], [24.99488646, 60.25110783], [24.9944357, 60.25131353], [24.99510691, 60.25138311], [24.9959606, 60.25233255], [24.99616269, 60.25227987], [24.99770008, 60.25410333], [24.9987506, 60.25463711], [24.99872296, 60.25485988], [24.99942189, 60.25520705], [24.99965216, 60.25513991], [25.00070924, 60.25568364], [24.99960717, 60.25621973], [24.99974534, 60.25644753], [25.00013275, 60.25696307], [24.9994121, 60.25695346], [24.99893148, 60.25716887], [25.00003143, 60.25779481], [25.00111679, 60.25856704], [25.00175409, 60.25978292], [25.00193889, 60.26000991], [25.00295067, 60.26073832], [25.0029366, 60.26095813], [25.00387901, 60.26123544], [25.00381778, 60.26129298], [25.0034764, 60.26156961], [25.00432941, 60.26179684], [25.0039913, 60.26220406], [25.0046671, 60.26224532], [25.00474075, 60.26190704], [25.00481495, 60.26156876], [25.00523874, 60.26164279], [25.00596492, 60.26171617], [25.00685475, 60.2617146], [25.00698963, 60.26142981], [25.00596268, 60.2612929], [25.00606614, 60.26105738], [25.00652406, 60.26111687], [25.0066362, 60.2609054], [25.00719004, 60.26097278], [25.00744787, 60.26047185], [25.00824882, 60.26054917], [25.00776946, 60.26148317], [25.00825178, 60.26154274], [25.00838069, 60.26129286], [25.00903806, 60.26139056], [25.00878295, 60.26189822], [25.00925771, 60.26200481], [25.00944022, 60.26159777], [25.00987431, 60.26165329], [25.01003409, 60.26137388], [25.01040126, 60.26057568], [25.01097949, 60.26065102], [25.01113111, 60.26032386], [25.01094631, 60.26028402], [25.01135137, 60.25947783], [25.01074823, 60.2593901], [25.01121399, 60.25865848], [25.01258887, 60.25905408], [25.01357671, 60.25903738], [25.01417062, 60.25907681], [25.01421688, 60.25829084], [25.01579751, 60.25831444], [25.01591765, 60.25799769], [25.01789761, 60.25801907], [25.01789517, 60.25751205], [25.0180387, 60.25741339], [25.01829229, 60.2574077], [25.01828612, 60.25704402], [25.0180666, 60.25690754], [25.01939003, 60.2564278], [25.02240723, 60.2584124], [25.02329731, 60.25810448], [25.0250616, 60.25739296], [25.02602507, 60.25746807], [25.0260168, 60.25729647], [25.02625595, 60.25686139], [25.02627144, 60.2565862], [25.02787244, 60.25643859], [25.0296278, 60.25624147], [25.03187068, 60.25593049], [25.03312158, 60.25575732], [25.03416073, 60.25569773], [25.03503468, 60.25568916], [25.03631022, 60.25578198], [25.03710635, 60.25594565], [25.03790264, 60.256254], [25.03843071, 60.25653136], [25.04571071, 60.2553015], [25.05320623, 60.25232877], [25.05584259, 60.25208589], [25.05960016, 60.2517397], [25.05942919, 60.25096709], [25.0602596, 60.25091986], [25.06166309, 60.25083691], [25.06194098, 60.25082521], [25.06341003, 60.25074445], [25.06391974, 60.25071369], [25.06464397, 60.25067529], [25.06207985, 60.24834625], [25.06085783, 60.24749676], [25.05977301, 60.24669871], [25.05765189, 60.24551374], [25.05403785, 60.24378652], [25.05045301, 60.24213351], [25.04211005, 60.23860525], [25.03407137, 60.23539366], [25.02794428, 60.23328481], [25.02765108, 60.23359533], [25.02572273, 60.23330805], [25.02642935, 60.23401526], [25.02693162, 60.23507865], [25.02275623, 60.23503366], [25.02286865, 60.23472821]]]}, "geometry_name": "geom", "properties": {"posnro": "00700", "postitoimi": "HELSINKI", "postitoiru": "HELSINGFORS", "nimi": "Malmi", "nimiru": "Malm", "kunta": "Helsinki", "kunta_nro": "091"}}, {"type": "Feature", "id": "pks_postinumeroalueet_2024.56", "geometry": {"type": "Polygon", "coordinates": [[[24.97984878, 60.22100075], [24.98003432, 60.221181], [24.98041354, 60.22151288], [24.98104544, 60.22201774], [24.98177786, 60.22281827], [24.98229781, 60.22323874], [24.98300711, 60.22385428], [24.9836523, 60.22501407], [24.98369174, 60.22515543], [24.98370465, 60.22532408], [24.98369542, 60.22539319], [24.98362383, 60.22564907], [24.98331868, 60.226421], [24.98346822, 60.22723087], [24.98419193, 60.2273856], [24.98494488, 60.22754671], [24.98524314, 60.22761055], [24.98607998, 60.22782255], [24.98678024, 60.22849461], [24.98742537, 60.22898212], [24.98810678, 60.2294971], [24.98852247, 60.22978426], [24.98865723, 60.22990015], [24.98913622, 60.23034204], [24.9893787, 60.23055577], [24.9897056, 60.23090394], [24.98974618, 60.23097423], [24.98979596, 60.23108175], [24.98981868, 60.2311418], [24.98983814, 60.23123389], [24.98984355, 60.23125974], [24.98989274, 60.23150836], [24.98992352, 60.23178741], [24.98992123, 60.23217703], [24.98991634, 60.23223554], [24.98988866, 60.23244718], [24.98985235, 60.23256305], [24.98968383, 60.23299673], [24.98945409, 60.23349942], [24.99001544, 60.23394787], [24.99121669, 60.2349076], [24.99002331, 60.23657594], [24.99117655, 60.23717118], [24.99245763, 60.23783104], [24.99304295, 60.23813399], [24.996749, 60.24004552], [24.99689035, 60.24009255], [24.99709559, 60.2401605], [24.99724994, 60.24012963], [24.99736963, 60.24015], [25.00026429, 60.24064089], [25.00052262, 60.2406846], [25.00007474, 60.24099838], [25.00062228, 60.24125193], [25.00111621, 60.2414764], [25.00503998, 60.24133136], [25.00889929, 60.24129965], [25.01206161, 60.24133441], [25.01585601, 60.24146119], [25.01713298, 60.24128763], [25.01780173, 60.2410899], [25.0183345, 60.24083672], [25.01876762, 60.24059595], [25.02092318, 60.23991628], [25.02100909, 60.23960778], [25.02102017, 60.23914555], [25.02104319, 60.23872631], [25.02120326, 60.23838091], [25.02151215, 60.23788758], [25.02160246, 60.23770231], [25.02218467, 60.23700815], [25.02218467, 60.23700815], [25.02221004, 60.23688599], [25.02214289, 60.23607697], [25.02153844, 60.23504149], [25.02100621, 60.23426557], [25.02015809, 60.23307458], [25.02313433, 60.2344738], [25.02321676, 60.23464674], [25.02286865, 60.23472821], [25.02275623, 60.23503366], [25.02693162, 60.23507865], [25.02642935, 60.23401526], [25.02572273, 60.23330805], [25.02765108, 60.23359533], [25.02794428, 60.23328481], [25.02407085, 60.23195129], [25.02222578, 60.23133097], [25.01825273, 60.23014665], [25.01537972, 60.22940915], [25.01312032, 60.22894375], [25.0116412, 60.22872614], [25.01014263, 60.22859801], [25.00828462, 60.22850982], [25.00628584, 60.22834227], [25.00440725, 60.22809489], [25.00276852, 60.22782774], [25.0017383, 60.22763156], [24.99948897, 60.22692395], [24.99690957, 60.2257801], [24.99504319, 60.22493573], [24.99312276, 60.22422775], [24.9901058, 60.22338406], [24.98670576, 60.22259492], [24.9837984, 60.22183285], [24.98176903, 60.22117918], [24.97925078, 60.22002081], [24.97929076, 60.22013579], [24.97931399, 60.22020347], [24.97939561, 60.22038308], [24.97947075, 60.22051557], [24.97953618, 60.22061969], [24.97961081, 60.22072113], [24.9796876, 60.22082121], [24.97977414, 60.22092076], [24.97984878, 60.22100075]]]}, "geometry_name": "geom", "properties": {"posnro": "00710", "postitoimi": "HELSINKI", "postitoiru": "HELSINGFORS", "nimi": "Pihlajamäki", "nimiru": "Rönnbacka", "kunta": "Helsinki", "kunta_nro": "091"}}, {"type": "Feature", "id": "pks_postinumeroalueet_2024.57", "geometry": {"type": "Polygon", "coordinates": [[[24.98502322, 60.25162469], [24.98868327, 60.25173258], [24.98869226, 60.25081377], [24.98988892, 60.25096062], [24.98996374, 60.2507488], [24.9901956, 60.25076471], [24.99026549, 60.25074066], [24.99052985, 60.25076725], [24.99047617, 60.25093885], [24.99115008, 60.2510054], [24.99131648, 60.25069469], [24.99248605, 60.2508433], [24.99413562, 60.25103707], [24.99359978, 60.25129724], [24.99386143, 60.25139392], [24.99409711, 60.25129188], [24.9944357, 60.25131353], [24.99488646, 60.25110783], [24.99544289, 60.25072667], [24.99612393, 60.25014518], [24.99672313, 60.24967695], [24.99730172, 60.24929084], [24.99787813, 60.24894055], [25.00028222, 60.24768985], [25.00227934, 60.24652708], [25.00236276, 60.24648301], [25.00260162, 60.2463516], [25.00318231, 60.24660524], [25.00513412, 60.24762343], [25.00537459, 60.24739266], [25.00552403, 60.2470147], [25.0054341, 60.24691032], [25.00475102, 60.24675041], [25.00491945, 60.24652557], [25.00440592, 60.24643431], [25.0042667, 60.24634618], [25.00403269, 60.24627797], [25.00319906, 60.24612425], [25.00285889, 60.24603594], [25.0032104, 60.24579072], [25.00327214, 60.24568786], [25.00327267, 60.24560942], [25.00318871, 60.24550279], [25.00325965, 60.24540756], [25.00373957, 60.2455009], [25.00466779, 60.24427636], [25.00417109, 60.24418402], [25.00418896, 60.24415485], [25.00464069, 60.24411884], [25.00453121, 60.24364639], [25.00337374, 60.243432], [25.00503998, 60.24133136], [25.00111621, 60.2414764], [25.00062228, 60.24125193], [25.00007474, 60.24099838], [25.00052262, 60.2406846], [25.00026429, 60.24064089], [24.99736963, 60.24015], [24.99724994, 60.24012963], [24.99709559, 60.2401605], [24.99689035, 60.24009255], [24.996749, 60.24004552], [24.99304295, 60.23813399], [24.99245763, 60.23783104], [24.99117655, 60.23717118], [24.99002331, 60.23657594], [24.99121669, 60.2349076], [24.99001544, 60.23394787], [24.98945409, 60.23349942], [24.98910895, 60.2342088], [24.98905098, 60.23431237], [24.98863867, 60.23505262], [24.98827457, 60.23566983], [24.98742584, 60.2362492], [24.98550527, 60.23716557], [24.98484556, 60.23746976], [24.98457528, 60.23759358], [24.98398056, 60.23786879], [24.9837379, 60.23798095], [24.98332787, 60.23816391], [24.98299584, 60.23829939], [24.98256849, 60.23845928], [24.98226679, 60.23856479], [24.98173383, 60.23872914], [24.98145381, 60.23880297], [24.9809956, 60.23891564], [24.98078275, 60.23896183], [24.98060239, 60.23899779], [24.98053144, 60.23901188], [24.98009221, 60.23908684], [24.9794347, 60.23918826], [24.97860443, 60.23930624], [24.97774764, 60.23940178], [24.97722441, 60.23952312], [24.97573535, 60.23995906], [24.97393146, 60.24058637], [24.97263269, 60.24132908], [24.97255791, 60.24138148], [24.97246362, 60.24144716], [24.97221271, 60.24163443], [24.97202897, 60.24179603], [24.97185387, 60.24199085], [24.97173131, 60.24217751], [24.97167216, 60.24231231], [24.97163249, 60.24246479], [24.97163298, 60.2425304], [24.9716508, 60.24258785], [24.97166917, 60.24264422], [24.97171082, 60.24270526], [24.97190776, 60.24293767], [24.97209773, 60.24310456], [24.97257676, 60.24345802], [24.97263627, 60.24353423], [24.97273083, 60.24380163], [24.9728507, 60.24424764], [24.97292895, 60.24591536], [24.9731663, 60.24644747], [24.97334576, 60.24691144], [24.97357612, 60.24739588], [24.97371728, 60.24767325], [24.97403054, 60.2481525], [24.97428587, 60.24859387], [24.97437826, 60.24889896], [24.97481269, 60.24963744], [24.9749339, 60.24980791], [24.98284834, 60.25008803], [24.98519828, 60.25026118], [24.98502322, 60.25162469]]]}, "geometry_name": "geom", "properties": {"posnro": "00720", "postitoimi": "HELSINKI", "postitoiru": "HELSINGFORS", "nimi": "Pukinmäki-Savela", "nimiru": "Bocksbacka-Lerstrand", "kunta": "Helsinki", "kunta_nro": "091"}}, {"type": "Feature", "id": "pks_postinumeroalueet_2024.58", "geometry": {"type": "Polygon", "coordinates": [[[25.00878295, 60.26189822], [25.00903806, 60.26139056], [25.00838069, 60.26129286], [25.00825178, 60.26154274], [25.00776946, 60.26148317], [25.00824882, 60.26054917], [25.00744787, 60.26047185], [25.00719004, 60.26097278], [25.0066362, 60.2609054], [25.00652406, 60.26111687], [25.00606614, 60.26105738], [25.00596268, 60.2612929], [25.00698963, 60.26142981], [25.00685475, 60.2617146], [25.00596492, 60.26171617], [25.00523874, 60.26164279], [25.00481495, 60.26156876], [25.00474075, 60.26190704], [25.00465897, 60.26228023], [25.00429106, 60.26280423], [25.00405098, 60.2627642], [25.00365318, 60.26260652], [25.00259368, 60.26239248], [25.00224904, 60.26279144], [25.00134562, 60.26262487], [25.00102427, 60.2630083], [25.00176999, 60.26312784], [25.00125842, 60.2637624], [25.00111642, 60.26371914], [25.00049644, 60.26457072], [24.99987426, 60.26446805], [24.99980869, 60.26454658], [24.99944882, 60.26449533], [24.99900981, 60.2650439], [24.99938865, 60.2651201], [24.9990743, 60.26542472], [24.99887322, 60.26554661], [24.99726282, 60.26747762], [24.99626825, 60.26727054], [24.99601509, 60.26756043], [24.99704058, 60.26770837], [24.99734627, 60.26775236], [24.99830943, 60.26787785], [25.00103311, 60.26826765], [25.00290691, 60.26846652], [25.00369504, 60.26855733], [25.00429019, 60.26855273], [25.00431733, 60.2688613], [25.00390707, 60.26936599], [25.00372332, 60.269401], [25.00317375, 60.27007533], [25.00301659, 60.27042771], [25.00313964, 60.2705276], [25.00357709, 60.27054617], [25.00413598, 60.2706859], [25.00609396, 60.27080699], [25.0063623, 60.27089098], [25.0068035, 60.27065536], [25.00753863, 60.27101711], [25.00724757, 60.27119035], [25.00798053, 60.2714733], [25.00892762, 60.27174331], [25.01009479, 60.27193216], [25.01134483, 60.27190136], [25.01218467, 60.27375657], [25.01287237, 60.27588176], [25.01474221, 60.27574963], [25.01565843, 60.27570151], [25.01585984, 60.27626424], [25.01879329, 60.27595852], [25.01896216, 60.2754644], [25.01892415, 60.27537106], [25.01843592, 60.27483504], [25.01782128, 60.27409888], [25.01681009, 60.27384133], [25.01697834, 60.27317067], [25.02091963, 60.27342402], [25.02084501, 60.27371968], [25.02437762, 60.27393179], [25.02551499, 60.27322657], [25.02566574, 60.27259172], [25.02899659, 60.27281416], [25.02909587, 60.27228837], [25.0292822, 60.27151196], [25.02941548, 60.27143044], [25.03091388, 60.2715203], [25.03156106, 60.27145112], [25.03122542, 60.27078901], [25.0312402, 60.27036698], [25.03272383, 60.27036564], [25.03387285, 60.27021573], [25.03474896, 60.27188123], [25.03886032, 60.27156883], [25.03865777, 60.2708076], [25.03974078, 60.27076528], [25.03950443, 60.26986315], [25.03832974, 60.2698083], [25.03827746, 60.26960422], [25.03863563, 60.26950045], [25.03869444, 60.26927057], [25.03960034, 60.26938699], [25.04059134, 60.26949663], [25.04104792, 60.26962933], [25.04049645, 60.26903129], [25.04238301, 60.26880937], [25.04201341, 60.268015], [25.04420944, 60.2670279], [25.04415543, 60.26676521], [25.04372994, 60.26675314], [25.043156, 60.2663735], [25.04221048, 60.26573171], [25.04199139, 60.26436546], [25.04175595, 60.26375836], [25.04119728, 60.26296529], [25.04050055, 60.26226436], [25.03966384, 60.26138521], [25.0393375, 60.26084508], [25.03910444, 60.2603621], [25.03897544, 60.25987918], [25.03891567, 60.25928682], [25.03899324, 60.25844141], [25.03904877, 60.2577512], [25.03904727, 60.25740035], [25.0389771, 60.25717042], [25.03875618, 60.25684298], [25.03843071, 60.25653136], [25.03790264, 60.256254], [25.03710635, 60.25594565], [25.03631022, 60.25578198], [25.03503468, 60.25568916], [25.03416073, 60.25569773], [25.03312158, 60.25575732], [25.03187068, 60.25593049], [25.0296278, 60.25624147], [25.02787244, 60.25643859], [25.02627144, 60.2565862], [25.02625595, 60.25686139], [25.0260168, 60.25729647], [25.02602507, 60.25746807], [25.0250616, 60.25739296], [25.02329731, 60.25810448], [25.02240723, 60.2584124], [25.01939003, 60.2564278], [25.0180666, 60.25690754], [25.01828612, 60.25704402], [25.01829229, 60.2574077], [25.0180387, 60.25741339], [25.01789517, 60.25751205], [25.01789761, 60.25801907], [25.01591765, 60.25799769], [25.01579751, 60.25831444], [25.01421688, 60.25829084], [25.01417062, 60.25907681], [25.01357671, 60.25903738], [25.01258887, 60.25905408], [25.01121399, 60.25865848], [25.01074823, 60.2593901], [25.01135137, 60.25947783], [25.01094631, 60.26028402], [25.01113111, 60.26032386], [25.01097949, 60.26065102], [25.01040126, 60.26057568], [25.01003409, 60.26137388], [25.00987431, 60.26165329], [25.00944022, 60.26159777], [25.00925771, 60.26200481], [25.00878295, 60.26189822]]]}, "geometry_name": "geom", "properties": {"posnro": "00730", "postitoimi": "HELSINKI", "postitoiru": "HELSINGFORS", "nimi": "Tapanila", "nimiru": "Mosabacka", "kunta": "Helsinki", "kunta_nro": "091"}}, {"type": "Feature", "id": "pks_postinumeroalueet_2024.59", "geometry": {"type": "Polygon", "coordinates": [[[25.01474442, 60.28186845], [25.01504967, 60.28177265], [25.0137054, 60.280402], [25.01147755, 60.2809103], [25.01088736, 60.28021925], [25.01032222, 60.2797717], [25.00687015, 60.27827888], [25.00752012, 60.27777937], [25.00895525, 60.27765955], [25.00938396, 60.27708322], [25.00919134, 60.27657846], [25.00962117, 60.27619815], [25.01287237, 60.27588176], [25.01218467, 60.27375657], [25.01134483, 60.27190136], [25.01009479, 60.27193216], [25.00892762, 60.27174331], [25.00798053, 60.2714733], [25.00724757, 60.27119035], [25.00753863, 60.27101711], [25.0068035, 60.27065536], [25.0063623, 60.27089098], [25.00609396, 60.27080699], [25.00413598, 60.2706859], [25.00357709, 60.27054617], [25.00313964, 60.2705276], [25.00301659, 60.27042771], [25.00317375, 60.27007533], [25.00372332, 60.269401], [25.00390707, 60.26936599], [25.00431733, 60.2688613], [25.00429019, 60.26855273], [25.00369504, 60.26855733], [25.00290691, 60.26846652], [25.00103311, 60.26826765], [24.99830943, 60.26787785], [24.99734627, 60.26775236], [24.99704058, 60.26770837], [24.99601509, 60.26756043], [24.99626825, 60.26727054], [24.99726282, 60.26747762], [24.99887322, 60.26554661], [24.99634823, 60.26450839], [24.9955971, 60.2642847], [24.99471426, 60.26412527], [24.99396799, 60.26408036], [24.99321574, 60.2641182], [24.9916749, 60.26431099], [24.98908642, 60.26452118], [24.9874383, 60.26450802], [24.98591811, 60.26442871], [24.98345814, 60.26442726], [24.981584, 60.26446273], [24.98043499, 60.26453276], [24.97901173, 60.26462409], [24.97752394, 60.26476081], [24.9757314, 60.26506798], [24.9757379, 60.26507615], [24.97580288, 60.26515685], [24.97578429, 60.26537908], [24.97574847, 60.26544046], [24.97571863, 60.2654909], [24.97553845, 60.26581012], [24.97551221, 60.26611581], [24.9755122, 60.26611725], [24.97551275, 60.26611815], [24.97561556, 60.26633923], [24.9756161, 60.26633976], [24.97561664, 60.2663403], [24.97580889, 60.26656391], [24.97605101, 60.26677353], [24.97636145, 60.26695058], [24.97636578, 60.26695273], [24.97658252, 60.2670445], [24.9765939, 60.26704935], [24.97659498, 60.26704962], [24.97732652, 60.26730159], [24.97732706, 60.26730186], [24.97737854, 60.26732278], [24.97757467, 60.26744712], [24.97765486, 60.26748833], [24.97786996, 60.26759948], [24.97807963, 60.26774842], [24.97808058, 60.26793897], [24.97808058, 60.26793923], [24.97808004, 60.26794004], [24.97804368, 60.2680096], [24.97804313, 60.26801067], [24.97800787, 60.2680568], [24.97795906, 60.26810687], [24.97786468, 60.26819437], [24.97785818, 60.2682002], [24.9778175, 60.26823654], [24.97781479, 60.26823852], [24.97729908, 60.2685742], [24.97690385, 60.26869736], [24.97682632, 60.26872894], [24.97682523, 60.26872957], [24.97640503, 60.26890011], [24.97626838, 60.26897512], [24.97608618, 60.26908279], [24.97576132, 60.26932489], [24.97576132, 60.26932507], [24.97559911, 60.26950113], [24.97552638, 60.26963826], [24.97552583, 60.26963916], [24.97552583, 60.26963952], [24.97553863, 60.26992305], [24.97556676, 60.26999764], [24.97571952, 60.27013248], [24.97572115, 60.27013373], [24.97579049, 60.27019532], [24.97579482, 60.27019954], [24.97580078, 60.27020815], [24.97586792, 60.27030977], [24.97586792, 60.27031022], [24.9760374, 60.27055662], [24.97623995, 60.27081075], [24.97624482, 60.2708164], [24.97624862, 60.27082017], [24.97652923, 60.27107503], [24.97653194, 60.27107754], [24.97702112, 60.27152236], [24.97707095, 60.27157711], [24.97710829, 60.27166176], [24.97719592, 60.27194476], [24.97716825, 60.27274948], [24.97716825, 60.27275397], [24.97715885, 60.2730165], [24.97720747, 60.27325148], [24.97751004, 60.27395726], [24.97777175, 60.27415754], [24.97777229, 60.27415799], [24.97777283, 60.27415835], [24.97856843, 60.27453544], [24.9789814, 60.27474445], [24.97900091, 60.27475433], [24.97912718, 60.2748257], [24.97927456, 60.27494994], [24.97927456, 60.27495021], [24.97943332, 60.27508406], [24.97946584, 60.27510408], [24.97972924, 60.27524144], [24.97972978, 60.27524171], [24.9801596, 60.27540566], [24.98040293, 60.27556618], [24.98043923, 60.27559706], [24.98053079, 60.27570208], [24.98062397, 60.27582362], [24.98076856, 60.27702526], [24.98081604, 60.27742242], [24.98125236, 60.27765261], [24.98201987, 60.27805732], [24.98203993, 60.27807303], [24.98206213, 60.27811297], [24.98210759, 60.27826628], [24.98210759, 60.27826655], [24.98230081, 60.27891737], [24.98287971, 60.27924837], [24.98288079, 60.2792489], [24.98356432, 60.27963995], [24.98356486, 60.27964022], [24.98358167, 60.27964983], [24.98417808, 60.27969621], [24.98539098, 60.27979041], [24.98595107, 60.27983383], [24.98595162, 60.279834], [24.98595921, 60.27983454], [24.98974718, 60.27976713], [24.98976182, 60.27977], [24.98976236, 60.27977], [24.99298124, 60.28104605], [24.99340524, 60.28121427], [24.99445501, 60.28130021], [24.99564197, 60.28139754], [24.99564252, 60.28139754], [24.9956436, 60.28139799], [24.99566692, 60.28140912], [24.99566746, 60.28140912], [24.99968926, 60.28478192], [24.99968926, 60.28478255], [24.99971529, 60.28486513], [24.9997885, 60.28524738], [24.99982375, 60.2854855], [24.99991865, 60.28587224], [24.9999295, 60.28595553], [24.99993655, 60.28600732], [24.99999132, 60.28614231], [25.00001247, 60.28616663], [25.00014751, 60.28631795], [25.0003357, 60.28642108], [25.00052606, 60.28650329], [25.0006611, 60.28654772], [25.00069961, 60.28655607], [25.00076035, 60.28656917], [25.00152775, 60.28662355], [25.00220349, 60.28657436], [25.00220566, 60.28657418], [25.00323012, 60.28649975], [25.00323283, 60.28649966], [25.00387006, 60.28645333], [25.00464775, 60.28630818], [25.00506153, 60.28621994], [25.00572694, 60.28607801], [25.0057367, 60.28607954], [25.00579148, 60.28608869], [25.00579907, 60.28608986], [25.00582131, 60.28609695], [25.00605452, 60.28617206], [25.00677749, 60.28642531], [25.00690061, 60.28647269], [25.00715498, 60.2865706], [25.00719458, 60.28658558], [25.0072857, 60.28662076], [25.00747119, 60.2867158], [25.01066972, 60.28621844], [25.01224831, 60.28590713], [25.01369943, 60.28557338], [25.01314445, 60.28512996], [25.01293527, 60.28414226], [25.01620917, 60.28320533], [25.01474442, 60.28186845]]]}, "geometry_name": "geom", "properties": {"posnro": "00740", "postitoimi": "HELSINKI", "postitoiru": "HELSINGFORS", "nimi": "Siltamäki", "nimiru": "Brobacka", "kunta": "Helsinki", "kunta_nro": "091"}}, {"type": "Feature", "id": "pks_postinumeroalueet_2024.60", "geometry": {"type": "Polygon", "coordinates": [[[25.01697834, 60.27317067], [25.01681009, 60.27384133], [25.01782128, 60.27409888], [25.01843592, 60.27483504], [25.01892415, 60.27537106], [25.01896216, 60.2754644], [25.01879329, 60.27595852], [25.01585984, 60.27626424], [25.01565843, 60.27570151], [25.01474221, 60.27574963], [25.01287237, 60.27588176], [25.00962117, 60.27619815], [25.00919134, 60.27657846], [25.00938396, 60.27708322], [25.00895525, 60.27765955], [25.00752012, 60.27777937], [25.00687015, 60.27827888], [25.01032222, 60.2797717], [25.01088736, 60.28021925], [25.01147755, 60.2809103], [25.0137054, 60.280402], [25.01504967, 60.28177265], [25.01474442, 60.28186845], [25.01620917, 60.28320533], [25.01293527, 60.28414226], [25.01314445, 60.28512996], [25.01369943, 60.28557338], [25.01224831, 60.28590713], [25.01066972, 60.28621844], [25.00747119, 60.2867158], [25.00757425, 60.28676884], [25.00762903, 60.28679693], [25.00789155, 60.28693136], [25.00789806, 60.28693486], [25.00795068, 60.28696178], [25.00799896, 60.28700657], [25.00817365, 60.28726074], [25.00817419, 60.28726181], [25.00835106, 60.28751993], [25.00877525, 60.2877739], [25.01055417, 60.28779505], [25.01055525, 60.28779505], [25.01070873, 60.28777502], [25.01074561, 60.28776694], [25.01083943, 60.28774629], [25.01086003, 60.28774009], [25.01092999, 60.28771855], [25.01100645, 60.28769], [25.01105688, 60.28766603], [25.01107423, 60.28765795], [25.01153568, 60.287404], [25.01159208, 60.2873759], [25.01208886, 60.28735046], [25.01210784, 60.28735405], [25.01210784, 60.28735414], [25.01359734, 60.28787384], [25.01359734, 60.28787393], [25.01378939, 60.28800639], [25.01378993, 60.28800657], [25.01456953, 60.28854419], [25.01552695, 60.28884027], [25.01552912, 60.28884072], [25.0155302, 60.28884089], [25.01654179, 60.28898195], [25.01658789, 60.28898051], [25.01788303, 60.28890495], [25.01788357, 60.28890477], [25.0185024, 60.28886879], [25.01851542, 60.28887067], [25.01851596, 60.28887085], [25.01910507, 60.2890378], [25.01973812, 60.28921712], [25.02090755, 60.28931791], [25.02094117, 60.28931494], [25.02168741, 60.28919922], [25.02238744, 60.28893981], [25.02252841, 60.28888306], [25.02260596, 60.28884643], [25.02313673, 60.28855078], [25.02313727, 60.28855052], [25.02411475, 60.28800617], [25.02503172, 60.28781115], [25.02656414, 60.2874855], [25.02657932, 60.28747939], [25.02659776, 60.28746853], [25.02717357, 60.28662455], [25.02733553, 60.28638748], [25.02751715, 60.286316], [25.02793352, 60.28615239], [25.0279346, 60.28615176], [25.02860306, 60.28588909], [25.02886762, 60.28578528], [25.02886816, 60.28578501], [25.02904489, 60.28571568], [25.03023071, 60.28546833], [25.03060706, 60.28544562], [25.03060922, 60.28544544], [25.03135161, 60.28540039], [25.03136354, 60.2853985], [25.03144486, 60.28537829], [25.03149637, 60.28536302], [25.03187318, 60.28525182], [25.03187372, 60.28525173], [25.0319892, 60.2852175], [25.03198974, 60.28521732], [25.0328485, 60.28496383], [25.03381388, 60.28503826], [25.03447962, 60.28535384], [25.03449048, 60.28536371], [25.03450134, 60.28537843], [25.03449644, 60.28587889], [25.03449644, 60.28587907], [25.03449103, 60.2864], [25.0352723, 60.28720542], [25.03604209, 60.28738857], [25.03653019, 60.28737767], [25.03678671, 60.28737195], [25.03680081, 60.28737383], [25.03746702, 60.28755799], [25.03746756, 60.28755817], [25.03787696, 60.28796069], [25.0378775, 60.28796078], [25.03788782, 60.28797145], [25.03800103, 60.28784765], [25.0380059, 60.28784245], [25.03801619, 60.28783095], [25.03820957, 60.28761953], [25.03850856, 60.28729176], [25.03853943, 60.28725827], [25.03855352, 60.28724274], [25.03891425, 60.28684763], [25.03893429, 60.28682582], [25.03894783, 60.286811], [25.03925602, 60.28647838], [25.03929772, 60.28643331], [25.03930422, 60.28642631], [25.03932318, 60.28640674], [25.0393313, 60.28639794], [25.03943692, 60.28628419], [25.03981064, 60.28588225], [25.03990921, 60.2857765], [25.04002295, 60.28565449], [25.04022117, 60.285441], [25.04023363, 60.28542744], [25.04034195, 60.28531162], [25.04043783, 60.28522112], [25.04046383, 60.28519652], [25.04047683, 60.28518216], [25.04048062, 60.28517803], [25.04087867, 60.28473623], [25.04064581, 60.28413685], [25.04154875, 60.28329424], [25.04155634, 60.28328723], [25.04206866, 60.2831896], [25.0422557, 60.28315651], [25.04222414, 60.28306794], [25.04277013, 60.28259692], [25.04283189, 60.28254547], [25.04283243, 60.28254475], [25.04306535, 60.28235216], [25.04317846, 60.2821824], [25.04330893, 60.28202331], [25.04331164, 60.28202062], [25.04340638, 60.28190508], [25.04340638, 60.28190508], [25.04226334, 60.28151071], [25.04249056, 60.28110191], [25.04265926, 60.28115122], [25.04373336, 60.27987745], [25.04418034, 60.28001436], [25.04420039, 60.280006], [25.04492008, 60.28012208], [25.04576018, 60.28026414], [25.04621511, 60.28026776], [25.04684286, 60.28016288], [25.04684286, 60.28016288], [25.04572356, 60.27966784], [25.04620924, 60.27918031], [25.04604127, 60.27887341], [25.04573591, 60.27841847], [25.04515811, 60.27854468], [25.04514989, 60.27887587], [25.04449807, 60.27880824], [25.04445864, 60.27891955], [25.04446201, 60.27900436], [25.04477984, 60.2790783], [25.04474153, 60.27921528], [25.04454055, 60.27934531], [25.04375181, 60.27907532], [25.04412296, 60.27807508], [25.04420724, 60.27784807], [25.0447631, 60.27635206], [25.04420625, 60.27631608], [25.04422355, 60.27627667], [25.04360107, 60.27621396], [25.04373507, 60.27587304], [25.04323721, 60.27575445], [25.04313307, 60.27571563], [25.04340186, 60.27562722], [25.04362835, 60.27552977], [25.04380495, 60.27542927], [25.04395172, 60.27531371], [25.04407351, 60.27517384], [25.04413403, 60.27502492], [25.04417602, 60.27480312], [25.04256682, 60.27469514], [25.04258915, 60.27435954], [25.04278394, 60.27364936], [25.04269678, 60.27291359], [25.04272891, 60.27219062], [25.04279207, 60.27198964], [25.04298582, 60.27133663], [25.04345907, 60.27134607], [25.04489722, 60.27135996], [25.04487704, 60.27126483], [25.0448196, 60.27088752], [25.04478844, 60.27069726], [25.04474525, 60.27042828], [25.0447064, 60.27016083], [25.04467574, 60.269937], [25.04462881, 60.2697041], [25.04459382, 60.26948754], [25.04455392, 60.26924109], [25.04454954, 60.26921345], [25.04447629, 60.2687578], [25.04446426, 60.26868187], [25.04440195, 60.26829542], [25.0443779, 60.26814832], [25.04435385, 60.26799646], [25.04432816, 60.26783985], [25.04429481, 60.26762966], [25.04426474, 60.26743724], [25.04423467, 60.26724491], [25.04422648, 60.26720013], [25.04420944, 60.2670279], [25.04201341, 60.268015], [25.04238301, 60.26880937], [25.04049645, 60.26903129], [25.04104792, 60.26962933], [25.04059134, 60.26949663], [25.03960034, 60.26938699], [25.03869444, 60.26927057], [25.03863563, 60.26950045], [25.03827746, 60.26960422], [25.03832974, 60.2698083], [25.03950443, 60.26986315], [25.03974078, 60.27076528], [25.03865777, 60.2708076], [25.03886032, 60.27156883], [25.03474896, 60.27188123], [25.03387285, 60.27021573], [25.03272383, 60.27036564], [25.0312402, 60.27036698], [25.03122542, 60.27078901], [25.03156106, 60.27145112], [25.03091388, 60.2715203], [25.02941548, 60.27143044], [25.0292822, 60.27151196], [25.02909587, 60.27228837], [25.02899659, 60.27281416], [25.02566574, 60.27259172], [25.02551499, 60.27322657], [25.02437762, 60.27393179], [25.02084501, 60.27371968], [25.02091963, 60.27342402], [25.01697834, 60.27317067]]]}, "geometry_name": "geom", "properties": {"posnro": "00750", "postitoimi": "HELSINKI", "postitoiru": "HELSINGFORS", "nimi": "Puistola", "nimiru": "Parkstad", "kunta": "Helsinki", "kunta_nro": "091"}}, {"type": "Feature", "id": "pks_postinumeroalueet_2024.61", "geometry": {"type": "Polygon", "coordinates": [[[25.06239791, 60.27543692], [25.06850111, 60.27503352], [25.06864208, 60.27504207], [25.07665557, 60.27555179], [25.07801677, 60.275036], [25.07816408, 60.27497461], [25.07852263, 60.27527911], [25.0789829, 60.27527524], [25.07949323, 60.2753471], [25.07989574, 60.27544496], [25.08035157, 60.27562105], [25.08062821, 60.27567689], [25.08094909, 60.27564824], [25.08289382, 60.27501725], [25.08337682, 60.27478709], [25.08374657, 60.27457916], [25.08439854, 60.273656], [25.08445388, 60.27346282], [25.08488695, 60.27301369], [25.08483698, 60.27255679], [25.08477605, 60.27247416], [25.08578011, 60.27209395], [25.08609692, 60.27197384], [25.08584889, 60.27206662], [25.08322934, 60.26986925], [25.07978732, 60.26765671], [25.07782716, 60.26642071], [25.0756807, 60.26471862], [25.07464512, 60.2638179], [25.074254, 60.26341755], [25.07341738, 60.26348237], [25.07203562, 60.26358078], [25.07172423, 60.2634377], [25.07161249, 60.26289817], [25.06888812, 60.26313647], [25.06298575, 60.26338765], [25.06278187, 60.2638997], [25.06226097, 60.26385812], [25.06237394, 60.26341253], [25.06202766, 60.26342679], [25.0574744, 60.2635386], [25.05345957, 60.26383315], [25.05069173, 60.26413401], [25.04803131, 60.26455701], [25.04595616, 60.26497169], [25.04385013, 60.26543239], [25.04221048, 60.26573171], [25.043156, 60.2663735], [25.04372994, 60.26675314], [25.04415543, 60.26676521], [25.04420944, 60.2670279], [25.04422648, 60.26720013], [25.04423467, 60.26724491], [25.04426474, 60.26743724], [25.04429481, 60.26762966], [25.04432816, 60.26783985], [25.04435385, 60.26799646], [25.0443779, 60.26814832], [25.04440195, 60.26829542], [25.04446426, 60.26868187], [25.04447629, 60.2687578], [25.04454954, 60.26921345], [25.04455392, 60.26924109], [25.04459382, 60.26948754], [25.04462881, 60.2697041], [25.04467574, 60.269937], [25.0447064, 60.27016083], [25.04474525, 60.27042828], [25.04478844, 60.27069726], [25.0448196, 60.27088752], [25.04487704, 60.27126483], [25.04489722, 60.27135996], [25.04345907, 60.27134607], [25.04298582, 60.27133663], [25.04279207, 60.27198964], [25.04272891, 60.27219062], [25.04269678, 60.27291359], [25.04278394, 60.27364936], [25.04258915, 60.27435954], [25.04256682, 60.27469514], [25.04417602, 60.27480312], [25.04413403, 60.27502492], [25.04407351, 60.27517384], [25.04395172, 60.27531371], [25.04380495, 60.27542927], [25.04362835, 60.27552977], [25.04340186, 60.27562722], [25.04313307, 60.27571563], [25.04323721, 60.27575445], [25.04373507, 60.27587304], [25.04360107, 60.27621396], [25.04422355, 60.27627667], [25.04420625, 60.27631608], [25.0447631, 60.27635206], [25.04420724, 60.27784807], [25.04412296, 60.27807508], [25.04375181, 60.27907532], [25.04454055, 60.27934531], [25.04474153, 60.27921528], [25.04477984, 60.2790783], [25.04446201, 60.27900436], [25.04445864, 60.27891955], [25.04449807, 60.27880824], [25.04514989, 60.27887587], [25.04515811, 60.27854468], [25.04573591, 60.27841847], [25.04604127, 60.27887341], [25.04620924, 60.27918031], [25.04572356, 60.27966784], [25.04684286, 60.28016288], [25.04726407, 60.28009264], [25.04882048, 60.27988466], [25.05190858, 60.2796285], [25.05564069, 60.27965158], [25.05827822, 60.27945156], [25.06156314, 60.27637541], [25.06156422, 60.27637451], [25.06157561, 60.27637585], [25.06239791, 60.27543692]]]}, "geometry_name": "geom", "properties": {"posnro": "00760", "postitoimi": "HELSINKI", "postitoiru": "HELSINGFORS", "nimi": "Suurmetsä", "nimiru": "Storskog", "kunta": "Helsinki", "kunta_nro": "091"}}, {"type": "Feature", "id": "pks_postinumeroalueet_2024.62", "geometry": {"type": "Polygon", "coordinates": [[[25.08322934, 60.26986925], [25.08584889, 60.27206662], [25.08609692, 60.27197384], [25.08657837, 60.27179393], [25.08674516, 60.27173162], [25.08681014, 60.27170367], [25.08801235, 60.27124783], [25.08912399, 60.26779976], [25.08636788, 60.2606251], [25.08753541, 60.25930676], [25.08467333, 60.25390484], [25.08244629, 60.2497004], [25.08243491, 60.24969744], [25.07388972, 60.25014971], [25.06645425, 60.25057019], [25.06464397, 60.25067529], [25.06391974, 60.25071369], [25.06341003, 60.25074445], [25.06194098, 60.25082521], [25.06166309, 60.25083691], [25.0602596, 60.25091986], [25.05942919, 60.25096709], [25.05960016, 60.2517397], [25.05584259, 60.25208589], [25.05320623, 60.25232877], [25.04571071, 60.2553015], [25.03843071, 60.25653136], [25.03875618, 60.25684298], [25.0389771, 60.25717042], [25.03904727, 60.25740035], [25.03904877, 60.2577512], [25.03899324, 60.25844141], [25.03891567, 60.25928682], [25.03897544, 60.25987918], [25.03910444, 60.2603621], [25.0393375, 60.26084508], [25.03966384, 60.26138521], [25.04050055, 60.26226436], [25.04119728, 60.26296529], [25.04175595, 60.26375836], [25.04199139, 60.26436546], [25.04221048, 60.26573171], [25.04385013, 60.26543239], [25.04595616, 60.26497169], [25.04803131, 60.26455701], [25.05069173, 60.26413401], [25.05345957, 60.26383315], [25.0574744, 60.2635386], [25.06202766, 60.26342679], [25.06237394, 60.26341253], [25.06226097, 60.26385812], [25.06278187, 60.2638997], [25.06298575, 60.26338765], [25.06888812, 60.26313647], [25.07161249, 60.26289817], [25.07172423, 60.2634377], [25.07203562, 60.26358078], [25.07341738, 60.26348237], [25.074254, 60.26341755], [25.07464512, 60.2638179], [25.0756807, 60.26471862], [25.07782716, 60.26642071], [25.07978732, 60.26765671], [25.08322934, 60.26986925]]]}, "geometry_name": "geom", "properties": {"posnro": "00770", "postitoimi": "HELSINKI", "postitoiru": "HELSINGFORS", "nimi": "Jakomäki - Alppikylä", "nimiru": "Jakobacka - Alpbyn", "kunta": "Helsinki", "kunta_nro": "091"}}, {"type": "Feature", "id": "pks_postinumeroalueet_2024.63", "geometry": {"type": "Polygon", "coordinates": [[[25.00466656, 60.26224532], [25.0039913, 60.26220406], [25.00432941, 60.26179684], [25.0034764, 60.26156961], [25.00381778, 60.26129298], [25.00387901, 60.26123544], [25.0029366, 60.26095813], [25.00295067, 60.26073832], [25.00193889, 60.26000991], [25.00175409, 60.25978292], [25.00111679, 60.25856704], [25.00003143, 60.25779481], [24.99893148, 60.25716887], [24.9994121, 60.25695346], [25.00013275, 60.25696307], [24.99974534, 60.25644753], [24.99960717, 60.25621973], [25.00070924, 60.25568364], [24.99965216, 60.25513991], [24.99942189, 60.25520705], [24.99872296, 60.25485988], [24.9987506, 60.25463711], [24.99770008, 60.25410333], [24.99616269, 60.25227987], [24.9959606, 60.25233255], [24.99510691, 60.25138311], [24.9944357, 60.25131353], [24.99409711, 60.25129188], [24.99386143, 60.25139392], [24.99359978, 60.25129724], [24.99413562, 60.25103707], [24.99248605, 60.2508433], [24.99131648, 60.25069469], [24.99115008, 60.2510054], [24.99047617, 60.25093885], [24.99052985, 60.25076725], [24.99026549, 60.25074066], [24.9901956, 60.25076471], [24.98996374, 60.2507488], [24.98988892, 60.25096062], [24.98869226, 60.25081377], [24.98868327, 60.25173258], [24.98502322, 60.25162469], [24.98519828, 60.25026118], [24.98284834, 60.25008803], [24.9749339, 60.24980791], [24.97500264, 60.24988601], [24.97511145, 60.24998476], [24.97526522, 60.25010119], [24.97595726, 60.25048915], [24.97647602, 60.25080355], [24.97754274, 60.2515477], [24.97763857, 60.25163963], [24.97769974, 60.25170749], [24.97779773, 60.25181665], [24.97812196, 60.25222957], [24.97817608, 60.25231251], [24.97833561, 60.25275663], [24.97830506, 60.25307032], [24.97835021, 60.25362733], [24.97832681, 60.25377982], [24.97821178, 60.2540294], [24.97794106, 60.25456976], [24.97782278, 60.25481854], [24.97772026, 60.25499623], [24.97757059, 60.25518657], [24.97734718, 60.25543847], [24.97717631, 60.25573239], [24.97698213, 60.25602854], [24.97687361, 60.25624411], [24.97682477, 60.2563474], [24.97673568, 60.2566688], [24.97660959, 60.25720684], [24.97653251, 60.25740213], [24.97604636, 60.25829356], [24.97562902, 60.25917065], [24.97546569, 60.25947138], [24.97503773, 60.26001906], [24.97286945, 60.26284478], [24.97320089, 60.26443815], [24.97323286, 60.26444848], [24.97356826, 60.26454422], [24.97431931, 60.26468995], [24.97475718, 60.26474954], [24.974923, 60.26477201], [24.975298, 60.26483832], [24.97529854, 60.26483832], [24.97542371, 60.26487092], [24.9755039, 60.26490163], [24.97562633, 60.26497543], [24.9757314, 60.26506798], [24.97752394, 60.26476081], [24.97901173, 60.26462409], [24.98043499, 60.26453276], [24.981584, 60.26446273], [24.98345814, 60.26442726], [24.98591811, 60.26442871], [24.9874383, 60.26450802], [24.98908642, 60.26452118], [24.9916749, 60.26431099], [24.99321574, 60.2641182], [24.99396799, 60.26408036], [24.99471426, 60.26412527], [24.9955971, 60.2642847], [24.99634823, 60.26450839], [24.99887322, 60.26554661], [24.9990743, 60.26542472], [24.99938865, 60.2651201], [24.99900981, 60.2650439], [24.99944882, 60.26449533], [24.99980869, 60.26454658], [24.99987426, 60.26446805], [25.00049644, 60.26457072], [25.00111642, 60.26371914], [25.00125842, 60.2637624], [25.00176999, 60.26312784], [25.00102427, 60.2630083], [25.00134562, 60.26262487], [25.00224904, 60.26279144], [25.00259368, 60.26239248], [25.00365318, 60.26260652], [25.00405098, 60.2627642], [25.00429106, 60.26280423], [25.00465897, 60.26228023], [25.00466656, 60.26224532]]]}, "geometry_name": "geom", "properties": {"posnro": "00780", "postitoimi": "HELSINKI", "postitoiru": "HELSINGFORS", "nimi": "Tapaninvainio", "nimiru": "Staffansslätten", "kunta": "Helsinki", "kunta_nro": "091"}}, {"type": "Feature", "id": "pks_postinumeroalueet_2024.64", "geometry": {"type": "Polygon", "coordinates": [[[25.0116412, 60.22872614], [25.01312032, 60.22894375], [25.01537972, 60.22940915], [25.01825273, 60.23014665], [25.02222578, 60.23133097], [25.02407085, 60.23195129], [25.02794428, 60.23328481], [25.03407137, 60.23539366], [25.03539182, 60.23568304], [25.03708603, 60.23606232], [25.03795316, 60.23623189], [25.03872924, 60.23632142], [25.03950525, 60.23635584], [25.04029096, 60.23635004], [25.04126777, 60.23629894], [25.04186226, 60.23623835], [25.04286924, 60.2360771], [25.04384574, 60.23580563], [25.04513321, 60.23526848], [25.04631988, 60.23470127], [25.04771743, 60.23396345], [25.04874261, 60.23336128], [25.04934506, 60.23287971], [25.05089888, 60.23174697], [25.05056996, 60.23156876], [25.05047676, 60.23151817], [25.05031306, 60.23139545], [25.04852635, 60.22845337], [25.04296754, 60.21934295], [25.04062335, 60.21964769], [25.03819296, 60.2194085], [25.03563177, 60.21878785], [25.03407758, 60.21790903], [25.02823554, 60.21120301], [25.01880703, 60.2139095], [25.0017383, 60.22763156], [25.00276852, 60.22782774], [25.00440725, 60.22809489], [25.00628584, 60.22834227], [25.00828462, 60.22850982], [25.01014263, 60.22859801], [25.0116412, 60.22872614]]]}, "geometry_name": "geom", "properties": {"posnro": "00790", "postitoimi": "HELSINKI", "postitoiru": "HELSINGFORS", "nimi": "Viikki", "nimiru": "Vik", "kunta": "Helsinki", "kunta_nro": "091"}}, {"type": "Feature", "id": "pks_postinumeroalueet_2024.65", "geometry": {"type": "Polygon", "coordinates": [[[25.05828603, 60.21524568], [25.05506745, 60.21471958], [25.05312136, 60.21397003], [25.05274132, 60.21386526], [25.05066247, 60.21362723], [25.04825862, 60.21388859], [25.04795503, 60.21350905], [25.04726657, 60.21264864], [25.04565618, 60.21067417], [25.04524101, 60.21055396], [25.04534968, 60.21009833], [25.04555636, 60.2096993], [25.045881, 60.20931863], [25.04642853, 60.20892281], [25.04694694, 60.20860122], [25.04732407, 60.20823884], [25.04747906, 60.20804312], [25.04753012, 60.20781046], [25.0474993, 60.20744849], [25.0471632, 60.20698351], [25.04652295, 60.20644494], [25.04516901, 60.20540848], [25.04205998, 60.20332865], [25.03995412, 60.20163187], [25.03322557, 60.19580995], [25.03172889, 60.19616072], [25.03188107, 60.19637762], [25.03221245, 60.19621212], [25.03263911, 60.19615035], [25.03312496, 60.19686755], [25.03295697, 60.19761362], [25.03167669, 60.19755802], [25.03144145, 60.19816715], [25.0313016, 60.19841221], [25.02996071, 60.19834942], [25.0290612, 60.19892243], [25.02821833, 60.19935361], [25.02803607, 60.20001155], [25.02829194, 60.20066338], [25.02426977, 60.20074576], [25.01963998, 60.20058784], [25.00770515, 60.2045973], [25.00680449, 60.20489964], [25.00680395, 60.20489982], [25.01880703, 60.2139095], [25.02823554, 60.21120301], [25.03407758, 60.21790903], [25.03563177, 60.21878785], [25.03819296, 60.2194085], [25.04062335, 60.21964769], [25.04296754, 60.21934295], [25.04304433, 60.2192915], [25.04317681, 60.21920341], [25.04428112, 60.21896654], [25.04827331, 60.21836344], [25.05068059, 60.21800317], [25.05219927, 60.21771304], [25.0531752, 60.21747462], [25.05432626, 60.21711909], [25.05558, 60.21669035], [25.05645233, 60.21634973], [25.05737579, 60.21585569], [25.05828603, 60.21524568]]]}, "geometry_name": "geom", "properties": {"posnro": "00800", "postitoimi": "HELSINKI", "postitoiru": "HELSINGFORS", "nimi": "Länsi-Herttoniemi", "nimiru": "Västra Hertonäs", "kunta": "Helsinki", "kunta_nro": "091"}}, {"type": "Feature", "id": "pks_postinumeroalueet_2024.66", "geometry": {"type": "Polygon", "coordinates": [[[25.00680449, 60.20489964], [25.00770515, 60.2045973], [25.01963998, 60.20058784], [25.02426977, 60.20074576], [25.02829194, 60.20066338], [25.02803607, 60.20001155], [25.02821833, 60.19935361], [25.0290612, 60.19892243], [25.02996071, 60.19834942], [25.0313016, 60.19841221], [25.03144145, 60.19816715], [25.03167669, 60.19755802], [25.03295697, 60.19761362], [25.03312496, 60.19686755], [25.03263911, 60.19615035], [25.03221245, 60.19621212], [25.03188107, 60.19637762], [25.03172889, 60.19616072], [25.03322557, 60.19580995], [25.03220686, 60.19492334], [25.03098918, 60.19404323], [25.033443, 60.19369475], [25.03775414, 60.1926634], [25.03847588, 60.19249077], [25.03935061, 60.19228139], [25.04035552, 60.19239992], [25.04256045, 60.19253234], [25.04424021, 60.19261292], [25.04529066, 60.19279127], [25.04625147, 60.19306648], [25.04707715, 60.19337181], [25.04742733, 60.19356699], [25.05018644, 60.19389546], [25.05107316, 60.19202617], [25.04875122, 60.19175994], [25.04809347, 60.191265], [25.04771245, 60.19067222], [25.04810951, 60.19003178], [25.04822226, 60.18985079], [25.04874229, 60.18902118], [25.05564788, 60.18871402], [25.04060276, 60.18503247], [25.02201043, 60.18307716], [25.02282246, 60.18853704], [25.02286396, 60.18912456], [25.01726444, 60.19056893], [25.01433167, 60.19112728], [24.99608109, 60.19612092], [24.99797281, 60.19826689], [25.00680449, 60.20489964]]]}, "geometry_name": "geom", "properties": {"posnro": "00810", "postitoimi": "HELSINKI", "postitoiru": "HELSINGFORS", "nimi": "Herttoniemi", "nimiru": "Hertonäs", "kunta": "Helsinki", "kunta_nro": "091"}}, {"type": "Feature", "id": "pks_postinumeroalueet_2024.67", "geometry": {"type": "Polygon", "coordinates": [[[25.04900515, 60.20212374], [25.05410284, 60.20599868], [25.05471756, 60.20576435], [25.05542324, 60.20589303], [25.05583669, 60.20596852], [25.05625069, 60.20604419], [25.05666468, 60.20611959], [25.05734166, 60.20622449], [25.05683126, 60.20671369], [25.05584336, 60.20766298], [25.05713484, 60.20769304], [25.0596546, 60.20779219], [25.06178049, 60.20788393], [25.06431602, 60.20801439], [25.06433279, 60.20774117], [25.06431856, 60.20240208], [25.06982502, 60.20275346], [25.06994709, 60.20215851], [25.07035535, 60.2005744], [25.0724806, 60.19812603], [25.07295104, 60.19758383], [25.06668253, 60.19683383], [25.06587928, 60.19624948], [25.06459413, 60.19591461], [25.06398074, 60.19559521], [25.06200905, 60.19368286], [25.06086103, 60.19314782], [25.05107316, 60.19202617], [25.05018644, 60.19389546], [25.05015949, 60.19395632], [25.05024744, 60.19417385], [25.05042555, 60.1953571], [25.05092998, 60.19559942], [25.05053767, 60.19581938], [25.05012921, 60.1960862], [25.05013106, 60.19658774], [25.05023926, 60.19944188], [25.04959174, 60.19939383], [25.04931402, 60.20104021], [25.04879883, 60.20197411], [25.04900515, 60.20212374]]]}, "geometry_name": "geom", "properties": {"posnro": "00820", "postitoimi": "HELSINKI", "postitoiru": "HELSINGFORS", "nimi": "Roihuvuori", "nimiru": "Kasberget", "kunta": "Helsinki", "kunta_nro": "091"}}, {"type": "Feature", "id": "pks_postinumeroalueet_2024.68", "geometry": {"type": "Polygon", "coordinates": [[[25.06668253, 60.19683383], [25.07295104, 60.19758383], [25.07430951, 60.19774643], [25.07648329, 60.194045], [25.07612345, 60.1934907], [25.08310329, 60.19447506], [25.08907519, 60.19157491], [25.08907519, 60.19157473], [25.08749145, 60.18960146], [25.08718244, 60.18664965], [25.08917364, 60.18041965], [25.07956575, 60.17879583], [25.07735498, 60.1749237], [25.07144774, 60.17831174], [25.06796041, 60.17975072], [25.06758612, 60.17990556], [25.06729284, 60.18003513], [25.06718486, 60.18010133], [25.06612152, 60.18062514], [25.06587242, 60.18094667], [25.0656266, 60.18129306], [25.06513608, 60.18228303], [25.06371024, 60.18438756], [25.06213217, 60.18671563], [25.06071359, 60.18680775], [25.05881622, 60.18735853], [25.05862708, 60.18741552], [25.05597932, 60.18870203], [25.05564788, 60.18871402], [25.04874229, 60.18902118], [25.04822226, 60.18985079], [25.04810951, 60.19003178], [25.04771245, 60.19067222], [25.04809347, 60.191265], [25.04875122, 60.19175994], [25.05107316, 60.19202617], [25.06086103, 60.19314782], [25.06200905, 60.19368286], [25.06398074, 60.19559521], [25.06459413, 60.19591461], [25.06587928, 60.19624948], [25.06668253, 60.19683383]]]}, "geometry_name": "geom", "properties": {"posnro": "00830", "postitoimi": "HELSINKI", "postitoiru": "HELSINGFORS", "nimi": "Tammisalo", "nimiru": "Tammelund", "kunta": "Helsinki", "kunta_nro": "091"}}, {"type": "Feature", "id": "pks_postinumeroalueet_2024.69", "geometry": {"type": "Polygon", "coordinates": [[[25.03791498, 60.17831965], [25.03910155, 60.17883664], [25.03920621, 60.18184024], [25.04040648, 60.18458393], [25.04060276, 60.18503247], [25.05564788, 60.18871402], [25.05597932, 60.18870203], [25.05862708, 60.18741552], [25.05881622, 60.18735853], [25.06071359, 60.18680775], [25.06213217, 60.18671563], [25.06371024, 60.18438756], [25.06513608, 60.18228303], [25.0656266, 60.18129306], [25.06587242, 60.18094667], [25.06612152, 60.18062514], [25.06718486, 60.18010133], [25.06729284, 60.18003513], [25.06758612, 60.17990556], [25.06796041, 60.17975072], [25.07144774, 60.17831174], [25.07735498, 60.1749237], [25.07158333, 60.17156205], [25.07484767, 60.16923884], [25.07457976, 60.16833767], [25.06924481, 60.167685], [25.06823072, 60.16698903], [25.06714956, 60.16624696], [25.05851173, 60.16513101], [25.05392196, 60.16631762], [25.05383539, 60.1662507], [25.05325265, 60.16576438], [25.05102328, 60.16650438], [25.05059821, 60.16662589], [25.04915335, 60.16702692], [25.04835159, 60.16711868], [25.0476714, 60.1672041], [25.04763553, 60.16743433], [25.04773439, 60.1677856], [25.04696958, 60.16804059], [25.04637507, 60.16835018], [25.04595077, 60.16866546], [25.04555143, 60.16905953], [25.04520013, 60.16942333], [25.04459374, 60.1697752], [25.04367055, 60.17005105], [25.04298726, 60.17030483], [25.03966369, 60.17208166], [25.03933159, 60.17231198], [25.03912327, 60.17255752], [25.03889342, 60.17333486], [25.03837812, 60.17452129], [25.03815175, 60.1750667], [25.0378314, 60.17567757], [25.03717531, 60.176231], [25.03678975, 60.17655261], [25.03587527, 60.17711903], [25.0358397, 60.17721732], [25.03584046, 60.17741559], [25.03773867, 60.17824278], [25.03791498, 60.17831965]]]}, "geometry_name": "geom", "properties": {"posnro": "00840", "postitoimi": "HELSINKI", "postitoiru": "HELSINGFORS", "nimi": "Laajasalo", "nimiru": "Degerö", "kunta": "Helsinki", "kunta_nro": "091"}}, {"type": "Feature", "id": "pks_postinumeroalueet_2024.70", "geometry": {"type": "Polygon", "coordinates": [[[25.07956575, 60.17879583], [25.08917364, 60.18041965], [25.09339012, 60.17488007], [25.10588571, 60.17723302], [25.10732797, 60.17379247], [25.10619364, 60.16763452], [25.12336198, 60.16509441], [25.12574268, 60.16509846], [25.14617377, 60.16513063], [25.14880871, 60.15790272], [25.14818448, 60.15219906], [25.16674831, 60.12637441], [25.10374519, 60.12647465], [25.10398716, 60.14842905], [25.09819112, 60.15272599], [25.09179131, 60.15277716], [25.07925715, 60.15278723], [25.07500361, 60.15395903], [25.06729466, 60.15608173], [25.06166726, 60.15763094], [25.06018568, 60.15803884], [25.06141782, 60.15886258], [25.0621449, 60.1599726], [25.06096018, 60.160578], [25.05765326, 60.16272874], [25.05769692, 60.16297429], [25.05708895, 60.1632063], [25.05674879, 60.1630255], [25.05634156, 60.1631166], [25.05656131, 60.16334161], [25.05655537, 60.16334314], [25.05624485, 60.16343302], [25.05493747, 60.16416669], [25.05457093, 60.16436852], [25.05371496, 60.16463167], [25.05472371, 60.16526941], [25.05469511, 60.16528674], [25.05394621, 60.16561654], [25.05388896, 60.16563568], [25.05325265, 60.16576438], [25.05383539, 60.1662507], [25.05392196, 60.16631762], [25.05851173, 60.16513101], [25.06714956, 60.16624696], [25.06823072, 60.16698903], [25.06924481, 60.167685], [25.07457976, 60.16833767], [25.07484767, 60.16923884], [25.07158333, 60.17156205], [25.07735498, 60.1749237], [25.07956575, 60.17879583]]]}, "geometry_name": "geom", "properties": {"posnro": "00850", "postitoimi": "HELSINKI", "postitoiru": "HELSINGFORS", "nimi": "Jollas", "nimiru": "Jollas", "kunta": "Helsinki", "kunta_nro": "091"}}, {"type": "Feature", "id": "pks_postinumeroalueet_2024.71", "geometry": {"type": "Polygon", "coordinates": [[[24.99312035, 60.14009251], [24.99485649, 60.14163619], [24.99390954, 60.15857582], [25.00519538, 60.15898648], [25.01831016, 60.15836574], [25.02222608, 60.15818007], [25.02312605, 60.15813172], [25.02704513, 60.15792104], [25.03735765, 60.15783111], [25.0464819, 60.15790712], [25.04920514, 60.15793333], [25.04951146, 60.15793636], [25.05694488, 60.15800958], [25.05854773, 60.15802315], [25.06018568, 60.15803884], [25.06166726, 60.15763094], [25.06729466, 60.15608173], [25.07500361, 60.15395903], [25.07925715, 60.15278723], [25.09179131, 60.15277716], [25.09819112, 60.15272599], [25.10398716, 60.14842905], [25.10374519, 60.12647465], [24.99139884, 60.12657927], [24.99312035, 60.14009251]]]}, "geometry_name": "geom", "properties": {"posnro": "00860", "postitoimi": "HELSINKI", "postitoiru": "HELSINGFORS", "nimi": "Santahamina", "nimiru": "Sandhamn", "kunta": "Helsinki", "kunta_nro": "091"}}, {"type": "Feature", "id": "pks_postinumeroalueet_2024.72", "geometry": {"type": "Polygon", "coordinates": [[[25.03581605, 60.17385639], [25.03642383, 60.17411992], [25.03686717, 60.17425937], [25.03723101, 60.17434283], [25.03837812, 60.17452129], [25.03889342, 60.17333486], [25.03912327, 60.17255752], [25.03933159, 60.17231198], [25.03966369, 60.17208166], [25.04298726, 60.17030483], [25.04367055, 60.17005105], [25.04459374, 60.1697752], [25.04520013, 60.16942333], [25.04555143, 60.16905953], [25.04595077, 60.16866546], [25.04637507, 60.16835018], [25.04696958, 60.16804059], [25.04773439, 60.1677856], [25.04763553, 60.16743433], [25.0476714, 60.1672041], [25.04835159, 60.16711868], [25.04915335, 60.16702692], [25.05059821, 60.16662589], [25.05102328, 60.16650438], [25.05325265, 60.16576438], [25.05388896, 60.16563568], [25.05394621, 60.16561654], [25.05469511, 60.16528674], [25.05472371, 60.16526941], [25.05371496, 60.16463167], [25.05457093, 60.16436852], [25.05493747, 60.16416669], [25.05624485, 60.16343302], [25.05655537, 60.16334314], [25.05656131, 60.16334161], [25.05634156, 60.1631166], [25.05674879, 60.1630255], [25.05708895, 60.1632063], [25.05769692, 60.16297429], [25.05765326, 60.16272874], [25.06096018, 60.160578], [25.0621449, 60.1599726], [25.06141782, 60.15886258], [25.06018568, 60.15803884], [25.05854773, 60.15802315], [25.05694488, 60.15800958], [25.04951146, 60.15793636], [25.04920514, 60.15793333], [25.0464819, 60.15790712], [25.03735765, 60.15783111], [25.03753355, 60.16001425], [25.0340129, 60.16327751], [25.03460103, 60.16405786], [25.03508044, 60.16470738], [25.03292151, 60.16598936], [25.03085089, 60.16711717], [25.02927853, 60.16783601], [25.02741213, 60.16918605], [25.02790557, 60.16926098], [25.02830613, 60.16941097], [25.02850619, 60.16953478], [25.02911136, 60.17005846], [25.02932764, 60.17018227], [25.03064382, 60.17106004], [25.03205616, 60.17182316], [25.03244434, 60.1719673], [25.03419252, 60.17287033], [25.03461008, 60.17318014], [25.03581605, 60.17385639]]]}, "geometry_name": "geom", "properties": {"posnro": "00870", "postitoimi": "HELSINKI", "postitoiru": "HELSINGFORS", "nimi": "Etelä-Laajasalo", "nimiru": "Södra Degerö", "kunta": "Helsinki", "kunta_nro": "091"}}, {"type": "Feature", "id": "pks_postinumeroalueet_2024.73", "geometry": {"type": "Polygon", "coordinates": [[[25.06707313, 60.21093012], [25.06671727, 60.21048575], [25.06638252, 60.21003544], [25.06620027, 60.2095444], [25.06618453, 60.20925019], [25.06633426, 60.20890941], [25.06581973, 60.20810305], [25.06431602, 60.20801439], [25.06178049, 60.20788393], [25.0596546, 60.20779219], [25.05713484, 60.20769304], [25.05584336, 60.20766298], [25.05683126, 60.20671369], [25.05734166, 60.20622449], [25.05666468, 60.20611959], [25.05625069, 60.20604419], [25.05583669, 60.20596852], [25.05542324, 60.20589303], [25.05471756, 60.20576435], [25.05410284, 60.20599868], [25.04900515, 60.20212374], [25.04879883, 60.20197411], [25.04931402, 60.20104021], [25.04959174, 60.19939383], [25.05023926, 60.19944188], [25.05013106, 60.19658774], [25.05012921, 60.1960862], [25.05053767, 60.19581938], [25.05092998, 60.19559942], [25.05042555, 60.1953571], [25.05024744, 60.19417385], [25.05015949, 60.19395632], [25.05018644, 60.19389546], [25.04742733, 60.19356699], [25.04707715, 60.19337181], [25.04625147, 60.19306648], [25.04529066, 60.19279127], [25.04424021, 60.19261292], [25.04256045, 60.19253234], [25.04035552, 60.19239992], [25.03935061, 60.19228139], [25.03847588, 60.19249077], [25.03775414, 60.1926634], [25.033443, 60.19369475], [25.03098918, 60.19404323], [25.03220686, 60.19492334], [25.03322557, 60.19580995], [25.03995412, 60.20163187], [25.04205998, 60.20332865], [25.04516901, 60.20540848], [25.04652295, 60.20644494], [25.0471632, 60.20698351], [25.0474993, 60.20744849], [25.04753012, 60.20781046], [25.04747906, 60.20804312], [25.04732407, 60.20823884], [25.04694694, 60.20860122], [25.04642853, 60.20892281], [25.045881, 60.20931863], [25.04555636, 60.2096993], [25.04534968, 60.21009833], [25.04524101, 60.21055396], [25.04565618, 60.21067417], [25.04726657, 60.21264864], [25.04795503, 60.21350905], [25.04825862, 60.21388859], [25.05066247, 60.21362723], [25.05274132, 60.21386526], [25.05312136, 60.21397003], [25.05506745, 60.21471958], [25.05828603, 60.21524568], [25.05909402, 60.21436987], [25.06115868, 60.21477157], [25.06293806, 60.2151065], [25.06231136, 60.21593639], [25.06278647, 60.21591903], [25.06446607, 60.21555436], [25.06583228, 60.21517538], [25.06675126, 60.21469527], [25.06772678, 60.21382426], [25.06785938, 60.21331214], [25.06768728, 60.21251522], [25.06741424, 60.21183592], [25.06707313, 60.21093012]]]}, "geometry_name": "geom", "properties": {"posnro": "00880", "postitoimi": "HELSINKI", "postitoiru": "HELSINGFORS", "nimi": "Roihupellon teollisuusalue", "nimiru": "Kasåkerns industriområde", "kunta": "Helsinki", "kunta_nro": "091"}}, {"type": "Feature", "id": "pks_postinumeroalueet_2024.74", "geometry": {"type": "Polygon", "coordinates": [[[25.15204561, 60.25750807], [25.15198236, 60.25753937], [25.1519261, 60.25756071], [25.15191095, 60.25756548], [25.15186496, 60.25758008], [25.15175888, 60.25760605], [25.15150753, 60.25762204], [25.15149291, 60.25762296], [25.15148587, 60.25762368], [25.15142792, 60.25762976], [25.15136298, 60.25764752], [25.15134784, 60.25765427], [25.15129971, 60.25767541], [25.1512608, 60.25769727], [25.15125107, 60.25770302], [25.15123162, 60.25771624], [25.15112513, 60.25777174], [25.15104932, 60.25778161], [25.15095006, 60.25775919], [25.15094897, 60.2577591], [25.15089366, 60.25774965], [25.15089149, 60.25774947], [25.15083242, 60.25774739], [25.15082429, 60.25774704], [25.15081996, 60.25774695], [25.15073273, 60.25774965], [25.15071269, 60.25775246], [25.15067154, 60.25775816], [25.15061903, 60.2577698], [25.1506055, 60.25777403], [25.15059143, 60.257778], [25.1505449, 60.25779151], [25.15050866, 60.2578069], [25.15050435, 60.25781211], [25.15050166, 60.25781535], [25.15049901, 60.25782836], [25.15050234, 60.25784496], [25.15051435, 60.25786577], [25.15052087, 60.25786954], [25.15057248, 60.25789874], [25.15063163, 60.2579168], [25.15064953, 60.25792226], [25.15076783, 60.25795991], [25.15079505, 60.25798797], [25.15074643, 60.25801998], [25.15073725, 60.25802582], [25.15064272, 60.258091], [25.15049364, 60.2581925], [25.15047361, 60.25819845], [25.15033436, 60.25820049], [25.15008516, 60.25821199], [25.15008299, 60.25821217], [25.14985604, 60.25823155], [25.14942027, 60.25820655], [25.14938396, 60.25820443], [25.14937203, 60.25820391], [25.14910214, 60.25819362], [25.14900463, 60.25831795], [25.1488938, 60.25837713], [25.14882224, 60.25836895], [25.14876965, 60.25836291], [25.1487007, 60.25833319], [25.14861383, 60.25829604], [25.14859421, 60.25826976], [25.14854133, 60.25820017], [25.14842445, 60.25811665], [25.1483167, 60.25801419], [25.14830098, 60.25801178], [25.14821313, 60.25799841], [25.14820447, 60.25800022], [25.14809836, 60.2580217], [25.14806264, 60.25802946], [25.14803286, 60.25803559], [25.14790776, 60.25804965], [25.14784981, 60.25805599], [25.14778969, 60.25806216], [25.14773932, 60.25806725], [25.14772146, 60.25807292], [25.14765816, 60.25809345], [25.14765599, 60.25809435], [25.14739853, 60.25819642], [25.14739744, 60.25819687], [25.14728698, 60.25821315], [25.14705521, 60.25824742], [25.1469464, 60.25827016], [25.14680511, 60.25829976], [25.1467505, 60.25832692], [25.14672779, 60.2583379], [25.14665115, 60.25840583], [25.14659712, 60.25844072], [25.14642572, 60.25852519], [25.14642464, 60.25852573], [25.14620934, 60.2586062], [25.14601405, 60.25867966], [25.14560997, 60.25883663], [25.14543849, 60.25890341], [25.14508687, 60.25903798], [25.14500248, 60.25907038], [25.14497435, 60.25908154], [25.14470389, 60.25918864], [25.14462771, 60.25923989], [25.14457975, 60.25930079], [25.14457328, 60.25930915], [25.14456038, 60.25933187], [25.14449102, 60.25945625], [25.144298, 60.25979977], [25.14416142, 60.26004081], [25.14407754, 60.26019088], [25.14402058, 60.26029874], [25.14427095, 60.2606713], [25.14431131, 60.26073085], [25.14432386, 60.2607496], [25.14426718, 60.26092333], [25.14413992, 60.26131471], [25.14412002, 60.26134821], [25.14302031, 60.26255209], [25.14299548, 60.26257545], [25.14292533, 60.26264508], [25.14289134, 60.26267842], [25.14281316, 60.26277023], [25.14277811, 60.26281245], [25.14275978, 60.26283401], [25.14275008, 60.26284515], [25.14273768, 60.26285998], [25.14272528, 60.26287489], [25.14272312, 60.26287714], [25.14255322, 60.26306311], [25.14253106, 60.26307767], [25.14251217, 60.26309654], [25.14246964, 60.26316049], [25.14244487, 60.26319767], [25.1424142, 60.26324851], [25.14241258, 60.26325075], [25.1423986, 60.26327491], [25.14239053, 60.26328955], [25.14238892, 60.26329296], [25.14238731, 60.26329593], [25.14237765, 60.26331864], [25.14227681, 60.2635592], [25.1421631, 60.26383109], [25.14177585, 60.26476575], [25.14177316, 60.26477248], [25.14176781, 60.26478703], [25.14175762, 60.26481289], [25.14175119, 60.26482869], [25.14174314, 60.26484818], [25.14188359, 60.26536617], [25.14194252, 60.26558251], [25.1419691, 60.26558777], [25.14308545, 60.26580629], [25.14312668, 60.26581432], [25.14307215, 60.26586159], [25.14280757, 60.26609183], [25.14242012, 60.26685667], [25.14238304, 60.26693022], [25.14236255, 60.26707905], [25.14235047, 60.26716774], [25.14244102, 60.26742613], [25.14238943, 60.26752824], [25.14199388, 60.2681809], [25.14193355, 60.26826784], [25.14191577, 60.26829317], [25.14192904, 60.26835428], [25.1419379, 60.26839699], [25.14202549, 60.26909742], [25.14202549, 60.26909778], [25.14223867, 60.26938216], [25.14253581, 60.26977855], [25.1431245, 60.26990905], [25.14319124, 60.26992378], [25.1632843, 60.27440262], [25.16932845, 60.2757523], [25.17150558, 60.27623938], [25.17238597, 60.27643094], [25.1730067, 60.27724258], [25.17378252, 60.27825748], [25.17448112, 60.27830486], [25.17483096, 60.27832872], [25.17496694, 60.2783079], [25.17564738, 60.27820405], [25.17684396, 60.2779928], [25.17724712, 60.27795053], [25.17774998, 60.27789771], [25.17825273, 60.27782443], [25.17826954, 60.27782422], [25.178764, 60.27782051], [25.18159574, 60.27848694], [25.18164189, 60.27849765], [25.1824709, 60.27869164], [25.18407898, 60.27906028], [25.18765684, 60.27988038], [25.18769846, 60.2799532], [25.18777811, 60.28013133], [25.18778418, 60.28015026], [25.18781563, 60.28024545], [25.18835981, 60.2814331], [25.19010407, 60.28533308], [25.19010627, 60.28533765], [25.19025089, 60.28568093], [25.19027359, 60.2856669], [25.19220325, 60.28448117], [25.19551535, 60.28243877], [25.1959281, 60.28218101], [25.19627979, 60.28196132], [25.19631359, 60.28217183], [25.19648405, 60.28256541], [25.19667627, 60.2828781], [25.19673268, 60.28315221], [25.19937727, 60.28420583], [25.20206987, 60.28527889], [25.20485183, 60.28638954], [25.20154323, 60.28800289], [25.20539505, 60.28869338], [25.2072488, 60.28902627], [25.21288731, 60.29002591], [25.21404504, 60.29023273], [25.2206497, 60.29143054], [25.22255283, 60.29203706], [25.22472852, 60.29370101], [25.22550234, 60.29390101], [25.2252043, 60.29418209], [25.2284848, 60.29577275], [25.22907262, 60.2960488], [25.2270471, 60.29661629], [25.22952133, 60.29783941], [25.23161589, 60.29728559], [25.23283696, 60.29696277], [25.23279527, 60.29682202], [25.23461617, 60.29632814], [25.237524, 60.29551376], [25.23817853, 60.29533164], [25.24041943, 60.29568878], [25.24345075, 60.29618776], [25.24470743, 60.29636837], [25.24672975, 60.29664241], [25.24947214, 60.29700421], [25.25115128, 60.29722686], [25.25289344, 60.29745835], [25.25449657, 60.29522547], [25.25280695, 60.29489921], [25.25070287, 60.29449661], [25.24555724, 60.29351077], [25.24793275, 60.29216661], [25.25128779, 60.29027379], [25.25156862, 60.29011547], [25.25129272, 60.28964353], [25.2538901, 60.28963079], [25.24582926, 60.28581303], [25.24477673, 60.28531963], [25.24386564, 60.28488268], [25.24597195, 60.28372627], [25.24732694, 60.28298428], [25.24711377, 60.28182569], [25.24712037, 60.28133581], [25.24708443, 60.27851134], [25.24478452, 60.27896113], [25.24412871, 60.27834026], [25.24612388, 60.27760329], [25.24669458, 60.27771793], [25.25229215, 60.27574998], [25.25211324, 60.27546724], [25.25176131, 60.27489393], [25.25174432, 60.27486919], [25.25133419, 60.27419835], [25.25090342, 60.27351856], [25.24567193, 60.2727176], [25.24298594, 60.27229738], [25.24327742, 60.27183623], [25.2416132, 60.27183549], [25.24059974, 60.27186956], [25.240306, 60.27187933], [25.23965069, 60.27188985], [25.2376094, 60.27192197], [25.23484719, 60.27196224], [25.23447345, 60.27139836], [25.23187831, 60.26723333], [25.23207772, 60.26569523], [25.23188689, 60.26530541], [25.23256054, 60.26254943], [25.23157668, 60.26251507], [25.23069947, 60.26215578], [25.23065555, 60.26169085], [25.23061137, 60.2614187], [25.23023427, 60.2614312], [25.22994097, 60.26141367], [25.22978435, 60.26141197], [25.22857356, 60.26139198], [25.22820933, 60.26138183], [25.22762897, 60.26123159], [25.22734087, 60.26110356], [25.22885649, 60.2599233], [25.22909815, 60.25999738], [25.22928515, 60.25984923], [25.23036576, 60.25901059], [25.23353068, 60.25655021], [25.23745263, 60.25626879], [25.23859052, 60.25433884], [25.23929001, 60.25315284], [25.24082472, 60.25054918], [25.24075544, 60.24922966], [25.24086292, 60.24726727], [25.24091499, 60.24631758], [25.23708681, 60.2459896], [25.22706768, 60.24513013], [25.2258925, 60.2444509], [25.22481906, 60.24383001], [25.22310076, 60.24283665], [25.22663083, 60.23936474], [25.20438929, 60.22989457], [25.20455202, 60.23072661], [25.1986836, 60.22919499], [25.19654992, 60.22863792], [25.19565238, 60.2283751], [25.19302886, 60.22763417], [25.19018429, 60.22693389], [25.18264228, 60.22888774], [25.18220575, 60.22866073], [25.17514361, 60.23010172], [25.16705538, 60.2317515], [25.16225864, 60.23290872], [25.16037344, 60.23326401], [25.16028224, 60.23310535], [25.16019236, 60.23310563], [25.16005055, 60.23311496], [25.15948192, 60.23320468], [25.15934227, 60.23321409], [25.15915222, 60.23321208], [25.15890523, 60.23319442], [25.15875633, 60.2331946], [25.15846407, 60.233219], [25.15810238, 60.23321979], [25.15769509, 60.23319775], [25.15743182, 60.23317087], [25.15716428, 60.23315772], [25.15696493, 60.23313749], [25.15677474, 60.2331072], [25.15653189, 60.23304834], [25.15637139, 60.23300087], [25.15521764, 60.2325583], [25.15178118, 60.23643228], [25.14975589, 60.23629932], [25.14941682, 60.2322361], [25.13887385, 60.23578421], [25.1386974, 60.23631412], [25.13624475, 60.23705111], [25.13616795, 60.2370739], [25.13593361, 60.23710537], [25.13509959, 60.23721752], [25.13546848, 60.2372455], [25.13582852, 60.23722871], [25.13582906, 60.23722871], [25.13584531, 60.23722896], [25.13590701, 60.23735276], [25.13630252, 60.23766048], [25.13672884, 60.23821498], [25.13680527, 60.238363], [25.1368686, 60.23848518], [25.13693122, 60.23856841], [25.13694647, 60.23858885], [25.13733823, 60.23929032], [25.13733878, 60.23929185], [25.13751947, 60.2395068], [25.13762125, 60.23962813], [25.13804688, 60.24013363], [25.13824313, 60.24031042], [25.138578, 60.24061164], [25.13887679, 60.2408288], [25.13887733, 60.24082943], [25.139691, 60.24151833], [25.13970405, 60.24152936], [25.14012588, 60.24202049], [25.14073477, 60.24268295], [25.14171357, 60.24346267], [25.14176683, 60.24350516], [25.14186684, 60.24358457], [25.14171104, 60.24362989], [25.14167312, 60.24387881], [25.14224463, 60.24414917], [25.14225114, 60.2441523], [25.14227992, 60.24417004], [25.14316679, 60.24471721], [25.14458419, 60.24506967], [25.14468017, 60.24509362], [25.14488254, 60.24516969], [25.1451842, 60.24528325], [25.14519287, 60.24528423], [25.14519395, 60.24528441], [25.14600088, 60.24537588], [25.14705102, 60.24546923], [25.14732183, 60.24546561], [25.14758234, 60.24546209], [25.14771239, 60.24547352], [25.14835993, 60.24553105], [25.15012415, 60.24542361], [25.15037837, 60.24546434], [25.15074209, 60.24552271], [25.15075729, 60.24553024], [25.15161074, 60.24595739], [25.15196473, 60.24613461], [25.15196473, 60.24613452], [25.15198308, 60.2461204], [25.15206241, 60.2460582], [25.1521288, 60.24600625], [25.15226858, 60.24589722], [25.15375191, 60.24629976], [25.15378716, 60.24630941], [25.15410024, 60.24642483], [25.15436059, 60.24649723], [25.15463991, 60.24657499], [25.15528698, 60.24675643], [25.15553797, 60.24691123], [25.15632517, 60.24739668], [25.15742257, 60.24806208], [25.15788778, 60.24826562], [25.15832369, 60.24845628], [25.15862799, 60.24853966], [25.15876956, 60.24857799], [25.15882109, 60.24859193], [25.15911012, 60.24865316], [25.15988393, 60.24881683], [25.15958574, 60.24921157], [25.15959887, 60.24923776], [25.15985212, 60.24973684], [25.15967188, 60.24999097], [25.15943243, 60.25032389], [25.15939853, 60.25037105], [25.15923975, 60.25058351], [25.15911649, 60.25074853], [25.1591089, 60.25074693], [25.15899556, 60.25072292], [25.15885838, 60.25081005], [25.15863262, 60.25095375], [25.15832993, 60.25098238], [25.15739638, 60.25107055], [25.1573017, 60.25177532], [25.15728078, 60.25193232], [25.15725724, 60.25210629], [25.15723789, 60.25225109], [25.15721476, 60.25251266], [25.15720243, 60.25265296], [25.15719423, 60.25275116], [25.15719218, 60.25277441], [25.15716597, 60.25307026], [25.1571374, 60.25332672], [25.15712021, 60.25347125], [25.15710353, 60.25360832], [25.1575276, 60.25380204], [25.15769429, 60.25387814], [25.15766459, 60.25389881], [25.15760519, 60.25394044], [25.15753546, 60.25397328], [25.15749708, 60.2539911], [25.15742458, 60.25401246], [25.15740294, 60.25401877], [25.15730341, 60.2540529], [25.15717319, 60.25412558], [25.15714347, 60.2541423], [25.1570463, 60.25421485], [25.1569875, 60.25426931], [25.15695413, 60.25431647], [25.15694614, 60.2543435], [25.15693974, 60.25436594], [25.15693549, 60.25438345], [25.15693336, 60.25439063], [25.15692592, 60.25442026], [25.15692592, 60.25442071], [25.1568791, 60.25448835], [25.15687911, 60.25448853], [25.156818, 60.25451319], [25.15679199, 60.25451313], [25.15659962, 60.25450582], [25.15653468, 60.25452295], [25.1564151, 60.25455468], [25.15622087, 60.25461406], [25.15615216, 60.25463487], [25.15603855, 60.25466974], [25.15598886, 60.25470346], [25.1559651, 60.25471964], [25.15591771, 60.25478028], [25.15588648, 60.2548199], [25.15578934, 60.25490268], [25.15569851, 60.25494317], [25.15568824, 60.25494785], [25.15563732, 60.25495087], [25.15555987, 60.25495554], [25.15539233, 60.25493052], [25.15531636, 60.25490494], [25.15523279, 60.25487748], [25.15510542, 60.25486758], [25.15500149, 60.25488843], [25.15495609, 60.25491361], [25.15491624, 60.25496428], [25.15489577, 60.25499033], [25.15481915, 60.25505756], [25.15481915, 60.25505774], [25.15469459, 60.25506874], [25.15462644, 60.25509359], [25.15456651, 60.255138], [25.15456597, 60.25513845], [25.15456597, 60.25513863], [25.15445772, 60.25527725], [25.15439573, 60.25534634], [25.15439742, 60.25535854], [25.15440415, 60.25540826], [25.15446245, 60.25547775], [25.15450223, 60.25552581], [25.15467614, 60.25563789], [25.15467614, 60.25563798], [25.15467615, 60.25563816], [25.15471221, 60.25570337], [25.15471557, 60.2557258], [25.15467671, 60.25575861], [25.15466756, 60.25577092], [25.15464226, 60.25580604], [25.15463042, 60.25582221], [25.15461803, 60.25583883], [25.15460727, 60.25585374], [25.15459811, 60.25586613], [25.15459488, 60.25587027], [25.15459219, 60.25587395], [25.15458304, 60.25588653], [25.1545782, 60.25589344], [25.1545782, 60.2558938], [25.15454323, 60.25594626], [25.15430455, 60.25623411], [25.15423478, 60.25637627], [25.15422453, 60.2563848], [25.15418675, 60.25641635], [25.15414627, 60.25645006], [25.15405182, 60.25652852], [25.15402915, 60.25654704], [25.15400875, 60.2565879], [25.15398137, 60.25664259], [25.15391166, 60.25668198], [25.15384877, 60.2566747], [25.15357816, 60.25662394], [25.15357762, 60.25662394], [25.15346338, 60.25664346], [25.15344284, 60.25665452], [25.15342393, 60.25666487], [25.15330665, 60.25672873], [25.15326395, 60.25675175], [25.15319909, 60.25678719], [25.15312988, 60.25681716], [25.15309202, 60.25683345], [25.15282316, 60.25680925], [25.15282153, 60.25680908], [25.15280635, 60.25680721], [25.15280112, 60.25684689], [25.15274597, 60.25698921], [25.15274489, 60.25698939], [25.15247463, 60.25701483], [25.15247246, 60.2570151], [25.15240639, 60.25702281], [25.15239882, 60.25702479], [25.1523474, 60.25703831], [25.1522901, 60.25706647], [25.15227992, 60.25709125], [25.15227462, 60.25711783], [25.15227463, 60.25711819], [25.15224454, 60.25729055], [25.15224454, 60.25729127], [25.15224455, 60.25729162], [25.15210991, 60.25746949], [25.15204885, 60.25750645], [25.15204561, 60.25750807]]]}, "geometry_name": "geom", "properties": {"posnro": "00890", "postitoimi": "HELSINKI", "postitoiru": "HELSINGFORS", "nimi": "Östersundom", "nimiru": "Östersundom", "kunta": "Helsinki", "kunta_nro": "091"}}, {"type": "Feature", "id": "pks_postinumeroalueet_2024.75", "geometry": {"type": "Polygon", "coordinates": [[[25.06836825, 60.20821718], [25.06581973, 60.20810305], [25.06633426, 60.20890941], [25.06618453, 60.20925019], [25.06620027, 60.2095444], [25.06638252, 60.21003544], [25.06671727, 60.21048575], [25.06707313, 60.21093012], [25.06741424, 60.21183592], [25.06768728, 60.21251522], [25.06785938, 60.21331214], [25.06772678, 60.21382426], [25.06934777, 60.21422507], [25.06804177, 60.21541848], [25.06981619, 60.21591327], [25.07007907, 60.21610844], [25.07189835, 60.21679264], [25.0734988, 60.21735892], [25.07432349, 60.21756301], [25.07491029, 60.21762757], [25.07890888, 60.21795654], [25.08347057, 60.22133926], [25.0837837, 60.22123629], [25.08411363, 60.22114696], [25.08449612, 60.22107868], [25.08494749, 60.22106511], [25.08569763, 60.22105116], [25.0868197, 60.22086967], [25.08726554, 60.22081427], [25.08974609, 60.22062575], [25.09006585, 60.22058101], [25.09024433, 60.22053637], [25.09039623, 60.22046833], [25.09049569, 60.22041862], [25.09233088, 60.21921295], [25.09302421, 60.21941289], [25.09374566, 60.21884559], [25.09515502, 60.21848099], [25.09476595, 60.21831433], [25.0976044, 60.21643992], [25.09641774, 60.21611444], [25.0942993, 60.21544281], [25.09227112, 60.2146991], [25.09029665, 60.21377536], [25.08738156, 60.21234242], [25.08579783, 60.2140328], [25.08320612, 60.21330583], [25.08280952, 60.21311024], [25.08111142, 60.21176587], [25.08047215, 60.21144952], [25.07848169, 60.21085834], [25.07784602, 60.21067283], [25.07517564, 60.209898], [25.07527708, 60.20882862], [25.07173028, 60.20847417], [25.06836825, 60.20821718]]]}, "geometry_name": "geom", "properties": {"posnro": "00900", "postitoimi": "HELSINKI", "postitoiru": "HELSINGFORS", "nimi": "Puotinharju", "nimiru": "Botbyhöjden", "kunta": "Helsinki", "kunta_nro": "091"}}, {"type": "Feature", "id": "pks_postinumeroalueet_2024.76", "geometry": {"type": "Polygon", "coordinates": [[[25.09641774, 60.21611444], [25.0976044, 60.21643992], [25.10225019, 60.21777151], [25.10324922, 60.21724845], [25.10404334, 60.21748137], [25.10416461, 60.21732313], [25.10441299, 60.21714567], [25.10470845, 60.21696818], [25.10490324, 60.21678789], [25.10510358, 60.21648059], [25.10514936, 60.21624136], [25.10665697, 60.21638116], [25.1075689, 60.21606682], [25.10786509, 60.21595726], [25.10846298, 60.21576156], [25.10834712, 60.21525392], [25.10830997, 60.21498298], [25.10916865, 60.21511081], [25.10929149, 60.2149469], [25.10896827, 60.21489897], [25.10894792, 60.21447382], [25.10830124, 60.21446888], [25.10812755, 60.21414734], [25.10921281, 60.21406909], [25.11028147, 60.21420633], [25.1116352, 60.21446719], [25.11215521, 60.21414158], [25.11264296, 60.21435648], [25.11314554, 60.21399856], [25.11333562, 60.2140396], [25.11734266, 60.21175107], [25.11683373, 60.21136262], [25.11596439, 60.21049708], [25.11420413, 60.20874436], [25.11400134, 60.20799428], [25.1118756, 60.20672141], [25.10908817, 60.20505206], [25.09981447, 60.20786202], [25.09644747, 60.20836067], [25.09490418, 60.20865375], [25.09369946, 60.2089105], [25.09278182, 60.2090946], [25.09217818, 60.20935091], [25.09086091, 60.2102043], [25.08738156, 60.21234242], [25.09029665, 60.21377536], [25.09227112, 60.2146991], [25.0942993, 60.21544281], [25.09641774, 60.21611444]]]}, "geometry_name": "geom", "properties": {"posnro": "00910", "postitoimi": "HELSINKI", "postitoiru": "HELSINGFORS", "nimi": "Puotila", "nimiru": "Botby gård", "kunta": "Helsinki", "kunta_nro": "091"}}, {"type": "Feature", "id": "pks_postinumeroalueet_2024.77", "geometry": {"type": "Polygon", "coordinates": [[[25.05239302, 60.23094489], [25.05443727, 60.2302212], [25.05647498, 60.2298336], [25.05964681, 60.22942302], [25.06383787, 60.22896162], [25.06624916, 60.2286875], [25.07084205, 60.22811806], [25.07342459, 60.22773664], [25.0750882, 60.22727061], [25.07823484, 60.23057361], [25.0784556, 60.23052035], [25.07855679, 60.23049569], [25.07885364, 60.23033917], [25.07993289, 60.22976993], [25.07994378, 60.22957067], [25.08591826, 60.22780023], [25.08761641, 60.22857656], [25.08996059, 60.22918065], [25.09049186, 60.22924429], [25.09095157, 60.22927233], [25.09139659, 60.22927185], [25.09188474, 60.22920689], [25.09248677, 60.22902032], [25.09278804, 60.22891995], [25.09380714, 60.22881144], [25.09444745, 60.2287635], [25.09485182, 60.22874598], [25.09520977, 60.2282221], [25.09505271, 60.228013], [25.08361263, 60.22143727], [25.08347057, 60.22133926], [25.07890888, 60.21795654], [25.07491029, 60.21762757], [25.07432349, 60.21756301], [25.0734988, 60.21735892], [25.07189835, 60.21679264], [25.07007907, 60.21610844], [25.06981619, 60.21591327], [25.06804177, 60.21541848], [25.06934777, 60.21422507], [25.06772678, 60.21382426], [25.06675126, 60.21469527], [25.06583228, 60.21517538], [25.06446607, 60.21555436], [25.06278647, 60.21591903], [25.06231136, 60.21593639], [25.06293806, 60.2151065], [25.06115868, 60.21477157], [25.05909402, 60.21436987], [25.05828603, 60.21524568], [25.05737579, 60.21585569], [25.05645233, 60.21634973], [25.05558, 60.21669035], [25.05432626, 60.21711909], [25.0531752, 60.21747462], [25.05219927, 60.21771304], [25.05068059, 60.21800317], [25.04827331, 60.21836344], [25.04428112, 60.21896654], [25.04317681, 60.21920341], [25.04304433, 60.2192915], [25.04296754, 60.21934295], [25.04852635, 60.22845337], [25.05031306, 60.23139545], [25.05047676, 60.23151817], [25.05056996, 60.23156876], [25.05089888, 60.23174697], [25.05239302, 60.23094489]]]}, "geometry_name": "geom", "properties": {"posnro": "00920", "postitoimi": "HELSINKI", "postitoiru": "HELSINGFORS", "nimi": "Myllypuro", "nimiru": "Kvarnbäcken", "kunta": "Helsinki", "kunta_nro": "091"}}, {"type": "Feature", "id": "pks_postinumeroalueet_2024.78", "geometry": {"type": "Polygon", "coordinates": [[[25.06581973, 60.20810305], [25.06836825, 60.20821718], [25.07173028, 60.20847417], [25.07527708, 60.20882862], [25.07517564, 60.209898], [25.07784602, 60.21067283], [25.07848169, 60.21085834], [25.08047215, 60.21144952], [25.08111142, 60.21176587], [25.08280952, 60.21311024], [25.08320612, 60.21330583], [25.08579783, 60.2140328], [25.08738156, 60.21234242], [25.09086091, 60.2102043], [25.09217818, 60.20935091], [25.09278182, 60.2090946], [25.09369946, 60.2089105], [25.09490418, 60.20865375], [25.09644747, 60.20836067], [25.09981447, 60.20786202], [25.10908817, 60.20505206], [25.10615913, 60.20316655], [25.10486588, 60.20237083], [25.10478077, 60.2023157], [25.10054326, 60.19885214], [25.10007423, 60.19846889], [25.09980366, 60.19824614], [25.09853326, 60.19720209], [25.09815969, 60.19689505], [25.09739848, 60.19626939], [25.09663459, 60.19564149], [25.09461682, 60.19435363], [25.08996759, 60.19202236], [25.08907519, 60.19157473], [25.08907519, 60.19157491], [25.08310329, 60.19447506], [25.07612345, 60.1934907], [25.07648329, 60.194045], [25.07430951, 60.19774643], [25.07295104, 60.19758383], [25.0724806, 60.19812603], [25.07035535, 60.2005744], [25.06994709, 60.20215851], [25.06982502, 60.20275346], [25.06431856, 60.20240208], [25.06433279, 60.20774117], [25.06431602, 60.20801439], [25.06581973, 60.20810305]]]}, "geometry_name": "geom", "properties": {"posnro": "00930", "postitoimi": "HELSINKI", "postitoiru": "HELSINGFORS", "nimi": "Itäkeskus-Marjaniemi", "nimiru": "Östra centrum-Marudd", "kunta": "Helsinki", "kunta_nro": "091"}}, {"type": "Feature", "id": "pks_postinumeroalueet_2024.79", "geometry": {"type": "Polygon", "coordinates": [[[25.06085783, 60.24749676], [25.06207985, 60.24834625], [25.06464397, 60.25067529], [25.06645425, 60.25057019], [25.07388972, 60.25014971], [25.08243491, 60.24969744], [25.08428086, 60.24876132], [25.08467687, 60.24856029], [25.08492843, 60.24843511], [25.08506855, 60.24836411], [25.08545211, 60.24816982], [25.08590005, 60.24794263], [25.08593792, 60.24792591], [25.08594603, 60.24791927], [25.08604882, 60.24786894], [25.08609264, 60.24784701], [25.08641831, 60.24768399], [25.08647565, 60.24765496], [25.08684837, 60.24746641], [25.08708206, 60.2473468], [25.08722596, 60.2472732], [25.08746506, 60.24715528], [25.08760572, 60.24708581], [25.08788701, 60.24694507], [25.0882673, 60.24675472], [25.08851234, 60.24663186], [25.08866164, 60.24655727], [25.08894239, 60.24641698], [25.08900297, 60.246384], [25.08907815, 60.24634248], [25.08924638, 60.24626087], [25.08969157, 60.24604023], [25.08971861, 60.24602603], [25.09005721, 60.24585114], [25.09010968, 60.24582382], [25.09047966, 60.24563679], [25.09070845, 60.24551968], [25.09081015, 60.24546989], [25.09112386, 60.24530956], [25.09137754, 60.2451831], [25.09166825, 60.24512851], [25.09182471, 60.24509986], [25.0919541, 60.24507742], [25.09238611, 60.24500083], [25.09255718, 60.24496912], [25.09271689, 60.24494208], [25.09301519, 60.24488847], [25.0930742, 60.24487792], [25.09308448, 60.24487621], [25.09334488, 60.24483008], [25.09351974, 60.24479863], [25.09384564, 60.2447406], [25.09390682, 60.24472942], [25.0940362, 60.24470591], [25.09434315, 60.24465148], [25.09449095, 60.24462552], [25.09454617, 60.24461579], [25.09476812, 60.24457623], [25.0948358, 60.24456425], [25.09493812, 60.24454559], [25.0954367, 60.24445459], [25.09544374, 60.2444535], [25.09545781, 60.24445134], [25.09546215, 60.2444508], [25.09546539, 60.24445026], [25.09554606, 60.24443674], [25.09564188, 60.24442078], [25.09567923, 60.24441411], [25.09569602, 60.24441114], [25.09612098, 60.24433535], [25.0968388, 60.24420729], [25.09728, 60.24412789], [25.09739855, 60.24410653], [25.09772227, 60.24404849], [25.09810338, 60.24398063], [25.09821381, 60.24396089], [25.09834211, 60.24393952], [25.09869506, 60.24387518], [25.09881956, 60.24385247], [25.09911405, 60.24380127], [25.09915844, 60.24379298], [25.09933275, 60.24376081], [25.09951085, 60.24372917], [25.09953683, 60.24372439], [25.09984213, 60.24366744], [25.09986595, 60.2436632], [25.09995906, 60.24364671], [25.10015177, 60.24361291], [25.10035369, 60.24357766], [25.10037155, 60.24357486], [25.10039104, 60.24357207], [25.10086741, 60.24348698], [25.10137734, 60.24339702], [25.10152997, 60.24336575], [25.1016063, 60.24335331], [25.10205344, 60.24327479], [25.10256444, 60.24318464], [25.10302401, 60.24310046], [25.10307218, 60.24309172], [25.10315392, 60.24307666], [25.103581, 60.24299851], [25.10379103, 60.24296074], [25.10409092, 60.24290711], [25.10459595, 60.24281642], [25.1046517, 60.24280596], [25.10510368, 60.24272097], [25.10572669, 60.24260586], [25.1057477, 60.2425694], [25.1061037, 60.24195098], [25.10526877, 60.24100412], [25.10501885, 60.24075579], [25.10561309, 60.24062823], [25.10572188, 60.24060633], [25.10555717, 60.24041628], [25.1052641, 60.24022192], [25.10483038, 60.24007525], [25.10376636, 60.2402985], [25.10336636, 60.23985291], [25.10273753, 60.23999817], [25.10232618, 60.23955547], [25.10183968, 60.23966992], [25.10154518, 60.23935376], [25.10166735, 60.23928294], [25.10122151, 60.23905845], [25.10053707, 60.23837604], [25.10046169, 60.23816688], [25.10100561, 60.23700757], [25.1026775, 60.23708284], [25.10210891, 60.23603801], [25.10202031, 60.23592939], [25.10170932, 60.23569896], [25.10090412, 60.23534702], [25.10048224, 60.2351506], [25.10027047, 60.23495394], [25.10010841, 60.23472626], [25.09951972, 60.23344063], [25.09922888, 60.23233912], [25.09928671, 60.23212771], [25.09945986, 60.23191262], [25.09963377, 60.2317696], [25.10025168, 60.2314637], [25.10049921, 60.23132027], [25.10061835, 60.23115018], [25.10059139, 60.23101055], [25.10048342, 60.23075833], [25.10150765, 60.23037269], [25.10012645, 60.2296356], [25.09979777, 60.22979463], [25.09925065, 60.22951204], [25.09979825, 60.22924165], [25.09896968, 60.22879835], [25.09860311, 60.22895677], [25.09849525, 60.22909803], [25.09704958, 60.22885084], [25.09705749, 60.22878029], [25.0961053, 60.22862777], [25.09588632, 60.22834996], [25.09520977, 60.2282221], [25.09485182, 60.22874598], [25.09444745, 60.2287635], [25.09380714, 60.22881144], [25.09278804, 60.22891995], [25.09248677, 60.22902032], [25.09188474, 60.22920689], [25.09139659, 60.22927185], [25.09095157, 60.22927233], [25.09049186, 60.22924429], [25.08996059, 60.22918065], [25.08761641, 60.22857656], [25.08591826, 60.22780023], [25.07994378, 60.22957067], [25.07993289, 60.22976993], [25.07885364, 60.23033917], [25.07855679, 60.23049569], [25.0784556, 60.23052035], [25.07823484, 60.23057361], [25.0750882, 60.22727061], [25.07342459, 60.22773664], [25.07084205, 60.22811806], [25.06624916, 60.2286875], [25.06383787, 60.22896162], [25.05964681, 60.22942302], [25.05647498, 60.2298336], [25.05443727, 60.2302212], [25.05239302, 60.23094489], [25.05089888, 60.23174697], [25.04934506, 60.23287971], [25.04874261, 60.23336128], [25.04771743, 60.23396345], [25.04631988, 60.23470127], [25.04513321, 60.23526848], [25.04384574, 60.23580563], [25.04286924, 60.2360771], [25.04186226, 60.23623835], [25.04126777, 60.23629894], [25.04029096, 60.23635004], [25.03950525, 60.23635584], [25.03872924, 60.23632142], [25.03795316, 60.23623189], [25.03708603, 60.23606232], [25.03539182, 60.23568304], [25.03407137, 60.23539366], [25.04211005, 60.23860525], [25.05045301, 60.24213351], [25.05403785, 60.24378652], [25.05765189, 60.24551374], [25.05977301, 60.24669871], [25.06085783, 60.24749676]]]}, "geometry_name": "geom", "properties": {"posnro": "00940", "postitoimi": "HELSINKI", "postitoiru": "HELSINGFORS", "nimi": "Kontula - Vesala", "nimiru": "Gårdsbacka - Ärvings", "kunta": "Helsinki", "kunta_nro": "091"}}, {"type": "Feature", "id": "pks_postinumeroalueet_2024.80", "geometry": {"type": "Polygon", "coordinates": [[[25.10202237, 60.23119184], [25.10418251, 60.23047285], [25.1044383, 60.23038172], [25.10534913, 60.23010376], [25.1087535, 60.23126386], [25.11012814, 60.231743], [25.11084164, 60.23203249], [25.11212004, 60.23253457], [25.11306136, 60.23214613], [25.11385006, 60.23194306], [25.11497683, 60.23180288], [25.11772142, 60.23153013], [25.11892362, 60.23129723], [25.11962673, 60.23109734], [25.12038634, 60.23065534], [25.12100789, 60.23021812], [25.12175184, 60.22950569], [25.12212073, 60.22926742], [25.12353493, 60.22857474], [25.12411948, 60.22825314], [25.12435754, 60.22835955], [25.12478663, 60.22858721], [25.12494496, 60.22851095], [25.12508869, 60.22843784], [25.12525022, 60.2283474], [25.12539172, 60.22826065], [25.125517, 60.22817563], [25.12561687, 60.22810409], [25.12572968, 60.22801441], [25.1258581, 60.22790362], [25.12595627, 60.22781099], [25.12602852, 60.22773571], [25.12612772, 60.22762719], [25.12620578, 60.22751582], [25.12628276, 60.22740131], [25.12634567, 60.22728996], [25.1263865, 60.22720932], [25.12644763, 60.22705884], [25.12648979, 60.22690155], [25.12651467, 60.22675478], [25.12651848, 60.22661853], [25.12651195, 60.22646873], [25.12690475, 60.22641514], [25.12709532, 60.22641899], [25.12773419, 60.22630287], [25.12848706, 60.22627037], [25.12892613, 60.226145], [25.12915319, 60.22620626], [25.131526, 60.22502241], [25.13104207, 60.22475444], [25.12939918, 60.22392915], [25.128969, 60.22369199], [25.12858419, 60.22342777], [25.12796974, 60.22326708], [25.12753665, 60.2232499], [25.12711181, 60.22312932], [25.12695851, 60.22309832], [25.12691898, 60.2230928], [25.12676513, 60.22306252], [25.12631327, 60.22295004], [25.12577629, 60.22265957], [25.12545099, 60.22237787], [25.12533521, 60.22224828], [25.12507838, 60.22203698], [25.12478258, 60.22182355], [25.12467153, 60.22151445], [25.12463406, 60.22148182], [25.12455815, 60.22144545], [25.12451529, 60.22142072], [25.12443651, 60.22134145], [25.12276362, 60.21963849], [25.12267174, 60.21836883], [25.12256388, 60.21701885], [25.11991119, 60.21425668], [25.11868015, 60.21277128], [25.11817282, 60.21238606], [25.11734266, 60.21175107], [25.11333562, 60.2140396], [25.11314554, 60.21399856], [25.11264296, 60.21435648], [25.11215521, 60.21414158], [25.1116352, 60.21446719], [25.11028147, 60.21420633], [25.10921281, 60.21406909], [25.10812755, 60.21414734], [25.10830124, 60.21446888], [25.10894792, 60.21447382], [25.10896827, 60.21489897], [25.10929149, 60.2149469], [25.10916865, 60.21511081], [25.10830997, 60.21498298], [25.10834712, 60.21525392], [25.10846298, 60.21576156], [25.10786509, 60.21595726], [25.1075689, 60.21606682], [25.10665697, 60.21638116], [25.10514936, 60.21624136], [25.10510358, 60.21648059], [25.10490324, 60.21678789], [25.10470845, 60.21696818], [25.10441299, 60.21714567], [25.10416461, 60.21732313], [25.10404334, 60.21748137], [25.10324922, 60.21724845], [25.10225019, 60.21777151], [25.0976044, 60.21643992], [25.09476595, 60.21831433], [25.09515502, 60.21848099], [25.09374566, 60.21884559], [25.09302421, 60.21941289], [25.09233088, 60.21921295], [25.09049569, 60.22041862], [25.09039623, 60.22046833], [25.09024433, 60.22053637], [25.09006585, 60.22058101], [25.08974609, 60.22062575], [25.08726554, 60.22081427], [25.0868197, 60.22086967], [25.08569763, 60.22105116], [25.08494749, 60.22106511], [25.08449612, 60.22107868], [25.08411363, 60.22114696], [25.0837837, 60.22123629], [25.08347057, 60.22133926], [25.08361263, 60.22143727], [25.09505271, 60.228013], [25.09520977, 60.2282221], [25.09588632, 60.22834996], [25.0961053, 60.22862777], [25.09705749, 60.22878029], [25.09704958, 60.22885084], [25.09849525, 60.22909803], [25.09860311, 60.22895677], [25.09896968, 60.22879835], [25.09979825, 60.22924165], [25.09925065, 60.22951204], [25.09979777, 60.22979463], [25.10012645, 60.2296356], [25.10150765, 60.23037269], [25.10048342, 60.23075833], [25.10059139, 60.23101055], [25.10170089, 60.23105611], [25.10202237, 60.23119184]]]}, "geometry_name": "geom", "properties": {"posnro": "00950", "postitoimi": "HELSINKI", "postitoiru": "HELSINGFORS", "nimi": "Vartioharju", "nimiru": "Botbyåsen", "kunta": "Helsinki", "kunta_nro": "091"}}, {"type": "Feature", "id": "pks_postinumeroalueet_2024.81", "geometry": {"type": "Polygon", "coordinates": [[[25.15948192, 60.23320468], [25.16005055, 60.23311496], [25.16019236, 60.23310563], [25.16028224, 60.23310535], [25.16037344, 60.23326401], [25.16225864, 60.23290872], [25.16705538, 60.2317515], [25.17514361, 60.23010172], [25.16759079, 60.22643668], [25.16783908, 60.22597674], [25.16661425, 60.22505992], [25.1615597, 60.22302185], [25.16105339, 60.22264675], [25.16071383, 60.22216689], [25.16070944, 60.22160297], [25.16133247, 60.22061995], [25.16231425, 60.21951819], [25.15957943, 60.21828901], [25.15982003, 60.21801838], [25.15561409, 60.21704748], [25.15349645, 60.21589284], [25.15192611, 60.21627054], [25.15135443, 60.21634309], [25.15009007, 60.21618386], [25.14977102, 60.21695018], [25.14748752, 60.21701521], [25.1469669, 60.21749875], [25.13993734, 60.21749083], [25.1398525, 60.2172677], [25.14036341, 60.21537533], [25.13759116, 60.21578544], [25.13738956, 60.2153288], [25.13707055, 60.21539367], [25.13706203, 60.2158157], [25.13615482, 60.21602522], [25.13614576, 60.21618903], [25.13534738, 60.21615018], [25.13535832, 60.21644312], [25.13639631, 60.21644709], [25.13631774, 60.21681453], [25.13552908, 60.21677567], [25.13547007, 60.21689986], [25.13521024, 60.21688513], [25.13513902, 60.21733335], [25.13270713, 60.21725125], [25.13279597, 60.21660323], [25.13304391, 60.21595487], [25.13325331, 60.21541254], [25.13176385, 60.21522968], [25.12987502, 60.21531761], [25.12935504, 60.21533518], [25.12852332, 60.21561943], [25.12834575, 60.21573969], [25.12801339, 60.21599482], [25.12764001, 60.21628141], [25.12498502, 60.21770187], [25.12474067, 60.2177713], [25.1246293, 60.2178029], [25.12267174, 60.21836883], [25.12276362, 60.21963849], [25.12443651, 60.22134145], [25.12451529, 60.22142072], [25.12455815, 60.22144545], [25.12463406, 60.22148182], [25.12467153, 60.22151445], [25.12478258, 60.22182355], [25.12507838, 60.22203698], [25.12533521, 60.22224828], [25.12545099, 60.22237787], [25.12577629, 60.22265957], [25.12631327, 60.22295004], [25.12676513, 60.22306252], [25.12691898, 60.2230928], [25.12695851, 60.22309832], [25.12711181, 60.22312932], [25.12753665, 60.2232499], [25.12796974, 60.22326708], [25.12858419, 60.22342777], [25.128969, 60.22369199], [25.12939918, 60.22392915], [25.13104207, 60.22475444], [25.131526, 60.22502241], [25.13190416, 60.22523942], [25.13211082, 60.22534306], [25.13221289, 60.22541674], [25.13276087, 60.22586038], [25.13356264, 60.22653973], [25.13380278, 60.22661973], [25.13421119, 60.22694243], [25.13425982, 60.22705368], [25.13432216, 60.22720593], [25.13454158, 60.22737974], [25.13479875, 60.22765224], [25.13500357, 60.22782884], [25.13506496, 60.22788174], [25.13510363, 60.22793788], [25.14941682, 60.2322361], [25.14975589, 60.23629932], [25.15178118, 60.23643228], [25.15521764, 60.2325583], [25.15637139, 60.23300087], [25.15653189, 60.23304834], [25.15677474, 60.2331072], [25.15696493, 60.23313749], [25.15716428, 60.23315772], [25.15743182, 60.23317087], [25.15769509, 60.23319775], [25.15810238, 60.23321979], [25.15846407, 60.233219], [25.15875633, 60.2331946], [25.15890523, 60.23319442], [25.15915222, 60.23321208], [25.15934227, 60.23321409], [25.15948192, 60.23320468]]]}, "geometry_name": "geom", "properties": {"posnro": "00960", "postitoimi": "HELSINKI", "postitoiru": "HELSINGFORS", "nimi": "Pohjois-Vuosaari", "nimiru": "Norra  Nordsjö", "kunta": "Helsinki", "kunta_nro": "091"}}, {"type": "Feature", "id": "pks_postinumeroalueet_2024.82", "geometry": {"type": "Polygon", "coordinates": [[[25.1386974, 60.23631412], [25.13887385, 60.23578421], [25.14941682, 60.2322361], [25.13510363, 60.22793788], [25.13506496, 60.22788174], [25.13500357, 60.22782884], [25.13479875, 60.22765224], [25.13454158, 60.22737974], [25.13432216, 60.22720593], [25.13425982, 60.22705368], [25.13421119, 60.22694243], [25.13380278, 60.22661973], [25.13356264, 60.22653973], [25.13276087, 60.22586038], [25.13221289, 60.22541674], [25.13211082, 60.22534306], [25.13190416, 60.22523942], [25.131526, 60.22502241], [25.12915319, 60.22620626], [25.12892613, 60.226145], [25.12848706, 60.22627037], [25.12773419, 60.22630287], [25.12709532, 60.22641899], [25.12690475, 60.22641514], [25.12651195, 60.22646873], [25.12651848, 60.22661853], [25.12651467, 60.22675478], [25.12648979, 60.22690155], [25.12644763, 60.22705884], [25.1263865, 60.22720932], [25.12634567, 60.22728996], [25.12628276, 60.22740131], [25.12620578, 60.22751582], [25.12612772, 60.22762719], [25.12602852, 60.22773571], [25.12595627, 60.22781099], [25.1258581, 60.22790362], [25.12572968, 60.22801441], [25.12561687, 60.22810409], [25.125517, 60.22817563], [25.12539172, 60.22826065], [25.12525022, 60.2283474], [25.12508869, 60.22843784], [25.12494496, 60.22851095], [25.12478663, 60.22858721], [25.12435754, 60.22835955], [25.12411948, 60.22825314], [25.12353493, 60.22857474], [25.12212073, 60.22926742], [25.12175184, 60.22950569], [25.12100789, 60.23021812], [25.12038634, 60.23065534], [25.11962673, 60.23109734], [25.11892362, 60.23129723], [25.11772142, 60.23153013], [25.11497683, 60.23180288], [25.11385006, 60.23194306], [25.11306136, 60.23214613], [25.11212004, 60.23253457], [25.11084164, 60.23203249], [25.11012814, 60.231743], [25.1087535, 60.23126386], [25.10534913, 60.23010376], [25.1044383, 60.23038172], [25.10418251, 60.23047285], [25.10202237, 60.23119184], [25.10170089, 60.23105611], [25.10059139, 60.23101055], [25.10061835, 60.23115018], [25.10049921, 60.23132027], [25.10025168, 60.2314637], [25.09963377, 60.2317696], [25.09945986, 60.23191262], [25.09928671, 60.23212771], [25.09922888, 60.23233912], [25.09951972, 60.23344063], [25.10010841, 60.23472626], [25.10027047, 60.23495394], [25.10048224, 60.2351506], [25.10090412, 60.23534702], [25.10170932, 60.23569896], [25.10202031, 60.23592939], [25.10210891, 60.23603801], [25.1026775, 60.23708284], [25.10100561, 60.23700757], [25.10046169, 60.23816688], [25.10053707, 60.23837604], [25.10122151, 60.23905845], [25.10166735, 60.23928294], [25.10154518, 60.23935376], [25.10183968, 60.23966992], [25.10232618, 60.23955547], [25.10273753, 60.23999817], [25.10336636, 60.23985291], [25.10376636, 60.2402985], [25.10483038, 60.24007525], [25.1052641, 60.24022192], [25.10555717, 60.24041628], [25.10572188, 60.24060633], [25.10561309, 60.24062823], [25.10501885, 60.24075579], [25.10526877, 60.24100412], [25.1061037, 60.24195098], [25.10572669, 60.24260586], [25.12677201, 60.23872183], [25.12961527, 60.23821736], [25.12960992, 60.23795978], [25.13505954, 60.23722285], [25.13509959, 60.23721752], [25.13593361, 60.23710537], [25.13616795, 60.2370739], [25.13624475, 60.23705111], [25.1386974, 60.23631412]]]}, "geometry_name": "geom", "properties": {"posnro": "00970", "postitoimi": "HELSINKI", "postitoiru": "HELSINGFORS", "nimi": "Mellunmäki", "nimiru": "Mellungsbacka", "kunta": "Helsinki", "kunta_nro": "091"}}, {"type": "Feature", "id": "pks_postinumeroalueet_2024.96", "geometry": {"type": "Polygon", "coordinates": [[[25.0502274, 60.32574779], [25.05045975, 60.32607324], [25.04586084, 60.32698356], [25.04518407, 60.32606051], [25.0434421, 60.3264157], [25.03729678, 60.32760122], [25.03729461, 60.32760166], [25.03734096, 60.33110289], [25.03762906, 60.33417143], [25.0437458, 60.34115317], [25.07056101, 60.33633713], [25.07318158, 60.3406343], [25.07398217, 60.34081803], [25.07418971, 60.34130877], [25.0748828, 60.34127149], [25.07475989, 60.34168478], [25.07525285, 60.34178763], [25.07534055, 60.34189277], [25.07621363, 60.34169078], [25.07720723, 60.34191925], [25.07759105, 60.34204028], [25.07777103, 60.34187979], [25.0780989, 60.34177486], [25.07828226, 60.34257247], [25.07863784, 60.34269504], [25.0794208, 60.34229365], [25.08002363, 60.34244057], [25.08022956, 60.34223599], [25.08132777, 60.34257064], [25.08180632, 60.342329], [25.08249216, 60.34264352], [25.08203867, 60.34291386], [25.08239439, 60.3430813], [25.08226205, 60.34316746], [25.08256774, 60.34331446], [25.08318627, 60.34299913], [25.08345058, 60.34310927], [25.08447904, 60.34250029], [25.0847265, 60.34260631], [25.0853282, 60.34230741], [25.08582419, 60.34251576], [25.08641774, 60.34221677], [25.08607899, 60.34210238], [25.08625309, 60.34158475], [25.0873083, 60.3416713], [25.08709733, 60.34180042], [25.08772446, 60.34208586], [25.08945394, 60.34200106], [25.09157656, 60.34088669], [25.09321735, 60.34001603], [25.0954346, 60.33883934], [25.09691303, 60.33805473], [25.10219869, 60.33524943], [25.10505147, 60.33379107], [25.10399756, 60.33371184], [25.10336608, 60.33359116], [25.10247796, 60.33337384], [25.10134741, 60.33343825], [25.10031334, 60.33344281], [25.09970426, 60.33371261], [25.0991744, 60.3337858], [25.09853505, 60.33375217], [25.09795537, 60.33387376], [25.09744111, 60.33389729], [25.09634275, 60.33383814], [25.09584142, 60.3336388], [25.09542125, 60.33333494], [25.0943703, 60.33332599], [25.09328286, 60.33308703], [25.09215744, 60.33285383], [25.09164777, 60.33257335], [25.09148999, 60.33227952], [25.0916188, 60.33212093], [25.09238725, 60.33192016], [25.09277185, 60.33176426], [25.09277846, 60.33122449], [25.0924411, 60.33099011], [25.09217038, 60.33070067], [25.0919772, 60.33036926], [25.09126985, 60.3302659], [25.09088257, 60.33004313], [25.09078829, 60.32972529], [25.09121002, 60.32925829], [25.09190128, 60.32866778], [25.09199022, 60.32843338], [25.09128335, 60.32810062], [25.0906692, 60.32790565], [25.09001239, 60.32779668], [25.08934263, 60.32791139], [25.08865613, 60.32766575], [25.08833446, 60.32738809], [25.08820742, 60.32699533], [25.08854667, 60.32654715], [25.08954054, 60.3260217], [25.08935782, 60.32572106], [25.08864583, 60.32527036], [25.08826954, 60.3248617], [25.08730825, 60.32375577], [25.08681591, 60.32318401], [25.08657908, 60.32232434], [25.08646403, 60.32193175], [25.08637659, 60.32150862], [25.08566007, 60.32156025], [25.08477395, 60.32173368], [25.08323485, 60.32218476], [25.08132772, 60.32268299], [25.07832422, 60.32358824], [25.07457542, 60.32464651], [25.0734319, 60.32486784], [25.07292648, 60.3249069], [25.07234106, 60.32486117], [25.07045162, 60.32464759], [25.06966692, 60.32459272], [25.06930317, 60.32460601], [25.06826197, 60.32470528], [25.06660337, 60.32504906], [25.06175377, 60.3260183], [25.05922897, 60.32336404], [25.0512915, 60.32496565], [25.05008482, 60.32519022], [25.05050259, 60.32568522], [25.0502274, 60.32574779]]]}, "geometry_name": "geom", "properties": {"posnro": "01400", "postitoimi": "VANTAA", "postitoiru": "VANDA", "nimi": "Rekola", "nimiru": "Räckhals", "kunta": "Vantaa", "kunta_nro": "092"}}, {"type": "Feature", "id": "pks_postinumeroalueet_2024.83", "geometry": {"type": "Polygon", "coordinates": [[[25.08749145, 60.18960146], [25.08907519, 60.19157473], [25.08996759, 60.19202236], [25.09461682, 60.19435363], [25.09663459, 60.19564149], [25.09739848, 60.19626939], [25.09815969, 60.19689505], [25.09853326, 60.19720209], [25.09980366, 60.19824614], [25.10007423, 60.19846889], [25.10054326, 60.19885214], [25.10478077, 60.2023157], [25.10486588, 60.20237083], [25.10615913, 60.20316655], [25.10908817, 60.20505206], [25.1118756, 60.20672141], [25.11400134, 60.20799428], [25.11420413, 60.20874436], [25.11596439, 60.21049708], [25.11683373, 60.21136262], [25.11734266, 60.21175107], [25.11817282, 60.21238606], [25.11868015, 60.21277128], [25.11991119, 60.21425668], [25.12256388, 60.21701885], [25.12267174, 60.21836883], [25.1246293, 60.2178029], [25.12474067, 60.2177713], [25.12498502, 60.21770187], [25.12764001, 60.21628141], [25.12801339, 60.21599482], [25.12834575, 60.21573969], [25.12852332, 60.21561943], [25.12935504, 60.21533518], [25.12987502, 60.21531761], [25.13176385, 60.21522968], [25.13325331, 60.21541254], [25.13304391, 60.21595487], [25.13279597, 60.21660323], [25.13270713, 60.21725125], [25.13513902, 60.21733335], [25.13521024, 60.21688513], [25.13547007, 60.21689986], [25.13552908, 60.21677567], [25.13631774, 60.21681453], [25.13639631, 60.21644709], [25.13535832, 60.21644312], [25.13534738, 60.21615018], [25.13614576, 60.21618903], [25.13615482, 60.21602522], [25.13706203, 60.2158157], [25.13707055, 60.21539367], [25.13738956, 60.2153288], [25.13759116, 60.21578544], [25.14036341, 60.21537533], [25.1398525, 60.2172677], [25.13993734, 60.21749083], [25.1469669, 60.21749875], [25.14748752, 60.21701521], [25.14977102, 60.21695018], [25.15009007, 60.21618386], [25.15135443, 60.21634309], [25.15192611, 60.21627054], [25.15349645, 60.21589284], [25.15561409, 60.21704748], [25.15982003, 60.21801838], [25.15957943, 60.21828901], [25.16231425, 60.21951819], [25.16133247, 60.22061995], [25.16070944, 60.22160297], [25.16071383, 60.22216689], [25.16105339, 60.22264675], [25.1615597, 60.22302185], [25.16661425, 60.22505992], [25.16783908, 60.22597674], [25.16759079, 60.22643668], [25.17514361, 60.23010172], [25.18220575, 60.22866073], [25.18264228, 60.22888774], [25.19018429, 60.22693389], [25.19302886, 60.22763417], [25.19565238, 60.2283751], [25.19654992, 60.22863792], [25.1986836, 60.22919499], [25.20455202, 60.23072661], [25.20438929, 60.22989457], [25.20398669, 60.22783534], [25.20368749, 60.22655474], [25.20312731, 60.22456001], [25.2014238, 60.21820471], [25.22040438, 60.19973678], [25.21953799, 60.19797482], [25.20125529, 60.20059529], [25.20083745, 60.20099659], [25.20017761, 60.20163098], [25.19961992, 60.2021673], [25.19907565, 60.20268932], [25.19514567, 60.20560625], [25.18417866, 60.20532951], [25.18227069, 60.20681201], [25.18174003, 60.20711871], [25.1809255, 60.20676978], [25.18001226, 60.20676959], [25.17543142, 60.20756843], [25.174772, 60.20748511], [25.17367407, 60.20734663], [25.17311157, 60.20727556], [25.17218852, 60.207159], [25.17008681, 60.20687585], [25.16914237, 60.20648986], [25.16561914, 60.20559919], [25.16156874, 60.20824645], [25.15990432, 60.20865191], [25.1582725, 60.2089838], [25.15629374, 60.20963983], [25.15573222, 60.20988884], [25.15338892, 60.21071174], [25.15252498, 60.21133114], [25.15208763, 60.21118005], [25.15184818, 60.21135184], [25.15148778, 60.21122732], [25.15109878, 60.21041351], [25.14934807, 60.21057777], [25.14916637, 60.20988579], [25.14885737, 60.20879841], [25.15145973, 60.20878236], [25.15296114, 60.20878243], [25.15325198, 60.20849812], [25.15325905, 60.20827426], [25.15304629, 60.20789736], [25.14913462, 60.2074202], [25.14672187, 60.20735037], [25.14687975, 60.20708739], [25.14681271, 60.20697545], [25.14683635, 60.20681746], [25.14689396, 60.20675564], [25.14730552, 60.20684216], [25.14810062, 60.20619855], [25.14620934, 60.2056089], [25.14588111, 60.20600723], [25.14598782, 60.20603789], [25.14583338, 60.20622529], [25.145091, 60.20607505], [25.14536739, 60.20545015], [25.14615524, 60.20390417], [25.14412922, 60.20363694], [25.14343651, 60.20344867], [25.14455939, 60.20267664], [25.14598149, 60.20156806], [25.14793719, 60.20054108], [25.15326896, 60.19659536], [25.17936663, 60.18244732], [25.18019887, 60.18199608], [25.20529109, 60.16915961], [25.19805506, 60.15450424], [25.19421742, 60.14665645], [25.1875474, 60.12633456], [25.16674831, 60.12637441], [25.14818448, 60.15219906], [25.14880871, 60.15790272], [25.14617377, 60.16513063], [25.12574268, 60.16509846], [25.12336198, 60.16509441], [25.10619364, 60.16763452], [25.10732797, 60.17379247], [25.10588571, 60.17723302], [25.09339012, 60.17488007], [25.08917364, 60.18041965], [25.08718244, 60.18664965], [25.08749145, 60.18960146]]]}, "geometry_name": "geom", "properties": {"posnro": "00980", "postitoimi": "HELSINKI", "postitoiru": "HELSINGFORS", "nimi": "Etelä-Vuosaari", "nimiru": "Södra Nordsjö", "kunta": "Helsinki", "kunta_nro": "091"}}, {"type": "Feature", "id": "pks_postinumeroalueet_2024.84", "geometry": {"type": "Polygon", "coordinates": [[[25.19514567, 60.20560625], [25.19907565, 60.20268932], [25.19961992, 60.2021673], [25.20017761, 60.20163098], [25.20083745, 60.20099659], [25.20125529, 60.20059529], [25.21953799, 60.19797482], [25.20529109, 60.16915961], [25.18019887, 60.18199608], [25.17936663, 60.18244732], [25.15326896, 60.19659536], [25.14793719, 60.20054108], [25.14598149, 60.20156806], [25.14455939, 60.20267664], [25.14343651, 60.20344867], [25.14412922, 60.20363694], [25.14615524, 60.20390417], [25.14536739, 60.20545015], [25.145091, 60.20607505], [25.14583338, 60.20622529], [25.14598782, 60.20603789], [25.14588111, 60.20600723], [25.14620934, 60.2056089], [25.14810062, 60.20619855], [25.14730552, 60.20684216], [25.14689396, 60.20675564], [25.14683635, 60.20681746], [25.14681271, 60.20697545], [25.14687975, 60.20708739], [25.14672187, 60.20735037], [25.14913462, 60.2074202], [25.15304629, 60.20789736], [25.15325905, 60.20827426], [25.15325198, 60.20849812], [25.15296114, 60.20878243], [25.15145973, 60.20878236], [25.14885737, 60.20879841], [25.14916637, 60.20988579], [25.14934807, 60.21057777], [25.15109878, 60.21041351], [25.15148778, 60.21122732], [25.15184818, 60.21135184], [25.15208763, 60.21118005], [25.15252498, 60.21133114], [25.15338892, 60.21071174], [25.15573222, 60.20988884], [25.15629374, 60.20963983], [25.1582725, 60.2089838], [25.15990432, 60.20865191], [25.16156874, 60.20824645], [25.16561914, 60.20559919], [25.16914237, 60.20648986], [25.17008681, 60.20687585], [25.17218852, 60.207159], [25.17311157, 60.20727556], [25.17367407, 60.20734663], [25.174772, 60.20748511], [25.17543142, 60.20756843], [25.18001226, 60.20676959], [25.1809255, 60.20676978], [25.18174003, 60.20711871], [25.18227069, 60.20681201], [25.18417866, 60.20532951], [25.19514567, 60.20560625]]]}, "geometry_name": "geom", "properties": {"posnro": "00990", "postitoimi": "HELSINKI", "postitoiru": "HELSINGFORS", "nimi": "Aurinkolahti", "nimiru": "Solvik", "kunta": "Helsinki", "kunta_nro": "091"}}, {"type": "Feature", "id": "pks_postinumeroalueet_2024.97", "geometry": {"type": "Polygon", "coordinates": [[[25.11898729, 60.31633928], [25.11641094, 60.31783791], [25.11443167, 60.31782689], [25.1127281, 60.31905634], [25.11117315, 60.31772814], [25.10994133, 60.31673121], [25.10814991, 60.31522977], [25.10699017, 60.31430877], [25.10311135, 60.31584921], [25.09927552, 60.31825749], [25.09545095, 60.32100187], [25.09390072, 60.32035083], [25.09287788, 60.32072088], [25.09110054, 60.32095664], [25.08869877, 60.32116334], [25.08729286, 60.32144717], [25.08637659, 60.32150862], [25.08646403, 60.32193175], [25.08657908, 60.32232434], [25.08681591, 60.32318401], [25.08730825, 60.32375577], [25.08826954, 60.3248617], [25.08864583, 60.32527036], [25.08935782, 60.32572106], [25.08954054, 60.3260217], [25.08854667, 60.32654715], [25.08820742, 60.32699533], [25.08833446, 60.32738809], [25.08865613, 60.32766575], [25.08934263, 60.32791139], [25.09001239, 60.32779668], [25.0906692, 60.32790565], [25.09128335, 60.32810062], [25.09199022, 60.32843338], [25.09190128, 60.32866778], [25.09121002, 60.32925829], [25.09078829, 60.32972529], [25.09088257, 60.33004313], [25.09126985, 60.3302659], [25.0919772, 60.33036926], [25.09217038, 60.33070067], [25.0924411, 60.33099011], [25.09277846, 60.33122449], [25.09277185, 60.33176426], [25.09238725, 60.33192016], [25.0916188, 60.33212093], [25.09148999, 60.33227952], [25.09164777, 60.33257335], [25.09215744, 60.33285383], [25.09328286, 60.33308703], [25.0943703, 60.33332599], [25.09542125, 60.33333494], [25.09584142, 60.3336388], [25.09634275, 60.33383814], [25.09744111, 60.33389729], [25.09795537, 60.33387376], [25.09853505, 60.33375217], [25.0991744, 60.3337858], [25.09970426, 60.33371261], [25.10031334, 60.33344281], [25.10134741, 60.33343825], [25.10247796, 60.33337384], [25.10336608, 60.33359116], [25.10399756, 60.33371184], [25.10505147, 60.33379107], [25.13566162, 60.32048226], [25.12695897, 60.31641277], [25.12127211, 60.31386875], [25.11772114, 60.31580889], [25.11898729, 60.31633928]]]}, "geometry_name": "geom", "properties": {"posnro": "01420", "postitoimi": "VANTAA", "postitoiru": "VANDA", "nimi": "Päiväkumpu", "nimiru": "Lövkulla", "kunta": "Vantaa", "kunta_nro": "092"}}, {"type": "Feature", "id": "pks_postinumeroalueet_2024.98", "geometry": {"type": "Polygon", "coordinates": [[[25.0437458, 60.34115317], [25.03762102, 60.34228305], [25.04885157, 60.34725265], [25.04924746, 60.34783984], [25.04806328, 60.34842752], [25.0488541, 60.34894932], [25.03370066, 60.35945257], [25.02884867, 60.36276663], [25.02118836, 60.36786955], [25.03125276, 60.37160142], [25.03471152, 60.36955557], [25.03613428, 60.36796632], [25.04272069, 60.36440463], [25.04547281, 60.36539826], [25.04562905, 60.36788272], [25.0463825, 60.36934864], [25.04753856, 60.36982365], [25.05022895, 60.37093809], [25.05078769, 60.37219557], [25.05183707, 60.3728385], [25.05208996, 60.37286677], [25.05289241, 60.37344562], [25.05368784, 60.37337834], [25.05436053, 60.37372747], [25.06245915, 60.37038013], [25.0641704, 60.36962891], [25.06496093, 60.3696121], [25.06565336, 60.36975868], [25.06618072, 60.37000308], [25.06664252, 60.37036177], [25.06710471, 60.37063896], [25.06749976, 60.37078559], [25.0678958, 60.37088313], [25.06924644, 60.37088244], [25.06980641, 60.37084956], [25.07030048, 60.37076772], [25.07069567, 60.37071869], [25.07148614, 60.37066926], [25.07092664, 60.37091413], [25.07227331, 60.3710921], [25.07360541, 60.37034805], [25.07468264, 60.3701605], [25.07540469, 60.3701547], [25.07631896, 60.37050511], [25.07741963, 60.3710332], [25.07903254, 60.3706623], [25.08117866, 60.3700183], [25.08349822, 60.36919402], [25.08581057, 60.36877269], [25.08624402, 60.36860888], [25.08567212, 60.36822161], [25.08655856, 60.36789488], [25.08655856, 60.36789488], [25.08541584, 60.36710751], [25.09030722, 60.36631348], [25.09038927, 60.36630023], [25.11463474, 60.3656909], [25.11510193, 60.36451349], [25.11566224, 60.36461963], [25.11548711, 60.36383032], [25.11624018, 60.36219654], [25.11537175, 60.36056731], [25.11698334, 60.36054841], [25.11714737, 60.36021079], [25.12404624, 60.3603713], [25.12409897, 60.35951376], [25.12409894, 60.3595064], [25.12414635, 60.35911019], [25.12420721, 60.35867807], [25.12441098, 60.35809162], [25.1246257, 60.3575293], [25.12470542, 60.35719966], [25.1248078, 60.35668394], [25.12499315, 60.35626346], [25.12530719, 60.35581297], [25.12555953, 60.35543164], [25.12560383, 60.35507905], [25.12542942, 60.35452419], [25.12542941, 60.35452204], [25.12545589, 60.353917], [25.12572932, 60.35337122], [25.12586442, 60.35275163], [25.12567547, 60.35194655], [25.12137545, 60.35181224], [25.12166991, 60.35223048], [25.12168017, 60.35265267], [25.12111263, 60.35289085], [25.12028622, 60.35307846], [25.11727834, 60.35309003], [25.11717182, 60.35414713], [25.11729335, 60.3542427], [25.11728188, 60.3543768], [25.11634208, 60.35539999], [25.11564384, 60.35558917], [25.11337088, 60.35554795], [25.11255442, 60.35503266], [25.11216474, 60.35391935], [25.11227105, 60.3529126], [25.11138955, 60.35289665], [25.11092185, 60.35311478], [25.10945094, 60.35316437], [25.10745546, 60.35317147], [25.10522018, 60.35313242], [25.10429725, 60.35273869], [25.10470154, 60.35120361], [25.10537066, 60.35126376], [25.1055458, 60.35064173], [25.10456319, 60.35059502], [25.10502775, 60.34922818], [25.10584792, 60.34929862], [25.10603246, 60.348898], [25.10521989, 60.3488254], [25.10520392, 60.34875981], [25.10552358, 60.34796785], [25.10413589, 60.34797747], [25.10415219, 60.3478063], [25.10369684, 60.34780217], [25.1037237, 60.34753388], [25.10378928, 60.34730927], [25.10322734, 60.34727057], [25.10318774, 60.34763554], [25.10196332, 60.34754978], [25.10171757, 60.34854595], [25.09748014, 60.34826146], [25.09696543, 60.34821005], [25.09677494, 60.34883496], [25.0962434, 60.34879352], [25.09570648, 60.34839451], [25.09579529, 60.34810796], [25.09426534, 60.3479658], [25.09026172, 60.34788996], [25.09008624, 60.34829172], [25.08932592, 60.34822904], [25.08731669, 60.34806317], [25.08714604, 60.34804847], [25.08639658, 60.34798174], [25.08617476, 60.34731377], [25.08584663, 60.34650603], [25.08558702, 60.34592317], [25.08526255, 60.34567207], [25.08593868, 60.34556169], [25.08583387, 60.34516479], [25.08589573, 60.34493157], [25.0862263, 60.34481288], [25.08539447, 60.34417896], [25.08660971, 60.34352272], [25.08945394, 60.34200106], [25.08772446, 60.34208586], [25.08709733, 60.34180042], [25.0873083, 60.3416713], [25.08625309, 60.34158475], [25.08607899, 60.34210238], [25.08641774, 60.34221677], [25.08582419, 60.34251576], [25.0853282, 60.34230741], [25.0847265, 60.34260631], [25.08447904, 60.34250029], [25.08345058, 60.34310927], [25.08318627, 60.34299913], [25.08256774, 60.34331446], [25.08226205, 60.34316746], [25.08239439, 60.3430813], [25.08203867, 60.34291386], [25.08249216, 60.34264352], [25.08180632, 60.342329], [25.08132777, 60.34257064], [25.08022956, 60.34223599], [25.08002363, 60.34244057], [25.0794208, 60.34229365], [25.07863784, 60.34269504], [25.07828226, 60.34257247], [25.0780989, 60.34177486], [25.07777103, 60.34187979], [25.07759105, 60.34204028], [25.07720723, 60.34191925], [25.07621363, 60.34169078], [25.07534055, 60.34189277], [25.07525285, 60.34178763], [25.07475989, 60.34168478], [25.0748828, 60.34127149], [25.07418971, 60.34130877], [25.07398217, 60.34081803], [25.07318158, 60.3406343], [25.07056101, 60.33633713], [25.0437458, 60.34115317]]]}, "geometry_name": "geom", "properties": {"posnro": "01450", "postitoimi": "VANTAA", "postitoiru": "VANDA", "nimi": "Korso", "nimiru": "Korso", "kunta": "Vantaa", "kunta_nro": "092"}}, {"type": "Feature", "id": "pks_postinumeroalueet_2024.85", "geometry": {"type": "Polygon", "coordinates": [[[25.07997376, 60.28186521], [25.08440705, 60.28137834], [25.08708414, 60.28138326], [25.09007797, 60.2814177], [25.09152374, 60.28127508], [25.09206471, 60.28120551], [25.09287778, 60.28359039], [25.09334648, 60.28555018], [25.09588535, 60.28602011], [25.10118692, 60.28771897], [25.10271727, 60.28818631], [25.10371564, 60.28849383], [25.10555833, 60.28908197], [25.10589781, 60.28873364], [25.1064297, 60.28867972], [25.10690374, 60.28868544], [25.10732369, 60.28873303], [25.1077787, 60.28855711], [25.1083035, 60.28800093], [25.11056457, 60.28703539], [25.11113173, 60.2873171], [25.11258829, 60.28710855], [25.11840754, 60.28633843], [25.12036467, 60.28718708], [25.12552848, 60.28808055], [25.1252744, 60.28843774], [25.1290557, 60.28856211], [25.12921056, 60.28808501], [25.1322666, 60.28764617], [25.13905644, 60.28704525], [25.14042575, 60.28841101], [25.14263353, 60.28911924], [25.14271731, 60.29017123], [25.1436861, 60.2899432], [25.14348435, 60.29044209], [25.14467651, 60.2904364], [25.1447965, 60.29304053], [25.14357407, 60.29482426], [25.14411422, 60.29515962], [25.1439238, 60.29725574], [25.14490782, 60.29821565], [25.14913398, 60.30009713], [25.16143986, 60.31365632], [25.16962462, 60.31148722], [25.19307875, 60.29224803], [25.19026066, 60.28568235], [25.19025792, 60.28567661], [25.19025089, 60.28568093], [25.19010627, 60.28533765], [25.19010407, 60.28533308], [25.18835981, 60.2814331], [25.18781563, 60.28024545], [25.18778418, 60.28015026], [25.18777811, 60.28013133], [25.18769846, 60.2799532], [25.18765684, 60.27988038], [25.18407898, 60.27906028], [25.1824709, 60.27869164], [25.18164189, 60.27849765], [25.18159574, 60.27848694], [25.178764, 60.27782051], [25.17826954, 60.27782422], [25.17825273, 60.27782443], [25.17774998, 60.27789771], [25.17724712, 60.27795053], [25.17684396, 60.2779928], [25.17564738, 60.27820405], [25.17496694, 60.2783079], [25.17483096, 60.27832872], [25.17448112, 60.27830486], [25.17378252, 60.27825748], [25.1730067, 60.27724258], [25.17238597, 60.27643094], [25.17150558, 60.27623938], [25.16932845, 60.2757523], [25.1632843, 60.27440262], [25.14319124, 60.26992378], [25.1431245, 60.26990905], [25.14253581, 60.26977855], [25.14223867, 60.26938216], [25.14202549, 60.26909778], [25.14202549, 60.26909742], [25.1419379, 60.26839699], [25.14192904, 60.26835428], [25.14191577, 60.26829317], [25.14193355, 60.26826784], [25.14199388, 60.2681809], [25.14238943, 60.26752824], [25.14244102, 60.26742613], [25.14235047, 60.26716774], [25.14236255, 60.26707905], [25.14238304, 60.26693022], [25.14242012, 60.26685667], [25.14280757, 60.26609183], [25.14307215, 60.26586159], [25.14312668, 60.26581432], [25.14308545, 60.26580629], [25.1419691, 60.26558777], [25.14194252, 60.26558251], [25.14188359, 60.26536617], [25.14174314, 60.26484818], [25.14175119, 60.26482869], [25.14175762, 60.26481289], [25.14176781, 60.26478703], [25.14177316, 60.26477248], [25.14177585, 60.26476575], [25.1421631, 60.26383109], [25.14227681, 60.2635592], [25.14237765, 60.26331864], [25.14238731, 60.26329593], [25.14238892, 60.26329296], [25.14239053, 60.26328955], [25.1423986, 60.26327491], [25.14241258, 60.26325075], [25.1424142, 60.26324851], [25.14244487, 60.26319767], [25.14246964, 60.26316049], [25.14251217, 60.26309654], [25.14253106, 60.26307767], [25.14255322, 60.26306311], [25.14272312, 60.26287714], [25.14272528, 60.26287489], [25.14273768, 60.26285998], [25.14275008, 60.26284515], [25.14275978, 60.26283401], [25.14277811, 60.26281245], [25.14281316, 60.26277023], [25.14289134, 60.26267842], [25.14292533, 60.26264508], [25.14299548, 60.26257545], [25.14302031, 60.26255209], [25.14412002, 60.26134821], [25.14413992, 60.26131471], [25.14426718, 60.26092333], [25.14432386, 60.2607496], [25.14431131, 60.26073085], [25.14427095, 60.2606713], [25.14402058, 60.26029874], [25.14407754, 60.26019088], [25.14416142, 60.26004081], [25.144298, 60.25979977], [25.14449102, 60.25945625], [25.14456038, 60.25933187], [25.14457328, 60.25930915], [25.14457975, 60.25930079], [25.14462771, 60.25923989], [25.14470389, 60.25918864], [25.14497435, 60.25908154], [25.14500248, 60.25907038], [25.14508687, 60.25903798], [25.14543849, 60.25890341], [25.14560997, 60.25883663], [25.14601405, 60.25867966], [25.14620934, 60.2586062], [25.14642464, 60.25852573], [25.14642572, 60.25852519], [25.14659712, 60.25844072], [25.14665115, 60.25840583], [25.14672779, 60.2583379], [25.1467505, 60.25832692], [25.14680511, 60.25829976], [25.1469464, 60.25827016], [25.14705521, 60.25824742], [25.14728698, 60.25821315], [25.14739744, 60.25819687], [25.14739853, 60.25819642], [25.14765599, 60.25809435], [25.14765816, 60.25809345], [25.14772146, 60.25807292], [25.14773932, 60.25806725], [25.14778969, 60.25806216], [25.14784981, 60.25805599], [25.14790776, 60.25804965], [25.14803286, 60.25803559], [25.14806264, 60.25802946], [25.14809836, 60.2580217], [25.14820447, 60.25800022], [25.14821313, 60.25799841], [25.14830098, 60.25801178], [25.1483167, 60.25801419], [25.14842445, 60.25811665], [25.14854133, 60.25820017], [25.14859421, 60.25826976], [25.14861383, 60.25829604], [25.1487007, 60.25833319], [25.14876965, 60.25836291], [25.14882224, 60.25836895], [25.1488938, 60.25837713], [25.14900463, 60.25831795], [25.14910214, 60.25819362], [25.14937203, 60.25820391], [25.14938396, 60.25820443], [25.14942027, 60.25820655], [25.14985604, 60.25823155], [25.15008299, 60.25821217], [25.15008516, 60.25821199], [25.15033436, 60.25820049], [25.15047361, 60.25819845], [25.15049364, 60.2581925], [25.15064272, 60.258091], [25.15073725, 60.25802582], [25.15074643, 60.25801998], [25.15079505, 60.25798797], [25.15076783, 60.25795991], [25.15064953, 60.25792226], [25.15063163, 60.2579168], [25.15057248, 60.25789874], [25.15052087, 60.25786954], [25.15051435, 60.25786577], [25.15050234, 60.25784496], [25.15049901, 60.25782836], [25.15050166, 60.25781535], [25.15050435, 60.25781211], [25.15050866, 60.2578069], [25.1505449, 60.25779151], [25.15059143, 60.257778], [25.1506055, 60.25777403], [25.15061903, 60.2577698], [25.15067154, 60.25775816], [25.15071269, 60.25775246], [25.15073273, 60.25774965], [25.15081996, 60.25774695], [25.15082429, 60.25774704], [25.15083242, 60.25774739], [25.15089149, 60.25774947], [25.15089366, 60.25774965], [25.15094897, 60.2577591], [25.15095006, 60.25775919], [25.15104932, 60.25778161], [25.15112513, 60.25777174], [25.15123162, 60.25771624], [25.15125107, 60.25770302], [25.1512608, 60.25769727], [25.15129971, 60.25767541], [25.15134784, 60.25765427], [25.15136298, 60.25764752], [25.15142792, 60.25762976], [25.15148587, 60.25762368], [25.15149291, 60.25762296], [25.15150753, 60.25762204], [25.15175888, 60.25760605], [25.15186496, 60.25758008], [25.15191095, 60.25756548], [25.1519261, 60.25756071], [25.15198236, 60.25753937], [25.15204561, 60.25750807], [25.15204885, 60.25750645], [25.15210991, 60.25746949], [25.15224455, 60.25729162], [25.15224454, 60.25729127], [25.15224454, 60.25729055], [25.15227463, 60.25711819], [25.15227462, 60.25711783], [25.15227992, 60.25709125], [25.1522901, 60.25706647], [25.1523474, 60.25703831], [25.15239882, 60.25702479], [25.15240639, 60.25702281], [25.15247246, 60.2570151], [25.15247463, 60.25701483], [25.15274489, 60.25698939], [25.15274597, 60.25698921], [25.15280112, 60.25684689], [25.15280635, 60.25680721], [25.15282153, 60.25680908], [25.15282316, 60.25680925], [25.15309202, 60.25683345], [25.15312988, 60.25681716], [25.15319909, 60.25678719], [25.15326395, 60.25675175], [25.15330665, 60.25672873], [25.15342393, 60.25666487], [25.15344284, 60.25665452], [25.15346338, 60.25664346], [25.15357762, 60.25662394], [25.15357816, 60.25662394], [25.15384877, 60.2566747], [25.15391166, 60.25668198], [25.15398137, 60.25664259], [25.15400875, 60.2565879], [25.15402915, 60.25654704], [25.15405182, 60.25652852], [25.15414627, 60.25645006], [25.15418675, 60.25641635], [25.15422453, 60.2563848], [25.15423478, 60.25637627], [25.15430455, 60.25623411], [25.15454323, 60.25594626], [25.1545782, 60.2558938], [25.1545782, 60.25589344], [25.15458304, 60.25588653], [25.15459219, 60.25587395], [25.15459488, 60.25587027], [25.15459811, 60.25586613], [25.15460727, 60.25585374], [25.15461803, 60.25583883], [25.15463042, 60.25582221], [25.15464226, 60.25580604], [25.15466756, 60.25577092], [25.15467671, 60.25575861], [25.15471557, 60.2557258], [25.15471221, 60.25570337], [25.15467615, 60.25563816], [25.15467614, 60.25563798], [25.15467614, 60.25563789], [25.15450223, 60.25552581], [25.15446245, 60.25547775], [25.15440415, 60.25540826], [25.15439742, 60.25535854], [25.15439573, 60.25534634], [25.15445772, 60.25527725], [25.15456597, 60.25513863], [25.15456597, 60.25513845], [25.15456651, 60.255138], [25.15462644, 60.25509359], [25.15469459, 60.25506874], [25.15481915, 60.25505774], [25.15481915, 60.25505756], [25.15489577, 60.25499033], [25.15491624, 60.25496428], [25.15495609, 60.25491361], [25.15500149, 60.25488843], [25.15510542, 60.25486758], [25.15523279, 60.25487748], [25.15531636, 60.25490494], [25.15539233, 60.25493052], [25.15555987, 60.25495554], [25.15563732, 60.25495087], [25.15568824, 60.25494785], [25.15569851, 60.25494317], [25.15578934, 60.25490268], [25.15588648, 60.2548199], [25.15591771, 60.25478028], [25.1559651, 60.25471964], [25.15598886, 60.25470346], [25.15603855, 60.25466974], [25.15615216, 60.25463487], [25.15622087, 60.25461406], [25.1564151, 60.25455468], [25.15653468, 60.25452295], [25.15659962, 60.25450582], [25.15679199, 60.25451313], [25.156818, 60.25451319], [25.15687911, 60.25448853], [25.1568791, 60.25448835], [25.15692592, 60.25442071], [25.15692592, 60.25442026], [25.15693336, 60.25439063], [25.15693549, 60.25438345], [25.15693974, 60.25436594], [25.15694614, 60.2543435], [25.15695413, 60.25431647], [25.1569875, 60.25426931], [25.1570463, 60.25421485], [25.15714347, 60.2541423], [25.15717319, 60.25412558], [25.15730341, 60.2540529], [25.15740294, 60.25401877], [25.15742458, 60.25401246], [25.15749708, 60.2539911], [25.15753546, 60.25397328], [25.15760519, 60.25394044], [25.15766459, 60.25389881], [25.15769429, 60.25387814], [25.1575276, 60.25380204], [25.15710353, 60.25360832], [25.15712021, 60.25347125], [25.1571374, 60.25332672], [25.15716597, 60.25307026], [25.15719218, 60.25277441], [25.15719423, 60.25275116], [25.15720243, 60.25265296], [25.15721476, 60.25251266], [25.15723789, 60.25225109], [25.15725724, 60.25210629], [25.15728078, 60.25193232], [25.1573017, 60.25177532], [25.15739638, 60.25107055], [25.15832993, 60.25098238], [25.15863262, 60.25095375], [25.15885838, 60.25081005], [25.15899556, 60.25072292], [25.1591089, 60.25074693], [25.15911649, 60.25074853], [25.15923975, 60.25058351], [25.15939853, 60.25037105], [25.15943243, 60.25032389], [25.15967188, 60.24999097], [25.15985212, 60.24973684], [25.15959887, 60.24923776], [25.15958574, 60.24921157], [25.15988393, 60.24881683], [25.15911012, 60.24865316], [25.15882109, 60.24859193], [25.15876956, 60.24857799], [25.15862799, 60.24853966], [25.15832369, 60.24845628], [25.15788778, 60.24826562], [25.15742257, 60.24806208], [25.15632517, 60.24739668], [25.15553797, 60.24691123], [25.15528698, 60.24675643], [25.15463991, 60.24657499], [25.15436059, 60.24649723], [25.15410024, 60.24642483], [25.15378716, 60.24630941], [25.15375191, 60.24629976], [25.15226858, 60.24589722], [25.1521288, 60.24600625], [25.15206241, 60.2460582], [25.15198308, 60.2461204], [25.15196473, 60.24613452], [25.15196473, 60.24613461], [25.15161074, 60.24595739], [25.15075729, 60.24553024], [25.15074209, 60.24552271], [25.15037837, 60.24546434], [25.15012415, 60.24542361], [25.14835993, 60.24553105], [25.14771239, 60.24547352], [25.14758234, 60.24546209], [25.14732183, 60.24546561], [25.14705102, 60.24546923], [25.14600088, 60.24537588], [25.14468675, 60.24621598], [25.14201522, 60.24745791], [25.13961623, 60.24851173], [25.13715438, 60.24946228], [25.13621917, 60.24993471], [25.13401763, 60.25113633], [25.13244316, 60.25243987], [25.13141916, 60.25350626], [25.13067347, 60.25427547], [25.12966249, 60.25510255], [25.12869079, 60.25573185], [25.12771106, 60.2562584], [25.12543843, 60.2574848], [25.12471172, 60.25803073], [25.12379775, 60.25878785], [25.12291615, 60.25951773], [25.1218902, 60.26034881], [25.12103468, 60.26097346], [25.12003391, 60.26160292], [25.11850543, 60.26242688], [25.11740716, 60.26294537], [25.11649145, 60.26329864], [25.11386581, 60.26426109], [25.11225537, 60.26481687], [25.11051428, 60.26537749], [25.10896965, 60.26587241], [25.10708411, 60.26654718], [25.10586501, 60.26700581], [25.10455424, 60.26762722], [25.10256552, 60.2686498], [25.10024566, 60.2699074], [25.09797132, 60.27121689], [25.09664596, 60.27196129], [25.09569799, 60.27237923], [25.09460028, 60.2727708], [25.09260757, 60.27336727], [25.09119421, 60.27373175], [25.0877706, 60.27429178], [25.08675798, 60.27309272], [25.08578011, 60.27209395], [25.08477605, 60.27247416], [25.08483698, 60.27255679], [25.08488695, 60.27301369], [25.08445388, 60.27346282], [25.08439854, 60.273656], [25.08374657, 60.27457916], [25.08337682, 60.27478709], [25.08289382, 60.27501725], [25.08094909, 60.27564824], [25.08062821, 60.27567689], [25.08035157, 60.27562105], [25.07989574, 60.27544496], [25.07949323, 60.2753471], [25.0789829, 60.27527524], [25.07852263, 60.27527911], [25.07816408, 60.27497461], [25.07801677, 60.275036], [25.07903264, 60.27724287], [25.0797911, 60.27878446], [25.08036952, 60.27984176], [25.08047225, 60.28104708], [25.07997376, 60.28186521]]]}, "geometry_name": "geom", "properties": {"posnro": "01200", "postitoimi": "VANTAA", "postitoiru": "VANDA", "nimi": "Hakunila", "nimiru": "Håkansböle", "kunta": "Vantaa", "kunta_nro": "092"}}, {"type": "Feature", "id": "pks_postinumeroalueet_2024.86", "geometry": {"type": "Polygon", "coordinates": [[[25.08681014, 60.27170367], [25.08674516, 60.27173162], [25.08657837, 60.27179393], [25.08609692, 60.27197384], [25.08578011, 60.27209395], [25.08675798, 60.27309272], [25.0877706, 60.27429178], [25.09119421, 60.27373175], [25.09260757, 60.27336727], [25.09460028, 60.2727708], [25.09569799, 60.27237923], [25.09664596, 60.27196129], [25.09797132, 60.27121689], [25.10024566, 60.2699074], [25.10256552, 60.2686498], [25.10455424, 60.26762722], [25.10586501, 60.26700581], [25.10708411, 60.26654718], [25.10896965, 60.26587241], [25.11051428, 60.26537749], [25.11225537, 60.26481687], [25.11386581, 60.26426109], [25.11649145, 60.26329864], [25.11740716, 60.26294537], [25.11850543, 60.26242688], [25.12003391, 60.26160292], [25.12103468, 60.26097346], [25.1218902, 60.26034881], [25.12291615, 60.25951773], [25.12379775, 60.25878785], [25.12471172, 60.25803073], [25.12543843, 60.2574848], [25.12141059, 60.25668229], [25.11886893, 60.25611277], [25.11665737, 60.25555476], [25.11408033, 60.25488878], [25.11220481, 60.25447904], [25.10992535, 60.25412454], [25.10797248, 60.25388533], [25.10628931, 60.25377288], [25.10499256, 60.25369592], [25.10223004, 60.25371576], [25.09929359, 60.25391024], [25.09923163, 60.25438212], [25.09853906, 60.2546904], [25.09771344, 60.25490211], [25.09596714, 60.25488561], [25.0949491, 60.2543287], [25.09314083, 60.25442207], [25.09086998, 60.25436144], [25.08759713, 60.25421501], [25.08467333, 60.25390484], [25.08753541, 60.25930676], [25.08636788, 60.2606251], [25.08912399, 60.26779976], [25.08801235, 60.27124783], [25.08681014, 60.27170367]]]}, "geometry_name": "geom", "properties": {"posnro": "01230", "postitoimi": "VANTAA", "postitoiru": "VANDA", "nimi": "Vaarala", "nimiru": "Fagersta", "kunta": "Vantaa", "kunta_nro": "092"}}, {"type": "Feature", "id": "pks_postinumeroalueet_2024.87", "geometry": {"type": "Polygon", "coordinates": [[[25.11056457, 60.28703539], [25.1083035, 60.28800093], [25.1077787, 60.28855711], [25.10732369, 60.28873303], [25.10690374, 60.28868544], [25.1064297, 60.28867972], [25.10589781, 60.28873364], [25.10555833, 60.28908197], [25.10371564, 60.28849383], [25.10271727, 60.28818631], [25.10118692, 60.28771897], [25.09588535, 60.28602011], [25.09334648, 60.28555018], [25.09335471, 60.28558634], [25.09338933, 60.28593384], [25.09357044, 60.28706559], [25.09382101, 60.28934092], [25.09435334, 60.29338211], [25.09524968, 60.29681137], [25.09596237, 60.29916633], [25.09706182, 60.30218176], [25.09825874, 60.30470194], [25.09930755, 60.30645645], [25.1009184, 60.30846758], [25.10191316, 60.30951567], [25.10297845, 60.31053076], [25.10384584, 60.31142052], [25.10501729, 60.31249824], [25.10699017, 60.31430877], [25.10814991, 60.31522977], [25.10994133, 60.31673121], [25.11117315, 60.31772814], [25.1127281, 60.31905634], [25.11443167, 60.31782689], [25.11641094, 60.31783791], [25.11898729, 60.31633928], [25.11772114, 60.31580889], [25.12127211, 60.31386875], [25.12695897, 60.31641277], [25.13566162, 60.32048226], [25.16143986, 60.31365632], [25.14913398, 60.30009713], [25.14490782, 60.29821565], [25.1439238, 60.29725574], [25.14411422, 60.29515962], [25.14357407, 60.29482426], [25.1447965, 60.29304053], [25.14467651, 60.2904364], [25.14348435, 60.29044209], [25.1436861, 60.2899432], [25.14271731, 60.29017123], [25.14263353, 60.28911924], [25.14042575, 60.28841101], [25.13905644, 60.28704525], [25.1322666, 60.28764617], [25.12921056, 60.28808501], [25.1290557, 60.28856211], [25.1252744, 60.28843774], [25.12552848, 60.28808055], [25.12036467, 60.28718708], [25.11840754, 60.28633843], [25.11258829, 60.28710855], [25.11113173, 60.2873171], [25.11056457, 60.28703539]]]}, "geometry_name": "geom", "properties": {"posnro": "01260", "postitoimi": "VANTAA", "postitoiru": "VANDA", "nimi": "Itä-Hakkila", "nimiru": "Östra Haxböle", "kunta": "Vantaa", "kunta_nro": "092"}}, {"type": "Feature", "id": "pks_postinumeroalueet_2024.88", "geometry": {"type": "Polygon", "coordinates": [[[25.08467333, 60.25390484], [25.08759713, 60.25421501], [25.09086998, 60.25436144], [25.09314083, 60.25442207], [25.0949491, 60.2543287], [25.09596714, 60.25488561], [25.09771344, 60.25490211], [25.09853906, 60.2546904], [25.09923163, 60.25438212], [25.09929359, 60.25391024], [25.10223004, 60.25371576], [25.10499256, 60.25369592], [25.10628931, 60.25377288], [25.10797248, 60.25388533], [25.10992535, 60.25412454], [25.11220481, 60.25447904], [25.11408033, 60.25488878], [25.11665737, 60.25555476], [25.11886893, 60.25611277], [25.12141059, 60.25668229], [25.12543843, 60.2574848], [25.12771106, 60.2562584], [25.12869079, 60.25573185], [25.12966249, 60.25510255], [25.13067347, 60.25427547], [25.13141916, 60.25350626], [25.13244316, 60.25243987], [25.13401763, 60.25113633], [25.13621917, 60.24993471], [25.13715438, 60.24946228], [25.13961623, 60.24851173], [25.14201522, 60.24745791], [25.14468675, 60.24621598], [25.14600088, 60.24537588], [25.14519395, 60.24528441], [25.14519287, 60.24528423], [25.1451842, 60.24528325], [25.14488254, 60.24516969], [25.14468017, 60.24509362], [25.14458419, 60.24506967], [25.14316679, 60.24471721], [25.14227992, 60.24417004], [25.14225114, 60.2441523], [25.14224463, 60.24414917], [25.14167312, 60.24387881], [25.14171104, 60.24362989], [25.14186684, 60.24358457], [25.14176683, 60.24350516], [25.14171357, 60.24346267], [25.14073477, 60.24268295], [25.14012588, 60.24202049], [25.13970405, 60.24152936], [25.139691, 60.24151833], [25.13887733, 60.24082943], [25.13887679, 60.2408288], [25.138578, 60.24061164], [25.13824313, 60.24031042], [25.13804688, 60.24013363], [25.13762125, 60.23962813], [25.13751947, 60.2395068], [25.13733878, 60.23929185], [25.13733823, 60.23929032], [25.13694647, 60.23858885], [25.13693122, 60.23856841], [25.1368686, 60.23848518], [25.13680527, 60.238363], [25.13672884, 60.23821498], [25.13630252, 60.23766048], [25.13590701, 60.23735276], [25.13584531, 60.23722896], [25.13582906, 60.23722871], [25.13582852, 60.23722871], [25.13546848, 60.2372455], [25.13509959, 60.23721752], [25.13505954, 60.23722285], [25.12960992, 60.23795978], [25.12961527, 60.23821736], [25.12679479, 60.23873186], [25.12678721, 60.23873331], [25.10694728, 60.24238157], [25.10572669, 60.24260586], [25.10510368, 60.24272097], [25.1046517, 60.24280596], [25.10459595, 60.24281642], [25.10409092, 60.24290711], [25.10379103, 60.24296074], [25.103581, 60.24299851], [25.10315392, 60.24307666], [25.10307218, 60.24309172], [25.10302401, 60.24310046], [25.10256444, 60.24318464], [25.10205344, 60.24327479], [25.1016063, 60.24335331], [25.10152997, 60.24336575], [25.10137734, 60.24339702], [25.10086741, 60.24348698], [25.10039104, 60.24357207], [25.10037155, 60.24357486], [25.10035369, 60.24357766], [25.10015177, 60.24361291], [25.09995906, 60.24364671], [25.09986595, 60.2436632], [25.09984213, 60.24366744], [25.09953683, 60.24372439], [25.09951085, 60.24372917], [25.09933275, 60.24376081], [25.09915844, 60.24379298], [25.09911405, 60.24380127], [25.09881956, 60.24385247], [25.09869506, 60.24387518], [25.09834211, 60.24393952], [25.09821381, 60.24396089], [25.09810338, 60.24398063], [25.09772227, 60.24404849], [25.09739855, 60.24410653], [25.09728, 60.24412789], [25.0968388, 60.24420729], [25.09612098, 60.24433535], [25.09569602, 60.24441114], [25.09567923, 60.24441411], [25.09564188, 60.24442078], [25.09554606, 60.24443674], [25.09546539, 60.24445026], [25.09546215, 60.2444508], [25.09545781, 60.24445134], [25.09544374, 60.2444535], [25.0954367, 60.24445459], [25.09493812, 60.24454559], [25.0948358, 60.24456425], [25.09476812, 60.24457623], [25.09454617, 60.24461579], [25.09449095, 60.24462552], [25.09434315, 60.24465148], [25.0940362, 60.24470591], [25.09390682, 60.24472942], [25.09384564, 60.2447406], [25.09351974, 60.24479863], [25.09334488, 60.24483008], [25.09308448, 60.24487621], [25.0930742, 60.24487792], [25.0913873, 60.24518525], [25.08244629, 60.2497004], [25.08467333, 60.25390484]]]}, "geometry_name": "geom", "properties": {"posnro": "01280", "postitoimi": "VANTAA", "postitoiru": "VANDA", "nimi": "Länsimäki", "nimiru": "Västerkulla", "kunta": "Vantaa", "kunta_nro": "092"}}, {"type": "Feature", "id": "pks_postinumeroalueet_2024.89", "geometry": {"type": "Polygon", "coordinates": [[[25.00001247, 60.28616663], [24.99999132, 60.28614231], [24.99993655, 60.28600732], [24.9999295, 60.28595553], [24.99969955, 60.28600274], [24.99715817, 60.28671858], [24.99739062, 60.28937338], [24.99734276, 60.29105104], [24.99730957, 60.29224708], [24.99700028, 60.29341332], [24.9952928, 60.29621661], [24.99361817, 60.29877943], [24.99650271, 60.29988977], [25.00248287, 60.30185224], [25.00290506, 60.30261333], [25.00255355, 60.30382141], [25.00306044, 60.30465251], [25.00479154, 60.30535773], [25.00676203, 60.30611884], [25.00690861, 60.30640442], [25.00549772, 60.30654728], [25.00557375, 60.30691239], [25.00653132, 60.30841669], [25.00934207, 60.30891591], [25.01026174, 60.3082461], [25.01061983, 60.30798391], [25.01136154, 60.30758903], [25.01189273, 60.30731398], [25.01272885, 60.30696755], [25.01357585, 60.30667505], [25.01406366, 60.30656415], [25.0151717, 60.30641109], [25.01592184, 60.30678276], [25.01627871, 60.30746349], [25.0164346, 60.30775786], [25.01652868, 60.30812996], [25.01730365, 60.30918544], [25.01782416, 60.30929209], [25.01828995, 60.30858029], [25.01949516, 60.30838939], [25.02021193, 60.3081702], [25.02076805, 60.30796422], [25.02235285, 60.30739314], [25.02289858, 60.30709193], [25.02343747, 60.30637031], [25.02410304, 60.3059979], [25.0235201, 60.30505255], [25.02319681, 60.30446805], [25.02308924, 60.30427331], [25.02286044, 60.30376858], [25.02288123, 60.30324271], [25.02340538, 60.30323024], [25.02485242, 60.30381301], [25.02558241, 60.30404236], [25.02642366, 60.3042717], [25.02657559, 60.30425955], [25.02751453, 60.30450429], [25.02817722, 60.30466759], [25.02818653, 60.30413321], [25.02819617, 60.3033572], [25.02925507, 60.30366204], [25.02979942, 60.30318004], [25.03015291, 60.30286699], [25.03117198, 60.30293946], [25.03124806, 60.30306168], [25.03151224, 60.30299081], [25.03125902, 60.3026061], [25.03253455, 60.3024752], [25.03306101, 60.3026176], [25.03357914, 60.30256613], [25.03361888, 60.30269258], [25.03432038, 60.30262123], [25.03467304, 60.303104], [25.03555603, 60.30326676], [25.03637389, 60.30340386], [25.036874, 60.30276388], [25.0359248, 60.30258616], [25.03645048, 60.30201636], [25.03611129, 60.30194133], [25.03605168, 60.30201054], [25.03577226, 60.30202605], [25.03577771, 60.30204867], [25.03533989, 60.30208998], [25.0349994, 60.30182683], [25.03531373, 60.30148255], [25.03619076, 60.3016821], [25.03625471, 60.30161486], [25.03693473, 60.30176195], [25.03718022, 60.30149846], [25.03841164, 60.30176297], [25.03822089, 60.30196802], [25.03879781, 60.30209575], [25.03863488, 60.30242699], [25.04039007, 60.30278458], [25.04082629, 60.30231728], [25.04252998, 60.30269452], [25.04493497, 60.30323412], [25.04556835, 60.30256884], [25.04589557, 60.30259404], [25.04642261, 60.30271547], [25.04684939, 60.30254569], [25.04738065, 60.30258813], [25.0483458, 60.30249974], [25.04886066, 60.3024597], [25.0470873, 60.29857522], [25.04595181, 60.2962705], [25.04578991, 60.29493854], [25.04592233, 60.29420826], [25.04634667, 60.29353623], [25.04724236, 60.29286537], [25.05564402, 60.288637], [25.0564543, 60.28831337], [25.05820802, 60.28785542], [25.05803377, 60.28623608], [25.05775254, 60.28513898], [25.05717667, 60.2829997], [25.05704847, 60.28193789], [25.0567448, 60.28130939], [25.0556418, 60.28030839], [25.05564069, 60.27965158], [25.05191779, 60.27962939], [25.04882482, 60.27988403], [25.04726407, 60.28009264], [25.04684286, 60.28016288], [25.04621511, 60.28026776], [25.04576018, 60.28026414], [25.04492008, 60.28012208], [25.04420039, 60.280006], [25.04418034, 60.28001436], [25.04373336, 60.27987745], [25.04265926, 60.28115122], [25.04249056, 60.28110191], [25.04226334, 60.28151071], [25.04340638, 60.28190508], [25.04331164, 60.28202062], [25.04330893, 60.28202331], [25.04317846, 60.2821824], [25.04306535, 60.28235216], [25.04283243, 60.28254475], [25.04283189, 60.28254547], [25.04277013, 60.28259692], [25.04222414, 60.28306794], [25.0422557, 60.28315651], [25.04206866, 60.2831896], [25.04155634, 60.28328723], [25.04154875, 60.28329424], [25.04064581, 60.28413685], [25.04087867, 60.28473623], [25.04048062, 60.28517803], [25.04047683, 60.28518216], [25.04046383, 60.28519652], [25.04043783, 60.28522112], [25.04034195, 60.28531162], [25.04023363, 60.28542744], [25.04022117, 60.285441], [25.04002295, 60.28565449], [25.03990921, 60.2857765], [25.03981064, 60.28588225], [25.03943692, 60.28628419], [25.0393313, 60.28639794], [25.03932318, 60.28640674], [25.03930422, 60.28642631], [25.03929772, 60.28643331], [25.03925602, 60.28647838], [25.03894783, 60.286811], [25.03893429, 60.28682582], [25.03891425, 60.28684763], [25.03855352, 60.28724274], [25.03853943, 60.28725827], [25.03850856, 60.28729176], [25.03820957, 60.28761953], [25.03801619, 60.28783095], [25.0380059, 60.28784245], [25.03800103, 60.28784765], [25.03788782, 60.28797145], [25.0378775, 60.28796078], [25.03787696, 60.28796069], [25.03746756, 60.28755817], [25.03746702, 60.28755799], [25.03680081, 60.28737383], [25.03678671, 60.28737195], [25.03653019, 60.28737767], [25.03604209, 60.28738857], [25.0352723, 60.28720542], [25.03449103, 60.2864], [25.03449644, 60.28587907], [25.03449644, 60.28587889], [25.03450134, 60.28537843], [25.03449048, 60.28536371], [25.03447962, 60.28535384], [25.03381388, 60.28503826], [25.0328485, 60.28496383], [25.03198974, 60.28521732], [25.0319892, 60.2852175], [25.03187372, 60.28525173], [25.03187318, 60.28525182], [25.03149637, 60.28536302], [25.03144486, 60.28537829], [25.03136354, 60.2853985], [25.03135161, 60.28540039], [25.03060922, 60.28544544], [25.03060706, 60.28544562], [25.03023071, 60.28546833], [25.02904489, 60.28571568], [25.02886816, 60.28578501], [25.02886762, 60.28578528], [25.02860306, 60.28588909], [25.0279346, 60.28615176], [25.02793352, 60.28615239], [25.02751715, 60.286316], [25.02733553, 60.28638748], [25.02717357, 60.28662455], [25.02659776, 60.28746853], [25.02657932, 60.28747939], [25.02656414, 60.2874855], [25.02503172, 60.28781115], [25.02411475, 60.28800617], [25.02313727, 60.28855052], [25.02313673, 60.28855078], [25.02260596, 60.28884643], [25.02252841, 60.28888306], [25.02238744, 60.28893981], [25.02168741, 60.28919922], [25.02094117, 60.28931494], [25.02090755, 60.28931791], [25.01973812, 60.28921712], [25.01910507, 60.2890378], [25.01851596, 60.28887085], [25.01851542, 60.28887067], [25.0185024, 60.28886879], [25.01788357, 60.28890477], [25.01788303, 60.28890495], [25.01658789, 60.28898051], [25.01654179, 60.28898195], [25.0155302, 60.28884089], [25.01552912, 60.28884072], [25.01552695, 60.28884027], [25.01456953, 60.28854419], [25.01378993, 60.28800657], [25.01378939, 60.28800639], [25.01359734, 60.28787393], [25.01359734, 60.28787384], [25.01210784, 60.28735414], [25.01210784, 60.28735405], [25.01208886, 60.28735046], [25.01159208, 60.2873759], [25.01153568, 60.287404], [25.01107423, 60.28765795], [25.01105688, 60.28766603], [25.01100645, 60.28769], [25.01092999, 60.28771855], [25.01086003, 60.28774009], [25.01083943, 60.28774629], [25.01074561, 60.28776694], [25.01070873, 60.28777502], [25.01055525, 60.28779505], [25.01055417, 60.28779505], [25.00877525, 60.2877739], [25.00835106, 60.28751993], [25.00817419, 60.28726181], [25.00817365, 60.28726074], [25.00799896, 60.28700657], [25.00795068, 60.28696178], [25.00789806, 60.28693486], [25.00789155, 60.28693136], [25.00762903, 60.28679693], [25.00757425, 60.28676884], [25.00747119, 60.2867158], [25.0072857, 60.28662076], [25.00719458, 60.28658558], [25.00715498, 60.2865706], [25.00690061, 60.28647269], [25.00677749, 60.28642531], [25.00605452, 60.28617206], [25.00582131, 60.28609695], [25.00579907, 60.28608986], [25.00579148, 60.28608869], [25.0057367, 60.28607954], [25.00572694, 60.28607801], [25.00506153, 60.28621994], [25.00464775, 60.28630818], [25.00387006, 60.28645333], [25.00323283, 60.28649966], [25.00323012, 60.28649975], [25.00220566, 60.28657418], [25.00220349, 60.28657436], [25.00152775, 60.28662355], [25.00076035, 60.28656917], [25.00069961, 60.28655607], [25.0006611, 60.28654772], [25.00052606, 60.28650329], [25.0003357, 60.28642108], [25.00014751, 60.28631795], [25.00001247, 60.28616663]]]}, "geometry_name": "geom", "properties": {"posnro": "01300", "postitoimi": "VANTAA", "postitoiru": "VANDA", "nimi": "Tikkurila", "nimiru": "Dickursby", "kunta": "Vantaa", "kunta_nro": "092"}}, {"type": "Feature", "id": "pks_postinumeroalueet_2024.90", "geometry": {"type": "Polygon", "coordinates": [[[25.0449877, 60.32462193], [25.04626729, 60.32296215], [25.04622565, 60.32193011], [25.04633522, 60.32147691], [25.04448116, 60.32185926], [25.04383693, 60.32201573], [25.04187543, 60.32249214], [25.03874029, 60.32317494], [25.03491714, 60.32388621], [25.03129108, 60.32421883], [25.0311404, 60.32449477], [25.02905665, 60.32464216], [25.02914074, 60.3251724], [25.02968799, 60.32569904], [25.02995122, 60.32616704], [25.03039379, 60.32736971], [25.03096316, 60.32768434], [25.03305401, 60.32846207], [25.03399015, 60.32842531], [25.03729461, 60.32760166], [25.03729678, 60.32760122], [25.0434421, 60.3264157], [25.04320562, 60.32497319], [25.0449877, 60.32462193]]]}, "geometry_name": "geom", "properties": {"posnro": "01340", "postitoimi": "VANTAA", "postitoiru": "VANDA", "nimi": "Leinelä", "nimiru": "Lejle", "kunta": "Vantaa", "kunta_nro": "092"}}, {"type": "Feature", "id": "pks_postinumeroalueet_2024.91", "geometry": {"type": "Polygon", "coordinates": [[[25.0483458, 60.30249974], [25.04738065, 60.30258813], [25.04684939, 60.30254569], [25.04642261, 60.30271547], [25.04589557, 60.30259404], [25.04556835, 60.30256884], [25.04493497, 60.30323412], [25.04252998, 60.30269452], [25.04082629, 60.30231728], [25.04039007, 60.30278458], [25.03863488, 60.30242699], [25.03879781, 60.30209575], [25.03822089, 60.30196802], [25.03841164, 60.30176297], [25.03718022, 60.30149846], [25.03693473, 60.30176195], [25.03625471, 60.30161486], [25.03619076, 60.3016821], [25.03531373, 60.30148255], [25.0349994, 60.30182683], [25.03533989, 60.30208998], [25.03577771, 60.30204867], [25.03577226, 60.30202605], [25.03605168, 60.30201054], [25.03611129, 60.30194133], [25.03645048, 60.30201636], [25.0359248, 60.30258616], [25.036874, 60.30276388], [25.03637389, 60.30340386], [25.03555603, 60.30326676], [25.03467304, 60.303104], [25.03432038, 60.30262123], [25.03361888, 60.30269258], [25.03357914, 60.30256613], [25.03306101, 60.3026176], [25.03253455, 60.3024752], [25.03125902, 60.3026061], [25.03151224, 60.30299081], [25.03124806, 60.30306168], [25.03117198, 60.30293946], [25.03015291, 60.30286699], [25.02979942, 60.30318004], [25.02925507, 60.30366204], [25.02819617, 60.3033572], [25.02818653, 60.30413321], [25.02817722, 60.30466759], [25.02751453, 60.30450429], [25.02657559, 60.30425955], [25.02642366, 60.3042717], [25.02558241, 60.30404236], [25.02485242, 60.30381301], [25.02340538, 60.30323024], [25.02288123, 60.30324271], [25.02286044, 60.30376858], [25.02308924, 60.30427331], [25.02319681, 60.30446805], [25.0235201, 60.30505255], [25.02410304, 60.3059979], [25.02343747, 60.30637031], [25.02289858, 60.30709193], [25.02235285, 60.30739314], [25.02076805, 60.30796422], [25.02021193, 60.3081702], [25.01949516, 60.30838939], [25.01828995, 60.30858029], [25.01782416, 60.30929209], [25.01768512, 60.31008866], [25.01778658, 60.31103419], [25.01801866, 60.31163532], [25.01802852, 60.31181105], [25.01786477, 60.31210466], [25.01741232, 60.31248069], [25.01753935, 60.31252375], [25.0174938, 60.31261971], [25.01760152, 60.31308856], [25.01794698, 60.31354329], [25.0179815, 60.31413969], [25.01682662, 60.31448045], [25.01577807, 60.31473314], [25.01863049, 60.31477128], [25.02023568, 60.31587464], [25.02346191, 60.31622872], [25.02333039, 60.31676645], [25.02556152, 60.31758826], [25.03334763, 60.31765618], [25.03615256, 60.31769772], [25.03615836, 60.31754128], [25.03691706, 60.31784336], [25.03694286, 60.31858444], [25.03886678, 60.31859269], [25.03881494, 60.31791328], [25.03851585, 60.31747008], [25.03882788, 60.31738418], [25.0391045, 60.3171853], [25.04169728, 60.31647457], [25.04598867, 60.31517192], [25.04569119, 60.31360594], [25.05110665, 60.31265187], [25.05081138, 60.3115973], [25.05167315, 60.31118501], [25.05280391, 60.31099545], [25.04886066, 60.3024597], [25.0483458, 60.30249974]]]}, "geometry_name": "geom", "properties": {"posnro": "01350", "postitoimi": "VANTAA", "postitoiru": "VANDA", "nimi": "Hiekkaharju", "nimiru": "Sandkulla", "kunta": "Vantaa", "kunta_nro": "092"}}, {"type": "Feature", "id": "pks_postinumeroalueet_2024.92", "geometry": {"type": "Polygon", "coordinates": [[[25.0434421, 60.3264157], [25.04518407, 60.32606051], [25.04586084, 60.32698356], [25.05045975, 60.32607324], [25.0502274, 60.32574779], [25.05050259, 60.32568522], [25.05008482, 60.32519022], [25.0512915, 60.32496565], [25.05922897, 60.32336404], [25.06175377, 60.3260183], [25.06660337, 60.32504906], [25.06826197, 60.32470528], [25.06930317, 60.32460601], [25.06966692, 60.32459272], [25.07045162, 60.32464759], [25.07234106, 60.32486117], [25.07292648, 60.3249069], [25.0734319, 60.32486784], [25.07457542, 60.32464651], [25.07832422, 60.32358824], [25.08132772, 60.32268299], [25.08323485, 60.32218476], [25.08477395, 60.32173368], [25.08566007, 60.32156025], [25.08637659, 60.32150862], [25.08729286, 60.32144717], [25.08869877, 60.32116334], [25.09110054, 60.32095664], [25.09287788, 60.32072088], [25.09390072, 60.32035083], [25.09545095, 60.32100187], [25.09927552, 60.31825749], [25.10311135, 60.31584921], [25.10699017, 60.31430877], [25.10501729, 60.31249824], [25.10384584, 60.31142052], [25.10297845, 60.31053076], [25.10191316, 60.30951567], [25.1009184, 60.30846758], [25.09930755, 60.30645645], [25.09865001, 60.3066938], [25.0978225, 60.30725339], [25.0938124, 60.3103794], [25.08512843, 60.30648917], [25.08355504, 60.30534367], [25.07948976, 60.30743516], [25.07816131, 60.30812632], [25.0759841, 60.30979151], [25.07445926, 60.30963817], [25.07304359, 60.31024272], [25.07191224, 60.31010126], [25.07020674, 60.30921443], [25.06888778, 60.30835565], [25.06916956, 60.30610397], [25.06981138, 60.30501709], [25.06856548, 60.30553292], [25.06098456, 60.30661436], [25.06050152, 60.30657949], [25.05280391, 60.31099545], [25.05167315, 60.31118501], [25.05081138, 60.3115973], [25.05110665, 60.31265187], [25.04569119, 60.31360594], [25.04598867, 60.31517192], [25.04169728, 60.31647457], [25.0391045, 60.3171853], [25.03882788, 60.31738418], [25.03851585, 60.31747008], [25.03881494, 60.31791328], [25.03886678, 60.31859269], [25.03694286, 60.31858444], [25.03691706, 60.31784336], [25.03615836, 60.31754128], [25.03615256, 60.31769772], [25.03334763, 60.31765618], [25.02556152, 60.31758826], [25.02333039, 60.31676645], [25.02332948, 60.31778227], [25.02313125, 60.3199579], [25.0229481, 60.32199647], [25.02305289, 60.32200696], [25.02203838, 60.32312634], [25.02413277, 60.32349979], [25.02746573, 60.32393831], [25.02860804, 60.32449453], [25.02905665, 60.32464216], [25.0311404, 60.32449477], [25.03129108, 60.32421883], [25.03491714, 60.32388621], [25.03874029, 60.32317494], [25.04187543, 60.32249214], [25.04383693, 60.32201573], [25.04448116, 60.32185926], [25.04633522, 60.32147691], [25.04622565, 60.32193011], [25.04626729, 60.32296215], [25.0449877, 60.32462193], [25.04320562, 60.32497319], [25.0434421, 60.3264157]]]}, "geometry_name": "geom", "properties": {"posnro": "01360", "postitoimi": "VANTAA", "postitoiru": "VANDA", "nimi": "Koivukylä-Havukoski", "nimiru": "Björkby-Havukoski", "kunta": "Vantaa", "kunta_nro": "092"}}, {"type": "Feature", "id": "pks_postinumeroalueet_2024.93", "geometry": {"type": "Polygon", "coordinates": [[[25.04592233, 60.29420826], [25.04578991, 60.29493854], [25.04595181, 60.2962705], [25.0470873, 60.29857522], [25.04886066, 60.3024597], [25.05280391, 60.31099545], [25.06050152, 60.30657949], [25.06098456, 60.30661436], [25.06856548, 60.30553292], [25.06981138, 60.30501709], [25.06916956, 60.30610397], [25.06888778, 60.30835565], [25.07020674, 60.30921443], [25.07191224, 60.31010126], [25.07304359, 60.31024272], [25.07445926, 60.30963817], [25.0759841, 60.30979151], [25.07816131, 60.30812632], [25.07948976, 60.30743516], [25.08355504, 60.30534367], [25.08512843, 60.30648917], [25.08474469, 60.30457203], [25.08578301, 60.30488416], [25.08580876, 60.30228858], [25.0839133, 60.30179229], [25.0817656, 60.30107857], [25.08225148, 60.30075588], [25.08047648, 60.3008688], [25.0782129, 60.3006481], [25.07744353, 60.30018274], [25.07603201, 60.30004605], [25.07595689, 60.29947204], [25.07709277, 60.29891788], [25.07709426, 60.29862878], [25.07682493, 60.29830098], [25.0732956, 60.29506335], [25.07288232, 60.2948541], [25.07152126, 60.29435788], [25.07142727, 60.29428774], [25.07129203, 60.2942135], [25.07197971, 60.29389433], [25.07128885, 60.29350122], [25.07113364, 60.29321598], [25.07082563, 60.2930133], [25.07096754, 60.29291612], [25.06658923, 60.29036743], [25.06388236, 60.28881343], [25.06282264, 60.28828117], [25.06113398, 60.28783445], [25.0594314, 60.28775713], [25.05820802, 60.28785542], [25.0564543, 60.28831337], [25.05564402, 60.288637], [25.04724236, 60.29286537], [25.04634667, 60.29353623], [25.04592233, 60.29420826]]]}, "geometry_name": "geom", "properties": {"posnro": "01370", "postitoimi": "VANTAA", "postitoiru": "VANDA", "nimi": "Jokiniemi", "nimiru": "Ånäs", "kunta": "Vantaa", "kunta_nro": "092"}}, {"type": "Feature", "id": "pks_postinumeroalueet_2024.94", "geometry": {"type": "Polygon", "coordinates": [[[25.05717667, 60.2829997], [25.05775254, 60.28513898], [25.05803377, 60.28623608], [25.05820802, 60.28785542], [25.0594314, 60.28775713], [25.06113398, 60.28783445], [25.06282264, 60.28828117], [25.06388236, 60.28881343], [25.06658923, 60.29036743], [25.07096754, 60.29291612], [25.07082563, 60.2930133], [25.07113364, 60.29321598], [25.07128885, 60.29350122], [25.07197971, 60.29389433], [25.07129203, 60.2942135], [25.07142727, 60.29428774], [25.07152126, 60.29435788], [25.07288232, 60.2948541], [25.0732956, 60.29506335], [25.07682493, 60.29830098], [25.07709426, 60.29862878], [25.07709277, 60.29891788], [25.07595689, 60.29947204], [25.07603201, 60.30004605], [25.07744353, 60.30018274], [25.0782129, 60.3006481], [25.08047648, 60.3008688], [25.08225148, 60.30075588], [25.0817656, 60.30107857], [25.0839133, 60.30179229], [25.08580876, 60.30228858], [25.08578301, 60.30488416], [25.08474469, 60.30457203], [25.08512843, 60.30648917], [25.0938124, 60.3103794], [25.0978225, 60.30725339], [25.09865001, 60.3066938], [25.09930755, 60.30645645], [25.09825874, 60.30470194], [25.09706182, 60.30218176], [25.09596237, 60.29916633], [25.09524968, 60.29681137], [25.09435334, 60.29338211], [25.09382101, 60.28934092], [25.09357044, 60.28706559], [25.09338933, 60.28593384], [25.09335471, 60.28558634], [25.09334648, 60.28555018], [25.09287778, 60.28359039], [25.09206471, 60.28120551], [25.09152374, 60.28127508], [25.09007797, 60.2814177], [25.08708414, 60.28138326], [25.08440705, 60.28137834], [25.07997376, 60.28186521], [25.08047225, 60.28104708], [25.08036952, 60.27984176], [25.0797911, 60.27878446], [25.07903264, 60.27724287], [25.07801677, 60.275036], [25.07665557, 60.27555179], [25.06864208, 60.27504207], [25.06850111, 60.27503352], [25.06239791, 60.27543692], [25.06157561, 60.27637585], [25.05827822, 60.27945156], [25.05564069, 60.27965158], [25.0556418, 60.28030839], [25.0567448, 60.28130939], [25.05705877, 60.28193788], [25.05717667, 60.2829997]]]}, "geometry_name": "geom", "properties": {"posnro": "01380", "postitoimi": "VANTAA", "postitoiru": "VANDA", "nimi": "Kuusikko-Hakkila", "nimiru": "Sexan-Håkansböle", "kunta": "Vantaa", "kunta_nro": "092"}}, {"type": "Feature", "id": "pks_postinumeroalueet_2024.95", "geometry": {"type": "Polygon", "coordinates": [[[25.02995122, 60.32616704], [25.02968799, 60.32569904], [25.02914074, 60.3251724], [25.02905665, 60.32464216], [25.02860804, 60.32449453], [25.02746573, 60.32393831], [25.02413277, 60.32349979], [25.02203838, 60.32312634], [25.02305289, 60.32200696], [25.0229481, 60.32199647], [25.02313125, 60.3199579], [25.02332948, 60.31778227], [25.02333039, 60.31676645], [25.02346191, 60.31622872], [25.02023568, 60.31587464], [25.01863049, 60.31477128], [25.01577807, 60.31473314], [25.01682662, 60.31448045], [25.0179815, 60.31413969], [25.01794698, 60.31354329], [25.01760152, 60.31308856], [25.0174938, 60.31261971], [25.01753935, 60.31252375], [25.01741232, 60.31248069], [25.01786477, 60.31210466], [25.01802852, 60.31181105], [25.01801866, 60.31163532], [25.01778658, 60.31103419], [25.01768512, 60.31008866], [25.01782416, 60.30929209], [25.01730365, 60.30918544], [25.01652868, 60.30812996], [25.0164346, 60.30775786], [25.01627871, 60.30746349], [25.01592184, 60.30678276], [25.0151717, 60.30641109], [25.01406366, 60.30656415], [25.01357585, 60.30667505], [25.01272885, 60.30696755], [25.01189273, 60.30731398], [25.01136154, 60.30758903], [25.01061983, 60.30798391], [25.01026174, 60.3082461], [25.00934207, 60.30891591], [25.00653132, 60.30841669], [25.00557375, 60.30691239], [25.00549772, 60.30654728], [24.99651113, 60.30745816], [24.99725013, 60.30894358], [24.99745139, 60.30999135], [24.99739475, 60.31246592], [24.99732736, 60.31356619], [24.99121549, 60.31423171], [24.98947481, 60.31576321], [24.99005506, 60.32116545], [24.99041775, 60.32293458], [24.99090147, 60.32305641], [24.99123919, 60.32299325], [24.99185203, 60.32790624], [24.99342272, 60.3291852], [24.99541188, 60.33298459], [25.00009504, 60.33299409], [25.00390221, 60.33324821], [25.037621, 60.34226761], [25.0437458, 60.34115317], [25.03762906, 60.33417143], [25.03734096, 60.33110289], [25.03729461, 60.32760166], [25.03399015, 60.32842531], [25.03305401, 60.32846207], [25.03096316, 60.32768434], [25.03039379, 60.32736971], [25.02995122, 60.32616704]]]}, "geometry_name": "geom", "properties": {"posnro": "01390", "postitoimi": "VANTAA", "postitoiru": "VANDA", "nimi": "Ruskeasanta-Ilola", "nimiru": "Rödsand-Gladas", "kunta": "Vantaa", "kunta_nro": "092"}}, {"type": "Feature", "id": "pks_postinumeroalueet_2024.99", "geometry": {"type": "Polygon", "coordinates": [[[25.11092185, 60.35311478], [25.11138955, 60.35289665], [25.11227105, 60.3529126], [25.11216474, 60.35391935], [25.11255442, 60.35503266], [25.11337088, 60.35554795], [25.11564384, 60.35558917], [25.11634208, 60.35539999], [25.11728188, 60.3543768], [25.11729335, 60.3542427], [25.11717182, 60.35414713], [25.11727834, 60.35309003], [25.12028622, 60.35307846], [25.12111263, 60.35289085], [25.12168017, 60.35265267], [25.12166991, 60.35223048], [25.12137545, 60.35181224], [25.12567547, 60.35194655], [25.12567546, 60.35194422], [25.12567546, 60.35194395], [25.12568534, 60.3514039], [25.12583043, 60.35098229], [25.12605992, 60.35046304], [25.12621119, 60.349813], [25.12613975, 60.34932616], [25.12601175, 60.34882295], [25.12590743, 60.3484014], [25.1256714, 60.34792145], [25.12530912, 60.34753146], [25.12465672, 60.34686198], [25.12435099, 60.34647633], [25.1242537, 60.34618204], [25.1241804, 60.34547827], [25.12413553, 60.34439384], [25.12408634, 60.34388822], [25.12378233, 60.34323071], [25.12366189, 60.34284408], [25.12366188, 60.34284174], [25.1236667, 60.34239217], [25.12380524, 60.34196509], [25.12382404, 60.34190727], [25.12001642, 60.34176662], [25.12006185, 60.34097317], [25.1200613, 60.3409729], [25.11980269, 60.34096452], [25.11852175, 60.34036648], [25.11788184, 60.34006737], [25.11794245, 60.33985164], [25.1180642, 60.33942009], [25.1180642, 60.33942], [25.11769692, 60.33940202], [25.11764678, 60.33905392], [25.11743986, 60.33906433], [25.11693858, 60.33908972], [25.11600319, 60.33924518], [25.11573066, 60.33929048], [25.11508157, 60.33930262], [25.11477088, 60.33930836], [25.11414862, 60.33938312], [25.1136862, 60.33933792], [25.1141135, 60.33850241], [25.11231259, 60.33812448], [25.11217996, 60.33809676], [25.11396462, 60.33552977], [25.10219869, 60.33524943], [25.09691303, 60.33805473], [25.0954346, 60.33883934], [25.09321735, 60.34001603], [25.09157656, 60.34088669], [25.08945394, 60.34200106], [25.08660971, 60.34352272], [25.08539447, 60.34417896], [25.0862263, 60.34481288], [25.08589573, 60.34493157], [25.08583387, 60.34516479], [25.08593868, 60.34556169], [25.08526255, 60.34567207], [25.08558702, 60.34592317], [25.08584663, 60.34650603], [25.08617476, 60.34731377], [25.08639658, 60.34798174], [25.08714604, 60.34804847], [25.08731669, 60.34806317], [25.08932592, 60.34822904], [25.09008624, 60.34829172], [25.09026172, 60.34788996], [25.09426534, 60.3479658], [25.09579529, 60.34810796], [25.09570648, 60.34839451], [25.0962434, 60.34879352], [25.09677494, 60.34883496], [25.09696543, 60.34821005], [25.09748014, 60.34826146], [25.10171757, 60.34854595], [25.10196332, 60.34754978], [25.10318774, 60.34763554], [25.10322734, 60.34727057], [25.10378928, 60.34730927], [25.1037237, 60.34753388], [25.10369684, 60.34780217], [25.10415219, 60.3478063], [25.10413589, 60.34797747], [25.10552358, 60.34796785], [25.10520392, 60.34875981], [25.10521989, 60.3488254], [25.10603246, 60.348898], [25.10584792, 60.34929862], [25.10502775, 60.34922818], [25.10456319, 60.35059502], [25.1055458, 60.35064173], [25.10537066, 60.35126376], [25.10470154, 60.35120361], [25.10429725, 60.35273869], [25.10522018, 60.35313242], [25.10745546, 60.35317147], [25.10945094, 60.35316437], [25.11092185, 60.35311478]]]}, "geometry_name": "geom", "properties": {"posnro": "01480", "postitoimi": "VANTAA", "postitoiru": "VANDA", "nimi": "Mikkola", "nimiru": "Mikkola", "kunta": "Vantaa", "kunta_nro": "092"}}, {"type": "Feature", "id": "pks_postinumeroalueet_2024.100", "geometry": {"type": "Polygon", "coordinates": [[[25.12408013, 60.35999153], [25.13153335, 60.36013812], [25.13162364, 60.35907501], [25.1517414, 60.35927833], [25.14778463, 60.35680159], [25.14786872, 60.35676748], [25.14825623, 60.35700587], [25.14895744, 60.35678744], [25.14793658, 60.35615018], [25.1472058, 60.356439], [25.13444559, 60.34849213], [25.13495695, 60.3471911], [25.14195518, 60.34719692], [25.14210458, 60.34594472], [25.15241761, 60.34612834], [25.15274524, 60.34531615], [25.15252482, 60.34348825], [25.15173124, 60.34211747], [25.15203173, 60.34026446], [25.14916223, 60.33819991], [25.14350594, 60.33632726], [25.14324635, 60.33534556], [25.1238883, 60.33478403], [25.12304803, 60.33563773], [25.12722019, 60.33737912], [25.12695507, 60.3400224], [25.12470968, 60.33995398], [25.12382458, 60.34190691], [25.12382186, 60.3419062], [25.12002725, 60.34175961], [25.12007161, 60.34096966], [25.12019535, 60.33827672], [25.11731221, 60.33664329], [25.11744537, 60.33560842], [25.11396462, 60.3355295], [25.11396462, 60.33552977], [25.11217996, 60.33809676], [25.11231259, 60.33812448], [25.1141135, 60.33850241], [25.1136862, 60.33933792], [25.11414862, 60.33938312], [25.11477088, 60.33930836], [25.11508157, 60.33930262], [25.11573066, 60.33929048], [25.11600319, 60.33924518], [25.11693858, 60.33908972], [25.11743986, 60.33906433], [25.11764678, 60.33905392], [25.11769692, 60.33940202], [25.1180642, 60.33942], [25.1180642, 60.33942009], [25.11794245, 60.33985164], [25.11788184, 60.34006737], [25.11852175, 60.34036648], [25.11980269, 60.34096452], [25.1200613, 60.3409729], [25.12006185, 60.34097317], [25.12001642, 60.34176662], [25.12382404, 60.34190727], [25.12380524, 60.34196509], [25.1236667, 60.34239217], [25.12366188, 60.34284174], [25.12366189, 60.34284408], [25.12378233, 60.34323071], [25.12408634, 60.34388822], [25.12413553, 60.34439384], [25.1241804, 60.34547827], [25.1242537, 60.34618204], [25.12435099, 60.34647633], [25.12465672, 60.34686198], [25.12530912, 60.34753146], [25.1256714, 60.34792145], [25.12590743, 60.3484014], [25.12601175, 60.34882295], [25.12613975, 60.34932616], [25.12621119, 60.349813], [25.12605992, 60.35046304], [25.12583043, 60.35098229], [25.12568534, 60.3514039], [25.12567546, 60.35194395], [25.12567546, 60.35194422], [25.12567547, 60.35194655], [25.12586442, 60.35275163], [25.12572932, 60.35337122], [25.12545589, 60.353917], [25.12542941, 60.35452204], [25.12542942, 60.35452419], [25.12560383, 60.35507905], [25.12555953, 60.35543164], [25.12530719, 60.35581297], [25.12499315, 60.35626346], [25.1248078, 60.35668394], [25.12470542, 60.35719966], [25.1246257, 60.3575293], [25.12441098, 60.35809162], [25.12420721, 60.35867807], [25.12414635, 60.35911019], [25.12409894, 60.3595064], [25.12409897, 60.35951376], [25.12408013, 60.35999153]]]}, "geometry_name": "geom", "properties": {"posnro": "01490", "postitoimi": "VANTAA", "postitoiru": "VANDA", "nimi": "Nikinmäki", "nimiru": "Nissbacka", "kunta": "Vantaa", "kunta_nro": "092"}}, {"type": "Feature", "id": "pks_postinumeroalueet_2024.101", "geometry": {"type": "Polygon", "coordinates": [[[24.99969955, 60.28600274], [24.9999295, 60.28595553], [24.99991865, 60.28587224], [24.99982375, 60.2854855], [24.9997885, 60.28524738], [24.99971529, 60.28486513], [24.99968926, 60.28478255], [24.99968926, 60.28478192], [24.99566746, 60.28140912], [24.99566692, 60.28140912], [24.9956436, 60.28139799], [24.99564252, 60.28139754], [24.99564197, 60.28139754], [24.99445501, 60.28130021], [24.99340524, 60.28121427], [24.99298124, 60.28104605], [24.98976236, 60.27977], [24.98976182, 60.27977], [24.98974718, 60.27976713], [24.98595921, 60.27983454], [24.98595162, 60.279834], [24.98595107, 60.27983383], [24.98539098, 60.27979041], [24.98417808, 60.27969621], [24.98358167, 60.27964983], [24.98356486, 60.27964022], [24.98356432, 60.27963995], [24.98288079, 60.2792489], [24.98287971, 60.27924837], [24.98230081, 60.27891737], [24.98210759, 60.27826655], [24.98210759, 60.27826628], [24.98206213, 60.27811297], [24.98203993, 60.27807303], [24.98201987, 60.27805732], [24.98125236, 60.27765261], [24.98081604, 60.27742242], [24.98076856, 60.27702526], [24.98062397, 60.27582362], [24.98053079, 60.27570208], [24.98043923, 60.27559706], [24.98040293, 60.27556618], [24.9801596, 60.27540566], [24.97972978, 60.27524171], [24.97972924, 60.27524144], [24.97946584, 60.27510408], [24.97943332, 60.27508406], [24.97927456, 60.27495021], [24.97927456, 60.27494994], [24.97912718, 60.2748257], [24.97900091, 60.27475433], [24.9789814, 60.27474445], [24.97856843, 60.27453544], [24.97777283, 60.27415835], [24.97777229, 60.27415799], [24.97777175, 60.27415754], [24.97751004, 60.27395726], [24.97720747, 60.27325148], [24.97715885, 60.2730165], [24.97716825, 60.27275397], [24.97716825, 60.27274948], [24.97719592, 60.27194476], [24.97710829, 60.27166176], [24.97707095, 60.27157711], [24.97702112, 60.27152236], [24.97653194, 60.27107754], [24.97652923, 60.27107503], [24.97624862, 60.27082017], [24.97624482, 60.2708164], [24.97623995, 60.27081075], [24.9760374, 60.27055662], [24.97586792, 60.27031022], [24.97586792, 60.27030977], [24.97580078, 60.27020815], [24.97579482, 60.27019954], [24.97579049, 60.27019532], [24.97572115, 60.27013373], [24.97571952, 60.27013248], [24.97556676, 60.26999764], [24.97553863, 60.26992305], [24.97552583, 60.26963952], [24.97552583, 60.26963916], [24.97552638, 60.26963826], [24.97559911, 60.26950113], [24.97576132, 60.26932507], [24.97576132, 60.26932489], [24.97608618, 60.26908279], [24.97626838, 60.26897512], [24.97640503, 60.26890011], [24.97682523, 60.26872957], [24.97682632, 60.26872894], [24.97690385, 60.26869736], [24.97729908, 60.2685742], [24.97781479, 60.26823852], [24.9778175, 60.26823654], [24.97785818, 60.2682002], [24.97786468, 60.26819437], [24.97795906, 60.26810687], [24.97800787, 60.2680568], [24.97804313, 60.26801067], [24.97804368, 60.2680096], [24.97808004, 60.26794004], [24.97808058, 60.26793923], [24.97808058, 60.26793897], [24.97807963, 60.26774842], [24.97786996, 60.26759948], [24.97765486, 60.26748833], [24.97757467, 60.26744712], [24.97737854, 60.26732278], [24.97732706, 60.26730186], [24.97732652, 60.26730159], [24.97659498, 60.26704962], [24.9765939, 60.26704935], [24.97658252, 60.2670445], [24.97636578, 60.26695273], [24.97636145, 60.26695058], [24.97605101, 60.26677353], [24.97580889, 60.26656391], [24.97561664, 60.2663403], [24.9756161, 60.26633976], [24.97561556, 60.26633923], [24.97551275, 60.26611815], [24.9755122, 60.26611725], [24.97551221, 60.26611581], [24.97553845, 60.26581012], [24.97571863, 60.2654909], [24.97574847, 60.26544046], [24.97578429, 60.26537908], [24.97580288, 60.26515685], [24.9757379, 60.26507615], [24.9757314, 60.26506798], [24.97562633, 60.26497543], [24.9755039, 60.26490163], [24.97542371, 60.26487092], [24.97529854, 60.26483832], [24.975298, 60.26483832], [24.974923, 60.26477201], [24.97475718, 60.26474954], [24.97431931, 60.26468995], [24.97356826, 60.26454422], [24.97323286, 60.26444848], [24.97320089, 60.26443815], [24.97318951, 60.26443904], [24.97162313, 60.26456105], [24.97103502, 60.26464969], [24.97068916, 60.26473551], [24.97020719, 60.26490943], [24.97020448, 60.26491069], [24.96996536, 60.26503126], [24.9693602, 60.26537093], [24.96924253, 60.26543687], [24.96923385, 60.26544118], [24.9692165, 60.26544979], [24.96892533, 60.2655892], [24.96885321, 60.26562392], [24.97141301, 60.26809773], [24.97020288, 60.26905432], [24.96983653, 60.27016098], [24.96963873, 60.27127486], [24.96954598, 60.27250383], [24.97052179, 60.27427784], [24.97000178, 60.274397], [24.96966237, 60.27443561], [24.96974393, 60.27476125], [24.9687681, 60.27588401], [24.97048663, 60.27599238], [24.97049856, 60.27658583], [24.9705461, 60.27859352], [24.97100247, 60.27938632], [24.9718757, 60.28033053], [24.97044981, 60.28074604], [24.97029916, 60.28125051], [24.97315531, 60.28171137], [24.97377728, 60.28238267], [24.97235621, 60.28279452], [24.97066781, 60.28375784], [24.96914848, 60.28417296], [24.96798834, 60.28434375], [24.96680676, 60.28426673], [24.96596075, 60.28429577], [24.96596075, 60.28429577], [24.96588493, 60.28419945], [24.96553486, 60.28344148], [24.96541776, 60.28341632], [24.9645143, 60.28343386], [24.96439756, 60.28456983], [24.96433181, 60.28469133], [24.96238212, 60.28527455], [24.96077047, 60.28610169], [24.95963817, 60.28647832], [24.9584352, 60.28654077], [24.95764779, 60.2864952], [24.95587574, 60.28628514], [24.95461004, 60.28622188], [24.95193757, 60.28614771], [24.95009529, 60.28614703], [24.94477238, 60.28549879], [24.94276177, 60.28502674], [24.9426351, 60.28520466], [24.94305649, 60.28550507], [24.94212682, 60.28620312], [24.94049571, 60.28578676], [24.93932731, 60.2865056], [24.93908673, 60.28726668], [24.9378194, 60.2880552], [24.9369876, 60.28880909], [24.93672008, 60.2891581], [24.9379431, 60.28946581], [24.93863346, 60.29008965], [24.93864388, 60.29089779], [24.93942854, 60.29246945], [24.93641493, 60.29408116], [24.93620465, 60.29481695], [24.93567896, 60.29538923], [24.93589949, 60.29580139], [24.93589191, 60.29634412], [24.94166243, 60.29664359], [24.94133873, 60.29866782], [24.940852, 60.30171138], [24.94084531, 60.30270934], [24.94288523, 60.30285689], [24.94470812, 60.30268219], [24.94798031, 60.30248193], [24.95144232, 60.30231567], [24.95498899, 60.30210735], [24.9584933, 60.30189209], [24.96092814, 60.30167635], [24.96332084, 60.30126506], [24.96531915, 60.30074872], [24.96781102, 60.29978567], [24.96914895, 60.29864074], [24.97133102, 60.29739116], [24.97272454, 60.29696548], [24.97660102, 60.29655076], [24.97625027, 60.29546478], [24.98149192, 60.29412821], [24.9833604, 60.29360789], [24.98454813, 60.29525427], [24.98553817, 60.29642683], [24.98618936, 60.29724364], [24.9886971, 60.29963749], [24.99008348, 60.30084424], [24.99165817, 60.3023836], [24.99412818, 60.30468939], [24.99568369, 60.30633165], [24.99634186, 60.30704736], [24.99651113, 60.30745816], [25.00549772, 60.30654728], [25.00690861, 60.30640442], [25.00676203, 60.30611884], [25.00479154, 60.30535773], [25.00306044, 60.30465251], [25.00255355, 60.30382141], [25.00290506, 60.30261333], [25.00248287, 60.30185224], [24.99650271, 60.29988977], [24.99361817, 60.29877943], [24.9952928, 60.29621661], [24.99700028, 60.29341332], [24.99730957, 60.29224708], [24.99734276, 60.29105104], [24.99739062, 60.28937338], [24.99715817, 60.28671858], [24.99969955, 60.28600274]]]}, "geometry_name": "geom", "properties": {"posnro": "01510", "postitoimi": "VANTAA", "postitoiru": "VANDA", "nimi": "Kirkonkylä-Veromäki", "nimiru": "Kyrkoby-Skattbacka", "kunta": "Vantaa", "kunta_nro": "092"}}, {"type": "Feature", "id": "pks_postinumeroalueet_2024.102", "geometry": {"type": "Polygon", "coordinates": [[[24.94854828, 60.28150254], [24.94775939, 60.28213059], [24.94684492, 60.28226988], [24.94521266, 60.28295367], [24.94404386, 60.28370738], [24.9442544, 60.28394836], [24.94348083, 60.2841016], [24.94267852, 60.28456223], [24.94315591, 60.28477892], [24.94276177, 60.28502674], [24.94477238, 60.28549879], [24.95009529, 60.28614703], [24.95193757, 60.28614771], [24.95461004, 60.28622188], [24.95587574, 60.28628514], [24.95764779, 60.2864952], [24.9584352, 60.28654077], [24.95963817, 60.28647832], [24.96077047, 60.28610169], [24.96238212, 60.28527455], [24.96433181, 60.28469133], [24.96439756, 60.28456983], [24.9645143, 60.28343386], [24.96541776, 60.28341632], [24.96553486, 60.28344148], [24.96588493, 60.28419945], [24.96596075, 60.28429577], [24.96680676, 60.28426673], [24.96798834, 60.28434375], [24.96914848, 60.28417296], [24.97066781, 60.28375784], [24.97235621, 60.28279452], [24.97377728, 60.28238267], [24.97315531, 60.28171137], [24.97029916, 60.28125051], [24.97044981, 60.28074604], [24.9718757, 60.28033053], [24.97100247, 60.27938632], [24.9705461, 60.27859352], [24.97049856, 60.27658583], [24.97048663, 60.27599238], [24.9687681, 60.27588401], [24.96974393, 60.27476125], [24.96966237, 60.27443561], [24.97000178, 60.274397], [24.97052179, 60.27427784], [24.96954598, 60.27250383], [24.96963873, 60.27127486], [24.96983653, 60.27016098], [24.97020288, 60.26905432], [24.97141301, 60.26809773], [24.96885321, 60.26562392], [24.96877731, 60.26564391], [24.96877677, 60.26564409], [24.96863364, 60.26568947], [24.9684027, 60.26574973], [24.96831866, 60.26577161], [24.96743554, 60.26600189], [24.96730759, 60.26603515], [24.96722574, 60.26605075], [24.96710702, 60.26607361], [24.96654869, 60.26615227], [24.96633835, 60.26619072], [24.96633618, 60.26619126], [24.96588621, 60.26630908], [24.96515262, 60.26655508], [24.96515046, 60.26655589], [24.96478991, 60.26666691], [24.96452044, 60.26675004], [24.96400809, 60.26689763], [24.96367627, 60.26699322], [24.96367248, 60.26699448], [24.96328805, 60.26712335], [24.963281, 60.26712568], [24.96327666, 60.2671272], [24.96276694, 60.26733035], [24.9627664, 60.26733044], [24.96276532, 60.26733089], [24.96227723, 60.26756743], [24.96227669, 60.2675677], [24.96178698, 60.26779652], [24.96178427, 60.26779769], [24.9615641, 60.26789491], [24.96154892, 60.26790012], [24.96143884, 60.26793796], [24.96124528, 60.26798583], [24.96123227, 60.26798906], [24.96122468, 60.26799085], [24.96117697, 60.26800125], [24.96066242, 60.26813797], [24.9606608, 60.26813842], [24.96065809, 60.26813985], [24.96029687, 60.26832527], [24.96029579, 60.26832589], [24.9602947, 60.26832661], [24.96016935, 60.26844227], [24.96016881, 60.26844307], [24.96016827, 60.26844397], [24.96001507, 60.26872719], [24.96000827, 60.26896934], [24.96001634, 60.26901888], [24.9600228, 60.26905748], [24.96002752, 60.2691869], [24.96002368, 60.26921733], [24.96001438, 60.26929272], [24.96001057, 60.26930609], [24.95999751, 60.26934944], [24.95996, 60.26943676], [24.95994045, 60.26946637], [24.95990298, 60.26952209], [24.95986064, 60.26956992], [24.95982427, 60.26961039], [24.95982264, 60.26961236], [24.9597, 60.26972523], [24.95954103, 60.26984931], [24.95952095, 60.26986394], [24.95939617, 60.26995437], [24.95849453, 60.2705295], [24.95836272, 60.27060054], [24.95832421, 60.27062144], [24.95746438, 60.27112495], [24.95725492, 60.27129048], [24.95724895, 60.27129532], [24.95680772, 60.2716944], [24.95680609, 60.2716962], [24.95661122, 60.27189404], [24.95615735, 60.27240683], [24.95585204, 60.27288969], [24.95585149, 60.27289041], [24.95585095, 60.27289157], [24.95580336, 60.27320614], [24.95580278, 60.27323352], [24.95581567, 60.27332265], [24.95602482, 60.27380989], [24.95602482, 60.27381007], [24.95607024, 60.27389499], [24.95618324, 60.27412525], [24.95621995, 60.27423611], [24.95623181, 60.27429167], [24.95623235, 60.27429212], [24.95677227, 60.27554982], [24.95676518, 60.27558222], [24.95677053, 60.27563715], [24.95675901, 60.27573911], [24.95674212, 60.27580211], [24.95673395, 60.27583307], [24.95672362, 60.27585595], [24.95668012, 60.27594937], [24.95661059, 60.27605427], [24.95654108, 60.27613538], [24.95652371, 60.27615575], [24.95645043, 60.2762234], [24.95636794, 60.27628261], [24.95626214, 60.27634343], [24.95621223, 60.27636809], [24.95609993, 60.27642263], [24.95592037, 60.27649913], [24.95573648, 60.27656692], [24.95566001, 60.27658924], [24.95558678, 60.27661058], [24.95544469, 60.27664679], [24.95530803, 60.27667268], [24.95509763, 60.27669595], [24.95493226, 60.27670621], [24.95472947, 60.2767188], [24.95472622, 60.27671907], [24.95412161, 60.27678295], [24.95367579, 60.27689175], [24.95367471, 60.27689211], [24.95367308, 60.27689274], [24.95318093, 60.27717672], [24.95306575, 60.27733743], [24.95298834, 60.27763682], [24.9529855, 60.27772451], [24.95298435, 60.27776759], [24.95297447, 60.27784989], [24.95295542, 60.277904], [24.95294617, 60.27793056], [24.95293095, 60.27795327], [24.9528902, 60.27801375], [24.95326382, 60.27835476], [24.95203895, 60.27950657], [24.95133544, 60.27968088], [24.95081382, 60.28040697], [24.94992743, 60.28065113], [24.9499974, 60.2809932], [24.94854828, 60.28150254]]]}, "geometry_name": "geom", "properties": {"posnro": "01520", "postitoimi": "VANTAA", "postitoiru": "VANDA", "nimi": "Tammisto", "nimiru": "Rosendal", "kunta": "Vantaa", "kunta_nro": "092"}}, {"type": "Feature", "id": "pks_postinumeroalueet_2024.103", "geometry": {"type": "Polygon", "coordinates": [[[24.99732736, 60.31356619], [24.99739475, 60.31246592], [24.99745139, 60.30999135], [24.99725013, 60.30894358], [24.99651113, 60.30745816], [24.99634186, 60.30704736], [24.99568369, 60.30633165], [24.99412818, 60.30468939], [24.99165817, 60.3023836], [24.99008348, 60.30084424], [24.9886971, 60.29963749], [24.98618936, 60.29724364], [24.98553817, 60.29642683], [24.98454813, 60.29525427], [24.9833604, 60.29360789], [24.98149192, 60.29412821], [24.97625027, 60.29546478], [24.97660102, 60.29655076], [24.97272454, 60.29696548], [24.97133102, 60.29739116], [24.96914895, 60.29864074], [24.96781102, 60.29978567], [24.96531915, 60.30074872], [24.96332084, 60.30126506], [24.96092814, 60.30167635], [24.9584933, 60.30189209], [24.95498899, 60.30210735], [24.95144232, 60.30231567], [24.94798031, 60.30248193], [24.94470812, 60.30268219], [24.94288523, 60.30285689], [24.94084531, 60.30270934], [24.940852, 60.30171138], [24.94133873, 60.29866782], [24.94166243, 60.29664359], [24.93589191, 60.29634412], [24.93092857, 60.2971442], [24.92560878, 60.29761361], [24.9176302, 60.29732385], [24.91597218, 60.29884555], [24.91401518, 60.3001117], [24.9129154, 60.30073001], [24.91233836, 60.30083975], [24.90840393, 60.30132212], [24.9095479, 60.30340382], [24.90221158, 60.30765326], [24.89424458, 60.3093004], [24.89461631, 60.31234232], [24.89926319, 60.31505941], [24.89856103, 60.31936385], [24.90274267, 60.32086647], [24.90768808, 60.32255339], [24.91037508, 60.32313081], [24.91125667, 60.32418133], [24.91112824, 60.32448855], [24.91230036, 60.32575313], [24.91187134, 60.32597849], [24.91221665, 60.32720159], [24.91283105, 60.32791965], [24.91299023, 60.32850449], [24.91258743, 60.32886306], [24.90776159, 60.33036952], [24.91177384, 60.33313545], [24.91314438, 60.3336386], [24.91537766, 60.33364103], [24.91970081, 60.33232435], [24.92413058, 60.33429082], [24.92462339, 60.33444467], [24.9296168, 60.33170673], [24.92662139, 60.33039832], [24.92873644, 60.3292291], [24.93140959, 60.32907667], [24.93517347, 60.33095393], [24.93624528, 60.3318911], [24.93954602, 60.333424], [24.93653288, 60.33508866], [24.93655354, 60.33564002], [24.94015176, 60.33718318], [24.93887127, 60.33789505], [24.93937437, 60.33812567], [24.94024381, 60.33764177], [24.94132707, 60.33816101], [24.93942396, 60.33920918], [24.94079071, 60.33978206], [24.94202952, 60.33901496], [24.94309953, 60.33844675], [24.94906222, 60.33526602], [24.95460181, 60.33244971], [24.9729721, 60.33288203], [24.98804147, 60.33294509], [24.99541188, 60.33298459], [24.99342272, 60.3291852], [24.99185203, 60.32790624], [24.99123919, 60.32299325], [24.99090147, 60.32305641], [24.99041775, 60.32293458], [24.99005506, 60.32116545], [24.98947481, 60.31576321], [24.99121549, 60.31423171], [24.99732736, 60.31356619]]]}, "geometry_name": "geom", "properties": {"posnro": "01530", "postitoimi": "VANTAA", "postitoiru": "VANDA", "nimi": "Veromiehenkylä", "nimiru": "Skattmansby", "kunta": "Vantaa", "kunta_nro": "092"}}, {"type": "Feature", "id": "pks_postinumeroalueet_2024.104", "geometry": {"type": "Polygon", "coordinates": [[[24.8386419, 60.25909648], [24.83771309, 60.25910119], [24.83708153, 60.2590488], [24.83684807, 60.2590294], [24.83684428, 60.25902904], [24.83607331, 60.25889732], [24.83598506, 60.25888231], [24.83546486, 60.25877342], [24.83473418, 60.25849877], [24.83517431, 60.26008894], [24.83574162, 60.26204716], [24.83577359, 60.2621558], [24.83594226, 60.26212953], [24.83643652, 60.26386184], [24.83625708, 60.26387347], [24.83632063, 60.26417009], [24.83606134, 60.26540855], [24.83587812, 60.26628144], [24.83551993, 60.26810424], [24.83526514, 60.26951216], [24.83048204, 60.27004573], [24.83027169, 60.2701564], [24.83026304, 60.27025566], [24.83026304, 60.27025575], [24.83057338, 60.27208899], [24.83493628, 60.27227938], [24.83961204, 60.27290629], [24.84209926, 60.27323696], [24.84811351, 60.27404169], [24.84965172, 60.27246226], [24.85338123, 60.27273327], [24.85375385, 60.27354047], [24.85440518, 60.27409469], [24.85572, 60.27504221], [24.85667631, 60.27529698], [24.85912581, 60.27502298], [24.86084235, 60.27486898], [24.86172375, 60.27476929], [24.86845976, 60.27396763], [24.86394112, 60.2728023], [24.86219, 60.27218847], [24.86159821, 60.27176099], [24.86083384, 60.27023583], [24.86115785, 60.26886222], [24.86148868, 60.26830448], [24.86209627, 60.26727879], [24.8652585, 60.26566639], [24.86501242, 60.26474877], [24.86315126, 60.26462633], [24.86312694, 60.26370121], [24.86286352, 60.26254331], [24.86257918, 60.26120739], [24.863164, 60.2610547], [24.86289484, 60.25932963], [24.8629048, 60.25915067], [24.86327709, 60.25706681], [24.86289856, 60.25701382], [24.86309791, 60.2561182], [24.86351935, 60.2561426], [24.86363915, 60.25599858], [24.86374776, 60.25554768], [24.86387691, 60.25536992], [24.86355119, 60.25526134], [24.8633536, 60.25535062], [24.86389235, 60.25373849], [24.86386423, 60.25372652], [24.86334125, 60.25350447], [24.86301729, 60.25336628], [24.86298214, 60.25335179], [24.86264413, 60.25320811], [24.86249648, 60.25314521], [24.86249594, 60.25314521], [24.86249324, 60.25314387], [24.86219785, 60.25317318], [24.86205421, 60.25318739], [24.86193606, 60.2531992], [24.86026667, 60.25336494], [24.85904984, 60.25348572], [24.85889916, 60.25350063], [24.85882815, 60.25350774], [24.85781458, 60.25360826], [24.85764913, 60.25365565], [24.85748259, 60.2537034], [24.85733884, 60.25374453], [24.85692548, 60.25386283], [24.85687069, 60.25387866], [24.8568414, 60.25388715], [24.85661519, 60.2539518], [24.85522861, 60.25434889], [24.84638, 60.25688211], [24.84503224, 60.25726792], [24.84254011, 60.25798104], [24.8386419, 60.25909648]]]}, "geometry_name": "geom", "properties": {"posnro": "01600", "postitoimi": "VANTAA", "postitoiru": "VANDA", "nimi": "Myyrmäki", "nimiru": "Myrbacka", "kunta": "Vantaa", "kunta_nro": "092"}}, {"type": "Feature", "id": "pks_postinumeroalueet_2024.105", "geometry": {"type": "MultiPolygon", "coordinates": [[[[24.87887147, 60.26100165], [24.87883035, 60.26098384], [24.87808694, 60.2606675], [24.87789595, 60.26058538], [24.8776395, 60.2604752], [24.87763517, 60.26047412], [24.87763083, 60.26047303], [24.8775724, 60.26044821], [24.87752209, 60.26042671], [24.87743986, 60.26038786], [24.87741336, 60.26037545], [24.87739171, 60.26036852], [24.87738521, 60.26036645], [24.8772532, 60.2603096], [24.87722407, 60.2602735], [24.87720573, 60.2602505], [24.87713238, 60.26015862], [24.87713184, 60.26015844], [24.87702451, 60.26002443], [24.87699484, 60.25998706], [24.87691501, 60.2598879], [24.87683573, 60.25978811], [24.87674026, 60.25966892], [24.87672031, 60.25964431], [24.87608335, 60.25884895], [24.87606016, 60.25881967], [24.87605153, 60.25880844], [24.87583312, 60.25853198], [24.87563143, 60.25827698], [24.87562226, 60.25826566], [24.87559314, 60.25822812], [24.8755446, 60.25816749], [24.87551063, 60.25812437], [24.87535591, 60.2579151], [24.87521355, 60.25773241], [24.87506958, 60.25754712], [24.87500111, 60.25745703], [24.87487872, 60.25729661], [24.87475687, 60.25713997], [24.87471319, 60.25708392], [24.87468892, 60.25705311], [24.87462152, 60.25696698], [24.87440639, 60.25668917], [24.87415083, 60.25635926], [24.87414598, 60.25635252], [24.87413789, 60.25634193], [24.87411686, 60.25631462], [24.87405864, 60.25623863], [24.87363054, 60.25569028], [24.87356314, 60.25560406], [24.87325906, 60.25521567], [24.87304555, 60.25494441], [24.87289135, 60.25474878], [24.87241692, 60.25414375], [24.87146913, 60.25391567], [24.87127156, 60.25386827], [24.87070051, 60.25373129], [24.87060146, 60.25370723], [24.87029618, 60.25363306], [24.87025234, 60.25362234], [24.87021607, 60.2536136], [24.86976086, 60.25350446], [24.86913083, 60.25335422], [24.86907832, 60.2533417], [24.86890619, 60.2533006], [24.86879577, 60.25327419], [24.86876492, 60.2532668], [24.8684228, 60.25292603], [24.8678751, 60.2523796], [24.86781757, 60.2524045], [24.86769872, 60.25245563], [24.8676308, 60.25250502], [24.86762317, 60.2525165], [24.86760681, 60.25254134], [24.86760821, 60.25259816], [24.86760868, 60.25261665], [24.86759004, 60.25267084], [24.86753721, 60.25273972], [24.86747403, 60.25282151], [24.86745499, 60.25284115], [24.86745118, 60.25284491], [24.86741038, 60.25288616], [24.86728417, 60.25301465], [24.86713736, 60.25314671], [24.86708253, 60.25317277], [24.86706245, 60.25318218], [24.86682872, 60.25323687], [24.86677178, 60.25324902], [24.86662375, 60.25328109], [24.86662104, 60.25328127], [24.86648773, 60.25328715], [24.86608683, 60.25328432], [24.86592107, 60.25327769], [24.86575362, 60.25328749], [24.86562027, 60.25330351], [24.8655308, 60.25332415], [24.86551234, 60.25333266], [24.86542658, 60.25337107], [24.86520502, 60.25349606], [24.86507966, 60.25354556], [24.86497226, 60.2535766], [24.86486757, 60.25360674], [24.86463045, 60.25369481], [24.86452187, 60.25374784], [24.86451481, 60.25375151], [24.86451373, 60.25375259], [24.86443487, 60.25382521], [24.86433379, 60.25389843], [24.86430934, 60.25391636], [24.86389235, 60.25373849], [24.8633536, 60.25535062], [24.86355119, 60.25526134], [24.86387691, 60.25536992], [24.86374776, 60.25554768], [24.86363915, 60.25599858], [24.86351935, 60.2561426], [24.86309791, 60.2561182], [24.86289856, 60.25701382], [24.86327709, 60.25706681], [24.8629048, 60.25915067], [24.86289484, 60.25932963], [24.863164, 60.2610547], [24.86257918, 60.26120739], [24.86286352, 60.26254331], [24.86312694, 60.26370121], [24.86315126, 60.26462633], [24.86501242, 60.26474877], [24.8652585, 60.26566639], [24.86209627, 60.26727879], [24.86148868, 60.26830448], [24.86115785, 60.26886222], [24.86083384, 60.27023583], [24.86159821, 60.27176099], [24.86219, 60.27218847], [24.86394112, 60.2728023], [24.86845976, 60.27396763], [24.87130564, 60.27362209], [24.87179703, 60.27356324], [24.87293784, 60.2735138], [24.87442949, 60.27372138], [24.87491551, 60.27378898], [24.87571038, 60.27361246], [24.87961314, 60.27300888], [24.88108642, 60.27305607], [24.8803263, 60.27218774], [24.88124478, 60.27169142], [24.88243966, 60.27180791], [24.88363197, 60.27158314], [24.88455051, 60.27028144], [24.88545596, 60.26867143], [24.88692606, 60.26769815], [24.88811682, 60.2678757], [24.89068312, 60.26841627], [24.89282377, 60.26853182], [24.89279863, 60.26842885], [24.89279274, 60.26840533], [24.89277242, 60.26832274], [24.89269058, 60.26798835], [24.89257923, 60.26756265], [24.89252678, 60.26736075], [24.89247814, 60.26715311], [24.89140639, 60.26639382], [24.8910638, 60.26624509], [24.89034453, 60.26593297], [24.88891359, 60.26531814], [24.88891251, 60.2653176], [24.88870738, 60.26523377], [24.88861971, 60.26519547], [24.88820626, 60.26501516], [24.88800548, 60.26492775], [24.87923181, 60.26115627], [24.87920692, 60.26114556], [24.87894234, 60.26103295], [24.87889852, 60.26101316], [24.87887147, 60.26100165]]], [[[24.89283461, 60.26853165], [24.89282593, 60.26853182], [24.89282431, 60.26853182], [24.89283461, 60.26853246], [24.89283461, 60.26853165]]]]}, "geometry_name": "geom", "properties": {"posnro": "01610", "postitoimi": "VANTAA", "postitoiru": "VANDA", "nimi": "Kaivoksela", "nimiru": "Gruvsta", "kunta": "Vantaa", "kunta_nro": "092"}}, {"type": "Feature", "id": "pks_postinumeroalueet_2024.106", "geometry": {"type": "Polygon", "coordinates": [[[24.87094993, 60.27488295], [24.87143785, 60.27433198], [24.87130564, 60.27362209], [24.86845976, 60.27396763], [24.86172375, 60.27476929], [24.86084235, 60.27486898], [24.85912581, 60.27502298], [24.85667631, 60.27529698], [24.85572, 60.27504221], [24.85440518, 60.27409469], [24.85375385, 60.27354047], [24.85338123, 60.27273327], [24.84965172, 60.27246226], [24.84811351, 60.27404169], [24.84209926, 60.27323696], [24.83961204, 60.27290629], [24.83493628, 60.27227938], [24.83499139, 60.27619214], [24.83498049, 60.27846253], [24.83504847, 60.2812227], [24.83500253, 60.28140717], [24.83522628, 60.28144739], [24.83509063, 60.28189563], [24.83488825, 60.28181119], [24.83444211, 60.28328779], [24.83370752, 60.28388902], [24.83267653, 60.28412001], [24.82999586, 60.28435221], [24.82884519, 60.2845446], [24.83400061, 60.28715541], [24.83781492, 60.28912437], [24.8397892, 60.29000302], [24.84191424, 60.29068751], [24.84323374, 60.29105957], [24.84511885, 60.29146639], [24.84537182, 60.29050417], [24.8461022, 60.28882296], [24.84667821, 60.28766079], [24.84716056, 60.28773287], [24.84786458, 60.28690616], [24.8486699, 60.28656566], [24.84946662, 60.28573096], [24.8502457, 60.28530687], [24.85113516, 60.28529413], [24.85365007, 60.28621761], [24.85471627, 60.28646453], [24.85559755, 60.286588], [24.85683739, 60.28669857], [24.85825801, 60.28689001], [24.85934506, 60.28709464], [24.86219674, 60.2878572], [24.86415862, 60.28506575], [24.86586662, 60.28248251], [24.86673875, 60.28110918], [24.86764772, 60.27972341], [24.86804041, 60.2791553], [24.86922067, 60.2772879], [24.87014618, 60.27591559], [24.87094993, 60.27488295]]]}, "geometry_name": "geom", "properties": {"posnro": "01620", "postitoimi": "VANTAA", "postitoiru": "VANDA", "nimi": "Martinlaakso", "nimiru": "Mårtensdal", "kunta": "Vantaa", "kunta_nro": "092"}}, {"type": "Feature", "id": "pks_postinumeroalueet_2024.107", "geometry": {"type": "Polygon", "coordinates": [[[24.80684766, 60.26766148], [24.80764503, 60.26663703], [24.8070029, 60.26652014], [24.804139, 60.26560513], [24.79906854, 60.26475163], [24.79951873, 60.26407368], [24.79845728, 60.26323845], [24.79789985, 60.26276155], [24.79683522, 60.26227974], [24.79395446, 60.2609614], [24.79356105, 60.26052809], [24.7944208, 60.25909813], [24.79139606, 60.25773194], [24.78979911, 60.25850839], [24.78543239, 60.25723409], [24.78483129, 60.25792485], [24.7798606, 60.26102397], [24.77227628, 60.25911226], [24.77227412, 60.25911163], [24.77095666, 60.26037399], [24.7705404, 60.26077232], [24.77041191, 60.26078116], [24.76990947, 60.26125832], [24.7699479, 60.26157369], [24.76999867, 60.26175131], [24.7698462, 60.26193378], [24.76981395, 60.26197205], [24.76951296, 60.26207959], [24.76941386, 60.26206919], [24.76922162, 60.26204884], [24.76921834, 60.26205251], [24.76921725, 60.2620535], [24.76921561, 60.26205556], [24.76910963, 60.26217645], [24.76910908, 60.26217753], [24.76910799, 60.26217861], [24.7688911, 60.26242568], [24.76888891, 60.26242837], [24.76887908, 60.26243939], [24.76779294, 60.26367852], [24.76780354, 60.26371201], [24.76780354, 60.26371219], [24.7678375, 60.26381448], [24.76793511, 60.26411299], [24.76793346, 60.26411631], [24.7679329, 60.26411846], [24.76793484, 60.2641506], [24.76793966, 60.26415859], [24.76794769, 60.26417333], [24.76795738, 60.2641816], [24.76800141, 60.26431622], [24.76798543, 60.26435371], [24.76797662, 60.2643738], [24.76773143, 60.26494043], [24.76743002, 60.26563783], [24.76714514, 60.26629495], [24.76715757, 60.26630045], [24.76715702, 60.26630206], [24.76857197, 60.26694529], [24.76858599, 60.26695536], [24.7686286, 60.26698488], [24.76864853, 60.26700205], [24.76924924, 60.26759556], [24.76958887, 60.26793515], [24.76998287, 60.26832868], [24.76985995, 60.26838878], [24.76925558, 60.26869604], [24.76797381, 60.26921132], [24.7677917, 60.26928523], [24.76727093, 60.26949533], [24.76947373, 60.27043315], [24.77149714, 60.27146297], [24.77374995, 60.27233923], [24.77583131, 60.27301735], [24.77744442, 60.27344648], [24.77933759, 60.27383423], [24.78039098, 60.27398963], [24.78243922, 60.27413876], [24.7846562, 60.27418725], [24.78665068, 60.27410565], [24.78890766, 60.27383766], [24.79210465, 60.273481], [24.79326518, 60.27333211], [24.79423397, 60.27324063], [24.79563461, 60.27318185], [24.79754165, 60.27320075], [24.79876104, 60.2732596], [24.8006792, 60.27340995], [24.80288297, 60.27375888], [24.80444591, 60.27412074], [24.80475611, 60.27337616], [24.80524603, 60.27175997], [24.80538816, 60.27119348], [24.8054553, 60.2708413], [24.80575679, 60.26954714], [24.80598454, 60.26898229], [24.80630821, 60.26832801], [24.80684766, 60.26766148]]]}, "geometry_name": "geom", "properties": {"posnro": "01630", "postitoimi": "VANTAA", "postitoiru": "VANDA", "nimi": "Hämeenkylä", "nimiru": "Tavastby", "kunta": "Vantaa", "kunta_nro": "092"}}, {"type": "Feature", "id": "pks_postinumeroalueet_2024.108", "geometry": {"type": "Polygon", "coordinates": [[[24.79256383, 60.25420897], [24.79485662, 60.25483057], [24.79530676, 60.25449936], [24.79626944, 60.25425536], [24.80054943, 60.25518354], [24.80339941, 60.25562776], [24.80588657, 60.25568743], [24.80755952, 60.25553612], [24.80964133, 60.25523189], [24.80991183, 60.25576829], [24.80966653, 60.25686427], [24.80937625, 60.25730392], [24.8077247, 60.2597072], [24.80787699, 60.25988755], [24.80824429, 60.26036898], [24.80920218, 60.26105249], [24.81015766, 60.26178589], [24.81145498, 60.26292482], [24.81276713, 60.26138615], [24.81354565, 60.26056681], [24.81451207, 60.25928379], [24.81509853, 60.25849146], [24.81577455, 60.25776171], [24.81653416, 60.25719364], [24.81759269, 60.25665128], [24.81971388, 60.25588104], [24.82074945, 60.25555763], [24.82166941, 60.25526824], [24.82288195, 60.25487459], [24.823829, 60.2545785], [24.82458122, 60.25433994], [24.82540403, 60.25406881], [24.82617154, 60.25380351], [24.82675834, 60.2535895], [24.82733037, 60.25340239], [24.82779239, 60.25322016], [24.82799544, 60.2531392], [24.82799815, 60.25313795], [24.82042546, 60.2511021], [24.81641337, 60.25002316], [24.80962906, 60.24819807], [24.80271355, 60.24633752], [24.80303202, 60.24616163], [24.80285616, 60.24595036], [24.80276418, 60.24584431], [24.8025161, 60.24557468], [24.8024752, 60.24552992], [24.80173462, 60.2453731], [24.8009113, 60.24546449], [24.80045037, 60.24572875], [24.79949537, 60.24547152], [24.79766708, 60.24497949], [24.79412636, 60.24402616], [24.78825987, 60.24244687], [24.78825609, 60.24244579], [24.78825339, 60.24244516], [24.78701527, 60.2421119], [24.78699202, 60.24210567], [24.78696931, 60.24209935], [24.78475428, 60.24150546], [24.7838967, 60.24277705], [24.78365163, 60.24314482], [24.7836478, 60.24315083], [24.78362866, 60.24317925], [24.78336827, 60.24356916], [24.78334967, 60.24359722], [24.7831003, 60.24395987], [24.78308881, 60.24397708], [24.78308444, 60.24398291], [24.78284271, 60.24433498], [24.78280224, 60.24439397], [24.78279513, 60.24440383], [24.78241588, 60.24499092], [24.78231801, 60.24512844], [24.78222781, 60.24525404], [24.78203044, 60.24552961], [24.78199819, 60.24557444], [24.78198999, 60.245586], [24.78196043, 60.24563155], [24.78172402, 60.24599493], [24.78144875, 60.24641794], [24.78115877, 60.24685205], [24.78101213, 60.24707206], [24.78098206, 60.24711312], [24.78087107, 60.24726704], [24.78083441, 60.24732155], [24.78079173, 60.24738637], [24.78071075, 60.24750839], [24.78058489, 60.24769838], [24.78057504, 60.2477129], [24.7805734, 60.24771532], [24.7805641, 60.24772904], [24.78055589, 60.24774087], [24.78041693, 60.24794582], [24.7804038, 60.24796563], [24.78029821, 60.248121], [24.78025888, 60.24817057], [24.78015163, 60.24833096], [24.78006517, 60.2484606], [24.78004165, 60.24849476], [24.78000882, 60.24854371], [24.77971444, 60.24898104], [24.77970076, 60.24900148], [24.77966575, 60.24905303], [24.77965699, 60.24906612], [24.7796559, 60.249068], [24.77963949, 60.24909176], [24.77942609, 60.2494086], [24.77940366, 60.24944141], [24.77928821, 60.24961184], [24.77928601, 60.24961659], [24.77915796, 60.24980675], [24.77914922, 60.24981777], [24.77903101, 60.24999591], [24.77890841, 60.25018141], [24.77886031, 60.25024559], [24.77885812, 60.25024873], [24.77875029, 60.25041154], [24.77871419, 60.25046354], [24.77858011, 60.25066419], [24.77854836, 60.25071224], [24.77845421, 60.25085542], [24.7783809, 60.25096246], [24.77832071, 60.25105068], [24.77829882, 60.25108269], [24.77818938, 60.25124433], [24.77815053, 60.25130189], [24.77801427, 60.25150271], [24.7779967, 60.25153696], [24.77771278, 60.25194379], [24.77752124, 60.25222682], [24.77744086, 60.25233646], [24.77740517, 60.2524064], [24.77735318, 60.25248333], [24.7773072, 60.25255209], [24.77722402, 60.25267545], [24.77715889, 60.25277174], [24.77708446, 60.25288255], [24.77705928, 60.25292002], [24.77698758, 60.25302644], [24.77685623, 60.25322134], [24.77673582, 60.25340074], [24.77662799, 60.25356086], [24.77636911, 60.25394546], [24.77634835, 60.2539702], [24.77628542, 60.2540611], [24.77619568, 60.25419146], [24.77616996, 60.25422857], [24.77614205, 60.254269], [24.77606763, 60.25437739], [24.77605994, 60.25439326], [24.77595323, 60.25454818], [24.77582627, 60.25473214], [24.77581968, 60.25474487], [24.77581529, 60.25475312], [24.77557061, 60.25511702], [24.77554591, 60.25516383], [24.77545448, 60.25530234], [24.77537784, 60.25541772], [24.7753187, 60.25550765], [24.77531597, 60.25551105], [24.7753116, 60.2555167], [24.77529628, 60.25553741], [24.77527278, 60.25556779], [24.77525638, 60.25558877], [24.775246, 60.25560132], [24.77499149, 60.25597408], [24.7749225, 60.25607906], [24.77491429, 60.25609171], [24.77482393, 60.25623148], [24.77476374, 60.25631619], [24.77474405, 60.25634371], [24.77471548, 60.25640174], [24.77463447, 60.25651989], [24.77451839, 60.25669579], [24.77444448, 60.25680741], [24.77439903, 60.25687618], [24.774093, 60.25733205], [24.77408534, 60.25734344], [24.77407384, 60.25736092], [24.77406781, 60.25737051], [24.7740585, 60.25738567], [24.77404261, 60.25741095], [24.77403986, 60.25741597], [24.77359757, 60.2578288], [24.77341105, 60.25800305], [24.77315581, 60.25824118], [24.77310346, 60.25828983], [24.77303089, 60.25836214], [24.77246122, 60.25893244], [24.77242413, 60.25896756], [24.77229048, 60.25909568], [24.77228612, 60.25910025], [24.77227412, 60.25911163], [24.77227628, 60.25911226], [24.7798606, 60.26102397], [24.78483129, 60.25792485], [24.78543239, 60.25723409], [24.78979911, 60.25850839], [24.79139606, 60.25773194], [24.79170391, 60.25720844], [24.78987448, 60.25664029], [24.79256383, 60.25420897]]]}, "geometry_name": "geom", "properties": {"posnro": "01640", "postitoimi": "VANTAA", "postitoiru": "VANDA", "nimi": "Hämevaara", "nimiru": "Tavastberga", "kunta": "Vantaa", "kunta_nro": "092"}}, {"type": "Feature", "id": "pks_postinumeroalueet_2024.109", "geometry": {"type": "Polygon", "coordinates": [[[24.82288195, 60.25487459], [24.82166941, 60.25526824], [24.82074945, 60.25555763], [24.81971388, 60.25588104], [24.81759269, 60.25665128], [24.81653416, 60.25719364], [24.81577455, 60.25776171], [24.81509853, 60.25849146], [24.81451207, 60.25928379], [24.81354565, 60.26056681], [24.81276713, 60.26138615], [24.81145498, 60.26292482], [24.81133221, 60.2630687], [24.81056418, 60.26383598], [24.81173674, 60.26425384], [24.8137142, 60.26495078], [24.81575739, 60.26582944], [24.81691694, 60.26627263], [24.81773873, 60.26654347], [24.81868357, 60.26681411], [24.81969357, 60.26706491], [24.82566338, 60.26837009], [24.82590429, 60.26842416], [24.82718235, 60.26863945], [24.82851673, 60.26866137], [24.82833803, 60.26893955], [24.8297002, 60.2700818], [24.82987345, 60.27022706], [24.83002448, 60.27026594], [24.83026304, 60.27025566], [24.83027169, 60.2701564], [24.83048204, 60.27004573], [24.83526514, 60.26951216], [24.83551993, 60.26810424], [24.83587812, 60.26628144], [24.83606134, 60.26540855], [24.83632063, 60.26417009], [24.83625708, 60.26387347], [24.83643652, 60.26386184], [24.83594226, 60.26212953], [24.83577359, 60.2621558], [24.83574162, 60.26204716], [24.83517431, 60.26008894], [24.83473418, 60.25849877], [24.83472301, 60.25845594], [24.83470759, 60.25839776], [24.83431024, 60.25692971], [24.83371665, 60.25473889], [24.83369804, 60.25466985], [24.83359415, 60.25464199], [24.83352381, 60.25462314], [24.8323405, 60.25430662], [24.83140285, 60.25405574], [24.83140395, 60.25405322], [24.83140395, 60.25405313], [24.83140341, 60.25405295], [24.82818318, 60.25318746], [24.82799815, 60.25313795], [24.82799544, 60.2531392], [24.82779239, 60.25322016], [24.82733037, 60.25340239], [24.82675834, 60.2535895], [24.82617154, 60.25380351], [24.82540403, 60.25406881], [24.82458122, 60.25433994], [24.823829, 60.2545785], [24.82288195, 60.25487459]]]}, "geometry_name": "geom", "properties": {"posnro": "01650", "postitoimi": "VANTAA", "postitoiru": "VANDA", "nimi": "Vapaala", "nimiru": "Friherrs", "kunta": "Vantaa", "kunta_nro": "092"}}, {"type": "Feature", "id": "pks_postinumeroalueet_2024.110", "geometry": {"type": "Polygon", "coordinates": [[[24.80630821, 60.26832801], [24.80598454, 60.26898229], [24.80575679, 60.26954714], [24.8054553, 60.2708413], [24.8058178, 60.27086884], [24.80748077, 60.27116359], [24.8084948, 60.27156805], [24.80934269, 60.27211622], [24.81011741, 60.27285295], [24.81116513, 60.27354025], [24.81226697, 60.27387318], [24.81299497, 60.27407561], [24.8178213, 60.27382329], [24.81809821, 60.27364892], [24.81864838, 60.27366394], [24.82016732, 60.27367768], [24.82141177, 60.27412175], [24.82372856, 60.27497651], [24.82462429, 60.27526123], [24.82543555, 60.27552635], [24.82747415, 60.27591585], [24.82896218, 60.27584812], [24.83499139, 60.27619214], [24.83493628, 60.27227938], [24.83057338, 60.27208899], [24.83026304, 60.27025575], [24.83026304, 60.27025566], [24.83002448, 60.27026594], [24.82987345, 60.27022706], [24.8297002, 60.2700818], [24.82833803, 60.26893955], [24.82851673, 60.26866137], [24.82718235, 60.26863945], [24.82590429, 60.26842416], [24.82566338, 60.26837009], [24.81969357, 60.26706491], [24.81868357, 60.26681411], [24.81773873, 60.26654347], [24.81691694, 60.26627263], [24.81575739, 60.26582944], [24.8137142, 60.26495078], [24.81173674, 60.26425384], [24.81056418, 60.26383598], [24.80920329, 60.26514596], [24.80764503, 60.26663703], [24.80684766, 60.26766148], [24.80630821, 60.26832801]]]}, "geometry_name": "geom", "properties": {"posnro": "01660", "postitoimi": "VANTAA", "postitoiru": "VANDA", "nimi": "Varisto", "nimiru": "Varistorna", "kunta": "Vantaa", "kunta_nro": "092"}}, {"type": "Feature", "id": "pks_postinumeroalueet_2024.111", "geometry": {"type": "Polygon", "coordinates": [[[24.86764772, 60.27972341], [24.86673875, 60.28110918], [24.86586662, 60.28248251], [24.86415862, 60.28506575], [24.86219674, 60.2878572], [24.86124778, 60.28910028], [24.86028144, 60.29033247], [24.85901149, 60.29151201], [24.85732789, 60.29286844], [24.8589413, 60.29332647], [24.86223456, 60.29446736], [24.86540298, 60.29555006], [24.86564129, 60.29511393], [24.86555211, 60.29450468], [24.86537112, 60.29406184], [24.86540303, 60.29382241], [24.86597985, 60.29337576], [24.86624666, 60.29299601], [24.86640596, 60.29277466], [24.86664377, 60.29258651], [24.86717822, 60.29254711], [24.86755361, 60.29254111], [24.8678509, 60.29253018], [24.86805878, 60.29263325], [24.86805194, 60.29298507], [24.86818, 60.29324315], [24.86834581, 60.29342174], [24.86858083, 60.29352142], [24.86895718, 60.29368757], [24.86965463, 60.29385869], [24.87039442, 60.29388652], [24.87153558, 60.29392874], [24.87269126, 60.29400336], [24.87382376, 60.29418134], [24.87536727, 60.29398211], [24.87716822, 60.29354696], [24.87974872, 60.29308673], [24.88193366, 60.29293746], [24.88451215, 60.29224127], [24.88672628, 60.29178498], [24.88814005, 60.29108467], [24.88818645, 60.29036265], [24.88834078, 60.28932416], [24.88836801, 60.28849478], [24.88820462, 60.2880588], [24.88968586, 60.28803958], [24.89103778, 60.28793038], [24.89176925, 60.28781583], [24.89163525, 60.28749979], [24.89092769, 60.28760162], [24.88961752, 60.28771865], [24.88789984, 60.28773561], [24.8875601, 60.28716943], [24.88672983, 60.28589603], [24.88638172, 60.28494157], [24.88588411, 60.28363255], [24.88512982, 60.28223292], [24.88439392, 60.28055857], [24.88407566, 60.27962836], [24.88409109, 60.27848663], [24.88395722, 60.27740023], [24.88377335, 60.27619729], [24.88284074, 60.27531509], [24.88186627, 60.2737239], [24.88108642, 60.27305607], [24.87961314, 60.27300888], [24.87571038, 60.27361246], [24.87491551, 60.27378898], [24.87442949, 60.27372138], [24.87293784, 60.2735138], [24.87179703, 60.27356324], [24.87130564, 60.27362209], [24.87143785, 60.27433198], [24.87094993, 60.27488295], [24.87014618, 60.27591559], [24.86922067, 60.2772879], [24.86804041, 60.2791553], [24.86764772, 60.27972341]]]}, "geometry_name": "geom", "properties": {"posnro": "01670", "postitoimi": "VANTAA", "postitoiru": "VANDA", "nimi": "Vantaanlaakso", "nimiru": "Vandadalen", "kunta": "Vantaa", "kunta_nro": "092"}}, {"type": "Feature", "id": "pks_postinumeroalueet_2024.112", "geometry": {"type": "Polygon", "coordinates": [[[24.79326518, 60.27333211], [24.79210465, 60.273481], [24.78890766, 60.27383766], [24.78665068, 60.27410565], [24.7846562, 60.27418725], [24.78243922, 60.27413876], [24.78039098, 60.27398963], [24.77933759, 60.27383423], [24.77744442, 60.27344648], [24.77583131, 60.27301735], [24.77374995, 60.27233923], [24.77149714, 60.27146297], [24.76947373, 60.27043315], [24.76727093, 60.26949533], [24.76681212, 60.26968067], [24.76681103, 60.26968112], [24.76681049, 60.26968112], [24.76639486, 60.26981538], [24.76553752, 60.27009201], [24.76548351, 60.27006508], [24.76530278, 60.27047449], [24.76524834, 60.27058272], [24.76493905, 60.27123074], [24.76493956, 60.27123531], [24.76494008, 60.27123801], [24.7652014, 60.27229271], [24.76532836, 60.27280615], [24.765488, 60.27345265], [24.7655814, 60.27388507], [24.76567162, 60.27423275], [24.76568956, 60.27430037], [24.76574654, 60.27452126], [24.76590692, 60.27514004], [24.76881633, 60.28701302], [24.76913897, 60.2883291], [24.77024836, 60.29285359], [24.77065918, 60.2945299], [24.77102311, 60.29601253], [24.77105188, 60.29616632], [24.77107226, 60.2962764], [24.77117983, 60.2967205], [24.77119776, 60.29679458], [24.77121728, 60.29687305], [24.7713423, 60.29738172], [24.77142456, 60.29772086], [24.77146204, 60.29787009], [24.77149898, 60.2980187], [24.77151377, 60.29807634], [24.77151641, 60.29808667], [24.77152908, 60.29813731], [24.77157395, 60.29831537], [24.77157872, 60.29833189], [24.77158241, 60.29834644], [24.77161516, 60.29847404], [24.77163207, 60.29853878], [24.7716347, 60.29855117], [24.77163995, 60.29857514], [24.7716642, 60.29867741], [24.77170056, 60.29883131], [24.77171375, 60.29888509], [24.77171374, 60.29888662], [24.77180193, 60.29923196], [24.76662113, 60.31171935], [24.79289455, 60.31858552], [24.81442073, 60.31801076], [24.81032271, 60.31614135], [24.80924914, 60.308484], [24.81236209, 60.30752907], [24.81171725, 60.30613896], [24.81667572, 60.30009557], [24.79506023, 60.29047568], [24.79349197, 60.28844116], [24.79107227, 60.2869455], [24.79047846, 60.28524231], [24.79249842, 60.28295408], [24.79941611, 60.27978089], [24.80142258, 60.27884473], [24.80215962, 60.2783643], [24.80314047, 60.27755026], [24.80367293, 60.27691048], [24.80350127, 60.27669455], [24.80413689, 60.2748481], [24.80444591, 60.27412074], [24.80288297, 60.27375888], [24.8006792, 60.27340995], [24.79876104, 60.2732596], [24.79754165, 60.27320075], [24.79563461, 60.27318185], [24.79423397, 60.27324063], [24.79326518, 60.27333211]]]}, "geometry_name": "geom", "properties": {"posnro": "01680", "postitoimi": "VANTAA", "postitoiru": "VANDA", "nimi": "Askisto", "nimiru": "Askis", "kunta": "Vantaa", "kunta_nro": "092"}}, {"type": "Feature", "id": "pks_postinumeroalueet_2024.113", "geometry": {"type": "Polygon", "coordinates": [[[24.91252226, 60.27201763], [24.91252009, 60.272017], [24.91232505, 60.27197451], [24.91211865, 60.27192501], [24.91194315, 60.27187409], [24.91194261, 60.271874], [24.91176765, 60.27182174], [24.91167071, 60.27178829], [24.91159055, 60.2717605], [24.91142647, 60.27169954], [24.91132034, 60.2716554], [24.91125969, 60.27163014], [24.91110431, 60.27155958], [24.91105558, 60.27153531], [24.91089264, 60.27145416], [24.91087424, 60.27144149], [24.91081256, 60.27139917], [24.91075796, 60.27134223], [24.91072175, 60.27130406], [24.91065805, 60.27120628], [24.91060453, 60.27115194], [24.91057102, 60.27111826], [24.91048877, 60.27106247], [24.91044495, 60.27103273], [24.91040705, 60.27101404], [24.91029445, 60.27095805], [24.91017207, 60.27091165], [24.90991694, 60.27084524], [24.90987197, 60.27083579], [24.90985463, 60.27083353], [24.90969261, 60.27081197], [24.90947473, 60.27080213], [24.90924055, 60.27080376], [24.90880359, 60.27082151], [24.90858401, 60.27083607], [24.90836769, 60.27084786], [24.90813296, 60.27085515], [24.90812645, 60.27085514], [24.90791126, 60.27085275], [24.90772644, 60.27084284], [24.9077053, 60.27084175], [24.90759963, 60.27082974], [24.90749071, 60.27081764], [24.9073558, 60.27079313], [24.90725071, 60.27076739], [24.90695284, 60.27067482], [24.90608637, 60.27037937], [24.90581504, 60.2702958], [24.90540881, 60.27018718], [24.90402636, 60.26987932], [24.903853, 60.269845], [24.90383188, 60.26984086], [24.90256256, 60.26960083], [24.90165076, 60.26944354], [24.9013896, 60.26940834], [24.90131645, 60.26939859], [24.90103581, 60.26935126], [24.90029521, 60.26922604], [24.9001598, 60.26919381], [24.90011215, 60.26917959], [24.90001088, 60.26914936], [24.90001033, 60.26914909], [24.89963615, 60.26902737], [24.89963128, 60.26902584], [24.8996237, 60.26902386], [24.89927435, 60.26893744], [24.89898127, 60.27732598], [24.90030216, 60.27923647], [24.90092144, 60.28011014], [24.90158985, 60.28106175], [24.90031221, 60.28127989], [24.90036564, 60.28136429], [24.89929035, 60.28154586], [24.9023053, 60.28589197], [24.89869982, 60.2859372], [24.89902735, 60.28630014], [24.90222063, 60.28627937], [24.90250882, 60.28748272], [24.90267062, 60.28815213], [24.90102505, 60.28834882], [24.90547068, 60.29289696], [24.91248419, 60.29134374], [24.91432655, 60.29267266], [24.91500297, 60.2924628], [24.91579983, 60.29350175], [24.91598268, 60.29369815], [24.91696434, 60.29440746], [24.91740537, 60.29440217], [24.91802459, 60.29451241], [24.91814673, 60.29295805], [24.91872935, 60.29272209], [24.92094561, 60.29277369], [24.9222091, 60.29293285], [24.92238396, 60.29056222], [24.92846171, 60.28923936], [24.93181439, 60.2891169], [24.93217271, 60.28946847], [24.93591933, 60.29037315], [24.93863346, 60.29008965], [24.9379431, 60.28946581], [24.93672008, 60.2891581], [24.9369876, 60.28880909], [24.9378194, 60.2880552], [24.93908673, 60.28726668], [24.93932731, 60.2865056], [24.94049571, 60.28578676], [24.94212682, 60.28620312], [24.94305649, 60.28550507], [24.9426351, 60.28520466], [24.94276177, 60.28502674], [24.94315591, 60.28477892], [24.94267852, 60.28456223], [24.94348083, 60.2841016], [24.9442544, 60.28394836], [24.94404386, 60.28370738], [24.94521266, 60.28295367], [24.94684492, 60.28226988], [24.94775939, 60.28213059], [24.94854828, 60.28150254], [24.9499974, 60.2809932], [24.94992743, 60.28065113], [24.95081382, 60.28040697], [24.95133544, 60.27968088], [24.95203895, 60.27950657], [24.95326382, 60.27835476], [24.9528902, 60.27801375], [24.95288912, 60.27801428], [24.95259394, 60.27816801], [24.95251421, 60.27818926], [24.95227015, 60.2782371], [24.95207329, 60.27827006], [24.95187861, 60.27828937], [24.95166498, 60.27829701], [24.95153702, 60.27829787], [24.95124263, 60.27828035], [24.95109192, 60.27826674], [24.95060295, 60.27820741], [24.95018173, 60.27816229], [24.94996271, 60.27814488], [24.94973826, 60.27813035], [24.9495767, 60.27812795], [24.94942379, 60.27813418], [24.94929907, 60.27814337], [24.9491212, 60.27816583], [24.94906045, 60.27817694], [24.94893951, 60.27819906], [24.94867102, 60.27826888], [24.94848225, 60.27832238], [24.94827069, 60.27838612], [24.94810307, 60.27843613], [24.94793601, 60.27847583], [24.94778253, 60.2785009], [24.94765402, 60.2785109], [24.9474713, 60.27850885], [24.9472577, 60.27849199], [24.94662508, 60.27841607], [24.94640715, 60.27839561], [24.94630306, 60.27839009], [24.94618431, 60.2783913], [24.94597012, 60.27840567], [24.94575053, 60.27840908], [24.94566324, 60.27840446], [24.94565186, 60.27840392], [24.94562313, 60.27840068], [24.94554452, 60.27839167], [24.94550821, 60.2783842], [24.94535644, 60.27835309], [24.94509794, 60.27827849], [24.94477659, 60.27817783], [24.94468556, 60.27814584], [24.94468176, 60.27814467], [24.94351615, 60.27777027], [24.94351453, 60.27776973], [24.94343594, 60.2777513], [24.94328419, 60.27771551], [24.94303488, 60.27766021], [24.94297798, 60.27764753], [24.94266527, 60.27757236], [24.94252708, 60.27753523], [24.9423179, 60.2774786], [24.94212227, 60.27742278], [24.94199004, 60.27738502], [24.94197433, 60.27737972], [24.94014453, 60.27674794], [24.94011581, 60.27674066], [24.94011202, 60.27673985], [24.9401066, 60.27673859], [24.94006108, 60.27672861], [24.93923618, 60.27657332], [24.93917494, 60.27656234], [24.93905679, 60.27654147], [24.93889365, 60.27651132], [24.93875112, 60.27648182], [24.93875057, 60.27648164], [24.93684177, 60.27612173], [24.93526982, 60.2756898], [24.93513489, 60.27565527], [24.93511755, 60.27565212], [24.93453598, 60.27557295], [24.9342525, 60.27554184], [24.93401727, 60.27551112], [24.93384926, 60.27548222], [24.9337788, 60.27547007], [24.9337761, 60.27546944], [24.93199976, 60.27506879], [24.93195803, 60.27506123], [24.93195315, 60.27506068], [24.93080076, 60.27496558], [24.93079968, 60.27496558], [24.93079805, 60.27496558], [24.92985577, 60.27498447], [24.9292208, 60.27504418], [24.92915247, 60.27505033], [24.92907493, 60.27505729], [24.92889981, 60.27506339], [24.92857775, 60.27507453], [24.92836632, 60.27507307], [24.92820262, 60.27506158], [24.92814733, 60.2750576], [24.92793594, 60.27503541], [24.92768121, 60.27500475], [24.92768066, 60.27500475], [24.92686492, 60.27492389], [24.92685137, 60.2749228], [24.92683186, 60.27492181], [24.92575419, 60.2748775], [24.92544682, 60.27486494], [24.92501096, 60.27485644], [24.92495459, 60.27485327], [24.92488304, 60.27484883], [24.92476867, 60.27483871], [24.92471067, 60.27483338], [24.92458169, 60.27481374], [24.92447224, 60.27478783], [24.92442781, 60.27477722], [24.92427722, 60.27472355], [24.92418352, 60.27468436], [24.92413802, 60.2746654], [24.92390356, 60.27454284], [24.92317306, 60.2741852], [24.92312648, 60.27416749], [24.9230956, 60.27415671], [24.92287731, 60.27407921], [24.92277383, 60.27405052], [24.9219828, 60.2738526], [24.92180944, 60.27380323], [24.92170055, 60.2737704], [24.92163717, 60.27375143], [24.92157921, 60.2737312], [24.92146329, 60.2736911], [24.92132898, 60.27363555], [24.92129757, 60.27362261], [24.92126562, 60.27360581], [24.92120498, 60.27357409], [24.92098735, 60.27345001], [24.92092458, 60.27340339], [24.92081313, 60.27331052], [24.92081042, 60.27330827], [24.92079582, 60.27329382], [24.92069685, 60.27319628], [24.92067899, 60.2731847], [24.92061512, 60.27314292], [24.92053063, 60.27310895], [24.92026994, 60.2730842], [24.91997999, 60.27305243], [24.91964725, 60.27300574], [24.91945975, 60.27297547], [24.91879755, 60.27287409], [24.91865396, 60.27284717], [24.91852338, 60.27282007], [24.91840635, 60.27279559], [24.91837926, 60.27279018], [24.91802813, 60.27272813], [24.91796635, 60.27271858], [24.91787801, 60.27270928], [24.91775011, 60.27269556], [24.91749212, 60.27267412], [24.91733983, 60.27266146], [24.91690677, 60.27262834], [24.91686558, 60.272625], [24.91625205, 60.27257318], [24.91591388, 60.27253752], [24.91523589, 60.27246609], [24.91501805, 60.27243678], [24.91441712, 60.27233668], [24.91391972, 60.27224212], [24.91364283, 60.2721967], [24.91351495, 60.2721758], [24.91292971, 60.27209096], [24.91286036, 60.27207925], [24.91271135, 60.27205411], [24.91253201, 60.27201952], [24.91252226, 60.27201763]]]}, "geometry_name": "geom", "properties": {"posnro": "01690", "postitoimi": "VANTAA", "postitoiru": "VANDA", "nimi": "Ylästö", "nimiru": "Övitsböle", "kunta": "Vantaa", "kunta_nro": "092"}}, {"type": "Feature", "id": "pks_postinumeroalueet_2024.114", "geometry": {"type": "Polygon", "coordinates": [[[24.82486548, 60.32476175], [24.8240062, 60.32703881], [24.82521628, 60.32729162], [24.82593627, 60.32760535], [24.8321844, 60.32999604], [24.83221942, 60.33121429], [24.83418849, 60.33123696], [24.8345519, 60.3322911], [24.8367344, 60.33243624], [24.83740955, 60.33209232], [24.8390038, 60.33214363], [24.84345211, 60.33239791], [24.84945212, 60.33264816], [24.85165813, 60.33266069], [24.85384175, 60.33282116], [24.8560471, 60.33298332], [24.85639764, 60.33292949], [24.85737588, 60.33277922], [24.85743927, 60.33256415], [24.85772106, 60.33220661], [24.85780087, 60.33208876], [24.85800195, 60.33155612], [24.85825426, 60.33098224], [24.85817963, 60.33090964], [24.85826704, 60.33053762], [24.85785847, 60.33033273], [24.8577194, 60.32996783], [24.8581587, 60.33010041], [24.85852471, 60.32972672], [24.85932346, 60.32885903], [24.86047685, 60.32924663], [24.8624317, 60.32991256], [24.86232604, 60.32856698], [24.86198581, 60.32657897], [24.85947514, 60.32540812], [24.8599671, 60.32514961], [24.85987831, 60.32509082], [24.85897654, 60.32468518], [24.85698035, 60.32375114], [24.86327057, 60.32254467], [24.86657805, 60.32188853], [24.86821191, 60.3194103], [24.86871363, 60.31762606], [24.86909023, 60.31657525], [24.86465241, 60.31635774], [24.85750109, 60.31451788], [24.85444503, 60.31283835], [24.8532478, 60.31160123], [24.85241856, 60.31098362], [24.85082784, 60.31025925], [24.84802955, 60.30955834], [24.84455566, 60.30863938], [24.84108142, 60.30772052], [24.84111362, 60.30723625], [24.83711216, 60.30762901], [24.81984878, 60.31248148], [24.81756212, 60.31238573], [24.81442073, 60.31801076], [24.81673666, 60.31925094], [24.82298421, 60.3219308], [24.82550806, 60.32308629], [24.82486548, 60.32476175]]]}, "geometry_name": "geom", "properties": {"posnro": "01700", "postitoimi": "VANTAA", "postitoiru": "VANDA", "nimi": "Kivistö", "nimiru": "Kivistö", "kunta": "Vantaa", "kunta_nro": "092"}}, {"type": "Feature", "id": "pks_postinumeroalueet_2024.115", "geometry": {"type": "Polygon", "coordinates": [[[24.79906854, 60.26475163], [24.804139, 60.26560513], [24.8070029, 60.26652014], [24.80764503, 60.26663703], [24.80920329, 60.26514596], [24.81056418, 60.26383598], [24.81133221, 60.2630687], [24.81145498, 60.26292482], [24.81015766, 60.26178589], [24.80920218, 60.26105249], [24.80824429, 60.26036898], [24.80787699, 60.25988755], [24.8077247, 60.2597072], [24.80937625, 60.25730392], [24.80966653, 60.25686427], [24.80991183, 60.25576829], [24.80964133, 60.25523189], [24.80755952, 60.25553612], [24.80588657, 60.25568743], [24.80339941, 60.25562776], [24.80054943, 60.25518354], [24.79626944, 60.25425536], [24.79530676, 60.25449936], [24.79485662, 60.25483057], [24.79256383, 60.25420897], [24.78987448, 60.25664029], [24.79170391, 60.25720844], [24.79139606, 60.25773194], [24.7944208, 60.25909813], [24.79356105, 60.26052809], [24.79395446, 60.2609614], [24.79683522, 60.26227974], [24.79789985, 60.26276155], [24.79845728, 60.26323845], [24.79951873, 60.26407368], [24.79906854, 60.26475163]]]}, "geometry_name": "geom", "properties": {"posnro": "01710", "postitoimi": "VANTAA", "postitoiru": "VANDA", "nimi": "Pähkinärinne", "nimiru": "Hasselbacken", "kunta": "Vantaa", "kunta_nro": "092"}}, {"type": "Feature", "id": "pks_postinumeroalueet_2024.116", "geometry": {"type": "Polygon", "coordinates": [[[24.80475611, 60.27337616], [24.80444591, 60.27412074], [24.80413689, 60.2748481], [24.80350127, 60.27669455], [24.80367293, 60.27691048], [24.80314047, 60.27755026], [24.80215962, 60.2783643], [24.80142258, 60.27884473], [24.79941611, 60.27978089], [24.79249842, 60.28295408], [24.79047846, 60.28524231], [24.79107227, 60.2869455], [24.79349197, 60.28844116], [24.79506023, 60.29047568], [24.81667572, 60.30009557], [24.81889413, 60.29756372], [24.82116745, 60.29544459], [24.82323542, 60.29604152], [24.83146076, 60.29296291], [24.83592652, 60.29125996], [24.83797509, 60.29051492], [24.8397892, 60.29000302], [24.83781492, 60.28912437], [24.83400061, 60.28715541], [24.82884519, 60.2845446], [24.82999586, 60.28435221], [24.83267653, 60.28412001], [24.83370752, 60.28388902], [24.83444211, 60.28328779], [24.83488825, 60.28181119], [24.83509063, 60.28189563], [24.83522628, 60.28144739], [24.83500253, 60.28140717], [24.83504847, 60.2812227], [24.83498049, 60.27846253], [24.83499139, 60.27619214], [24.82896218, 60.27584812], [24.82747415, 60.27591585], [24.82543555, 60.27552635], [24.82462429, 60.27526123], [24.82372856, 60.27497651], [24.82141177, 60.27412175], [24.82016732, 60.27367768], [24.81864838, 60.27366394], [24.81809821, 60.27364892], [24.8178213, 60.27382329], [24.81299497, 60.27407561], [24.81226697, 60.27387318], [24.81116513, 60.27354025], [24.81011741, 60.27285295], [24.80934269, 60.27211622], [24.8084948, 60.27156805], [24.80748077, 60.27116359], [24.8058178, 60.27086884], [24.8054553, 60.2708413], [24.80538816, 60.27119348], [24.80524603, 60.27175997], [24.80475611, 60.27337616]]]}, "geometry_name": "geom", "properties": {"posnro": "01720", "postitoimi": "VANTAA", "postitoiru": "VANDA", "nimi": "Petikko", "nimiru": "Petikko", "kunta": "Vantaa", "kunta_nro": "092"}}, {"type": "Feature", "id": "pks_postinumeroalueet_2024.117", "geometry": {"type": "Polygon", "coordinates": [[[24.85530109, 60.28949064], [24.85124935, 60.28868899], [24.8501273, 60.28747983], [24.8500856, 60.28758372], [24.84987287, 60.28773166], [24.84716056, 60.28773287], [24.84667821, 60.28766079], [24.8461022, 60.28882296], [24.84537182, 60.29050417], [24.84511885, 60.29146639], [24.84323374, 60.29105957], [24.84191424, 60.29068751], [24.8397892, 60.29000302], [24.83797509, 60.29051492], [24.83592652, 60.29125996], [24.83146076, 60.29296291], [24.82323542, 60.29604152], [24.82116745, 60.29544459], [24.81889413, 60.29756372], [24.81667572, 60.30009557], [24.81171725, 60.30613896], [24.81236209, 60.30752907], [24.80924914, 60.308484], [24.81032271, 60.31614135], [24.81442073, 60.31801076], [24.81756212, 60.31238573], [24.81984878, 60.31248148], [24.83711216, 60.30762901], [24.84111362, 60.30723625], [24.84108142, 60.30772052], [24.84455566, 60.30863938], [24.84802955, 60.30955834], [24.85082784, 60.31025925], [24.85241856, 60.31098362], [24.8532478, 60.31160123], [24.85444503, 60.31283835], [24.85750109, 60.31451788], [24.86465241, 60.31635774], [24.86909023, 60.31657525], [24.86871363, 60.31762606], [24.86821191, 60.3194103], [24.86657805, 60.32188853], [24.86327057, 60.32254467], [24.85698035, 60.32375114], [24.85897654, 60.32468518], [24.85987831, 60.32509082], [24.8599671, 60.32514961], [24.85947514, 60.32540812], [24.86198581, 60.32657897], [24.86232604, 60.32856698], [24.8624317, 60.32991256], [24.86047685, 60.32924663], [24.85932346, 60.32885903], [24.85852471, 60.32972672], [24.8581587, 60.33010041], [24.8577194, 60.32996783], [24.85785847, 60.33033273], [24.85826704, 60.33053762], [24.85817963, 60.33090964], [24.85825426, 60.33098224], [24.85800195, 60.33155612], [24.85780087, 60.33208876], [24.85772106, 60.33220661], [24.85743927, 60.33256415], [24.85737588, 60.33277922], [24.85639764, 60.33292949], [24.8560471, 60.33298332], [24.85384175, 60.33282116], [24.85370926, 60.3359715], [24.85751462, 60.33633374], [24.85770629, 60.33610059], [24.85817623, 60.33619865], [24.86324347, 60.3361677], [24.8636658, 60.33531252], [24.86882821, 60.33521594], [24.86917156, 60.33207135], [24.88890668, 60.33801914], [24.88939961, 60.33713684], [24.89112177, 60.33622907], [24.89319113, 60.3349175], [24.89346492, 60.33423739], [24.89381225, 60.33264627], [24.89367463, 60.33121138], [24.89387344, 60.33035899], [24.89440565, 60.32968313], [24.89499347, 60.32859472], [24.89594544, 60.32653547], [24.89687542, 60.32503886], [24.89764227, 60.3242884], [24.89845748, 60.32368831], [24.89866653, 60.32333521], [24.89857952, 60.32267806], [24.89810408, 60.32157985], [24.89774474, 60.32069022], [24.89643021, 60.31851809], [24.89533842, 60.31769618], [24.89440249, 60.31720934], [24.89323967, 60.31672976], [24.89239136, 60.31635768], [24.89156778, 60.31606451], [24.88980791, 60.31543291], [24.88776258, 60.31464847], [24.88642988, 60.31405937], [24.88559308, 60.31354203], [24.88510045, 60.31317434], [24.88440473, 60.3122194], [24.88371274, 60.31144845], [24.88319422, 60.31074434], [24.88267709, 60.31026415], [24.88154453, 60.3093343], [24.87998797, 60.30772579], [24.87922449, 60.30682578], [24.87840511, 60.30578875], [24.87729835, 60.3047072], [24.87633223, 60.30419597], [24.87489453, 60.30370323], [24.87394461, 60.30322988], [24.87304662, 60.30266358], [24.8705812, 60.30166432], [24.86905858, 60.30088476], [24.86809833, 60.30018473], [24.86707023, 60.29964016], [24.86576819, 60.29909145], [24.86431265, 60.29867612], [24.8633524, 60.29814973], [24.86301962, 60.29781173], [24.86314782, 60.29751344], [24.8634944, 60.2971432], [24.86409346, 60.2968488], [24.86490427, 60.29677388], [24.86513799, 60.29640173], [24.86525415, 60.29585965], [24.86540298, 60.29555006], [24.86223456, 60.29446736], [24.8589413, 60.29332647], [24.85732789, 60.29286844], [24.85901149, 60.29151201], [24.86028144, 60.29033247], [24.8587412, 60.29016857], [24.85530109, 60.28949064]]]}, "geometry_name": "geom", "properties": {"posnro": "01730", "postitoimi": "VANTAA", "postitoiru": "VANDA", "nimi": "Vantaanpuisto", "nimiru": "Vandaparken", "kunta": "Vantaa", "kunta_nro": "092"}}, {"type": "Feature", "id": "pks_postinumeroalueet_2024.118", "geometry": {"type": "Polygon", "coordinates": [[[24.91740537, 60.29440217], [24.91696434, 60.29440746], [24.91598268, 60.29369815], [24.91579983, 60.29350175], [24.91500297, 60.2924628], [24.91432655, 60.29267266], [24.91248419, 60.29134374], [24.90547068, 60.29289696], [24.90102505, 60.28834882], [24.90267062, 60.28815213], [24.90250882, 60.28748272], [24.90222063, 60.28627937], [24.89902735, 60.28630014], [24.89869982, 60.2859372], [24.9023053, 60.28589197], [24.89929035, 60.28154586], [24.90036564, 60.28136429], [24.90031221, 60.28127989], [24.90158985, 60.28106175], [24.90092144, 60.28011014], [24.90030216, 60.27923647], [24.89898127, 60.27732598], [24.89927435, 60.26893744], [24.89897749, 60.26887986], [24.89854899, 60.26879714], [24.89814701, 60.26873059], [24.89778563, 60.26867754], [24.8977645, 60.26867537], [24.89701181, 60.26861313], [24.8970091, 60.26861286], [24.89660428, 60.26858633], [24.89611818, 60.26855427], [24.89583203, 60.26853924], [24.8953562, 60.26851436], [24.89535512, 60.26851436], [24.89496758, 60.26850921], [24.89431934, 60.26850062], [24.89321406, 60.2685237], [24.89283461, 60.26853246], [24.89282431, 60.26853182], [24.89282377, 60.26853182], [24.89068312, 60.26841627], [24.88811682, 60.2678757], [24.88692606, 60.26769815], [24.88545596, 60.26867143], [24.88455051, 60.27028144], [24.88363197, 60.27158314], [24.88243966, 60.27180791], [24.88124478, 60.27169142], [24.8803263, 60.27218774], [24.88108642, 60.27305607], [24.88186627, 60.2737239], [24.88284074, 60.27531509], [24.88377335, 60.27619729], [24.88395722, 60.27740023], [24.88409109, 60.27848663], [24.88407566, 60.27962836], [24.88439392, 60.28055857], [24.88512982, 60.28223292], [24.88588411, 60.28363255], [24.88638172, 60.28494157], [24.88672983, 60.28589603], [24.8875601, 60.28716943], [24.88789984, 60.28773561], [24.88961752, 60.28771865], [24.89092769, 60.28760162], [24.89163525, 60.28749979], [24.89176925, 60.28781583], [24.89103778, 60.28793038], [24.88968586, 60.28803958], [24.88820462, 60.2880588], [24.88836801, 60.28849478], [24.88834078, 60.28932416], [24.88818645, 60.29036265], [24.88814005, 60.29108467], [24.88672628, 60.29178498], [24.88451215, 60.29224127], [24.88193366, 60.29293746], [24.87974872, 60.29308673], [24.87716822, 60.29354696], [24.87536727, 60.29398211], [24.87382376, 60.29418134], [24.87269126, 60.29400336], [24.87153558, 60.29392874], [24.87039442, 60.29388652], [24.86965463, 60.29385869], [24.86895718, 60.29368757], [24.86858083, 60.29352142], [24.86834581, 60.29342174], [24.86818, 60.29324315], [24.86805194, 60.29298507], [24.86805878, 60.29263325], [24.8678509, 60.29253018], [24.86755361, 60.29254111], [24.86717822, 60.29254711], [24.86664377, 60.29258651], [24.86640596, 60.29277466], [24.86624666, 60.29299601], [24.86597985, 60.29337576], [24.86540303, 60.29382241], [24.86537112, 60.29406184], [24.86555211, 60.29450468], [24.86564129, 60.29511393], [24.86540298, 60.29555006], [24.86525415, 60.29585965], [24.86513799, 60.29640173], [24.86490427, 60.29677388], [24.86409346, 60.2968488], [24.8634944, 60.2971432], [24.86314782, 60.29751344], [24.86301962, 60.29781173], [24.8633524, 60.29814973], [24.86431265, 60.29867612], [24.86576819, 60.29909145], [24.86707023, 60.29964016], [24.86809833, 60.30018473], [24.86905858, 60.30088476], [24.8705812, 60.30166432], [24.87304662, 60.30266358], [24.87394461, 60.30322988], [24.87489453, 60.30370323], [24.87633223, 60.30419597], [24.87729835, 60.3047072], [24.87840511, 60.30578875], [24.87922449, 60.30682578], [24.87998797, 60.30772579], [24.88154453, 60.3093343], [24.88267709, 60.31026415], [24.88319422, 60.31074434], [24.88371274, 60.31144845], [24.88440473, 60.3122194], [24.88510045, 60.31317434], [24.88559308, 60.31354203], [24.88642988, 60.31405937], [24.88776258, 60.31464847], [24.88980791, 60.31543291], [24.89156778, 60.31606451], [24.89239136, 60.31635768], [24.89323967, 60.31672976], [24.89440249, 60.31720934], [24.89533842, 60.31769618], [24.89643021, 60.31851809], [24.89732356, 60.31892554], [24.89856103, 60.31936385], [24.89926319, 60.31505941], [24.89461631, 60.31234232], [24.89424458, 60.3093004], [24.90221158, 60.30765326], [24.9095479, 60.30340382], [24.90840393, 60.30132212], [24.91233836, 60.30083975], [24.9129154, 60.30073001], [24.91401518, 60.3001117], [24.91597218, 60.29884555], [24.9176302, 60.29732385], [24.92560878, 60.29761361], [24.93092857, 60.2971442], [24.93589191, 60.29634412], [24.93589949, 60.29580139], [24.93567896, 60.29538923], [24.93620465, 60.29481695], [24.93641493, 60.29408116], [24.93942854, 60.29246945], [24.93864388, 60.29089779], [24.93863346, 60.29008965], [24.93591933, 60.29037315], [24.93217271, 60.28946847], [24.93181439, 60.2891169], [24.92846171, 60.28923936], [24.92238396, 60.29056222], [24.9222091, 60.29293285], [24.92094561, 60.29277369], [24.91872935, 60.29272209], [24.91814673, 60.29295805], [24.91802459, 60.29451241], [24.91740537, 60.29440217]]]}, "geometry_name": "geom", "properties": {"posnro": "01740", "postitoimi": "VANTAA", "postitoiru": "VANDA", "nimi": "Tuupakan teollisuusalue", "nimiru": "Stubbacka industriområde", "kunta": "Vantaa", "kunta_nro": "092"}}, {"type": "Feature", "id": "pks_postinumeroalueet_2024.119", "geometry": {"type": "Polygon", "coordinates": [[[24.75571579, 60.32427431], [24.75569736, 60.3242705], [24.7556773, 60.32426607], [24.75284866, 60.32366892], [24.75284811, 60.32366892], [24.75284757, 60.32366883], [24.75127934, 60.32333759], [24.75126687, 60.32333496], [24.75126579, 60.32333478], [24.75126579, 60.3233346], [24.75126416, 60.32333442], [24.75125928, 60.32333333], [24.74695154, 60.32242373], [24.74694341, 60.32242192], [24.74693528, 60.3224202], [24.74624796, 60.32227735], [24.74628673, 60.32252783], [24.74755063, 60.33062189], [24.74756578, 60.33076956], [24.74762344, 60.33124994], [24.7478365, 60.33249512], [24.7479911, 60.3335045], [24.74810891, 60.33421512], [24.74311771, 60.33503076], [24.74266286, 60.33575185], [24.74476393, 60.33635688], [24.74838478, 60.33598467], [24.74867469, 60.33783869], [24.74867619, 60.33785503], [24.74869129, 60.33801105], [24.74880815, 60.3387082], [24.74886374, 60.3390377], [24.74899634, 60.33987893], [24.74915684, 60.34090743], [24.74915737, 60.34090977], [24.74915789, 60.34091228], [24.74929407, 60.34178386], [24.78055091, 60.36186587], [24.78190796, 60.3588956], [24.78314836, 60.35872306], [24.7830397, 60.36354427], [24.7858691, 60.36173389], [24.78852961, 60.36086172], [24.81356914, 60.37235625], [24.82428585, 60.36118577], [24.83111295, 60.35522448], [24.83122757, 60.35470918], [24.83085238, 60.3539074], [24.83048256, 60.35343735], [24.83027427, 60.35294335], [24.82972999, 60.3522714], [24.82904912, 60.35184923], [24.82832571, 60.35166521], [24.82711017, 60.35062439], [24.82718821, 60.35025445], [24.82739751, 60.34992632], [24.82678062, 60.34954497], [24.82577577, 60.34936944], [24.82465741, 60.34928486], [24.82317939, 60.34939321], [24.82244966, 60.34948738], [24.82197414, 60.34939995], [24.82193748, 60.34914743], [24.82195052, 60.34894874], [24.82229058, 60.34826492], [24.82295652, 60.34790456], [24.82294586, 60.34766571], [24.8230113, 60.34722081], [24.82312269, 60.34701883], [24.8233497, 60.34683694], [24.8243285, 60.34658774], [24.82618711, 60.34640592], [24.82666431, 60.34606907], [24.826983, 60.34570303], [24.8278321, 60.34500083], [24.82808391, 60.34443482], [24.82766868, 60.3438447], [24.82723339, 60.34314802], [24.82721846, 60.34237631], [24.82763121, 60.34198759], [24.82816449, 60.34161186], [24.82923518, 60.34120504], [24.83086757, 60.34079409], [24.83201933, 60.34077311], [24.83348037, 60.34092959], [24.83537322, 60.34142442], [24.83628977, 60.34173115], [24.83797451, 60.34214303], [24.83982719, 60.3424384], [24.84075205, 60.34261246], [24.84191407, 60.34284353], [24.8432939, 60.3434228], [24.84438812, 60.34386477], [24.84542183, 60.34401425], [24.84642045, 60.34388445], [24.84743896, 60.34345015], [24.84846829, 60.34325468], [24.84888048, 60.34328818], [24.85079012, 60.34387713], [24.85235483, 60.34362506], [24.85168518, 60.34309917], [24.85360698, 60.34086001], [24.85469254, 60.33959659], [24.85751462, 60.33633374], [24.85370926, 60.3359715], [24.85384175, 60.33282116], [24.85165813, 60.33266069], [24.84945212, 60.33264816], [24.84345211, 60.33239791], [24.8390038, 60.33214363], [24.83740955, 60.33209232], [24.8367344, 60.33243624], [24.8345519, 60.3322911], [24.83418849, 60.33123696], [24.83221942, 60.33121429], [24.8321844, 60.32999604], [24.82593627, 60.32760535], [24.82521628, 60.32729162], [24.8240062, 60.32703881], [24.82486548, 60.32476175], [24.82550806, 60.32308629], [24.82298421, 60.3219308], [24.81673666, 60.31925094], [24.81442073, 60.31801076], [24.79289455, 60.31858552], [24.76662113, 60.31171935], [24.76092776, 60.32537463], [24.76092776, 60.32537445], [24.76058459, 60.32530194], [24.76030376, 60.32524274], [24.76028804, 60.32523957], [24.75601124, 60.32433669], [24.7560107, 60.3243366], [24.75599443, 60.32433325], [24.75571579, 60.32427431]]]}, "geometry_name": "geom", "properties": {"posnro": "01750", "postitoimi": "VANTAA", "postitoiru": "VANDA", "nimi": "Keimola", "nimiru": "Käinby", "kunta": "Vantaa", "kunta_nro": "092"}}, {"type": "Feature", "id": "pks_postinumeroalueet_2024.120", "geometry": {"type": "Polygon", "coordinates": [[[24.92873644, 60.3292291], [24.92662139, 60.33039832], [24.9296168, 60.33170673], [24.92462339, 60.33444467], [24.92413058, 60.33429082], [24.91970081, 60.33232435], [24.91537766, 60.33364103], [24.91314438, 60.3336386], [24.91177384, 60.33313545], [24.90776159, 60.33036952], [24.91258743, 60.32886306], [24.91299023, 60.32850449], [24.91283105, 60.32791965], [24.91221665, 60.32720159], [24.91187134, 60.32597849], [24.91230036, 60.32575313], [24.91112824, 60.32448855], [24.91125667, 60.32418133], [24.91037508, 60.32313081], [24.90768808, 60.32255339], [24.90274267, 60.32086647], [24.89856103, 60.31936385], [24.89732356, 60.31892554], [24.89643021, 60.31851809], [24.89774474, 60.32069022], [24.89810408, 60.32157985], [24.89857952, 60.32267806], [24.89866653, 60.32333521], [24.89845748, 60.32368831], [24.89764227, 60.3242884], [24.89687542, 60.32503886], [24.89594544, 60.32653547], [24.89499347, 60.32859472], [24.89440565, 60.32968313], [24.89387344, 60.33035899], [24.89367463, 60.33121138], [24.89381225, 60.33264627], [24.89346492, 60.33423739], [24.89319113, 60.3349175], [24.89112177, 60.33622907], [24.88939961, 60.33713684], [24.88890668, 60.33801914], [24.86917156, 60.33207135], [24.86882821, 60.33521594], [24.8636658, 60.33531252], [24.86324347, 60.3361677], [24.85817623, 60.33619865], [24.85770629, 60.33610059], [24.85751462, 60.33633374], [24.85469254, 60.33959659], [24.85360698, 60.34086001], [24.85168518, 60.34309917], [24.85235483, 60.34362506], [24.85079012, 60.34387713], [24.84888048, 60.34328818], [24.84846829, 60.34325468], [24.84743896, 60.34345015], [24.84642045, 60.34388445], [24.84542183, 60.34401425], [24.84438812, 60.34386477], [24.8432939, 60.3434228], [24.84191407, 60.34284353], [24.84075205, 60.34261246], [24.83982719, 60.3424384], [24.83797451, 60.34214303], [24.83628977, 60.34173115], [24.83537322, 60.34142442], [24.83348037, 60.34092959], [24.83201933, 60.34077311], [24.83086757, 60.34079409], [24.82923518, 60.34120504], [24.82816449, 60.34161186], [24.82763121, 60.34198759], [24.82721846, 60.34237631], [24.82723339, 60.34314802], [24.82766868, 60.3438447], [24.82808391, 60.34443482], [24.8278321, 60.34500083], [24.826983, 60.34570303], [24.82666431, 60.34606907], [24.82618711, 60.34640592], [24.8243285, 60.34658774], [24.8233497, 60.34683694], [24.82312269, 60.34701883], [24.8230113, 60.34722081], [24.82294586, 60.34766571], [24.82295652, 60.34790456], [24.82229058, 60.34826492], [24.82195052, 60.34894874], [24.82193748, 60.34914743], [24.82197414, 60.34939995], [24.82244966, 60.34948738], [24.82317939, 60.34939321], [24.82465741, 60.34928486], [24.82577577, 60.34936944], [24.82678062, 60.34954497], [24.82739751, 60.34992632], [24.82718821, 60.35025445], [24.82711017, 60.35062439], [24.82832571, 60.35166521], [24.82904912, 60.35184923], [24.82972999, 60.3522714], [24.83027427, 60.35294335], [24.83048256, 60.35343735], [24.83085238, 60.3539074], [24.83122757, 60.35470918], [24.83111295, 60.35522448], [24.82428585, 60.36118577], [24.81356914, 60.37235625], [24.81364344, 60.37239046], [24.81410415, 60.37274751], [24.8170799, 60.37405851], [24.8131351, 60.38310899], [24.83046687, 60.39445938], [24.86895007, 60.40125552], [24.86875345, 60.40007761], [24.86643769, 60.39877239], [24.8663938, 60.39806223], [24.86769506, 60.39723109], [24.86762567, 60.3948859], [24.86934912, 60.39389343], [24.87176994, 60.39277164], [24.87283945, 60.39184213], [24.87505727, 60.39095353], [24.87692837, 60.38949583], [24.87717344, 60.38827588], [24.87728562, 60.38636616], [24.87673584, 60.38473065], [24.87543778, 60.38349087], [24.8963499, 60.37091592], [24.90650367, 60.3648056], [24.93076488, 60.3463205], [24.94019569, 60.34019124], [24.94079071, 60.33978206], [24.93942396, 60.33920918], [24.94132707, 60.33816101], [24.94024381, 60.33764177], [24.93937437, 60.33812567], [24.93887127, 60.33789505], [24.94015176, 60.33718318], [24.93655354, 60.33564002], [24.93653288, 60.33508866], [24.93954602, 60.333424], [24.93624528, 60.3318911], [24.93517347, 60.33095393], [24.93140959, 60.32907667], [24.92873644, 60.3292291]]]}, "geometry_name": "geom", "properties": {"posnro": "01760", "postitoimi": "VANTAA", "postitoiru": "VANDA", "nimi": "Seutula", "nimiru": "Sjöskog", "kunta": "Vantaa", "kunta_nro": "092"}}, {"type": "Feature", "id": "pks_postinumeroalueet_2024.121", "geometry": {"type": "Polygon", "coordinates": [[[24.85113516, 60.28529413], [24.8502457, 60.28530687], [24.84946662, 60.28573096], [24.8486699, 60.28656566], [24.84786458, 60.28690616], [24.84716056, 60.28773287], [24.84987287, 60.28773166], [24.8500856, 60.28758372], [24.8501273, 60.28747983], [24.85124935, 60.28868899], [24.85530109, 60.28949064], [24.8587412, 60.29016857], [24.86028144, 60.29033247], [24.86124778, 60.28910028], [24.86219674, 60.2878572], [24.85934506, 60.28709464], [24.85825801, 60.28689001], [24.85683739, 60.28669857], [24.85559755, 60.286588], [24.85471627, 60.28646453], [24.85365007, 60.28621761], [24.85113516, 60.28529413]]]}, "geometry_name": "geom", "properties": {"posnro": "01770", "postitoimi": "VANTAA", "postitoiru": "VANDA", "nimi": "Martinlaakson teollisuusalue", "nimiru": "Mårtensdals industriområde", "kunta": "Vantaa", "kunta_nro": "092"}}, {"type": "Feature", "id": "pks_postinumeroalueet_2024.122", "geometry": {"type": "Polygon", "coordinates": [[[24.78852961, 60.36086172], [24.7858691, 60.36173389], [24.7830397, 60.36354427], [24.80984825, 60.38102856], [24.8131351, 60.38310899], [24.8170799, 60.37405851], [24.81410415, 60.37274751], [24.81364344, 60.37239046], [24.81356914, 60.37235625], [24.78852961, 60.36086172]]]}, "geometry_name": "geom", "properties": {"posnro": "01800", "postitoimi": "KLAUKKALA", "postitoiru": "KLÖVSKOG", "nimi": "Klaukkala Keskus", "nimiru": "Klaukkala centrum", "kunta": "Vantaa", "kunta_nro": "543"}}, {"type": "Feature", "id": "pks_postinumeroalueet_2024.123", "geometry": {"type": "Polygon", "coordinates": [[[24.83567204, 60.13041687], [24.83097425, 60.13625338], [24.82845954, 60.1393765], [24.82360263, 60.14540632], [24.82325961, 60.1453276], [24.81849253, 60.14423449], [24.81562929, 60.14572154], [24.81520034, 60.14594435], [24.81558546, 60.1478598], [24.81435617, 60.14845909], [24.81331113, 60.15008281], [24.81586382, 60.15052169], [24.81689256, 60.14889532], [24.81910707, 60.14924347], [24.81819817, 60.15060606], [24.81686818, 60.15259938], [24.81158167, 60.15784452], [24.81450947, 60.1586366], [24.8131092, 60.16054121], [24.80886856, 60.16085056], [24.80810561, 60.16188899], [24.80840824, 60.16252552], [24.80847282, 60.16266222], [24.80881069, 60.1633733], [24.80824329, 60.16385231], [24.80809125, 60.16398089], [24.80773016, 60.16428526], [24.80736581, 60.16459277], [24.80725148, 60.16474052], [24.80715675, 60.16486281], [24.80655898, 60.16489057], [24.80653291, 60.1649136], [24.80649552, 60.16493212], [24.80648408, 60.16494745], [24.8064797, 60.16495795], [24.80647856, 60.16496863], [24.80648224, 60.16498488], [24.80649836, 60.1650007], [24.80651123, 60.16501723], [24.80653111, 60.16503665], [24.80655748, 60.16505383], [24.80674068, 60.16514089], [24.80690059, 60.16523851], [24.80691968, 60.16520829], [24.80700884, 60.16520716], [24.8070129, 60.16525132], [24.80754532, 60.16531205], [24.80777095, 60.16525817], [24.80824917, 60.16525294], [24.80824469, 60.16518795], [24.80835107, 60.16519896], [24.80913222, 60.16504132], [24.80963055, 60.16511043], [24.80978321, 60.165154], [24.80986032, 60.16536907], [24.81018802, 60.16551063], [24.81015804, 60.16574431], [24.80994225, 60.16596435], [24.80987832, 60.16608704], [24.80990527, 60.16609839], [24.80992413, 60.16610784], [24.80993866, 60.16611917], [24.80995101, 60.16613104], [24.80995797, 60.16614379], [24.80996275, 60.16615699], [24.80996213, 60.16617037], [24.80995882, 60.16618355], [24.8099501, 60.1661962], [24.80993542, 60.16621233], [24.80994388, 60.16624304], [24.809954, 60.16626935], [24.80997655, 60.16629344], [24.81000611, 60.16632095], [24.81037887, 60.16614888], [24.81204144, 60.16597318], [24.81312628, 60.16657338], [24.81306817, 60.16738593], [24.81600233, 60.16913442], [24.81609432, 60.16969255], [24.81084705, 60.16977384], [24.80657994, 60.16959913], [24.80657969, 60.17000922], [24.80630087, 60.17000369], [24.80550362, 60.16993647], [24.80523751, 60.16979211], [24.8030295, 60.16968706], [24.80259761, 60.16961363], [24.80092159, 60.16947227], [24.79972231, 60.16940468], [24.79884692, 60.16930705], [24.79635749, 60.16910076], [24.79613334, 60.1690821], [24.79538941, 60.16913822], [24.79545505, 60.16927089], [24.79439101, 60.16918317], [24.79389163, 60.16919164], [24.79387379, 60.16919314], [24.79386081, 60.16919518], [24.7938489, 60.1691983], [24.79383807, 60.16920206], [24.79382831, 60.16920671], [24.79382017, 60.16921199], [24.79381365, 60.16921781], [24.79380875, 60.16922409], [24.79380601, 60.16923064], [24.79380542, 60.16923719], [24.793807, 60.16924383], [24.79381073, 60.1692529], [24.79385416, 60.16930772], [24.79439404, 60.16930434], [24.79440223, 60.16963636], [24.7950448, 60.16963242], [24.79543779, 60.17039558], [24.7926794, 60.17041221], [24.79278271, 60.17056881], [24.79284095, 60.17067472], [24.79288837, 60.17078196], [24.79292444, 60.17089026], [24.79294969, 60.17099935], [24.79297082, 60.17116391], [24.79297346, 60.17117378], [24.79297665, 60.17118115], [24.7929831, 60.17118789], [24.79299062, 60.17119437], [24.79300031, 60.17119986], [24.79301163, 60.1712049], [24.79302458, 60.17120878], [24.79303807, 60.17121194], [24.79305265, 60.17121367], [24.79307264, 60.17121505], [24.79305742, 60.17054088], [24.79450742, 60.17053299], [24.79486032, 60.17053093], [24.79550507, 60.17052708], [24.79584575, 60.1711891], [24.79586437, 60.17193382], [24.79503529, 60.1722001], [24.79386124, 60.17257687], [24.79398549, 60.17267265], [24.79448687, 60.17261096], [24.79501372, 60.17323261], [24.79474431, 60.17327482], [24.79409326, 60.17341356], [24.79477238, 60.17353955], [24.79514266, 60.17361794], [24.79551184, 60.17369848], [24.79616212, 60.17385781], [24.79647994, 60.17394141], [24.79622945, 60.17363272], [24.79614724, 60.17355514], [24.79608428, 60.17351025], [24.79601428, 60.17346805], [24.79588603, 60.17340772], [24.79578461, 60.1733766], [24.79568265, 60.17334637], [24.79567753, 60.17312754], [24.79508408, 60.17313102], [24.79460766, 60.17256887], [24.79545784, 60.17229922], [24.79644852, 60.17229302], [24.79713452, 60.17270362], [24.79654598, 60.17296382], [24.79679373, 60.17310314], [24.79680152, 60.17341693], [24.79621942, 60.17342062], [24.79639721, 60.17359905], [24.79672762, 60.1740066], [24.7967952, 60.17408981], [24.79655664, 60.17403622], [24.79655158, 60.17406835], [24.79732701, 60.17453357], [24.79711385, 60.17474138], [24.79721561, 60.17498073], [24.79738976, 60.17496377], [24.79741211, 60.17502097], [24.79696484, 60.17506445], [24.79737249, 60.17583741], [24.79757677, 60.17601894], [24.79604645, 60.17586473], [24.79620787, 60.17615802], [24.79675718, 60.17692079], [24.79667266, 60.17712791], [24.79684484, 60.17760611], [24.7948946, 60.17734336], [24.79416091, 60.17746061], [24.79369115, 60.17763804], [24.79378116, 60.17793904], [24.79399557, 60.17796801], [24.79404516, 60.17807696], [24.7935742, 60.1780134], [24.79267309, 60.17827488], [24.79168817, 60.17836821], [24.79128699, 60.17855229], [24.79031974, 60.17790642], [24.78967633, 60.17708728], [24.78967793, 60.1768366], [24.78955145, 60.17683658], [24.78955104, 60.17706985], [24.78915429, 60.17706958], [24.7888863, 60.17688453], [24.7888874, 60.17662891], [24.78888821, 60.1764179], [24.7888874, 60.17629215], [24.78899817, 60.176212], [24.78926479, 60.17602071], [24.78879776, 60.17610945], [24.78839831, 60.17602821], [24.7881868, 60.17596917], [24.78814001, 60.17677186], [24.78845389, 60.1772188], [24.78880259, 60.17771525], [24.78878827, 60.17960789], [24.78903099, 60.17960836], [24.78914622, 60.17993157], [24.78921043, 60.18028764], [24.7892282, 60.1805511], [24.7891904, 60.18062966], [24.78967994, 60.18091801], [24.78870152, 60.18099473], [24.78834426, 60.18115248], [24.78887225, 60.18151629], [24.78888005, 60.18156342], [24.78892077, 60.18187431], [24.78950152, 60.18227428], [24.78968104, 60.18226828], [24.7903246, 60.18274141], [24.79053224, 60.18273474], [24.79290553, 60.18265392], [24.79370148, 60.18262787], [24.79501978, 60.18258468], [24.79547639, 60.18261878], [24.79576975, 60.18264921], [24.79596422, 60.18267491], [24.7961554, 60.18270608], [24.79634277, 60.18274245], [24.79652578, 60.1827841], [24.7967039, 60.18283069], [24.79687658, 60.1828822], [24.79712475, 60.18296597], [24.79930707, 60.18379359], [24.79975161, 60.18394882], [24.79999554, 60.18402162], [24.80024163, 60.18409362], [24.80072748, 60.18421381], [24.80100558, 60.18426934], [24.80126316, 60.18432061], [24.80179412, 60.184403], [24.80233655, 60.18446511], [24.80276126, 60.18450505], [24.80368424, 60.18458101], [24.80417226, 60.18461108], [24.80466354, 60.18464017], [24.80559595, 60.18467618], [24.80568838, 60.18467946], [24.8059267, 60.18469776], [24.80616229, 60.18472198], [24.80636754, 60.18475701], [24.80653063, 60.18478795], [24.80668611, 60.18482659], [24.80687775, 60.18487758], [24.80788551, 60.18515872], [24.80887644, 60.18545401], [24.80956632, 60.18564286], [24.80957844, 60.18560338], [24.80963847, 60.18541435], [24.80976679, 60.18500885], [24.80974756, 60.18487473], [24.80964814, 60.18421067], [24.80871502, 60.18401887], [24.80853007, 60.18272641], [24.80980105, 60.1828232], [24.81000667, 60.18269829], [24.80929377, 60.18266719], [24.80943323, 60.18201847], [24.8100002, 60.18204073], [24.81016265, 60.18208674], [24.81006764, 60.18262558], [24.81010324, 60.18263945], [24.81040914, 60.18246729], [24.81072744, 60.18230117], [24.81089066, 60.1822138], [24.81056872, 60.1821681], [24.81016285, 60.18205317], [24.81017826, 60.18191237], [24.81057109, 60.18156935], [24.81125923, 60.18176546], [24.81083924, 60.18213151], [24.81096499, 60.18216741], [24.81112843, 60.18204253], [24.81120021, 60.18197011], [24.81126929, 60.18189714], [24.81132054, 60.1818203], [24.81136856, 60.18174327], [24.81139821, 60.1816637], [24.81142407, 60.18158403], [24.81143736, 60.18143515], [24.81142866, 60.18125572], [24.81140971, 60.18116638], [24.81138903, 60.18109635], [24.81135212, 60.1810279], [24.81129801, 60.18094238], [24.81119859, 60.18083938], [24.81111793, 60.18076584], [24.81102535, 60.18069588], [24.81092573, 60.18062825], [24.81081527, 60.18056508], [24.81069831, 60.18050478], [24.81057213, 60.18044949], [24.81039253, 60.18037842], [24.81033937, 60.18040984], [24.8100855, 60.18056134], [24.80953861, 60.18062402], [24.80937594, 60.18052227], [24.80906775, 60.18043925], [24.80878062, 60.18026759], [24.80872088, 60.18012991], [24.8087928, 60.17993874], [24.80879606, 60.17956349], [24.80924256, 60.17956592], [24.80932412, 60.17957789], [24.80937965, 60.17950966], [24.80918582, 60.1794698], [24.80916346, 60.17950316], [24.80858628, 60.17938574], [24.80865863, 60.17921432], [24.80890629, 60.17901327], [24.80920017, 60.17867361], [24.80938486, 60.17851708], [24.80913426, 60.17848046], [24.80860889, 60.17856541], [24.8080542, 60.1784876], [24.80784937, 60.17885063], [24.80533354, 60.17849791], [24.80556351, 60.17809202], [24.80781844, 60.17840801], [24.80843344, 60.17731982], [24.81031566, 60.17758362], [24.81025177, 60.17769599], [24.81016298, 60.17772072], [24.809885, 60.17821317], [24.80972538, 60.17833501], [24.80935756, 60.17828341], [24.80931933, 60.17835121], [24.80931658, 60.17835919], [24.80931654, 60.17836709], [24.8093192, 60.1783749], [24.80932456, 60.17838254], [24.80933317, 60.17838928], [24.8093434, 60.1783954], [24.80935581, 60.17840053], [24.80936984, 60.1784045], [24.80995781, 60.1785223], [24.81001945, 60.17842653], [24.81036854, 60.17788114], [24.81102092, 60.17798403], [24.81119982, 60.17770551], [24.81147942, 60.17749175], [24.81115688, 60.17727678], [24.8106016, 60.17673908], [24.81052267, 60.17664894], [24.81045556, 60.1765687], [24.8104074, 60.1764856], [24.81036194, 60.17640162], [24.81033541, 60.17631577], [24.8103084, 60.17621844], [24.8102545, 60.17581752], [24.81449491, 60.17579166], [24.81450113, 60.17603095], [24.81462713, 60.17602117], [24.8146214, 60.17579085], [24.8151976, 60.17578726], [24.81742645, 60.17484873], [24.81751242, 60.1710428], [24.81802826, 60.17118945], [24.81806141, 60.17008094], [24.82112892, 60.17015575], [24.82152513, 60.17023778], [24.82172372, 60.17029002], [24.82192231, 60.17034324], [24.82227943, 60.17046112], [24.82287385, 60.17066952], [24.82407727, 60.17109117], [24.8243765, 60.17122602], [24.82454196, 60.17131133], [24.82470254, 60.17139878], [24.82495517, 60.17155583], [24.82515093, 60.17153167], [24.82521127, 60.17156792], [24.82525113, 60.17159203], [24.82534847, 60.17158157], [24.8253793, 60.17157649], [24.82531151, 60.17151797], [24.82595079, 60.17142726], [24.82590506, 60.17138744], [24.82585462, 60.17131943], [24.82573565, 60.17123212], [24.82573511, 60.17123221], [24.82542944, 60.17098759], [24.82537936, 60.17095297], [24.8251768, 60.17083368], [24.82487591, 60.17060603], [24.82482697, 60.170561], [24.82479476, 60.17052218], [24.82475453, 60.17046459], [24.82472618, 60.17041026], [24.82471495, 60.17038744], [24.82470646, 60.17035745], [24.82469852, 60.17032603], [24.8246964, 60.17031849], [24.82468851, 60.17027863], [24.82468379, 60.1702508], [24.82468297, 60.17020349], [24.82469063, 60.17018492], [24.82469951, 60.17014132], [24.82472465, 60.17008777], [24.82474103, 60.17005619], [24.82474867, 60.17004256], [24.82476449, 60.1700144], [24.82478952, 60.16998203], [24.82481565, 60.16994814], [24.8248412, 60.16991828], [24.82487109, 60.16988763], [24.82491073, 60.16985115], [24.82496123, 60.1698067], [24.8250247, 60.1697602], [24.82503714, 60.16975914], [24.82508254, 60.16975821], [24.82513222, 60.16976384], [24.82516893, 60.16977242], [24.82521478, 60.16978782], [24.82526388, 60.16980252], [24.82534054, 60.16981599], [24.82546257, 60.16983527], [24.82556083, 60.16985272], [24.82559323, 60.16985842], [24.8257077, 60.16987679], [24.8257509, 60.1698834], [24.82575144, 60.16988322], [24.82576611, 60.16986861], [24.82577697, 60.16985714], [24.82578838, 60.16984593], [24.82584974, 60.16979081], [24.82586819, 60.16977693], [24.82592027, 60.16973894], [24.82599237, 60.16969568], [24.82607202, 60.16965558], [24.8261576, 60.16961934], [24.8262491, 60.16958697], [24.82635517, 60.16955677], [24.82646663, 60.16953098], [24.82658564, 60.16950887], [24.82670625, 60.16948884], [24.82682145, 60.16947121], [24.82693611, 60.16945359], [24.82702481, 60.16944016], [24.8271135, 60.16942654], [24.82724222, 60.1694066], [24.82737094, 60.16938657], [24.82748777, 60.16936842], [24.82757322, 60.16935524], [24.82760459, 60.16935044], [24.82771275, 60.16933397], [24.82782091, 60.16931823], [24.82796801, 60.16929796], [24.8281151, 60.16927813], [24.82824165, 60.16926007], [24.82836874, 60.16924193], [24.82850393, 60.16922308], [24.82863913, 60.16920413], [24.82875811, 60.16918741], [24.82887708, 60.1691706], [24.82899065, 60.16915486], [24.82910529, 60.16913966], [24.82913936, 60.1691354], [24.82917396, 60.16913123], [24.82923722, 60.16912484], [24.82930102, 60.16911954], [24.82938751, 60.16911355], [24.829474, 60.16910872], [24.82952373, 60.1691061], [24.82957292, 60.16910347], [24.82970156, 60.16909771], [24.82979075, 60.16909351], [24.83038423, 60.16906914], [24.8304372, 60.16906679], [24.8304891, 60.16906326], [24.83053883, 60.16905911], [24.83058209, 60.16905477], [24.8306248, 60.16905042], [24.83068645, 60.1690418], [24.83074918, 60.16903254], [24.83084167, 60.16901623], [24.83093309, 60.16899876], [24.83100611, 60.16898494], [24.83107914, 60.16897103], [24.83116624, 60.1689522], [24.83118626, 60.16894801], [24.83120249, 60.16894345], [24.83121819, 60.16893809], [24.83123335, 60.16893183], [24.83124744, 60.16892466], [24.83126153, 60.16891678], [24.831274, 60.16890827], [24.83128703, 60.16889779], [24.83129789, 60.16888694], [24.8313066, 60.1688743], [24.83131207, 60.16886129], [24.8313138, 60.16883966], [24.83130957, 60.16882296], [24.83129414, 60.16877528], [24.83125129, 60.16870154], [24.83143789, 60.16866902], [24.83143682, 60.16866641], [24.8315558, 60.16864744], [24.83165369, 60.16863276], [24.83175211, 60.16861807], [24.83189543, 60.16859528], [24.83203821, 60.16857159], [24.83218641, 60.16854691], [24.8323346, 60.16852179], [24.83244764, 60.16850254], [24.83256068, 60.16848285], [24.83271699, 60.16845496], [24.83287277, 60.16842661], [24.83299338, 60.16840477], [24.833114, 60.16838293], [24.83326274, 60.16835619], [24.83341095, 60.16832919], [24.83359377, 60.16829495], [24.8337766, 60.16826035], [24.83392372, 60.16823218], [24.83407085, 60.16820319], [24.83420663, 60.16817518], [24.83434241, 60.16814689], [24.83449549, 60.16811612], [24.83464857, 60.16808535], [24.83477948, 60.16805787], [24.83478597, 60.16805671], [24.83492337, 60.1680278], [24.83503264, 60.16800523], [24.83504238, 60.16800308], [24.83516193, 60.16797828], [24.8352593, 60.16795749], [24.83535667, 60.16793652], [24.83549083, 60.16790706], [24.83562445, 60.16787734], [24.83583651, 60.16783129], [24.83604803, 60.16778452], [24.83616272, 60.16775846], [24.83627687, 60.16773194], [24.83639805, 60.16770382], [24.8365187, 60.16767524], [24.83667992, 60.16763604], [24.83684007, 60.16759612], [24.83694666, 60.16756896], [24.83705325, 60.16754154], [24.83718202, 60.16750849], [24.83731133, 60.16747553], [24.83737896, 60.16745748], [24.83744768, 60.16743934], [24.83751369, 60.16742192], [24.83757916, 60.16740441], [24.83766628, 60.16738136], [24.83775339, 60.16735813], [24.83785241, 60.16733169], [24.83795034, 60.16730488], [24.83795358, 60.16730641], [24.83800444, 60.16729274], [24.83813214, 60.16725843], [24.83773744, 60.16686608], [24.83829148, 60.16672171], [24.83824254, 60.16667372], [24.83821619, 60.16664811], [24.83872643, 60.16650791], [24.83880707, 60.16659175], [24.83932306, 60.16704617], [24.83939517, 60.16710729], [24.83947363, 60.16708396], [24.83961313, 60.16706645], [24.83972125, 60.16705653], [24.8398315, 60.16705433], [24.83994118, 60.16705554], [24.84004921, 60.16706446], [24.84018963, 60.16708052], [24.84033004, 60.16709657], [24.84043861, 60.1671055], [24.8405483, 60.16710671], [24.84065801, 60.16710433], [24.84076613, 60.16709459], [24.84090562, 60.16707707], [24.84200122, 60.16679323], [24.84259961, 60.16663804], [24.84273602, 60.16658758], [24.84286327, 60.16653163], [24.84296572, 60.16646372], [24.84307895, 60.1664004], [24.84439056, 60.16602004], [24.84439056, 60.16601995], [24.84440432, 60.16573948], [24.84440549, 60.16571938], [24.84440611, 60.16570367], [24.84441207, 60.16558476], [24.84434854, 60.16542196], [24.84427968, 60.16524488], [24.84317928, 60.16258101], [24.84174898, 60.15901596], [24.84094175, 60.15702926], [24.84091607, 60.1551889], [24.84085874, 60.15106971], [24.83943519, 60.15026271], [24.83939148, 60.15003298], [24.83937832, 60.14996242], [24.8393636, 60.14988126], [24.83914375, 60.14867173], [24.8391103, 60.14855438], [24.83827209, 60.14416273], [24.8380221, 60.14284078], [24.83682769, 60.13651841], [24.83567204, 60.13041687]]]}, "geometry_name": "geom", "properties": {"posnro": "02100", "postitoimi": "ESPOO", "postitoiru": "ESBO", "nimi": "Tapiola", "nimiru": "Hagalund", "kunta": "Espoo", "kunta_nro": "049"}}, {"type": "Feature", "id": "pks_postinumeroalueet_2024.124", "geometry": {"type": "Polygon", "coordinates": [[[24.81125369, 60.18602825], [24.81118122, 60.18584262], [24.81190695, 60.18506019], [24.81311002, 60.18390065], [24.81349993, 60.18369027], [24.81395057, 60.1834474], [24.8145403, 60.18308122], [24.81553127, 60.18260134], [24.81625855, 60.18228408], [24.81754345, 60.18172373], [24.81899801, 60.18117059], [24.81987288, 60.18083915], [24.82086258, 60.18046424], [24.82324248, 60.17961037], [24.82375661, 60.17950146], [24.82388973, 60.17947471], [24.82441096, 60.17924949], [24.82499772, 60.17899914], [24.82612085, 60.17851666], [24.82619237, 60.17848588], [24.82667316, 60.1782334], [24.82681892, 60.17816762], [24.82692942, 60.17812333], [24.82704854, 60.17808472], [24.82717251, 60.17804978], [24.82730185, 60.17802096], [24.82748582, 60.17798647], [24.82761401, 60.17796958], [24.82751796, 60.17773268], [24.82745971, 60.17760569], [24.82740359, 60.1774832], [24.82721926, 60.17707376], [24.82720537, 60.17704314], [24.82735336, 60.17685781], [24.82743127, 60.17674123], [24.82750107, 60.17662347], [24.82759236, 60.17642936], [24.82779775, 60.17642936], [24.82776478, 60.1766362], [24.8277311, 60.1767707], [24.82768716, 60.17690429], [24.82760178, 60.17710747], [24.82758922, 60.17713142], [24.8276833, 60.1771249], [24.82777144, 60.17711936], [24.82786114, 60.17712432], [24.82795408, 60.1771301], [24.82817398, 60.17714887], [24.82831611, 60.17715453], [24.82845772, 60.17715543], [24.82868046, 60.17714675], [24.82886932, 60.17710642], [24.8287984, 60.17702385], [24.82870342, 60.17689017], [24.82865738, 60.17680493], [24.82861999, 60.17671881], [24.82858126, 60.17657829], [24.82843909, 60.17585576], [24.82837879, 60.1757075], [24.82832062, 60.17556445], [24.82823814, 60.17541948], [24.8281578, 60.17527837], [24.82802536, 60.17507517], [24.827894, 60.17487243], [24.82758912, 60.17426287], [24.82746625, 60.17398842], [24.8274157, 60.17383496], [24.82737003, 60.17368133], [24.82731961, 60.17340141], [24.82738359, 60.17336254], [24.82739661, 60.17335295], [24.82746172, 60.17330475], [24.82754103, 60.17322946], [24.8272959, 60.17318202], [24.82713818, 60.17316557], [24.82700528, 60.17315382], [24.82687018, 60.17315104], [24.82670913, 60.17315047], [24.82655565, 60.17314847], [24.82648004, 60.1731367], [24.82640769, 60.17312485], [24.82628036, 60.17308187], [24.8260826, 60.17307336], [24.82534847, 60.17158157], [24.82525113, 60.17159203], [24.82521127, 60.17156792], [24.82515093, 60.17153167], [24.82495517, 60.17155583], [24.82470254, 60.17139878], [24.82454196, 60.17131133], [24.8243765, 60.17122602], [24.82407727, 60.17109117], [24.82287385, 60.17066952], [24.82227943, 60.17046112], [24.82192231, 60.17034324], [24.82172372, 60.17029002], [24.82152513, 60.17023778], [24.82112892, 60.17015575], [24.81806141, 60.17008094], [24.81802826, 60.17118945], [24.81751242, 60.1710428], [24.81742645, 60.17484873], [24.8151976, 60.17578726], [24.8146214, 60.17579085], [24.81462713, 60.17602117], [24.81450113, 60.17603095], [24.81449491, 60.17579166], [24.8102545, 60.17581752], [24.8103084, 60.17621844], [24.81033541, 60.17631577], [24.81036194, 60.17640162], [24.8104074, 60.1764856], [24.81045556, 60.1765687], [24.81052267, 60.17664894], [24.8106016, 60.17673908], [24.81115688, 60.17727678], [24.81147942, 60.17749175], [24.81119982, 60.17770551], [24.81102092, 60.17798403], [24.81036854, 60.17788114], [24.81001945, 60.17842653], [24.80995781, 60.1785223], [24.80936984, 60.1784045], [24.80935581, 60.17840053], [24.8093434, 60.1783954], [24.80933317, 60.17838928], [24.80932456, 60.17838254], [24.8093192, 60.1783749], [24.80931654, 60.17836709], [24.80931658, 60.17835919], [24.80931933, 60.17835121], [24.80935756, 60.17828341], [24.80972538, 60.17833501], [24.809885, 60.17821317], [24.81016298, 60.17772072], [24.81025177, 60.17769599], [24.81031566, 60.17758362], [24.80843344, 60.17731982], [24.80781844, 60.17840801], [24.80556351, 60.17809202], [24.80533354, 60.17849791], [24.80784937, 60.17885063], [24.8080542, 60.1784876], [24.80860889, 60.17856541], [24.80913426, 60.17848046], [24.80938486, 60.17851708], [24.80920017, 60.17867361], [24.80890629, 60.17901327], [24.80865863, 60.17921432], [24.80858627, 60.17938708], [24.80916346, 60.17950316], [24.80918582, 60.1794698], [24.80937965, 60.17950966], [24.80932412, 60.17957789], [24.80924256, 60.17956592], [24.80879606, 60.17956349], [24.8087928, 60.17993874], [24.80872088, 60.18012991], [24.80878062, 60.18026759], [24.80906775, 60.18043925], [24.80937594, 60.18052227], [24.80953861, 60.18062402], [24.8100855, 60.18056134], [24.81033937, 60.18040984], [24.81039253, 60.18037842], [24.81057213, 60.18044949], [24.81069831, 60.18050478], [24.81081527, 60.18056508], [24.81092573, 60.18062825], [24.81102535, 60.18069588], [24.81111793, 60.18076584], [24.81119859, 60.18083938], [24.81129801, 60.18094238], [24.81135212, 60.1810279], [24.81138903, 60.18109635], [24.81140971, 60.18116638], [24.81142866, 60.18125572], [24.81143736, 60.18143515], [24.81142407, 60.18158403], [24.81139821, 60.1816637], [24.81136856, 60.18174327], [24.81132054, 60.1818203], [24.81126929, 60.18189714], [24.81120021, 60.18197011], [24.81112843, 60.18204253], [24.81096499, 60.18216741], [24.81083924, 60.18213151], [24.81125923, 60.18176546], [24.81057109, 60.18156935], [24.81017826, 60.18191237], [24.81016285, 60.18205317], [24.81056872, 60.1821681], [24.81089066, 60.1822138], [24.81072744, 60.18230117], [24.81040914, 60.18246729], [24.81010324, 60.18263945], [24.81006764, 60.18262558], [24.81016265, 60.18208674], [24.8100002, 60.18204073], [24.80943323, 60.18201847], [24.80929377, 60.18266719], [24.81000667, 60.18269829], [24.80980105, 60.1828232], [24.80853007, 60.18272641], [24.80871502, 60.18401887], [24.80964814, 60.18421067], [24.80974756, 60.18487473], [24.80976679, 60.18500885], [24.80963847, 60.18541435], [24.80957844, 60.18560338], [24.80956632, 60.18564286], [24.80948894, 60.18574704], [24.80961729, 60.18561582], [24.8104823, 60.18581335], [24.81125369, 60.18602825]]]}, "geometry_name": "geom", "properties": {"posnro": "02110", "postitoimi": "ESPOO", "postitoiru": "ESBO", "nimi": "Otsolahti", "nimiru": "Björnviken", "kunta": "Espoo", "kunta_nro": "049"}}, {"type": "Feature", "id": "pks_postinumeroalueet_2024.125", "geometry": {"type": "Polygon", "coordinates": [[[24.79757677, 60.17601894], [24.79737249, 60.17583741], [24.79696484, 60.17506445], [24.79741211, 60.17502097], [24.79738976, 60.17496377], [24.79721561, 60.17498073], [24.79711385, 60.17474138], [24.79732701, 60.17453357], [24.79655158, 60.17406835], [24.79655664, 60.17403622], [24.7967952, 60.17408981], [24.79672762, 60.1740066], [24.79639721, 60.17359905], [24.79621942, 60.17342062], [24.79680152, 60.17341693], [24.79679373, 60.17310314], [24.79654598, 60.17296382], [24.79713452, 60.17270362], [24.79644852, 60.17229302], [24.79545784, 60.17229922], [24.79460766, 60.17256887], [24.79508408, 60.17313102], [24.79567753, 60.17312754], [24.79568265, 60.17334637], [24.79578461, 60.1733766], [24.79588603, 60.17340772], [24.79601428, 60.17346805], [24.79608428, 60.17351025], [24.79614724, 60.17355514], [24.79622945, 60.17363272], [24.79647994, 60.17394141], [24.79616212, 60.17385781], [24.79551184, 60.17369848], [24.79514266, 60.17361794], [24.79477238, 60.17353955], [24.79409326, 60.17341356], [24.79474431, 60.17327482], [24.79501372, 60.17323261], [24.79448687, 60.17261096], [24.79398549, 60.17267265], [24.79386124, 60.17257687], [24.79503529, 60.1722001], [24.79586437, 60.17193382], [24.79584575, 60.1711891], [24.79550507, 60.17052708], [24.79486032, 60.17053093], [24.79450742, 60.17053299], [24.79305742, 60.17054088], [24.79307264, 60.17121505], [24.79305265, 60.17121367], [24.79303807, 60.17121194], [24.79302458, 60.17120878], [24.79301163, 60.1712049], [24.79300031, 60.17119986], [24.79299062, 60.17119437], [24.7929831, 60.17118789], [24.79297665, 60.17118115], [24.79297346, 60.17117378], [24.79297082, 60.17116391], [24.79294969, 60.17099935], [24.79292444, 60.17089026], [24.79288837, 60.17078196], [24.79284095, 60.17067472], [24.79278271, 60.17056881], [24.7926794, 60.17041221], [24.79543779, 60.17039558], [24.7950448, 60.16963242], [24.79440223, 60.16963636], [24.79439404, 60.16930434], [24.79385416, 60.16930772], [24.79381073, 60.1692529], [24.793807, 60.16924383], [24.79380542, 60.16923719], [24.79380601, 60.16923064], [24.79380875, 60.16922409], [24.79381365, 60.16921781], [24.79382017, 60.16921199], [24.79382831, 60.16920671], [24.79383807, 60.16920206], [24.7938489, 60.1691983], [24.79386081, 60.16919518], [24.79387379, 60.16919314], [24.79389163, 60.16919164], [24.79439101, 60.16918317], [24.79545505, 60.16927089], [24.79538941, 60.16913822], [24.79613334, 60.1690821], [24.79401894, 60.16896808], [24.79228089, 60.1689064], [24.79140302, 60.16886418], [24.79047918, 60.16882745], [24.78851645, 60.16883268], [24.78640183, 60.1688414], [24.78564787, 60.16885922], [24.78456003, 60.16886293], [24.78453368, 60.16900891], [24.78482055, 60.16902132], [24.78469818, 60.16971878], [24.78466281, 60.1699213], [24.78446128, 60.17106867], [24.7828782, 60.17215957], [24.78163344, 60.17217646], [24.78100987, 60.17199754], [24.78092507, 60.1720718], [24.78230873, 60.17246191], [24.78306827, 60.17267615], [24.78287736, 60.1728592], [24.7825804, 60.17314342], [24.78330447, 60.17332905], [24.78342965, 60.17336103], [24.78308578, 60.17370916], [24.78253133, 60.17427039], [24.7829689, 60.17479545], [24.78310315, 60.17501009], [24.78314925, 60.17506851], [24.78445081, 60.17670991], [24.78633946, 60.17678325], [24.78681689, 60.17717615], [24.78845389, 60.1772188], [24.78814001, 60.17677186], [24.7881868, 60.17596917], [24.78839831, 60.17602821], [24.78879776, 60.17610945], [24.78926479, 60.17602071], [24.78899817, 60.176212], [24.7888874, 60.17629215], [24.78888821, 60.1764179], [24.7888874, 60.17662891], [24.7888863, 60.17688453], [24.78915429, 60.17706958], [24.78955104, 60.17706985], [24.78955145, 60.17683658], [24.78967793, 60.1768366], [24.78967633, 60.17708728], [24.79031974, 60.17790642], [24.79128699, 60.17855229], [24.79168817, 60.17836821], [24.79267309, 60.17827488], [24.7935742, 60.1780134], [24.79404516, 60.17807696], [24.79399557, 60.17796801], [24.79378116, 60.17793904], [24.79369115, 60.17763804], [24.79416091, 60.17746061], [24.7948946, 60.17734336], [24.79684484, 60.17760611], [24.79667266, 60.17712791], [24.79675718, 60.17692079], [24.79620787, 60.17615802], [24.79604645, 60.17586473], [24.79757677, 60.17601894]]]}, "geometry_name": "geom", "properties": {"posnro": "02120", "postitoimi": "ESPOO", "postitoiru": "ESBO", "nimi": "Länsikorkee-Suvikumpu", "nimiru": "Västerhöjden-Solhöjden", "kunta": "Espoo", "kunta_nro": "049"}}, {"type": "Feature", "id": "pks_postinumeroalueet_2024.126", "geometry": {"type": "Polygon", "coordinates": [[[24.78834426, 60.18115248], [24.78870152, 60.18099473], [24.78967994, 60.18091801], [24.7891904, 60.18062966], [24.7892282, 60.1805511], [24.78921043, 60.18028764], [24.78914622, 60.17993157], [24.78903099, 60.17960836], [24.78878827, 60.17960789], [24.78759903, 60.17960563], [24.7873078, 60.17966781], [24.78700466, 60.17973275], [24.78714353, 60.17990818], [24.78703824, 60.17997308], [24.78737283, 60.18039493], [24.78718014, 60.18043285], [24.78640815, 60.18060564], [24.78527559, 60.18085926], [24.78517544, 60.18088153], [24.78407641, 60.18112953], [24.78372782, 60.18119853], [24.7831103, 60.18122247], [24.78196538, 60.18121305], [24.78036369, 60.18119991], [24.78035793, 60.18141432], [24.7803338, 60.18162826], [24.77986135, 60.18186407], [24.77870723, 60.18281597], [24.77666168, 60.18470357], [24.77653915, 60.18483369], [24.77646609, 60.18492431], [24.77640382, 60.18501683], [24.77635128, 60.18511116], [24.77631116, 60.18520669], [24.77628077, 60.18530312], [24.77626226, 60.18540029], [24.77625457, 60.18549802], [24.77625877, 60.18559568], [24.77628051, 60.18573879], [24.77634692, 60.1859115], [24.77640197, 60.18600538], [24.77646027, 60.18609856], [24.77653643, 60.1861888], [24.77661584, 60.18627788], [24.7767889, 60.18643129], [24.77704724, 60.18660711], [24.77728729, 60.18676835], [24.77754307, 60.18692352], [24.77780047, 60.18707779], [24.7780736, 60.18722571], [24.77834729, 60.18737238], [24.77863724, 60.18751252], [24.7789272, 60.18765141], [24.77923128, 60.18778287], [24.7795634, 60.18792496], [24.78126388, 60.18866314], [24.78128654, 60.18867026], [24.7813049, 60.18867487], [24.78132434, 60.1886776], [24.78134434, 60.18867925], [24.78136435, 60.18867892], [24.78138436, 60.1886777], [24.78140385, 60.18867423], [24.78142226, 60.18867013], [24.78143852, 60.18866414], [24.78145371, 60.18865744], [24.78146566, 60.18864929], [24.78147979, 60.18863791], [24.7816922, 60.18873421], [24.78194018, 60.18884636], [24.78241837, 60.1890631], [24.78286043, 60.18926442], [24.78339902, 60.18950764], [24.78343891, 60.18952575], [24.78372544, 60.18961705], [24.78459996, 60.19000675], [24.78580802, 60.19041385], [24.78674275, 60.19044848], [24.78684816, 60.1904526], [24.78687472, 60.19027627], [24.78748663, 60.19031011], [24.78795314, 60.19033293], [24.78841859, 60.19035558], [24.78888845, 60.19036252], [24.78936053, 60.19036102], [24.78983369, 60.19035935], [24.78994381, 60.18988194], [24.79034016, 60.1898832], [24.79034185, 60.1897877], [24.79069007, 60.18979014], [24.79079492, 60.18979847], [24.79086948, 60.18980855], [24.79093967, 60.18982527], [24.79102979, 60.18985296], [24.79108209, 60.18987809], [24.79096828, 60.18991704], [24.79115506, 60.19005233], [24.7903839, 60.19031615], [24.79065949, 60.19051629], [24.79092914, 60.1907149], [24.79121121, 60.19091684], [24.79153095, 60.19114837], [24.79186524, 60.19138953], [24.79208593, 60.19155044], [24.79224795, 60.19158364], [24.7928037, 60.19169562], [24.7933308, 60.19180388], [24.79377582, 60.1918963], [24.79421761, 60.19198558], [24.79469614, 60.19208038], [24.79519952, 60.19218079], [24.79532482, 60.19220575], [24.79537862, 60.19259869], [24.79454143, 60.19243458], [24.79410719, 60.19234712], [24.7936735, 60.1922592], [24.79323115, 60.1921719], [24.79279801, 60.19208308], [24.79236104, 60.19200081], [24.79193062, 60.19191047], [24.79149639, 60.19182363], [24.79110722, 60.19230607], [24.79096332, 60.19248428], [24.79130898, 60.19255357], [24.79133721, 60.19313307], [24.79167862, 60.19319051], [24.79152472, 60.19341116], [24.79137244, 60.19363144], [24.7912207, 60.19385155], [24.79106788, 60.19407166], [24.79091289, 60.19429131], [24.79076059, 60.1945133], [24.79171518, 60.19467601], [24.79192263, 60.19471134], [24.79200799, 60.19472574], [24.79294315, 60.1948823], [24.79389019, 60.19504506], [24.79365857, 60.19532752], [24.79364171, 60.19534185], [24.79362596, 60.19535287], [24.79360643, 60.19536172], [24.79358529, 60.19536995], [24.79356092, 60.19537548], [24.79353547, 60.19538028], [24.79350896, 60.19538204], [24.79348245, 60.19538289], [24.79345596, 60.1953807], [24.79342354, 60.19537679], [24.79269004, 60.19522629], [24.79263435, 60.19513842], [24.79235133, 60.19508027], [24.79221399, 60.19524619], [24.79138058, 60.19507516], [24.79060955, 60.19598163], [24.79095477, 60.19637951], [24.79067396, 60.19656702], [24.79027158, 60.19682056], [24.79019705, 60.19697231], [24.79087747, 60.19722398], [24.79119583, 60.19734161], [24.79173376, 60.19754701], [24.79187616, 60.19752425], [24.79210309, 60.19756069], [24.79273958, 60.1976632], [24.79472731, 60.19722138], [24.79566769, 60.19637932], [24.79508668, 60.19622862], [24.79470735, 60.19608784], [24.79429593, 60.19597582], [24.79388398, 60.19586245], [24.79370149, 60.19581298], [24.79408608, 60.19545949], [24.79610023, 60.19579075], [24.79577079, 60.19623856], [24.79657756, 60.19643879], [24.79697087, 60.19607086], [24.79737194, 60.19593379], [24.79780137, 60.19584505], [24.79826422, 60.19577422], [24.7988249, 60.19571341], [24.79926341, 60.19608476], [24.80001382, 60.19586321], [24.80003507, 60.19583731], [24.7992999, 60.19568837], [24.79915315, 60.19563008], [24.7993237, 60.19542229], [24.79951008, 60.19518948], [24.79970296, 60.19495605], [24.79989474, 60.19472351], [24.80008328, 60.19449044], [24.80026911, 60.19425772], [24.80057052, 60.19431777], [24.80063429, 60.19423574], [24.80033179, 60.19417721], [24.80055742, 60.19389177], [24.80073127, 60.19367124], [24.80118768, 60.19376491], [24.80163978, 60.1938557], [24.80180561, 60.19388853], [24.80225719, 60.19397815], [24.80270822, 60.19406821], [24.80315925, 60.194159], [24.80361081, 60.19425095], [24.80406654, 60.19437037], [24.80447888, 60.19451216], [24.80480683, 60.19420191], [24.80508791, 60.19431631], [24.80607169, 60.19430923], [24.80874625, 60.19370934], [24.80854158, 60.19235851], [24.80965733, 60.18944049], [24.81022953, 60.18942238], [24.81149127, 60.18938424], [24.81142322, 60.18889821], [24.81216847, 60.18887431], [24.81239941, 60.18886549], [24.81263683, 60.18885783], [24.81287207, 60.18885251], [24.81334476, 60.18883586], [24.81276686, 60.18738865], [24.81264307, 60.18709866], [24.81266906, 60.18709196], [24.81269236, 60.18708311], [24.81270266, 60.18707801], [24.81271461, 60.1870695], [24.81272764, 60.18705982], [24.81274181, 60.1870392], [24.81274514, 60.18702466], [24.81274358, 60.18701389], [24.81273932, 60.18700294], [24.81273503, 60.18699593], [24.81272267, 60.18698272], [24.81270867, 60.186973], [24.81270544, 60.18697085], [24.81269519, 60.18696554], [24.81243015, 60.18688851], [24.8117349, 60.18668692], [24.81154892, 60.18668486], [24.81068857, 60.18642371], [24.81074427, 60.18642208], [24.81125369, 60.18602825], [24.8104823, 60.18581335], [24.80961729, 60.18561582], [24.80948894, 60.18574704], [24.80956632, 60.18564286], [24.80887644, 60.18545401], [24.80788551, 60.18515872], [24.80687775, 60.18487758], [24.80668611, 60.18482659], [24.80653063, 60.18478795], [24.80636754, 60.18475701], [24.80616229, 60.18472198], [24.8059267, 60.18469776], [24.80568838, 60.18467946], [24.80559595, 60.18467618], [24.80466354, 60.18464017], [24.80417226, 60.18461108], [24.80368424, 60.18458101], [24.80276126, 60.18450505], [24.80233655, 60.18446511], [24.80179412, 60.184403], [24.80126316, 60.18432061], [24.80100558, 60.18426934], [24.80072748, 60.18421381], [24.80024163, 60.18409362], [24.79999554, 60.18402162], [24.79975161, 60.18394882], [24.79930707, 60.18379359], [24.79712475, 60.18296597], [24.79687658, 60.1828822], [24.7967039, 60.18283069], [24.79652578, 60.1827841], [24.79634277, 60.18274245], [24.7961554, 60.18270608], [24.79596422, 60.18267491], [24.79576975, 60.18264921], [24.79547639, 60.18261878], [24.79501978, 60.18258468], [24.79370148, 60.18262787], [24.79290553, 60.18265392], [24.79053224, 60.18273474], [24.7903246, 60.18274141], [24.78968104, 60.18226828], [24.78950152, 60.18227428], [24.78892077, 60.18187431], [24.78888005, 60.18156342], [24.78887225, 60.18151629], [24.78834426, 60.18115248]]]}, "geometry_name": "geom", "properties": {"posnro": "02130", "postitoimi": "ESPOO", "postitoiru": "ESBO", "nimi": "Pohjois-Tapiola", "nimiru": "Norra Hagalund", "kunta": "Espoo", "kunta_nro": "049"}}, {"type": "Feature", "id": "pks_postinumeroalueet_2024.127", "geometry": {"type": "Polygon", "coordinates": [[[24.79577079, 60.19623856], [24.79610023, 60.19579075], [24.79408608, 60.19545949], [24.79370149, 60.19581298], [24.79388398, 60.19586245], [24.79429593, 60.19597582], [24.79470735, 60.19608784], [24.79508668, 60.19622862], [24.79566769, 60.19637932], [24.79472731, 60.19722138], [24.79273958, 60.1976632], [24.7934166, 60.19777223], [24.79486435, 60.19744975], [24.79623172, 60.19804818], [24.79795342, 60.19882503], [24.79758857, 60.20150831], [24.79715691, 60.20150729], [24.79672531, 60.20149613], [24.79501972, 60.20141703], [24.79292964, 60.20131999], [24.79179295, 60.20126715], [24.79005926, 60.2011866], [24.79002293, 60.20145535], [24.78869192, 60.20217872], [24.78841163, 60.20345279], [24.78773867, 60.2039546], [24.78747231, 60.20473881], [24.78755868, 60.20552089], [24.78757505, 60.20583415], [24.78739965, 60.20568443], [24.78725962, 60.20558664], [24.78715831, 60.20552563], [24.78704832, 60.20546828], [24.78693073, 60.20541514], [24.78680608, 60.20536602], [24.78667436, 60.20532147], [24.78653721, 60.20528176], [24.78639407, 60.20524688], [24.78624658, 60.20521702], [24.7860169, 60.20518003], [24.78596392, 60.20533971], [24.78591607, 60.20546035], [24.78585362, 60.20557909], [24.78578415, 60.20569691], [24.78570008, 60.20581229], [24.78558062, 60.20596288], [24.78525474, 60.20632416], [24.78685606, 60.20683511], [24.78670882, 60.20726443], [24.78654447, 60.20774552], [24.78677067, 60.20773826], [24.78715376, 60.20773205], [24.78750275, 60.20772749], [24.7878533, 60.20773317], [24.78823469, 60.20774051], [24.78863817, 60.20776126], [24.78904271, 60.20778425], [24.79068236, 60.20790407], [24.79330895, 60.20809595], [24.79524985, 60.20823781], [24.79540181, 60.20824882], [24.79718969, 60.20837946], [24.7973741, 60.20839294], [24.79808314, 60.20843647], [24.7988003, 60.20848046], [24.79952502, 60.20852491], [24.80032006, 60.20857368], [24.80149045, 60.20864545], [24.80471339, 60.2087486], [24.80497295, 60.20877214], [24.80574627, 60.20874419], [24.80619956, 60.20876505], [24.80665391, 60.20878591], [24.80710881, 60.20880676], [24.80757507, 60.208828], [24.80802727, 60.20884876], [24.80848487, 60.2088697], [24.80864228, 60.20887702], [24.80893599, 60.20889046], [24.80939251, 60.2089114], [24.80984633, 60.20893215], [24.80984529, 60.20892596], [24.81036334, 60.20887895], [24.81075762, 60.20890554], [24.81090633, 60.20891859], [24.81106261, 60.20893228], [24.81129393, 60.20794064], [24.81161428, 60.2079297], [24.81181941, 60.20791653], [24.8120224, 60.20789833], [24.81222272, 60.20787411], [24.81242091, 60.20784504], [24.8126148, 60.20781004], [24.81280546, 60.20777046], [24.81309369, 60.20769996], [24.81336612, 60.20764999], [24.81397649, 60.20753794], [24.81437595, 60.20750574], [24.81468263, 60.20752124], [24.81494725, 60.20751048], [24.81511848, 60.20746234], [24.81709536, 60.20756722], [24.81704426, 60.2071252], [24.81684951, 60.20595732], [24.81650125, 60.2057373], [24.81634417, 60.20567489], [24.81613598, 60.20546493], [24.81605285, 60.20514161], [24.81584598, 60.20469794], [24.81598764, 60.20471151], [24.8158952, 60.20450567], [24.81553926, 60.20401888], [24.81532829, 60.20372967], [24.81515603, 60.20348001], [24.81550302, 60.20344154], [24.81677404, 60.20115358], [24.81674763, 60.20113667], [24.81664382, 60.20112898], [24.81657674, 60.20112979], [24.81651072, 60.20113481], [24.81644683, 60.20114532], [24.81638671, 60.20115995], [24.81630161, 60.20119035], [24.81619801, 60.20124128], [24.81585412, 60.20140981], [24.81574624, 60.20145193], [24.81566224, 60.20147937], [24.81557179, 60.20150079], [24.81547811, 60.20151843], [24.81538014, 60.20152924], [24.81524432, 60.20153848], [24.81426732, 60.20155066], [24.81146188, 60.19856543], [24.81009201, 60.19797173], [24.80998178, 60.19776666], [24.81101415, 60.19760326], [24.8112264, 60.19370257], [24.80874625, 60.19370934], [24.80607169, 60.19430923], [24.80508791, 60.19431631], [24.80480683, 60.19420191], [24.80447888, 60.19451216], [24.80406654, 60.19437037], [24.80361081, 60.19425095], [24.80315925, 60.194159], [24.80270822, 60.19406821], [24.80225719, 60.19397815], [24.80180561, 60.19388853], [24.80163978, 60.1938557], [24.80118768, 60.19376491], [24.80073127, 60.19367124], [24.80055742, 60.19389177], [24.80033179, 60.19417721], [24.80063429, 60.19423574], [24.80057052, 60.19431777], [24.80026911, 60.19425772], [24.80008328, 60.19449044], [24.79989474, 60.19472351], [24.79970296, 60.19495605], [24.79951008, 60.19518948], [24.7993237, 60.19542229], [24.79915315, 60.19563008], [24.7992999, 60.19568837], [24.80003507, 60.19583731], [24.80001382, 60.19586321], [24.79926341, 60.19608476], [24.7988249, 60.19571341], [24.79826422, 60.19577422], [24.79780137, 60.19584505], [24.79737194, 60.19593379], [24.79697087, 60.19607086], [24.79657756, 60.19643879], [24.79577079, 60.19623856]]]}, "geometry_name": "geom", "properties": {"posnro": "02140", "postitoimi": "ESPOO", "postitoiru": "ESBO", "nimi": "Laajalahti", "nimiru": "Bredvik", "kunta": "Espoo", "kunta_nro": "049"}}, {"type": "Feature", "id": "pks_postinumeroalueet_2024.128", "geometry": {"type": "Polygon", "coordinates": [[[24.83639805, 60.16770382], [24.83627687, 60.16773194], [24.83616272, 60.16775846], [24.83604803, 60.16778452], [24.83583651, 60.16783129], [24.83562445, 60.16787734], [24.83549083, 60.16790706], [24.83535667, 60.16793652], [24.8352593, 60.16795749], [24.83516193, 60.16797828], [24.83504238, 60.16800308], [24.83503264, 60.16800523], [24.83492337, 60.1680278], [24.83478597, 60.16805671], [24.83477948, 60.16805787], [24.83464857, 60.16808535], [24.83449549, 60.16811612], [24.83434241, 60.16814689], [24.83420663, 60.16817518], [24.83407085, 60.16820319], [24.83392372, 60.16823218], [24.8337766, 60.16826035], [24.83359377, 60.16829495], [24.83341095, 60.16832919], [24.83326274, 60.16835619], [24.833114, 60.16838293], [24.83299338, 60.16840477], [24.83287277, 60.16842661], [24.83271699, 60.16845496], [24.83256068, 60.16848285], [24.83244764, 60.16850254], [24.8323346, 60.16852179], [24.83218641, 60.16854691], [24.83203821, 60.16857159], [24.83189543, 60.16859528], [24.83175211, 60.16861807], [24.83165369, 60.16863276], [24.8315558, 60.16864744], [24.83143682, 60.16866641], [24.83143789, 60.16866902], [24.83125129, 60.16870154], [24.83129414, 60.16877528], [24.83130957, 60.16882296], [24.8313138, 60.16883966], [24.83131207, 60.16886129], [24.8313066, 60.1688743], [24.83129789, 60.16888694], [24.83128703, 60.16889779], [24.831274, 60.16890827], [24.83126153, 60.16891678], [24.83124744, 60.16892466], [24.83123335, 60.16893183], [24.83121819, 60.16893809], [24.83120249, 60.16894345], [24.83118626, 60.16894801], [24.83116624, 60.1689522], [24.83107914, 60.16897103], [24.83100611, 60.16898494], [24.83093309, 60.16899876], [24.83084167, 60.16901623], [24.83074918, 60.16903254], [24.83068645, 60.1690418], [24.8306248, 60.16905042], [24.83058209, 60.16905477], [24.83053883, 60.16905911], [24.8304891, 60.16906326], [24.8304372, 60.16906679], [24.83038423, 60.16906914], [24.82979075, 60.16909351], [24.82970156, 60.16909771], [24.82957292, 60.16910347], [24.82952373, 60.1691061], [24.829474, 60.16910872], [24.82938751, 60.16911355], [24.82930102, 60.16911954], [24.82923722, 60.16912484], [24.82917396, 60.16913123], [24.82913936, 60.1691354], [24.82910529, 60.16913966], [24.82899065, 60.16915486], [24.82887708, 60.1691706], [24.82875811, 60.16918741], [24.82863913, 60.16920413], [24.82850393, 60.16922308], [24.82836874, 60.16924193], [24.82824165, 60.16926007], [24.8281151, 60.16927813], [24.82796801, 60.16929796], [24.82782091, 60.16931823], [24.82771275, 60.16933397], [24.82760459, 60.16935044], [24.82757322, 60.16935524], [24.82748777, 60.16936842], [24.82737094, 60.16938657], [24.82724222, 60.1694066], [24.8271135, 60.16942654], [24.82702481, 60.16944016], [24.82693611, 60.16945359], [24.82682145, 60.16947121], [24.82670625, 60.16948884], [24.82658564, 60.16950887], [24.82646663, 60.16953098], [24.82635517, 60.16955677], [24.8262491, 60.16958697], [24.8261576, 60.16961934], [24.82607202, 60.16965558], [24.82599237, 60.16969568], [24.82592027, 60.16973894], [24.82586819, 60.16977693], [24.82584974, 60.16979081], [24.82578838, 60.16984593], [24.82577697, 60.16985714], [24.82576611, 60.16986861], [24.82575144, 60.16988322], [24.8257509, 60.1698834], [24.8257077, 60.16987679], [24.82559323, 60.16985842], [24.82556083, 60.16985272], [24.82546257, 60.16983527], [24.82534054, 60.16981599], [24.82526388, 60.16980252], [24.82521478, 60.16978782], [24.82516893, 60.16977242], [24.82513222, 60.16976384], [24.82508254, 60.16975821], [24.82503714, 60.16975914], [24.8250247, 60.1697602], [24.82496123, 60.1698067], [24.82491073, 60.16985115], [24.82487109, 60.16988763], [24.8248412, 60.16991828], [24.82481565, 60.16994814], [24.82478952, 60.16998203], [24.82476449, 60.1700144], [24.82474867, 60.17004256], [24.82474103, 60.17005619], [24.82472465, 60.17008777], [24.82469951, 60.17014132], [24.82469063, 60.17018492], [24.82468297, 60.17020349], [24.82468379, 60.1702508], [24.82468851, 60.17027863], [24.8246964, 60.17031849], [24.82469852, 60.17032603], [24.82470646, 60.17035745], [24.82471495, 60.17038744], [24.82472618, 60.17041026], [24.82475453, 60.17046459], [24.82479476, 60.17052218], [24.82482697, 60.170561], [24.82487591, 60.17060603], [24.8251768, 60.17083368], [24.82537936, 60.17095297], [24.82542944, 60.17098759], [24.82573511, 60.17123221], [24.82573565, 60.17123212], [24.82585462, 60.17131943], [24.82590506, 60.17138744], [24.82595079, 60.17142726], [24.82531151, 60.17151797], [24.8253793, 60.17157649], [24.82534847, 60.17158157], [24.8260826, 60.17307336], [24.82628036, 60.17308187], [24.82640769, 60.17312485], [24.82648004, 60.1731367], [24.82655565, 60.17314847], [24.82670913, 60.17315047], [24.82687018, 60.17315104], [24.82700528, 60.17315382], [24.82713818, 60.17316557], [24.8272959, 60.17318202], [24.82754103, 60.17322946], [24.82746172, 60.17330475], [24.82739661, 60.17335295], [24.82738359, 60.17336254], [24.82731961, 60.17340141], [24.82737003, 60.17368133], [24.8274157, 60.17383496], [24.82746625, 60.17398842], [24.82758912, 60.17426287], [24.827894, 60.17487243], [24.82802536, 60.17507517], [24.8281578, 60.17527837], [24.82823814, 60.17541948], [24.82832062, 60.17556445], [24.82837879, 60.1757075], [24.82843909, 60.17585576], [24.82858126, 60.17657829], [24.82861999, 60.17671881], [24.82865738, 60.17680493], [24.82870342, 60.17689017], [24.8287984, 60.17702385], [24.82886932, 60.17710642], [24.82868046, 60.17714675], [24.82845772, 60.17715543], [24.82831611, 60.17715453], [24.82817398, 60.17714887], [24.82795408, 60.1771301], [24.82786114, 60.17712432], [24.82777144, 60.17711936], [24.8276833, 60.1771249], [24.82758922, 60.17713142], [24.82760178, 60.17710747], [24.82768716, 60.17690429], [24.8277311, 60.1767707], [24.82776478, 60.1766362], [24.82779775, 60.17642936], [24.82759236, 60.17642936], [24.82750107, 60.17662347], [24.82743127, 60.17674123], [24.82735336, 60.17685781], [24.82720537, 60.17704314], [24.82721926, 60.17707376], [24.82740359, 60.1774832], [24.82745971, 60.17760569], [24.82751796, 60.17773268], [24.82761401, 60.17796958], [24.82748582, 60.17798647], [24.82730185, 60.17802096], [24.82717251, 60.17804978], [24.82704854, 60.17808472], [24.82692942, 60.17812333], [24.82681892, 60.17816762], [24.82667316, 60.1782334], [24.82619237, 60.17848588], [24.82612085, 60.17851666], [24.82499772, 60.17899914], [24.82441096, 60.17924949], [24.82388973, 60.17947471], [24.82375661, 60.17950146], [24.82324248, 60.17961037], [24.82086258, 60.18046424], [24.81987288, 60.18083915], [24.81899801, 60.18117059], [24.81754345, 60.18172373], [24.81625855, 60.18228408], [24.81553127, 60.18260134], [24.8145403, 60.18308122], [24.81395057, 60.1834474], [24.81349993, 60.18369027], [24.81311002, 60.18390065], [24.81190695, 60.18506019], [24.81118122, 60.18584262], [24.81125369, 60.18602825], [24.81074427, 60.18642208], [24.81068965, 60.18642371], [24.81155054, 60.18668487], [24.8117349, 60.18668692], [24.81243015, 60.18688851], [24.81269519, 60.18696554], [24.81270544, 60.18697085], [24.81270867, 60.186973], [24.81272267, 60.18698272], [24.81273503, 60.18699593], [24.81273932, 60.18700294], [24.81274358, 60.18701389], [24.81274514, 60.18702466], [24.81274181, 60.1870392], [24.81272764, 60.18705982], [24.81271461, 60.1870695], [24.81270266, 60.18707801], [24.81269236, 60.18708311], [24.81266906, 60.18709196], [24.81264307, 60.18709866], [24.81276686, 60.18738865], [24.81334476, 60.18883586], [24.81287207, 60.18885251], [24.81263683, 60.18885783], [24.81239941, 60.18886549], [24.81216847, 60.18887431], [24.81142322, 60.18889821], [24.81149127, 60.18938424], [24.81022953, 60.18942238], [24.80965733, 60.18944049], [24.80854158, 60.19235851], [24.80874625, 60.19370934], [24.8112264, 60.19370257], [24.81101415, 60.19760326], [24.80998178, 60.19776666], [24.81009201, 60.19797173], [24.81146188, 60.19856543], [24.81426732, 60.20155066], [24.81524432, 60.20153848], [24.81538014, 60.20152924], [24.81547811, 60.20151843], [24.81557179, 60.20150079], [24.81566224, 60.20147937], [24.81574624, 60.20145193], [24.81585412, 60.20140981], [24.81619801, 60.20124128], [24.81630161, 60.20119035], [24.81638671, 60.20115995], [24.81644683, 60.20114532], [24.81651072, 60.20113481], [24.81657674, 60.20112979], [24.81664382, 60.20112898], [24.81674763, 60.20113667], [24.81677404, 60.20115358], [24.81986375, 60.20106339], [24.81986807, 60.20106322], [24.82371938, 60.20097181], [24.82374699, 60.20207699], [24.82375604, 60.20240757], [24.82413123, 60.20285334], [24.82385527, 60.20337202], [24.82431313, 60.20343653], [24.82435924, 60.20331112], [24.82438888, 60.20322957], [24.82459252, 60.20308471], [24.82456491, 60.20298693], [24.82477319, 60.20288246], [24.82491892, 60.20284253], [24.82519908, 60.20264796], [24.82577388, 60.20238555], [24.82598691, 60.20230254], [24.8271946, 60.20183282], [24.84279713, 60.19576053], [24.84280654, 60.1956023], [24.84283474, 60.19513265], [24.84363683, 60.18102108], [24.84365038, 60.18078666], [24.84372279, 60.17942804], [24.84414006, 60.17327649], [24.84414071, 60.17325352], [24.84414133, 60.17323673], [24.84414559, 60.17313496], [24.8441569, 60.17280144], [24.84416569, 60.17254296], [24.84417378, 60.17231966], [24.84423587, 60.17050534], [24.84423533, 60.17050534], [24.84439056, 60.16602004], [24.84307895, 60.1664004], [24.84296572, 60.16646372], [24.84286327, 60.16653163], [24.84273602, 60.16658758], [24.84259961, 60.16663804], [24.84200122, 60.16679323], [24.84090562, 60.16707707], [24.84076613, 60.16709459], [24.84065801, 60.16710433], [24.8405483, 60.16710671], [24.84043861, 60.1671055], [24.84033004, 60.16709657], [24.84018963, 60.16708052], [24.84004921, 60.16706446], [24.83994118, 60.16705554], [24.8398315, 60.16705433], [24.83972125, 60.16705653], [24.83961313, 60.16706645], [24.83947363, 60.16708396], [24.83939517, 60.16710729], [24.83932306, 60.16704617], [24.83880707, 60.16659175], [24.83872643, 60.16650791], [24.83821619, 60.16664811], [24.83824254, 60.16667372], [24.83829148, 60.16672171], [24.83773744, 60.16686608], [24.83813214, 60.16725843], [24.83800444, 60.16729274], [24.83795358, 60.16730641], [24.83795034, 60.16730488], [24.83785241, 60.16733169], [24.83775339, 60.16735813], [24.83766628, 60.16738136], [24.83757916, 60.16740441], [24.83751369, 60.16742192], [24.83744768, 60.16743934], [24.83737896, 60.16745748], [24.83731133, 60.16747553], [24.83718202, 60.16750849], [24.83705325, 60.16754154], [24.83694666, 60.16756896], [24.83684007, 60.16759612], [24.83667992, 60.16763604], [24.8365187, 60.16767524], [24.83639805, 60.16770382]]]}, "geometry_name": "geom", "properties": {"posnro": "02150", "postitoimi": "ESPOO", "postitoiru": "ESBO", "nimi": "Otaniemi", "nimiru": "Otnäs", "kunta": "Espoo", "kunta_nro": "049"}}, {"type": "Feature", "id": "pks_postinumeroalueet_2024.129", "geometry": {"type": "Polygon", "coordinates": [[[24.8356699, 60.13041345], [24.83515131, 60.1303901], [24.83503366, 60.1303869], [24.82747982, 60.13015774], [24.81757931, 60.12718551], [24.8172905, 60.12710119], [24.80596569, 60.12381997], [24.80305478, 60.12653382], [24.8018912, 60.12742991], [24.80185704, 60.12745615], [24.80164041, 60.12847805], [24.80260006, 60.12901568], [24.80391638, 60.1293062], [24.80510375, 60.12940866], [24.80656508, 60.12918309], [24.806994, 60.12930614], [24.8068019, 60.12975841], [24.80671173, 60.13022447], [24.80033764, 60.13362364], [24.80760889, 60.13594362], [24.80807931, 60.13609348], [24.81255144, 60.13751981], [24.81576555, 60.13854492], [24.81860096, 60.13944899], [24.80146851, 60.14886225], [24.80124476, 60.14897878], [24.79632665, 60.15164107], [24.79596206, 60.15199288], [24.79374063, 60.15405228], [24.79291534, 60.15481669], [24.79223454, 60.1554475], [24.79217318, 60.1554983], [24.79167236, 60.15559624], [24.79147351, 60.15560652], [24.79130773, 60.15568318], [24.79119146, 60.15578918], [24.79081093, 60.15591253], [24.79067127, 60.1559579], [24.79061952, 60.15594149], [24.79033592, 60.15602765], [24.79006747, 60.15610935], [24.79011752, 60.15613761], [24.79042431, 60.15631303], [24.79087555, 60.1564543], [24.79128852, 60.15658366], [24.79118009, 60.15672943], [24.78957877, 60.15667547], [24.78789588, 60.15661866], [24.78674115, 60.15717248], [24.78837942, 60.15753386], [24.78879939, 60.1571624], [24.78928603, 60.15717395], [24.78929018, 60.15720106], [24.78943994, 60.15726655], [24.79014587, 60.15728383], [24.79071948, 60.15729685], [24.79055221, 60.15752142], [24.79059242, 60.15756915], [24.79028019, 60.15799239], [24.79004262, 60.15831136], [24.7898797, 60.1585301], [24.78957288, 60.15894841], [24.78927701, 60.1593434], [24.78918763, 60.15946568], [24.78901597, 60.15969662], [24.7885824, 60.15965922], [24.78802217, 60.16041325], [24.78784832, 60.16064687], [24.78769954, 60.16084733], [24.78777339, 60.16095677], [24.78753359, 60.16127977], [24.7873282, 60.16154467], [24.78711245, 60.16182337], [24.78675426, 60.16232174], [24.78660978, 60.1625222], [24.78687853, 60.16257101], [24.78658207, 60.1629633], [24.78627525, 60.16336939], [24.78580651, 60.16399611], [24.7853312, 60.16388844], [24.78513113, 60.16424193], [24.7853725, 60.16434868], [24.78532509, 60.16441108], [24.78406118, 60.16442653], [24.78388441, 60.16435677], [24.78377947, 60.16445712], [24.78394817, 60.16468609], [24.78502699, 60.16471755], [24.78516649, 60.16461977], [24.7853273, 60.1646518], [24.78503624, 60.16503772], [24.78481107, 60.16534701], [24.78476311, 60.16540914], [24.78461153, 60.1656182], [24.78448996, 60.16578288], [24.78434387, 60.16597768], [24.78416071, 60.1662216], [24.7840037, 60.16643326], [24.78382979, 60.16666858], [24.78368041, 60.1668684], [24.78348138, 60.1671421], [24.78333205, 60.16733474], [24.78317673, 60.16753562], [24.78301421, 60.16776046], [24.78288661, 60.16793635], [24.78293533, 60.16833207], [24.78259217, 60.16833447], [24.78218687, 60.16890877], [24.78250993, 60.1689225], [24.78349371, 60.16896405], [24.78453368, 60.16900891], [24.78456003, 60.16886293], [24.78564787, 60.16885922], [24.78640183, 60.1688414], [24.78851645, 60.16883268], [24.79047918, 60.16882745], [24.79140302, 60.16886418], [24.79228089, 60.1689064], [24.79401894, 60.16896808], [24.79613334, 60.1690821], [24.79635749, 60.16910076], [24.79884692, 60.16930705], [24.79972231, 60.16940468], [24.80092159, 60.16947227], [24.80259761, 60.16961363], [24.8030295, 60.16968706], [24.80523751, 60.16979211], [24.80550362, 60.16993647], [24.80630087, 60.17000369], [24.80657969, 60.17000922], [24.80657994, 60.16959913], [24.81084705, 60.16977384], [24.81609432, 60.16969255], [24.81600233, 60.16913442], [24.81306817, 60.16738593], [24.81312628, 60.16657338], [24.81204144, 60.16597318], [24.81037887, 60.16614888], [24.81000611, 60.16632095], [24.80997655, 60.16629344], [24.809954, 60.16626935], [24.80994388, 60.16624304], [24.80993542, 60.16621233], [24.8099501, 60.1661962], [24.80995882, 60.16618355], [24.80996213, 60.16617037], [24.80996275, 60.16615699], [24.80995797, 60.16614379], [24.80995101, 60.16613104], [24.80993866, 60.16611917], [24.80992413, 60.16610784], [24.80990527, 60.16609839], [24.80987832, 60.16608704], [24.80994225, 60.16596435], [24.81015804, 60.16574431], [24.81018802, 60.16551063], [24.80986032, 60.16536907], [24.80978321, 60.165154], [24.80963055, 60.16511043], [24.80913222, 60.16504132], [24.80835107, 60.16519896], [24.80824469, 60.16518795], [24.80824917, 60.16525294], [24.80777095, 60.16525817], [24.80754532, 60.16531205], [24.8070129, 60.16525132], [24.80700884, 60.16520716], [24.80691968, 60.16520829], [24.80690059, 60.16523851], [24.80674068, 60.16514089], [24.80655748, 60.16505383], [24.80653111, 60.16503665], [24.80651123, 60.16501723], [24.80649836, 60.1650007], [24.80648224, 60.16498488], [24.80647856, 60.16496863], [24.8064797, 60.16495795], [24.80648408, 60.16494745], [24.80649552, 60.16493212], [24.80653291, 60.1649136], [24.80655898, 60.16489057], [24.80715675, 60.16486281], [24.80725148, 60.16474052], [24.80736581, 60.16459277], [24.80773016, 60.16428526], [24.80809125, 60.16398089], [24.80824329, 60.16385231], [24.80881069, 60.1633733], [24.80847282, 60.16266222], [24.80840824, 60.16252552], [24.80810561, 60.16188899], [24.80886856, 60.16085056], [24.8131092, 60.16054121], [24.81450947, 60.1586366], [24.81158167, 60.15784452], [24.81686818, 60.15259938], [24.81819817, 60.15060606], [24.81910707, 60.14924347], [24.81689256, 60.14889532], [24.81586382, 60.15052169], [24.81331113, 60.15008281], [24.81435617, 60.14845909], [24.81558546, 60.1478598], [24.81520034, 60.14594435], [24.81562929, 60.14572154], [24.81849253, 60.14423449], [24.82325961, 60.1453276], [24.82360263, 60.14540632], [24.82845954, 60.1393765], [24.83097425, 60.13625338], [24.83567204, 60.13041687], [24.83567152, 60.13041435], [24.8356699, 60.13041345]]]}, "geometry_name": "geom", "properties": {"posnro": "02160", "postitoimi": "ESPOO", "postitoiru": "ESBO", "nimi": "Westend", "nimiru": "Westend", "kunta": "Espoo", "kunta_nro": "049"}}, {"type": "Feature", "id": "pks_postinumeroalueet_2024.130", "geometry": {"type": "Polygon", "coordinates": [[[24.79042431, 60.15631303], [24.79011752, 60.15613761], [24.79006747, 60.15610935], [24.79033592, 60.15602765], [24.79061952, 60.15594149], [24.79067127, 60.1559579], [24.79081093, 60.15591253], [24.79119146, 60.15578918], [24.79130773, 60.15568318], [24.79147351, 60.15560652], [24.79167236, 60.15559624], [24.79217318, 60.1554983], [24.79223454, 60.1554475], [24.79291534, 60.15481669], [24.79374063, 60.15405228], [24.79596206, 60.15199288], [24.79564229, 60.15182284], [24.78904274, 60.15349559], [24.7877048, 60.15223993], [24.77602685, 60.15033684], [24.77471703, 60.15003601], [24.7727187, 60.14957035], [24.77093556, 60.14915477], [24.77059065, 60.15083214], [24.77027511, 60.15216518], [24.76886627, 60.1530425], [24.76968549, 60.15383736], [24.77158942, 60.15447352], [24.77054123, 60.15528938], [24.76940011, 60.15617768], [24.76864675, 60.1567639], [24.76755915, 60.15702067], [24.76662088, 60.15724152], [24.76651376, 60.15711236], [24.76635357, 60.15715363], [24.76542812, 60.15739308], [24.7652793, 60.15742953], [24.76468571, 60.15756741], [24.76435942, 60.1576433], [24.76424009, 60.15771149], [24.76278201, 60.15854432], [24.76273951, 60.15866919], [24.76269536, 60.15879862], [24.76185067, 60.15928995], [24.76175736, 60.15934444], [24.76155431, 60.15925791], [24.76134595, 60.15938275], [24.76099396, 60.15957159], [24.76076075, 60.15969646], [24.76046185, 60.15979088], [24.76028131, 60.15995364], [24.76020375, 60.16014369], [24.76003833, 60.16023153], [24.75965705, 60.16043441], [24.75936013, 60.16055207], [24.75897622, 60.16074525], [24.75861121, 60.16093845], [24.75844858, 60.16101274], [24.75827466, 60.16108091], [24.75823249, 60.16108523], [24.7582022, 60.16109002], [24.75817351, 60.1610976], [24.75814697, 60.16110671], [24.75812473, 60.16111806], [24.75810465, 60.16113068], [24.7580905, 60.16114493], [24.7580785, 60.16115989], [24.75807298, 60.16117568], [24.75807013, 60.16119704], [24.75821807, 60.1612096], [24.75815783, 60.16124629], [24.75809274, 60.16128163], [24.75803092, 60.1613123], [24.75797027, 60.16133131], [24.75792642, 60.16134388], [24.75787505, 60.16134926], [24.75780533, 60.16135264], [24.75773238, 60.16135421], [24.75766805, 60.16135948], [24.75759993, 60.16136555], [24.757521, 60.16137303], [24.75744526, 60.16138654], [24.75737211, 60.16141539], [24.75721963, 60.16157936], [24.75678074, 60.16197007], [24.75633942, 60.16239631], [24.75617029, 60.16254455], [24.75562425, 60.16295623], [24.75560522, 60.16297155], [24.75547041, 60.16308161], [24.75532282, 60.16323894], [24.75521436, 60.16336494], [24.75510665, 60.16346329], [24.75493561, 60.16357643], [24.754686, 60.16372047], [24.75452155, 60.16381943], [24.75442949, 60.16391979], [24.75444018, 60.16400768], [24.75444812, 60.16410229], [24.75442376, 60.16418025], [24.75431236, 60.16433783], [24.75428489, 60.16439881], [24.75428052, 60.1645504], [24.75426017, 60.16467027], [24.75439143, 60.16467483], [24.75485062, 60.16475978], [24.75557561, 60.16499529], [24.75663458, 60.16551638], [24.75711882, 60.16550272], [24.75768236, 60.16565374], [24.75810165, 60.16572909], [24.75809332, 60.16576004], [24.7579415, 60.16597813], [24.75791601, 60.16665215], [24.75811148, 60.16667081], [24.7586872, 60.16671216], [24.75924807, 60.16678858], [24.75960739, 60.16679165], [24.75993689, 60.1668076], [24.76020891, 60.16685144], [24.76190562, 60.16700475], [24.76260555, 60.16705761], [24.76302913, 60.16706627], [24.76364144, 60.16713118], [24.76372459, 60.16713994], [24.76419718, 60.16717247], [24.76440555, 60.16720192], [24.76441132, 60.16722509], [24.76490801, 60.16728826], [24.76552531, 60.16733594], [24.76692912, 60.16749737], [24.76812754, 60.16759093], [24.76778011, 60.1677403], [24.76769339, 60.16777731], [24.76990124, 60.16825767], [24.77037965, 60.16823453], [24.77045203, 60.16823906], [24.7706211, 60.16824949], [24.77206492, 60.16833868], [24.77227936, 60.16835189], [24.77348691, 60.16838259], [24.77385481, 60.16839812], [24.7739731, 60.16840487], [24.77424859, 60.1684206], [24.774618, 60.16845264], [24.77536763, 60.16851387], [24.77622367, 60.16858407], [24.77667033, 60.16861893], [24.7768113, 60.16862994], [24.77958563, 60.16879542], [24.77969449, 60.16884084], [24.77984797, 60.16883984], [24.78201766, 60.16891909], [24.78204359, 60.16892012], [24.78218687, 60.16890877], [24.78259217, 60.16833447], [24.78293533, 60.16833207], [24.78288661, 60.16793635], [24.78301421, 60.16776046], [24.78317673, 60.16753562], [24.78333205, 60.16733474], [24.78348138, 60.1671421], [24.78368041, 60.1668684], [24.78382979, 60.16666858], [24.7840037, 60.16643326], [24.78416071, 60.1662216], [24.78434387, 60.16597768], [24.78448996, 60.16578288], [24.78461153, 60.1656182], [24.78476311, 60.16540914], [24.78481107, 60.16534701], [24.78503624, 60.16503772], [24.7853273, 60.1646518], [24.78516649, 60.16461977], [24.78502699, 60.16471755], [24.78394817, 60.16468609], [24.78377947, 60.16445712], [24.78388441, 60.16435677], [24.78406118, 60.16442653], [24.78532509, 60.16441108], [24.7853725, 60.16434868], [24.78513113, 60.16424193], [24.7853312, 60.16388844], [24.78580651, 60.16399611], [24.78627525, 60.16336939], [24.78658207, 60.1629633], [24.78687853, 60.16257101], [24.78660978, 60.1625222], [24.78675426, 60.16232174], [24.78711245, 60.16182337], [24.7873282, 60.16154467], [24.78753359, 60.16127977], [24.78777339, 60.16095677], [24.78769954, 60.16084733], [24.78784832, 60.16064687], [24.78802217, 60.16041325], [24.7885824, 60.15965922], [24.78901597, 60.15969662], [24.78918763, 60.15946568], [24.78927701, 60.1593434], [24.78957288, 60.15894841], [24.7898797, 60.1585301], [24.79004262, 60.15831136], [24.79028019, 60.15799239], [24.79059242, 60.15756915], [24.79055221, 60.15752142], [24.79071948, 60.15729685], [24.79014587, 60.15728383], [24.78943994, 60.15726655], [24.78929018, 60.15720106], [24.78928603, 60.15717395], [24.78879939, 60.1571624], [24.78837942, 60.15753386], [24.78674115, 60.15717248], [24.78789588, 60.15661866], [24.78957877, 60.15667547], [24.79118009, 60.15672943], [24.79128852, 60.15658366], [24.79087555, 60.1564543], [24.79042431, 60.15631303]]]}, "geometry_name": "geom", "properties": {"posnro": "02170", "postitoimi": "ESPOO", "postitoiru": "ESBO", "nimi": "Haukilahti", "nimiru": "Gäddvik", "kunta": "Espoo", "kunta_nro": "049"}}, {"type": "Feature", "id": "pks_postinumeroalueet_2024.131", "geometry": {"type": "Polygon", "coordinates": [[[24.79377582, 60.1918963], [24.7933308, 60.19180388], [24.7928037, 60.19169562], [24.79224795, 60.19158364], [24.79208593, 60.19155044], [24.79186524, 60.19138953], [24.79153095, 60.19114837], [24.79121121, 60.19091684], [24.79092914, 60.1907149], [24.79065949, 60.19051629], [24.7903839, 60.19031615], [24.79115506, 60.19005233], [24.79096828, 60.18991704], [24.79108209, 60.18987809], [24.79102979, 60.18985296], [24.79093967, 60.18982527], [24.79086948, 60.18980855], [24.79079492, 60.18979847], [24.79069007, 60.18979014], [24.79034185, 60.1897877], [24.79034016, 60.1898832], [24.78994381, 60.18988194], [24.78983369, 60.19035935], [24.78936053, 60.19036102], [24.78888845, 60.19036252], [24.78841859, 60.19035558], [24.78795314, 60.19033293], [24.78748663, 60.19031011], [24.78687472, 60.19027627], [24.78684816, 60.1904526], [24.78674275, 60.19044848], [24.78580802, 60.19041385], [24.78459996, 60.19000675], [24.78372544, 60.18961705], [24.78343891, 60.18952575], [24.78339902, 60.18950764], [24.78286043, 60.18926442], [24.78241837, 60.1890631], [24.78194018, 60.18884636], [24.7816922, 60.18873421], [24.78147979, 60.18863791], [24.78146566, 60.18864929], [24.78145371, 60.18865744], [24.78143852, 60.18866414], [24.78142226, 60.18867013], [24.78140385, 60.18867423], [24.78138436, 60.1886777], [24.78136435, 60.18867892], [24.78134434, 60.18867925], [24.78132434, 60.1886776], [24.7813049, 60.18867487], [24.78128654, 60.18867026], [24.78126388, 60.18866314], [24.7795634, 60.18792496], [24.77923128, 60.18778287], [24.7789272, 60.18765141], [24.77863724, 60.18751252], [24.77834729, 60.18737238], [24.7780736, 60.18722571], [24.77780047, 60.18707779], [24.77754307, 60.18692352], [24.77728729, 60.18676835], [24.77704724, 60.18660711], [24.7767889, 60.18643129], [24.77661584, 60.18627788], [24.77653643, 60.1861888], [24.77646027, 60.18609856], [24.77640197, 60.18600538], [24.77634692, 60.1859115], [24.77628051, 60.18573879], [24.77625877, 60.18559568], [24.77625457, 60.18549802], [24.77626226, 60.18540029], [24.77628077, 60.18530312], [24.77631116, 60.18520669], [24.77635128, 60.18511116], [24.77640382, 60.18501683], [24.77646609, 60.18492431], [24.77653915, 60.18483369], [24.77666168, 60.18470357], [24.77529658, 60.18596304], [24.77459957, 60.18660602], [24.77193865, 60.18507699], [24.7718173, 60.18495651], [24.77157443, 60.18489506], [24.76919923, 60.1835221], [24.76912113, 60.18347987], [24.7690511, 60.1834442], [24.76896804, 60.18341588], [24.76887148, 60.18338483], [24.76786742, 60.18317135], [24.76814034, 60.18295462], [24.76645764, 60.1823854], [24.76521614, 60.1819654], [24.76473501, 60.18181314], [24.76463198, 60.18193278], [24.76459039, 60.18200271], [24.76457492, 60.18204953], [24.76457025, 60.18209674], [24.76457749, 60.18214387], [24.76459445, 60.18219039], [24.76462386, 60.1822355], [24.76466248, 60.18227865], [24.76471192, 60.18231913], [24.7647695, 60.18235666], [24.76487293, 60.18240845], [24.76554062, 60.18263178], [24.76563446, 60.18266372], [24.76568268, 60.18264926], [24.76579679, 60.18271884], [24.76585278, 60.18275287], [24.76589523, 60.18278831], [24.76592577, 60.18282687], [24.76595706, 60.18283626], [24.76604735, 60.1828357], [24.76542614, 60.18519093], [24.76540044, 60.18523154], [24.76526314, 60.18530283], [24.7651487, 60.18535379], [24.76443673, 60.18564369], [24.76423828, 60.18564657], [24.76414853, 60.18564713], [24.76410907, 60.1856458], [24.76391393, 60.18563953], [24.76306629, 60.18562186], [24.76297568, 60.185591], [24.76288501, 60.18556903], [24.76283056, 60.18554694], [24.76259995, 60.18551242], [24.76231564, 60.18550061], [24.7620237, 60.18549757], [24.76199126, 60.18549796], [24.76189348, 60.18556133], [24.76183935, 60.18557066], [24.76146896, 60.1855752], [24.76143127, 60.185628], [24.76126086, 60.18586446], [24.76040927, 60.18594263], [24.75912217, 60.18590924], [24.75898865, 60.18590568], [24.75927457, 60.18555005], [24.75918319, 60.18555105], [24.75908532, 60.18555213], [24.75882361, 60.18555506], [24.75872628, 60.18555614], [24.75836184, 60.18556033], [24.75822418, 60.18553207], [24.75762333, 60.18540882], [24.75748351, 60.1853802], [24.75734801, 60.18535231], [24.75681333, 60.1853472], [24.75612565, 60.18534046], [24.75522443, 60.18533162], [24.75465366, 60.18501921], [24.75457396, 60.18468751], [24.75385514, 60.18487089], [24.75299485, 60.18560474], [24.75296656, 60.1856282], [24.75292792, 60.18566161], [24.75285773, 60.18572125], [24.7519141, 60.18652908], [24.75162623, 60.18677465], [24.75055683, 60.18626481], [24.74982989, 60.18651358], [24.74976718, 60.18686692], [24.75111416, 60.18720837], [24.75076902, 60.18751657], [24.75346922, 60.18911215], [24.75356181, 60.18916663], [24.75432087, 60.18961735], [24.75486085, 60.18986383], [24.75478328, 60.1899686], [24.75435097, 60.19050956], [24.75428931, 60.19058386], [24.75387026, 60.19079687], [24.75353317, 60.19096831], [24.75326731, 60.19108638], [24.75232669, 60.19147784], [24.75192809, 60.19169906], [24.7587745, 60.19424106], [24.75899185, 60.1943216], [24.7592146, 60.19440422], [24.75806777, 60.19488681], [24.75783451, 60.19498323], [24.75720526, 60.19524066], [24.75621626, 60.19565513], [24.75476119, 60.19626475], [24.75431304, 60.19594781], [24.75339182, 60.19633204], [24.75335121, 60.19626555], [24.75333049, 60.19621659], [24.75332329, 60.19616694], [24.75332528, 60.19611696], [24.75334026, 60.19606753], [24.75337375, 60.1960001], [24.75313401, 60.19594885], [24.75323908, 60.19585606], [24.7532844, 60.19579897], [24.75332378, 60.19574106], [24.75334748, 60.19568088], [24.75336579, 60.19562033], [24.75336733, 60.19555894], [24.75336238, 60.1954979], [24.75332639, 60.19539282], [24.75023152, 60.19627856], [24.75033201, 60.19636356], [24.75000787, 60.19645845], [24.75085916, 60.19724244], [24.75147873, 60.19699077], [24.75175382, 60.19716137], [24.75210267, 60.1973777], [24.7526892, 60.19713027], [24.75301649, 60.19748047], [24.75334325, 60.19783121], [24.7536593, 60.1981673], [24.75349082, 60.19820325], [24.75375803, 60.19849024], [24.75398931, 60.1987357], [24.75404726, 60.19879747], [24.7528801, 60.19900415], [24.75286222, 60.19900879], [24.75285137, 60.19901299], [24.7528416, 60.19901764], [24.75283398, 60.19902301], [24.75282799, 60.19902892], [24.75282362, 60.19903519], [24.75282086, 60.19904183], [24.75282078, 60.19905206], [24.75297367, 60.19965227], [24.75283008, 60.19982971], [24.7529291, 60.19982451], [24.75321691, 60.19981832], [24.75339701, 60.19982107], [24.75357599, 60.19982841], [24.75386088, 60.19985075], [24.75401976, 60.1998707], [24.75382716, 60.20045347], [24.75302413, 60.2007111], [24.75388079, 60.20239263], [24.75349548, 60.20234129], [24.75382001, 60.20263584], [24.75368012, 60.2026074], [24.74862186, 60.20202222], [24.74893592, 60.20254698], [24.74909534, 60.20277993], [24.74920413, 60.20291476], [24.74931941, 60.20304818], [24.74944879, 60.20317848], [24.74958413, 60.20330735], [24.74973302, 60.20343221], [24.74988842, 60.20355538], [24.7500563, 60.20367417], [24.7502296, 60.20379109], [24.75041539, 60.20390318], [24.75060714, 60.20401304], [24.75080975, 60.20411754], [24.75101725, 60.2042198], [24.75138712, 60.20438322], [24.75185158, 60.20455857], [24.75209228, 60.20463576], [24.75234269, 60.20471593], [24.75259428, 60.20478353], [24.75285667, 60.20485412], [24.7533892, 60.20497179], [24.75370958, 60.20502831], [24.75403214, 60.20508303], [24.75533557, 60.2050577], [24.75548327, 60.20505627], [24.75571585, 60.2050619], [24.75590568, 60.2050688], [24.75609491, 60.2050845], [24.75632305, 60.20510646], [24.7565596, 60.20508778], [24.75705814, 60.2050483], [24.75722762, 60.2050277], [24.75805712, 60.20515227], [24.75856311, 60.20490852], [24.75862416, 60.20484598], [24.75887268, 60.20474412], [24.75892903, 60.20465886], [24.75994455, 60.20420071], [24.76001233, 60.20417858], [24.76015603, 60.20413207], [24.76034737, 60.20400622], [24.76069707, 60.20389951], [24.76106702, 60.2038369], [24.76123216, 60.20381727], [24.76141787, 60.20379526], [24.76239028, 60.20367987], [24.7638725, 60.20353182], [24.76424706, 60.20350305], [24.76449274, 60.20349029], [24.76473948, 60.20348265], [24.76511871, 60.20348009], [24.76557192, 60.20349624], [24.76602177, 60.20352827], [24.76606338, 60.20353553], [24.76608659, 60.2035423], [24.76610817, 60.20355005], [24.76612649, 60.20355996], [24.7661421, 60.20357076], [24.76615392, 60.20358281], [24.76616249, 60.20359539], [24.76616672, 60.20360868], [24.76616717, 60.20362196], [24.76616052, 60.20364358], [24.76642375, 60.2036751], [24.76643684, 60.20365986], [24.76644936, 60.20364804], [24.76646729, 60.20363802], [24.76648629, 60.20362845], [24.76650906, 60.2036214], [24.76653236, 60.20361525], [24.76655836, 60.2036117], [24.76658488, 60.20360923], [24.76661138, 60.20360982], [24.76664491, 60.20361176], [24.7687035, 60.20388777], [24.76897483, 60.20392038], [24.76936573, 60.20395274], [24.76960907, 60.20396582], [24.76985299, 60.20397468], [24.77009804, 60.20397654], [24.77034204, 60.20397418], [24.77058662, 60.20396491], [24.77082907, 60.20395133], [24.77122042, 60.20391826], [24.77155234, 60.20387422], [24.77178628, 60.20383854], [24.77201541, 60.20379657], [24.7723334, 60.20373151], [24.77315049, 60.20354209], [24.77368039, 60.20341913], [24.77400007, 60.20334518], [24.77410627, 60.20332059], [24.77456411, 60.20321447], [24.77492143, 60.2031711], [24.77516688, 60.20311434], [24.77526935, 60.20307996], [24.77554479, 60.20298708], [24.77579023, 60.20293015], [24.77737555, 60.20256258], [24.77765349, 60.20249815], [24.77874086, 60.20224606], [24.78015438, 60.20191838], [24.78125255, 60.20166395], [24.78146274, 60.20161655], [24.78147832, 60.20163291], [24.78352648, 60.20382133], [24.78118216, 60.20394853], [24.7805796, 60.20499075], [24.78038851, 60.20557554], [24.78032499, 60.20577038], [24.78027914, 60.20591158], [24.77955975, 60.20661675], [24.77954386, 60.20664733], [24.77949617, 60.2067388], [24.77958477, 60.20675788], [24.77965824, 60.20677389], [24.78137155, 60.20727504], [24.78177556, 60.20745854], [24.78190515, 60.20749645], [24.78145404, 60.20788703], [24.78123396, 60.20786962], [24.78172916, 60.20809078], [24.78250478, 60.20820703], [24.78289833, 60.20817482], [24.78346119, 60.20822897], [24.78381243, 60.20837745], [24.78571494, 60.20834491], [24.78571113, 60.2081837], [24.78608972, 60.20812041], [24.78586371, 60.20776758], [24.78654447, 60.20774552], [24.78670882, 60.20726443], [24.78685606, 60.20683511], [24.78525474, 60.20632416], [24.78558062, 60.20596288], [24.78570008, 60.20581229], [24.78578415, 60.20569691], [24.78585362, 60.20557909], [24.78591607, 60.20546035], [24.78596392, 60.20533971], [24.7860169, 60.20518003], [24.78624658, 60.20521702], [24.78639407, 60.20524688], [24.78653721, 60.20528176], [24.78667436, 60.20532147], [24.78680608, 60.20536602], [24.78693073, 60.20541514], [24.78704832, 60.20546828], [24.78715831, 60.20552563], [24.78725962, 60.20558664], [24.78739965, 60.20568443], [24.78757505, 60.20583415], [24.78755868, 60.20552089], [24.78747231, 60.20473881], [24.78773867, 60.2039546], [24.78841163, 60.20345279], [24.78869192, 60.20217872], [24.79002293, 60.20145535], [24.79005926, 60.2011866], [24.79179295, 60.20126715], [24.79292964, 60.20131999], [24.79501972, 60.20141703], [24.79672531, 60.20149613], [24.79715691, 60.20150729], [24.79758857, 60.20150831], [24.79795342, 60.19882503], [24.79623172, 60.19804818], [24.79486435, 60.19744975], [24.7934166, 60.19777223], [24.79273958, 60.1976632], [24.79210309, 60.19756069], [24.79187616, 60.19752425], [24.79173376, 60.19754701], [24.79119583, 60.19734161], [24.79087747, 60.19722398], [24.79019705, 60.19697231], [24.79027158, 60.19682056], [24.79067396, 60.19656702], [24.79095477, 60.19637951], [24.79060955, 60.19598163], [24.79138058, 60.19507516], [24.79221399, 60.19524619], [24.79235133, 60.19508027], [24.79263435, 60.19513842], [24.79269004, 60.19522629], [24.79342354, 60.19537679], [24.79345596, 60.1953807], [24.79348245, 60.19538289], [24.79350896, 60.19538204], [24.79353547, 60.19538028], [24.79356092, 60.19537548], [24.79358529, 60.19536995], [24.79360643, 60.19536172], [24.79362596, 60.19535287], [24.79364171, 60.19534185], [24.79365857, 60.19532752], [24.79389019, 60.19504506], [24.79294315, 60.1948823], [24.79200799, 60.19472574], [24.79192263, 60.19471134], [24.79171518, 60.19467601], [24.79076059, 60.1945133], [24.79091289, 60.19429131], [24.79106788, 60.19407166], [24.7912207, 60.19385155], [24.79137244, 60.19363144], [24.79152472, 60.19341116], [24.79167862, 60.19319051], [24.79133721, 60.19313307], [24.79130898, 60.19255357], [24.79096332, 60.19248428], [24.79110722, 60.19230607], [24.79149639, 60.19182363], [24.79193062, 60.19191047], [24.79236104, 60.19200081], [24.79279801, 60.19208308], [24.79323115, 60.1921719], [24.7936735, 60.1922592], [24.79410719, 60.19234712], [24.79454143, 60.19243458], [24.79537862, 60.19259869], [24.79532482, 60.19220575], [24.79519952, 60.19218079], [24.79469614, 60.19208038], [24.79421761, 60.19198558], [24.79377582, 60.1918963]]]}, "geometry_name": "geom", "properties": {"posnro": "02180", "postitoimi": "ESPOO", "postitoiru": "ESBO", "nimi": "Mankkaa", "nimiru": "Mankans", "kunta": "Espoo", "kunta_nro": "049"}}, {"type": "Feature", "id": "pks_postinumeroalueet_2024.132", "geometry": {"type": "Polygon", "coordinates": [[[24.78330447, 60.17332905], [24.7825804, 60.17314342], [24.78287736, 60.1728592], [24.78306827, 60.17267615], [24.78230873, 60.17246191], [24.78092507, 60.1720718], [24.78100987, 60.17199754], [24.78163344, 60.17217646], [24.7828782, 60.17215957], [24.78446128, 60.17106867], [24.78466281, 60.1699213], [24.78469818, 60.16971878], [24.78482055, 60.16902132], [24.78453368, 60.16900891], [24.78349371, 60.16896405], [24.78250993, 60.1689225], [24.78218687, 60.16890877], [24.78204359, 60.16892012], [24.78201766, 60.16891909], [24.77984797, 60.16883984], [24.77969449, 60.16884084], [24.77958563, 60.16879542], [24.7768113, 60.16862994], [24.77667033, 60.16861893], [24.77622367, 60.16858407], [24.77536763, 60.16851387], [24.774618, 60.16845264], [24.77424859, 60.1684206], [24.7739731, 60.16840487], [24.77385481, 60.16839812], [24.77348691, 60.16838259], [24.77227936, 60.16835189], [24.77206492, 60.16833868], [24.7706211, 60.16824949], [24.77045203, 60.16823906], [24.77037965, 60.16823453], [24.76990124, 60.16825767], [24.76769339, 60.16777731], [24.76778011, 60.1677403], [24.76812754, 60.16759093], [24.76692912, 60.16749737], [24.76552531, 60.16733594], [24.76490801, 60.16728826], [24.76441132, 60.16722509], [24.76440555, 60.16720192], [24.76419718, 60.16717247], [24.76372459, 60.16713994], [24.76364144, 60.16713118], [24.76302913, 60.16706627], [24.76260555, 60.16705761], [24.76190562, 60.16700475], [24.76020891, 60.16685144], [24.75993689, 60.1668076], [24.75960739, 60.16679165], [24.75924807, 60.16678858], [24.7586872, 60.16671216], [24.75811148, 60.16667081], [24.75791601, 60.16665215], [24.7579415, 60.16597813], [24.75809332, 60.16576004], [24.75810165, 60.16572909], [24.75768236, 60.16565374], [24.75711882, 60.16550272], [24.75663458, 60.16551638], [24.75557561, 60.16499529], [24.75485062, 60.16475978], [24.75439143, 60.16467483], [24.75426017, 60.16467027], [24.75418508, 60.16466762], [24.75349582, 60.16464247], [24.75319188, 60.16460788], [24.75290171, 60.16453733], [24.75212295, 60.16462905], [24.75204851, 60.16432625], [24.75197264, 60.16457096], [24.75208471, 60.16511455], [24.75198999, 60.16520834], [24.75124925, 60.1653432], [24.75099611, 60.16537791], [24.75071023, 60.16538393], [24.75037103, 60.16536651], [24.75027332, 60.1653551], [24.75011568, 60.16533703], [24.74943064, 60.16525218], [24.74926653, 60.16523176], [24.74909109, 60.16520989], [24.74858413, 60.16515561], [24.74728733, 60.16501636], [24.74682275, 60.16493272], [24.74572258, 60.16472983], [24.74443165, 60.16453312], [24.7442595, 60.16450676], [24.74390338, 60.16437404], [24.74258635, 60.16406229], [24.74222878, 60.16397767], [24.74198231, 60.16391939], [24.74185067, 60.16389472], [24.74174277, 60.16387476], [24.74111851, 60.16376198], [24.74036208, 60.16362515], [24.73769423, 60.16305938], [24.73764406, 60.16304895], [24.73759498, 60.16303854], [24.73677578, 60.16399792], [24.73607423, 60.16382321], [24.73488859, 60.16358074], [24.7340773, 60.16341478], [24.73382485, 60.1633632], [24.73375095, 60.16334815], [24.73361876, 60.16359274], [24.73365285, 60.16365303], [24.7336896, 60.16371881], [24.73345937, 60.16432652], [24.73321982, 60.16461703], [24.73278216, 60.16514857], [24.7326142, 60.16540448], [24.73260589, 60.16542924], [24.73260576, 60.16544531], [24.7326105, 60.16546102], [24.7326201, 60.16547639], [24.73263349, 60.16549087], [24.73265176, 60.1655041], [24.73267327, 60.16551599], [24.73269805, 60.16552582], [24.73272608, 60.16553414], [24.73275575, 60.16553985], [24.73278706, 60.16554359], [24.7328373, 60.16554522], [24.73338316, 60.16553097], [24.73375927, 60.16552643], [24.73413641, 60.16552764], [24.73468209, 60.16553717], [24.73548016, 60.16560581], [24.7358279, 60.16563558], [24.73707344, 60.16576309], [24.73740253, 60.16582828], [24.73773917, 60.16589518], [24.73821536, 60.16601325], [24.73868066, 60.16614144], [24.73877391, 60.16616963], [24.739052, 60.16626164], [24.73932956, 60.16635374], [24.73960699, 60.16646028], [24.73988227, 60.16656709], [24.74008638, 60.16665438], [24.74021237, 60.1667109], [24.74047993, 60.16683816], [24.7414305, 60.16730916], [24.74173409, 60.16745991], [24.74228313, 60.16773186], [24.74259103, 60.16788442], [24.74284835, 60.16801003], [24.74332852, 60.16824855], [24.7434997, 60.16833316], [24.74378232, 60.16847291], [24.74402779, 60.16859429], [24.74406655, 60.16861348], [24.74437304, 60.16874117], [24.74468767, 60.16886393], [24.74471693, 60.16885366], [24.74474388, 60.16886314], [24.74487593, 60.16890818], [24.74461742, 60.16900309], [24.74431556, 60.1691831], [24.74391022, 60.16946657], [24.74383374, 60.16957269], [24.74381386, 60.16969633], [24.74383757, 60.16977456], [24.74399657, 60.17010615], [24.74416942, 60.1704646], [24.7442444, 60.17062128], [24.74437228, 60.17085588], [24.74468539, 60.17138702], [24.74486688, 60.17167764], [24.74488029, 60.17169086], [24.74489263, 60.17170255], [24.74491093, 60.17171237], [24.74493031, 60.17172174], [24.7449535, 60.17172843], [24.74497939, 60.17173521], [24.74564324, 60.17185011], [24.74585541, 60.17187915], [24.7463298, 60.1719647], [24.74622077, 60.17208647], [24.74595443, 60.17242397], [24.74563724, 60.17283651], [24.74529475, 60.17330437], [24.74509549, 60.17356131], [24.74536609, 60.17351471], [24.74612436, 60.17337561], [24.74651344, 60.17352257], [24.74689229, 60.17366546], [24.7471445, 60.17376072], [24.74724797, 60.17379969], [24.74743789, 60.17384287], [24.74763162, 60.1738821], [24.74766344, 60.17389069], [24.74768554, 60.17389818], [24.74770438, 60.17390773], [24.74772106, 60.17391817], [24.7477334, 60.17392987], [24.74774303, 60.17394245], [24.7477478, 60.17395547], [24.74774986, 60.17396876], [24.74774651, 60.17398204], [24.74773881, 60.17399962], [24.74771481, 60.17402811], [24.74764432, 60.17412814], [24.74715798, 60.17411716], [24.74673901, 60.17441076], [24.74661511, 60.17449732], [24.74661833, 60.17464102], [24.74675073, 60.17471317], [24.7475623, 60.17467433], [24.74755633, 60.17481891], [24.74700591, 60.17484514], [24.74662364, 60.17486344], [24.74644792, 60.1748719], [24.7464874, 60.17514923], [24.74655532, 60.17545264], [24.74662959, 60.17577482], [24.74642841, 60.17578925], [24.74615638, 60.17602056], [24.74582992, 60.17629899], [24.74622489, 60.17645753], [24.74612279, 60.17652034], [24.74575799, 60.17637379], [24.74493418, 60.17707948], [24.7449169, 60.17735652], [24.74490026, 60.17762028], [24.74562048, 60.17766052], [24.74589853, 60.17777253], [24.74604192, 60.17768404], [24.74660763, 60.17771411], [24.74844954, 60.17781653], [24.7490385, 60.17784744], [24.74886562, 60.17825927], [24.7485412, 60.17905002], [24.74848718, 60.17918545], [24.74746867, 60.17912688], [24.74741795, 60.17946695], [24.74443653, 60.17928397], [24.74425606, 60.17927286], [24.74371252, 60.1792394], [24.74435193, 60.17959705], [24.74526639, 60.18010853], [24.74542197, 60.1801923], [24.7455846, 60.18027277], [24.74585557, 60.18039481], [24.74594875, 60.18043915], [24.74603433, 60.18048715], [24.74611178, 60.18053855], [24.74618002, 60.1805928], [24.74623958, 60.18064973], [24.7462894, 60.18070898], [24.74632574, 60.18076371], [24.74634917, 60.18080899], [24.74636458, 60.18084393], [24.74641735, 60.18101143], [24.74643605, 60.18118065], [24.74642015, 60.18135008], [24.74521427, 60.18171244], [24.74638963, 60.18194294], [24.74663429, 60.18197311], [24.74679909, 60.18198339], [24.74676567, 60.18211213], [24.74675728, 60.18221865], [24.74676761, 60.18228168], [24.74679022, 60.18236438], [24.74683931, 60.18244741], [24.74694279, 60.18255971], [24.74697715, 60.1825911], [24.74711096, 60.18269511], [24.74756515, 60.1829674], [24.74767614, 60.18301688], [24.74776551, 60.1830657], [24.74782738, 60.18310477], [24.74787733, 60.18314831], [24.74792023, 60.18319327], [24.74794906, 60.18324107], [24.7479783, 60.18330548], [24.7479832, 60.18337182], [24.74796161, 60.18364903], [24.74795564, 60.1839348], [24.74796097, 60.18394414], [24.74809704, 60.18417902], [24.74814602, 60.18441947], [24.74818549, 60.18463101], [24.74820657, 60.18484386], [24.74822635, 60.18508498], [24.74822088, 60.18530415], [24.74821547, 60.18551695], [24.74818789, 60.18572988], [24.74815864, 60.1859482], [24.74809162, 60.18622811], [24.74801486, 60.18650746], [24.74779398, 60.18710893], [24.74772054, 60.1873076], [24.74775064, 60.18740172], [24.74752419, 60.18802203], [24.74755987, 60.18816337], [24.74750641, 60.18829584], [24.74749172, 60.1883073], [24.74763432, 60.18832642], [24.74833761, 60.18842065], [24.74965519, 60.18843903], [24.75012957, 60.18862949], [24.75021474, 60.1885214], [24.75054405, 60.18830643], [24.75104308, 60.1885261], [24.75139231, 60.18867952], [24.75177604, 60.18848825], [24.75168039, 60.18826584], [24.75146193, 60.18819524], [24.75045813, 60.18787168], [24.74982378, 60.18774321], [24.74980344, 60.18743172], [24.74976718, 60.18686692], [24.74982989, 60.18651358], [24.75055683, 60.18626481], [24.75162623, 60.18677465], [24.7519141, 60.18652908], [24.75285773, 60.18572125], [24.75292792, 60.18566161], [24.75296656, 60.1856282], [24.75299485, 60.18560474], [24.75385514, 60.18487089], [24.75457396, 60.18468751], [24.75465366, 60.18501921], [24.75522443, 60.18533162], [24.75612565, 60.18534046], [24.75681333, 60.1853472], [24.75734801, 60.18535231], [24.75748351, 60.1853802], [24.75762333, 60.18540882], [24.75822418, 60.18553207], [24.75836184, 60.18556033], [24.75872628, 60.18555614], [24.75882361, 60.18555506], [24.75908532, 60.18555213], [24.75918319, 60.18555105], [24.75927457, 60.18555005], [24.75898865, 60.18590568], [24.75912217, 60.18590924], [24.76040927, 60.18594263], [24.76126086, 60.18586446], [24.76143127, 60.185628], [24.76146896, 60.1855752], [24.76183935, 60.18557066], [24.76189348, 60.18556133], [24.76199126, 60.18549796], [24.7620237, 60.18549757], [24.76231564, 60.18550061], [24.76259995, 60.18551242], [24.76283056, 60.18554694], [24.76288501, 60.18556903], [24.76297568, 60.185591], [24.76306629, 60.18562186], [24.76391393, 60.18563953], [24.76410907, 60.1856458], [24.76414853, 60.18564713], [24.76423828, 60.18564657], [24.76443673, 60.18564369], [24.7651487, 60.18535379], [24.76526314, 60.18530283], [24.76540044, 60.18523154], [24.76542614, 60.18519093], [24.76604735, 60.1828357], [24.76595706, 60.18283626], [24.76592577, 60.18282687], [24.76589523, 60.18278831], [24.76585278, 60.18275287], [24.76579679, 60.18271884], [24.76568268, 60.18264926], [24.76563446, 60.18266372], [24.76554062, 60.18263178], [24.76487293, 60.18240845], [24.7647695, 60.18235666], [24.76471192, 60.18231913], [24.76466248, 60.18227865], [24.76462386, 60.1822355], [24.76459445, 60.18219039], [24.76457749, 60.18214387], [24.76457025, 60.18209674], [24.76457492, 60.18204953], [24.76459039, 60.18200271], [24.76463198, 60.18193278], [24.76473501, 60.18181314], [24.76521614, 60.1819654], [24.76645764, 60.1823854], [24.76814034, 60.18295462], [24.76786742, 60.18317135], [24.76887148, 60.18338483], [24.76896804, 60.18341588], [24.7690511, 60.1834442], [24.76912113, 60.18347987], [24.76919923, 60.1835221], [24.77157443, 60.18489506], [24.7718173, 60.18495651], [24.77193865, 60.18507699], [24.77459957, 60.18660602], [24.77529658, 60.18596304], [24.77666168, 60.18470357], [24.77870723, 60.18281597], [24.77986135, 60.18186407], [24.7803338, 60.18162826], [24.78035793, 60.18141432], [24.78036369, 60.18119991], [24.78196538, 60.18121305], [24.7831103, 60.18122247], [24.78372782, 60.18119853], [24.78407641, 60.18112953], [24.78517544, 60.18088153], [24.78527559, 60.18085926], [24.78640815, 60.18060564], [24.78718014, 60.18043285], [24.78737283, 60.18039493], [24.78703824, 60.17997308], [24.78714353, 60.17990818], [24.78700466, 60.17973275], [24.7873078, 60.17966781], [24.78759903, 60.17960563], [24.78878827, 60.17960789], [24.78880259, 60.17771525], [24.78845389, 60.1772188], [24.78681689, 60.17717615], [24.78633946, 60.17678325], [24.78445081, 60.17670991], [24.78314925, 60.17506851], [24.78310315, 60.17501009], [24.7829689, 60.17479545], [24.78253133, 60.17427039], [24.78308578, 60.17370916], [24.78342965, 60.17336103], [24.78330447, 60.17332905]]]}, "geometry_name": "geom", "properties": {"posnro": "02200", "postitoimi": "ESPOO", "postitoiru": "ESBO", "nimi": "Niittykumpu", "nimiru": "Ängskulla", "kunta": "Espoo", "kunta_nro": "049"}}, {"type": "Feature", "id": "pks_postinumeroalueet_2024.133", "geometry": {"type": "Polygon", "coordinates": [[[24.70575727, 60.18117964], [24.70452402, 60.18191925], [24.71327023, 60.18344113], [24.71676016, 60.18405367], [24.71779718, 60.18423539], [24.71837162, 60.18432969], [24.71896278, 60.18442815], [24.72006352, 60.18462192], [24.72111407, 60.18480589], [24.72195896, 60.18495181], [24.72260463, 60.18506491], [24.72346195, 60.18521291], [24.72389221, 60.18529072], [24.72447258, 60.1853912], [24.72509557, 60.18543854], [24.72567318, 60.18548264], [24.72571249, 60.18530698], [24.72723506, 60.18543012], [24.72717791, 60.185607], [24.73054082, 60.18587569], [24.7322115, 60.18600931], [24.73223884, 60.18603791], [24.73232263, 60.18604005], [24.73289665, 60.18606077], [24.73303125, 60.18606481], [24.73318052, 60.18605982], [24.73323895, 60.18605473], [24.73338294, 60.18603402], [24.73343818, 60.18602282], [24.73356931, 60.18598745], [24.73361865, 60.18597041], [24.73376886, 60.18591551], [24.73392124, 60.18585954], [24.73391975, 60.18584338], [24.73392909, 60.18582509], [24.73394814, 60.18580897], [24.73397636, 60.18579637], [24.73401103, 60.18578836], [24.73404078, 60.185786], [24.73459356, 60.18576117], [24.73408071, 60.18532833], [24.73474025, 60.18513659], [24.73536348, 60.18495456], [24.73767403, 60.18389735], [24.7376718, 60.18282083], [24.73842774, 60.18246241], [24.73894073, 60.18090294], [24.74201451, 60.17987122], [24.74248944, 60.17976282], [24.74280462, 60.18010566], [24.74273807, 60.18018227], [24.74278954, 60.18023668], [24.74284317, 60.18029063], [24.74289789, 60.18034414], [24.7430933, 60.18051909], [24.74330714, 60.18068879], [24.74353831, 60.18085259], [24.74376659, 60.1810416], [24.74422161, 60.18127127], [24.74428837, 60.18130586], [24.74453665, 60.18142688], [24.74521427, 60.18171244], [24.74642015, 60.18135008], [24.74643605, 60.18118065], [24.74641735, 60.18101143], [24.74636458, 60.18084393], [24.74632574, 60.18076371], [24.7462894, 60.18070898], [24.74623958, 60.18064973], [24.74618002, 60.1805928], [24.74611178, 60.18053855], [24.74603433, 60.18048715], [24.74594875, 60.18043915], [24.74585557, 60.18039481], [24.7455846, 60.18027277], [24.74542197, 60.1801923], [24.74526639, 60.18010853], [24.74435193, 60.17959705], [24.74371252, 60.1792394], [24.74425606, 60.17927286], [24.74443653, 60.17928397], [24.74741795, 60.17946695], [24.74746867, 60.17912688], [24.74848718, 60.17918545], [24.7485412, 60.17905002], [24.74886562, 60.17825927], [24.7490385, 60.17784744], [24.74844954, 60.17781653], [24.74660763, 60.17771411], [24.74604192, 60.17768404], [24.74589853, 60.17777253], [24.74562048, 60.17766052], [24.74490026, 60.17762028], [24.7449169, 60.17735652], [24.74493418, 60.17707948], [24.74575799, 60.17637379], [24.74612279, 60.17652034], [24.74622489, 60.17645753], [24.74582992, 60.17629899], [24.74615638, 60.17602056], [24.74642841, 60.17578925], [24.74662959, 60.17577482], [24.74655532, 60.17545264], [24.7464874, 60.17514923], [24.74644792, 60.1748719], [24.74662364, 60.17486344], [24.74700591, 60.17484514], [24.74755633, 60.17481891], [24.7475623, 60.17467433], [24.74675073, 60.17471317], [24.74661833, 60.17464102], [24.74661511, 60.17449732], [24.74673901, 60.17441076], [24.74715798, 60.17411716], [24.74764432, 60.17412814], [24.74771481, 60.17402811], [24.74773881, 60.17399962], [24.74774651, 60.17398204], [24.74774986, 60.17396876], [24.7477478, 60.17395547], [24.74774303, 60.17394245], [24.7477334, 60.17392987], [24.74772106, 60.17391817], [24.74770438, 60.17390773], [24.74768554, 60.17389818], [24.74766344, 60.17389069], [24.74763162, 60.1738821], [24.74743789, 60.17384287], [24.74724797, 60.17379969], [24.7471445, 60.17376072], [24.74689229, 60.17366546], [24.74651344, 60.17352257], [24.74612436, 60.17337561], [24.74536609, 60.17351471], [24.74509549, 60.17356131], [24.74529475, 60.17330437], [24.74563724, 60.17283651], [24.74595443, 60.17242397], [24.74622077, 60.17208647], [24.7463298, 60.1719647], [24.74585541, 60.17187915], [24.74564324, 60.17185011], [24.74497939, 60.17173521], [24.7449535, 60.17172843], [24.74493031, 60.17172174], [24.74491093, 60.17171237], [24.74489263, 60.17170255], [24.74488029, 60.17169086], [24.74486688, 60.17167764], [24.74468539, 60.17138702], [24.74437228, 60.17085588], [24.7442444, 60.17062128], [24.74416942, 60.1704646], [24.74399657, 60.17010615], [24.74383757, 60.16977456], [24.74381386, 60.16969633], [24.74383374, 60.16957269], [24.74391022, 60.16946657], [24.74431556, 60.1691831], [24.74461742, 60.16900309], [24.74487593, 60.16890818], [24.74474388, 60.16886314], [24.74471693, 60.16885366], [24.74468767, 60.16886393], [24.74437304, 60.16874117], [24.74406655, 60.16861348], [24.74402779, 60.16859429], [24.74378232, 60.16847291], [24.7434997, 60.16833316], [24.74332852, 60.16824855], [24.74284835, 60.16801003], [24.74259103, 60.16788442], [24.74228313, 60.16773186], [24.74173409, 60.16745991], [24.7414305, 60.16730916], [24.74047993, 60.16683816], [24.74021237, 60.1667109], [24.74008638, 60.16665438], [24.73988227, 60.16656709], [24.73960699, 60.16646028], [24.73932956, 60.16635374], [24.739052, 60.16626164], [24.73877391, 60.16616963], [24.73868066, 60.16614144], [24.73821536, 60.16601325], [24.73773917, 60.16589518], [24.73740253, 60.16582828], [24.73707344, 60.16576309], [24.7358279, 60.16563558], [24.73548016, 60.16560581], [24.73468209, 60.16553717], [24.73413641, 60.16552764], [24.73375927, 60.16552643], [24.73338316, 60.16553097], [24.7328373, 60.16554522], [24.73158759, 60.16559969], [24.72978202, 60.16563623], [24.72933499, 60.16559008], [24.72829519, 60.16548276], [24.72818967, 60.16595897], [24.72816294, 60.16598934], [24.72786468, 60.16631454], [24.72747753, 60.16673738], [24.7273881, 60.16683557], [24.72710345, 60.16714662], [24.72704347, 60.1672121], [24.72599098, 60.16836292], [24.72556177, 60.16857484], [24.72494183, 60.16904064], [24.72485562, 60.16913973], [24.72450705, 60.1694641], [24.7243286, 60.16947773], [24.72378449, 60.16998398], [24.72365082, 60.17007059], [24.72303784, 60.17047383], [24.7227861, 60.17065506], [24.72234996, 60.17059321], [24.72186607, 60.17055458], [24.72165498, 60.17072082], [24.72129318, 60.17100575], [24.72073709, 60.17145084], [24.72069738, 60.171481], [24.72034098, 60.17176486], [24.72001507, 60.17202141], [24.71911559, 60.17273916], [24.71829776, 60.17243693], [24.71783117, 60.17226935], [24.71774127, 60.17222787], [24.7129914, 60.17537166], [24.71072351, 60.17450455], [24.71045964, 60.17439546], [24.71054796, 60.17424675], [24.71061015, 60.17412006], [24.71072469, 60.17375599], [24.71087151, 60.17254731], [24.71039859, 60.17230421], [24.70997415, 60.17250927], [24.70981422, 60.17385327], [24.70951959, 60.17404425], [24.70850531, 60.17365635], [24.70784978, 60.17340557], [24.70705092, 60.17310591], [24.70692488, 60.17305824], [24.70617938, 60.17277826], [24.70589007, 60.17267521], [24.70551576, 60.17252933], [24.7053811, 60.17247886], [24.70449663, 60.17214982], [24.70246605, 60.17138622], [24.70244073, 60.17137665], [24.70247337, 60.17147294], [24.70251129, 60.17158316], [24.70250388, 60.17162533], [24.70247106, 60.17166923], [24.70242967, 60.17170414], [24.70223464, 60.17181599], [24.70186659, 60.17199494], [24.70129516, 60.17231255], [24.70120116, 60.17236772], [24.70089418, 60.17254663], [24.70056212, 60.17268949], [24.70037275, 60.17277199], [24.70019141, 60.17286268], [24.70003623, 60.17292965], [24.69943784, 60.17305907], [24.69937721, 60.17306979], [24.6991994, 60.1731875], [24.69904194, 60.17338577], [24.69881925, 60.17350545], [24.69865023, 60.17354797], [24.69853116, 60.17356699], [24.69835301, 60.17360339], [24.69809711, 60.17368852], [24.69797622, 60.17372864], [24.69790889, 60.17376241], [24.69769152, 60.17389134], [24.69758917, 60.17397135], [24.69739962, 60.17413068], [24.69681348, 60.17451053], [24.69667138, 60.17450536], [24.69654799, 60.1749333], [24.69567607, 60.17541131], [24.6953398, 60.17559561], [24.69510891, 60.17572217], [24.69488937, 60.17590701], [24.6946497, 60.17633917], [24.6954063, 60.17676114], [24.69647267, 60.17735579], [24.69668401, 60.17747358], [24.69686223, 60.17754921], [24.69935366, 60.17860492], [24.69926712, 60.17878756], [24.70096531, 60.17946878], [24.70105256, 60.17950371], [24.70009145, 60.18015307], [24.70034086, 60.18036896], [24.70128399, 60.18086599], [24.70177771, 60.18102642], [24.70218317, 60.18108477], [24.70284733, 60.18105045], [24.70360637, 60.18116578], [24.70423765, 60.18111998], [24.70575727, 60.18117964]], [[24.69935895, 60.1756012], [24.70069238, 60.17476842], [24.70230528, 60.17475975], [24.7049803, 60.17474572], [24.70560076, 60.17480831], [24.7059846, 60.17485861], [24.70741902, 60.17504686], [24.71322908, 60.17668969], [24.70974365, 60.17878928], [24.70891379, 60.17928963], [24.70135198, 60.17718808], [24.69937974, 60.17640132], [24.69935895, 60.1756012]]]}, "geometry_name": "geom", "properties": {"posnro": "02210", "postitoimi": "ESPOO", "postitoiru": "ESBO", "nimi": "Olari", "nimiru": "Olars", "kunta": "Espoo", "kunta_nro": "049"}}, {"type": "Feature", "id": "pks_postinumeroalueet_2024.134", "geometry": {"type": "Polygon", "coordinates": [[[24.83515131, 60.1303901], [24.8356699, 60.13041345], [24.83567476, 60.13041373], [24.83513063, 60.13010026], [24.82898173, 60.12656185], [24.78280873, 60.09995985], [24.7766132, 60.10727764], [24.76801014, 60.11723298], [24.75825125, 60.12813984], [24.75597894, 60.1303371], [24.7524576, 60.13162107], [24.75149678, 60.13090688], [24.73017379, 60.14242923], [24.72890519, 60.14311435], [24.72901141, 60.14306762], [24.72902487, 60.14307232], [24.72908417, 60.14308384], [24.72912823, 60.14310978], [24.72919172, 60.14320397], [24.7291925, 60.14330513], [24.72918355, 60.14340869], [24.72911514, 60.14352002], [24.72913106, 60.14361941], [24.72908842, 60.14381427], [24.72898162, 60.14399716], [24.72876301, 60.14418349], [24.72857178, 60.14432375], [24.72844383, 60.14445156], [24.72828332, 60.14453345], [24.72819882, 60.14456523], [24.72805148, 60.14462076], [24.72782093, 60.14468248], [24.72765584, 60.14472971], [24.72735047, 60.14482835], [24.72414637, 60.14853714], [24.72325813, 60.14954566], [24.72301552, 60.14949579], [24.72276126, 60.14980276], [24.72258873, 60.14976811], [24.72292456, 60.14926565], [24.72332699, 60.14874286], [24.72312086, 60.14872142], [24.722932, 60.14870191], [24.72272038, 60.14869204], [24.72253036, 60.14868321], [24.72211455, 60.14867767], [24.72201081, 60.14868418], [24.7219145, 60.14870507], [24.72182088, 60.14872732], [24.72172943, 60.14874884], [24.72163159, 60.14875977], [24.72153374, 60.14877051], [24.72143221, 60.14877048], [24.72132906, 60.14877008], [24.721221, 60.14890323], [24.72097814, 60.14920268], [24.72097044, 60.14921882], [24.72096601, 60.14923201], [24.72096751, 60.14924538], [24.72097118, 60.14925858], [24.7209808, 60.14927108], [24.72099204, 60.14928304], [24.72100869, 60.14929376], [24.72102697, 60.14930349], [24.72104905, 60.14931117], [24.7210776, 60.14931966], [24.72233275, 60.14957281], [24.7223615, 60.15007083], [24.72236242, 60.15008995], [24.72238687, 60.15052064], [24.72175705, 60.15052956], [24.71997708, 60.15254153], [24.72295807, 60.15317958], [24.72298593, 60.15365588], [24.72101117, 60.15563093], [24.72085777, 60.15562971], [24.71816625, 60.1556092], [24.71819138, 60.15658687], [24.71830518, 60.1566073], [24.71983107, 60.1568798], [24.71975785, 60.15773932], [24.71762333, 60.15882666], [24.71697541, 60.1597906], [24.71671851, 60.16020068], [24.71654585, 60.16055161], [24.71640344, 60.16084005], [24.71645063, 60.16094372], [24.71663037, 60.16134029], [24.71671785, 60.16153291], [24.71671696, 60.16157366], [24.719, 60.16165553], [24.72098371, 60.16174014], [24.72161232, 60.16177278], [24.72284081, 60.16184851], [24.72315129, 60.16186998], [24.72324524, 60.16187682], [24.72364216, 60.16189865], [24.72368642, 60.16190377], [24.72549886, 60.16205796], [24.7258552, 60.16208832], [24.72704495, 60.16221275], [24.72721981, 60.16223591], [24.72829655, 60.16237213], [24.7291968, 60.1624867], [24.72964306, 60.16255547], [24.73030561, 60.16266829], [24.73096544, 60.16278443], [24.73125997, 60.16284113], [24.73130043, 60.16284875], [24.73140401, 60.16286897], [24.73149355, 60.16288684], [24.73169906, 60.16292845], [24.73289383, 60.16317275], [24.73339818, 60.16327591], [24.73375095, 60.16334815], [24.73382485, 60.1633632], [24.7340773, 60.16341478], [24.73488859, 60.16358074], [24.73607423, 60.16382321], [24.73677578, 60.16399792], [24.73759498, 60.16303854], [24.73764406, 60.16304895], [24.73769423, 60.16305938], [24.74036208, 60.16362515], [24.74111851, 60.16376198], [24.74174277, 60.16387476], [24.74185067, 60.16389472], [24.74198231, 60.16391939], [24.74222878, 60.16397767], [24.74258635, 60.16406229], [24.74390338, 60.16437404], [24.7442595, 60.16450676], [24.74443165, 60.16453312], [24.74572258, 60.16472983], [24.74682275, 60.16493272], [24.74728733, 60.16501636], [24.74858413, 60.16515561], [24.74909109, 60.16520989], [24.74926653, 60.16523176], [24.74943064, 60.16525218], [24.75011568, 60.16533703], [24.75027332, 60.1653551], [24.75037103, 60.16536651], [24.75071023, 60.16538393], [24.75099611, 60.16537791], [24.75124925, 60.1653432], [24.75198999, 60.16520834], [24.75208471, 60.16511455], [24.75197264, 60.16457096], [24.75204851, 60.16432625], [24.75212295, 60.16462905], [24.75290171, 60.16453733], [24.75319188, 60.16460788], [24.75349582, 60.16464247], [24.75418508, 60.16466762], [24.75426017, 60.16467027], [24.75428052, 60.1645504], [24.75428489, 60.16439881], [24.75431236, 60.16433783], [24.75442376, 60.16418025], [24.75444812, 60.16410229], [24.75444018, 60.16400768], [24.75442949, 60.16391979], [24.75452155, 60.16381943], [24.754686, 60.16372047], [24.75493561, 60.16357643], [24.75510665, 60.16346329], [24.75521436, 60.16336494], [24.75532282, 60.16323894], [24.75547041, 60.16308161], [24.75560522, 60.16297155], [24.75562425, 60.16295623], [24.75617029, 60.16254455], [24.75633942, 60.16239631], [24.75678074, 60.16197007], [24.75721963, 60.16157936], [24.75737211, 60.16141539], [24.75744526, 60.16138654], [24.757521, 60.16137303], [24.75759993, 60.16136555], [24.75766805, 60.16135948], [24.75773238, 60.16135421], [24.75780533, 60.16135264], [24.75787505, 60.16134926], [24.75792642, 60.16134388], [24.75797027, 60.16133131], [24.75803092, 60.1613123], [24.75809274, 60.16128163], [24.75815783, 60.16124629], [24.75821807, 60.1612096], [24.75807013, 60.16119704], [24.75807298, 60.16117568], [24.7580785, 60.16115989], [24.7580905, 60.16114493], [24.75810465, 60.16113068], [24.75812473, 60.16111806], [24.75814697, 60.16110671], [24.75817351, 60.1610976], [24.7582022, 60.16109002], [24.75823249, 60.16108523], [24.75827466, 60.16108091], [24.75844858, 60.16101274], [24.75861121, 60.16093845], [24.75897622, 60.16074525], [24.75936013, 60.16055207], [24.75965705, 60.16043441], [24.76003833, 60.16023153], [24.76020375, 60.16014369], [24.76028131, 60.15995364], [24.76046185, 60.15979088], [24.76076075, 60.15969646], [24.76099396, 60.15957159], [24.76134595, 60.15938275], [24.76155431, 60.15925791], [24.76175736, 60.15934444], [24.76185067, 60.15928995], [24.76269536, 60.15879862], [24.76273951, 60.15866919], [24.76278201, 60.15854432], [24.76424009, 60.15771149], [24.76435942, 60.1576433], [24.76468571, 60.15756741], [24.7652793, 60.15742953], [24.76542812, 60.15739308], [24.76635357, 60.15715363], [24.76651376, 60.15711236], [24.76662088, 60.15724152], [24.76755915, 60.15702067], [24.76864675, 60.1567639], [24.76940011, 60.15617768], [24.77054123, 60.15528938], [24.77158942, 60.15447352], [24.76968549, 60.15383736], [24.76886627, 60.1530425], [24.77027511, 60.15216518], [24.77059065, 60.15083214], [24.77093556, 60.14915477], [24.7727187, 60.14957035], [24.77471703, 60.15003601], [24.77602685, 60.15033684], [24.7877048, 60.15223993], [24.78904274, 60.15349559], [24.79564229, 60.15182284], [24.79596206, 60.15199288], [24.79632665, 60.15164107], [24.80124476, 60.14897878], [24.80146851, 60.14886225], [24.81860096, 60.13944899], [24.81576555, 60.13854492], [24.81255144, 60.13751981], [24.80807931, 60.13609348], [24.80760889, 60.13594362], [24.80033764, 60.13362364], [24.80671173, 60.13022447], [24.8068019, 60.12975841], [24.806994, 60.12930614], [24.80656508, 60.12918309], [24.80510375, 60.12940866], [24.80391638, 60.1293062], [24.80260006, 60.12901568], [24.80164041, 60.12847805], [24.80185704, 60.12745615], [24.8018912, 60.12742991], [24.80305478, 60.12653382], [24.80596569, 60.12381997], [24.8172905, 60.12710119], [24.81757931, 60.12718551], [24.82747982, 60.13015774], [24.83503366, 60.1303869], [24.83515131, 60.1303901]]]}, "geometry_name": "geom", "properties": {"posnro": "02230", "postitoimi": "ESPOO", "postitoiru": "ESBO", "nimi": "Matinkylä", "nimiru": "Mattby", "kunta": "Espoo", "kunta_nro": "049"}}, {"type": "Feature", "id": "pks_postinumeroalueet_2024.135", "geometry": {"type": "Polygon", "coordinates": [[[24.73365285, 60.16365303], [24.73361876, 60.16359274], [24.73375095, 60.16334815], [24.73339818, 60.16327591], [24.73289383, 60.16317275], [24.73169906, 60.16292845], [24.73149355, 60.16288684], [24.73140401, 60.16286897], [24.73130043, 60.16284875], [24.73125997, 60.16284113], [24.73096544, 60.16278443], [24.73030561, 60.16266829], [24.72964306, 60.16255547], [24.7291968, 60.1624867], [24.72829655, 60.16237213], [24.72721981, 60.16223591], [24.72704495, 60.16221275], [24.7258552, 60.16208832], [24.72549886, 60.16205796], [24.72368642, 60.16190377], [24.72364216, 60.16189865], [24.72324524, 60.16187682], [24.72315129, 60.16186998], [24.72284081, 60.16184851], [24.72161232, 60.16177278], [24.72098371, 60.16174014], [24.719, 60.16165553], [24.71671696, 60.16157366], [24.71675645, 60.16163127], [24.71679333, 60.16167776], [24.71684591, 60.16172014], [24.71691517, 60.16177037], [24.71704811, 60.16189254], [24.71687616, 60.16215992], [24.71667409, 60.16228658], [24.7166508, 60.16229263], [24.71643514, 60.16242869], [24.71628293, 60.16253481], [24.71617119, 60.16258645], [24.71609043, 60.16261581], [24.71600323, 60.16264084], [24.71586357, 60.16267097], [24.71572939, 60.1626933], [24.71555264, 60.16276428], [24.71537832, 60.16286622], [24.71542794, 60.1628771], [24.71540428, 60.16292579], [24.71545718, 60.16299393], [24.71546984, 60.16302959], [24.71546345, 60.16308209], [24.71541138, 60.16310468], [24.71528297, 60.16314659], [24.71521903, 60.16316719], [24.71520859, 60.16318763], [24.7154805, 60.16329691], [24.71523196, 60.16342239], [24.71511799, 60.16347977], [24.71507737, 60.16349108], [24.71490522, 60.16359222], [24.71484161, 60.16363804], [24.71458176, 60.16375865], [24.71449658, 60.16379814], [24.71438105, 60.16378793], [24.71418854, 60.16374344], [24.71416612, 60.1637127], [24.71413675, 60.16361058], [24.71404322, 60.16355419], [24.7140096, 60.16356866], [24.71398058, 60.16361204], [24.7139474, 60.16363755], [24.71390776, 60.1636608], [24.71381512, 60.16368878], [24.71379394, 60.16370103], [24.71378886, 60.1637266], [24.71379135, 60.16381277], [24.71379357, 60.16386825], [24.71373305, 60.16393076], [24.71362059, 60.1640017], [24.71351193, 60.16407012], [24.71345932, 60.1640938], [24.71343648, 60.16411035], [24.7134158, 60.16412754], [24.71340374, 60.16414663], [24.71339439, 60.16416609], [24.71339421, 60.16418619], [24.71339674, 60.16420621], [24.71341752, 60.1642401], [24.71340711, 60.16425677], [24.7133682, 60.16431906], [24.7133244, 60.16438494], [24.71328192, 60.16442353], [24.7130825, 60.16449006], [24.71285508, 60.16454665], [24.71273718, 60.16455887], [24.71245035, 60.16461084], [24.71239943, 60.16462545], [24.71237766, 60.16464434], [24.71238968, 60.16469041], [24.71242591, 60.16474874], [24.71243642, 60.16478323], [24.71243512, 60.16480872], [24.71243052, 60.16484048], [24.71240208, 60.16487982], [24.71236832, 60.16490892], [24.71233139, 60.16492993], [24.71223115, 60.16496284], [24.7121407, 60.16498669], [24.71204968, 60.16501477], [24.71191834, 60.16508153], [24.71184344, 60.16511924], [24.71171081, 60.16520952], [24.71166112, 60.16526901], [24.71161605, 60.16541745], [24.71157956, 60.16545014], [24.71154973, 60.16546335], [24.71148402, 60.16543835], [24.71130187, 60.1655681], [24.71121354, 60.16565954], [24.71105695, 60.16589328], [24.71093436, 60.16588521], [24.71100311, 60.1661172], [24.71111839, 60.16628044], [24.71101077, 60.16629071], [24.71078439, 60.16628761], [24.71060029, 60.16633128], [24.71054715, 60.1663519], [24.71052108, 60.1663671], [24.71049824, 60.16638347], [24.71048187, 60.16640184], [24.71046981, 60.16642084], [24.7104625, 60.16645412], [24.71047741, 60.1665405], [24.71044128, 60.1665932], [24.71039054, 60.16664909], [24.71036612, 60.16666026], [24.71033417, 60.16666836], [24.71031361, 60.16667127], [24.71029198, 60.16667311], [24.71027091, 60.1666728], [24.71024931, 60.1666714], [24.71022934, 60.16666795], [24.71020993, 60.16666369], [24.71019269, 60.16665737], [24.71017654, 60.16665024], [24.71015505, 60.16663601], [24.71009853, 60.1666121], [24.71007961, 60.16661233], [24.7100661, 60.16661338], [24.71005365, 60.16661542], [24.71004174, 60.16661835], [24.71003089, 60.16662228], [24.71002113, 60.16662674], [24.71001298, 60.16663211], [24.71000318, 60.16664044], [24.70996273, 60.16669304], [24.70996209, 60.1667038], [24.70996039, 60.16671322], [24.70995436, 60.1667221], [24.70994726, 60.1667307], [24.70993639, 60.16673821], [24.70992444, 60.16674555], [24.7099098, 60.16675099], [24.70989354, 60.16675625], [24.70987622, 60.16675935], [24.70985783, 60.1667621], [24.70983945, 60.16676233], [24.70982054, 60.16676228], [24.70980219, 60.16675982], [24.70978169, 60.16675654], [24.70976121, 60.16674977], [24.70974665, 60.1667465], [24.709731, 60.16674423], [24.70971534, 60.16674321], [24.70969913, 60.16674335], [24.70968344, 60.16674475], [24.70966829, 60.16674714], [24.70965367, 60.16675088], [24.70964066, 60.16675543], [24.70962329, 60.16676401], [24.70956845, 60.16685517], [24.70934105, 60.16690601], [24.70913988, 60.16698491], [24.70908831, 60.16701235], [24.70903751, 60.16713485], [24.7090266, 60.16714694], [24.70901514, 60.16715876], [24.70898637, 60.16717414], [24.70895114, 60.16718609], [24.70891812, 60.16719185], [24.70876181, 60.16720874], [24.70862387, 60.16722468], [24.70859522, 60.16722596], [24.70857737, 60.16722826], [24.70856005, 60.16723181], [24.70854379, 60.16723662], [24.70852915, 60.16724269], [24.7085172, 60.16724967], [24.70850687, 60.16725745], [24.70849922, 60.16726605], [24.70849374, 60.16727484], [24.7084915, 60.16728417], [24.70849196, 60.1672935], [24.70849512, 60.16730266], [24.70850098, 60.16731147], [24.70850955, 60.16731993], [24.70852029, 60.16732749], [24.70854074, 60.16733777], [24.70856005, 60.16735343], [24.70856537, 60.16736268], [24.70857016, 60.16737149], [24.70856953, 60.16738118], [24.70856837, 60.16739033], [24.70856235, 60.1673993], [24.70855579, 60.1674079], [24.70853404, 60.16742293], [24.70843688, 60.16747145], [24.70825149, 60.16753809], [24.708226, 60.16754827], [24.70821405, 60.16755551], [24.70820371, 60.1675633], [24.70819661, 60.1675719], [24.70819113, 60.16758086], [24.70818996, 60.16759019], [24.70818988, 60.16759962], [24.70819412, 60.16760869], [24.70819945, 60.1676175], [24.70821607, 60.16763172], [24.70824126, 60.16765502], [24.70826429, 60.16767886], [24.70823757, 60.16770617], [24.70796488, 60.16798758], [24.70798915, 60.16799338], [24.70795424, 60.16802983], [24.70794987, 60.16803521], [24.70794605, 60.16803933], [24.70794007, 60.16804309], [24.70793356, 60.16804648], [24.70792597, 60.16804916], [24.70791784, 60.16805147], [24.70790918, 60.16805289], [24.70789945, 60.16805395], [24.70789026, 60.16805393], [24.70788108, 60.16805355], [24.70787191, 60.16805209], [24.70786327, 60.16805046], [24.70785573, 60.16804775], [24.70784819, 60.16804486], [24.70784228, 60.16804126], [24.70783584, 60.16803657], [24.70780798, 60.16800932], [24.70778117, 60.16798601], [24.70774351, 60.16796699], [24.70769884, 60.16794616], [24.70763894, 60.16793687], [24.70759198, 60.16793192], [24.70754388, 60.16793199], [24.70749577, 60.16793404], [24.70744977, 60.16794121], [24.70740484, 60.16795036], [24.70736527, 60.16796382], [24.707317, 60.16798382], [24.70727619, 60.1680147], [24.70724563, 60.16804847], [24.70719791, 60.16818856], [24.7071343, 60.16823114], [24.70707672, 60.16826548], [24.70700676, 60.16829351], [24.70692056, 60.16832482], [24.70685024, 60.16833229], [24.70672926, 60.16832512], [24.70666204, 60.16834857], [24.70667094, 60.16838063], [24.70658222, 60.16839247], [24.70646701, 60.16840361], [24.70625054, 60.16843921], [24.70606828, 60.16845613], [24.70606224, 60.16846707], [24.70620713, 60.16851989], [24.70622865, 60.16853098], [24.70623615, 60.168538], [24.70624311, 60.16854529], [24.70624628, 60.1685531], [24.70624891, 60.1685611], [24.70624722, 60.16856908], [24.70624499, 60.16857706], [24.70623844, 60.16858441], [24.70623135, 60.16859175], [24.70622103, 60.16859774], [24.70621017, 60.16860364], [24.70618415, 60.16861184], [24.70599939, 60.16866672], [24.70586616, 60.16870017], [24.70575517, 60.16872282], [24.70557461, 60.16879099], [24.70530747, 60.16887252], [24.70524738, 60.16888468], [24.70509703, 60.16889763], [24.70484227, 60.16898458], [24.70471524, 60.16904847], [24.70469029, 60.16905873], [24.70467024, 60.16906524], [24.7046475, 60.16906959], [24.70462423, 60.16907295], [24.70460045, 60.16907388], [24.70456803, 60.16907354], [24.70446374, 60.16907277], [24.7044033, 60.16924344], [24.70433286, 60.16938527], [24.70430346, 60.16940953], [24.70415563, 60.16944268], [24.70409594, 60.16947028], [24.70404743, 60.16951613], [24.70402516, 60.169529], [24.70400997, 60.16953444], [24.70399426, 60.16953952], [24.7039764, 60.16954263], [24.70395854, 60.1695451], [24.70393962, 60.16954533], [24.70392071, 60.16954502], [24.70390236, 60.16954246], [24.7038851, 60.16953955], [24.70386893, 60.1695344], [24.70385385, 60.16952889], [24.70383235, 60.16951583], [24.70373653, 60.16947406], [24.70369014, 60.16946543], [24.70365316, 60.16949029], [24.70363745, 60.16955515], [24.70357396, 60.16952449], [24.70356282, 60.1696206], [24.70342791, 60.16966024], [24.70340292, 60.16967454], [24.70338479, 60.16970771], [24.70337854, 60.1697409], [24.70338969, 60.16976265], [24.70344712, 60.16980712], [24.70349755, 60.16984726], [24.70351244, 60.16987458], [24.7035079, 60.1698988], [24.7034883, 60.16991456], [24.70343299, 60.16993562], [24.70339667, 60.16994837], [24.70326931, 60.16998847], [24.70321564, 60.17000666], [24.70319226, 60.17002241], [24.7031764, 60.17004382], [24.70315273, 60.17009206], [24.70310863, 60.17012831], [24.70306197, 60.17014786], [24.70293041, 60.17017458], [24.70282211, 60.17019929], [24.70269014, 60.17027062], [24.70261037, 60.17030697], [24.7025426, 60.17033141], [24.70248304, 60.17034412], [24.70237215, 60.17035554], [24.70224991, 60.17036702], [24.70219902, 60.17037723], [24.70213008, 60.17041028], [24.702066, 60.1704455], [24.70200748, 60.1704617], [24.70191978, 60.17047883], [24.7017597, 60.17049139], [24.70163907, 60.17050441], [24.70161848, 60.17051073], [24.70161294, 60.1705258], [24.70162832, 60.17055788], [24.70167382, 60.17060591], [24.70170105, 60.17064214], [24.70172218, 60.17069631], [24.70173709, 60.17078], [24.7017395, 60.17081186], [24.70174139, 60.17084256], [24.70173664, 60.17088985], [24.70170864, 60.17099768], [24.70172628, 60.1710189], [24.70176825, 60.17103856], [24.70180875, 60.17104251], [24.70199568, 60.17104912], [24.70208556, 60.17108972], [24.70212227, 60.17115406], [24.70219473, 60.17120925], [24.70236522, 60.17124104], [24.70245035, 60.17127004], [24.70249685, 60.17132732], [24.70246605, 60.17138622], [24.70449663, 60.17214982], [24.7053811, 60.17247886], [24.70551576, 60.17252933], [24.70589007, 60.17267521], [24.70617938, 60.17277826], [24.70692488, 60.17305824], [24.70705092, 60.17310591], [24.70784978, 60.17340557], [24.70850531, 60.17365635], [24.70951959, 60.17404425], [24.70981422, 60.17385327], [24.70997415, 60.17250927], [24.71039859, 60.17230421], [24.71087151, 60.17254731], [24.71072469, 60.17375599], [24.71061015, 60.17412006], [24.71054796, 60.17424675], [24.71045964, 60.17439546], [24.71072351, 60.17450455], [24.7129914, 60.17537166], [24.71774127, 60.17222787], [24.71783117, 60.17226935], [24.71829776, 60.17243693], [24.71911559, 60.17273916], [24.72001507, 60.17202141], [24.72034098, 60.17176486], [24.72069738, 60.171481], [24.72073709, 60.17145084], [24.72129318, 60.17100575], [24.72165498, 60.17072082], [24.72186607, 60.17055458], [24.72234996, 60.17059321], [24.7227861, 60.17065506], [24.72303784, 60.17047383], [24.72365082, 60.17007059], [24.72378449, 60.16998398], [24.7243286, 60.16947773], [24.72450705, 60.1694641], [24.72485562, 60.16913973], [24.72494183, 60.16904064], [24.72556177, 60.16857484], [24.72599098, 60.16836292], [24.72704347, 60.1672121], [24.72710345, 60.16714662], [24.7273881, 60.16683557], [24.72747753, 60.16673738], [24.72786468, 60.16631454], [24.72816294, 60.16598934], [24.72818967, 60.16595897], [24.72829519, 60.16548276], [24.72933499, 60.16559008], [24.72978202, 60.16563623], [24.73158759, 60.16559969], [24.7328373, 60.16554522], [24.73278706, 60.16554359], [24.73275575, 60.16553985], [24.73272608, 60.16553414], [24.73269805, 60.16552582], [24.73267327, 60.16551599], [24.73265176, 60.1655041], [24.73263349, 60.16549087], [24.7326201, 60.16547639], [24.7326105, 60.16546102], [24.73260576, 60.16544531], [24.73260589, 60.16542924], [24.7326142, 60.16540448], [24.73278216, 60.16514857], [24.73321982, 60.16461703], [24.73345937, 60.16432652], [24.7336896, 60.16371881], [24.73365285, 60.16365303]]]}, "geometry_name": "geom", "properties": {"posnro": "02240", "postitoimi": "ESPOO", "postitoiru": "ESBO", "nimi": "Friisilä", "nimiru": "Frisans", "kunta": "Espoo", "kunta_nro": "049"}}, {"type": "Feature", "id": "pks_postinumeroalueet_2024.136", "geometry": {"type": "Polygon", "coordinates": [[[24.69808548, 60.18443943], [24.69665679, 60.18499785], [24.69539025, 60.18549955], [24.69709463, 60.18653519], [24.70018361, 60.18842831], [24.70103042, 60.18895717], [24.70216181, 60.18965299], [24.70380465, 60.19066344], [24.70521204, 60.19152903], [24.70533903, 60.19147833], [24.70781156, 60.1904887], [24.70919994, 60.19137439], [24.71310967, 60.18982414], [24.71327192, 60.18988283], [24.71285227, 60.19143531], [24.71366421, 60.19115829], [24.71378737, 60.19111125], [24.7144917, 60.19083121], [24.71551914, 60.19151869], [24.71434058, 60.19291445], [24.71671663, 60.19437949], [24.7177873, 60.19395419], [24.7178298, 60.1939812], [24.7185515, 60.19369687], [24.71911203, 60.19347681], [24.72016884, 60.19314848], [24.72272358, 60.19237451], [24.72363064, 60.19415498], [24.72345057, 60.19421716], [24.72326888, 60.19427925], [24.72317021, 60.19430821], [24.72286837, 60.19437975], [24.72265986, 60.1944153], [24.72161154, 60.19456964], [24.72171925, 60.19475036], [24.72276704, 60.19459611], [24.72310448, 60.19453471], [24.72342371, 60.19445307], [24.7237296, 60.19434923], [24.72476761, 60.19639411], [24.72661949, 60.19619734], [24.72722114, 60.19447476], [24.72569298, 60.19425853], [24.72638396, 60.19388954], [24.72634474, 60.19385768], [24.72645121, 60.19380091], [24.72658891, 60.19376098], [24.72720578, 60.19358813], [24.72739038, 60.1935649], [24.72758129, 60.19356386], [24.72771315, 60.19357643], [24.72813665, 60.19363528], [24.72903767, 60.19376062], [24.72919489, 60.19377916], [24.72935, 60.19379088], [24.72949165, 60.19379628], [24.72964848, 60.19379633], [24.73038409, 60.19378204], [24.73128954, 60.1937644], [24.73234408, 60.19383358], [24.7323329, 60.19387816], [24.73251289, 60.19388992], [24.73308334, 60.19443552], [24.73387974, 60.19519699], [24.73425579, 60.19510942], [24.73455048, 60.19518352], [24.73448179, 60.19538506], [24.73766192, 60.19544569], [24.73920289, 60.19522291], [24.73963307, 60.1935562], [24.73993865, 60.19355205], [24.73951575, 60.19518995], [24.74079114, 60.19544915], [24.74064899, 60.19557507], [24.74263015, 60.19590815], [24.74262153, 60.19569631], [24.74269548, 60.19543886], [24.74274092, 60.1946089], [24.74278928, 60.19430275], [24.7428314, 60.19403401], [24.7428518, 60.19398397], [24.7430486, 60.19350659], [24.74304474, 60.19344761], [24.74315018, 60.19324318], [24.74319835, 60.19316788], [24.74332099, 60.19297613], [24.74337041, 60.19288055], [24.74369465, 60.19249343], [24.74407597, 60.1921374], [24.74492628, 60.19134363], [24.74505358, 60.1913147], [24.74513056, 60.19129071], [24.74520161, 60.19126257], [24.74529826, 60.19121214], [24.74541359, 60.19112332], [24.74552298, 60.19103324], [24.7458696, 60.19068386], [24.74607036, 60.19045519], [24.74625041, 60.19024757], [24.74641156, 60.19003624], [24.74658694, 60.18980223], [24.74678946, 60.18948515], [24.74691712, 60.18926801], [24.74703289, 60.18904977], [24.74718841, 60.18872596], [24.7473013, 60.18845898], [24.74749172, 60.1883073], [24.74750641, 60.18829584], [24.74755987, 60.18816337], [24.74752419, 60.18802203], [24.74775064, 60.18740172], [24.74772054, 60.1873076], [24.74779398, 60.18710893], [24.74801486, 60.18650746], [24.74809162, 60.18622811], [24.74815864, 60.1859482], [24.74818789, 60.18572988], [24.74821547, 60.18551695], [24.74822088, 60.18530415], [24.74822635, 60.18508498], [24.74820657, 60.18484386], [24.74818549, 60.18463101], [24.74814602, 60.18441947], [24.74809704, 60.18417902], [24.74796097, 60.18394414], [24.74795564, 60.1839348], [24.74796161, 60.18364903], [24.7479832, 60.18337182], [24.7479783, 60.18330548], [24.74794906, 60.18324107], [24.74792023, 60.18319327], [24.74787733, 60.18314831], [24.74782738, 60.18310477], [24.74776551, 60.1830657], [24.74767614, 60.18301688], [24.74756515, 60.1829674], [24.74711096, 60.18269511], [24.74697715, 60.1825911], [24.74694279, 60.18255971], [24.74683931, 60.18244741], [24.74679022, 60.18236438], [24.74676761, 60.18228168], [24.74675728, 60.18221865], [24.74676567, 60.18211213], [24.74679909, 60.18198339], [24.74663429, 60.18197311], [24.74638963, 60.18194294], [24.74521427, 60.18171244], [24.74453665, 60.18142688], [24.74428837, 60.18130586], [24.74428837, 60.18130586], [24.74422161, 60.18127127], [24.74376659, 60.1810416], [24.74353831, 60.18085259], [24.74353831, 60.18085259], [24.74353831, 60.18085259], [24.74353831, 60.18085259], [24.74330714, 60.18068879], [24.74330714, 60.18068879], [24.74330714, 60.18068879], [24.7430933, 60.18051909], [24.7430933, 60.18051909], [24.7430933, 60.18051909], [24.7430933, 60.18051909], [24.74289789, 60.18034414], [24.74289789, 60.18034414], [24.74284317, 60.18029063], [24.74278954, 60.18023668], [24.74278954, 60.18023668], [24.74278954, 60.18023668], [24.74278954, 60.18023668], [24.74278954, 60.18023668], [24.74278954, 60.18023668], [24.74273807, 60.18018227], [24.74273807, 60.18018227], [24.74273807, 60.18018227], [24.74280462, 60.18010566], [24.74280462, 60.18010566], [24.74248944, 60.17976282], [24.74201451, 60.17987122], [24.73894073, 60.18090294], [24.73842774, 60.18246241], [24.7376718, 60.18282083], [24.73767403, 60.18389735], [24.73536348, 60.18495456], [24.73474025, 60.18513659], [24.73408071, 60.18532833], [24.73459356, 60.18576117], [24.73404078, 60.185786], [24.73401103, 60.18578836], [24.73397636, 60.18579637], [24.73394814, 60.18580897], [24.73392909, 60.18582509], [24.73391975, 60.18584338], [24.73392124, 60.18585954], [24.73376886, 60.18591551], [24.73361865, 60.18597041], [24.73356931, 60.18598745], [24.73343818, 60.18602282], [24.73338294, 60.18603402], [24.73323895, 60.18605473], [24.73318052, 60.18605982], [24.73303125, 60.18606481], [24.73289665, 60.18606077], [24.73232263, 60.18604005], [24.73223884, 60.18603791], [24.7322115, 60.18600931], [24.73054082, 60.18587569], [24.72717791, 60.185607], [24.72723506, 60.18543012], [24.72571249, 60.18530698], [24.72567318, 60.18548264], [24.72509557, 60.18543854], [24.72447258, 60.1853912], [24.72389221, 60.18529072], [24.72346195, 60.18521291], [24.72260463, 60.18506491], [24.72195896, 60.18495181], [24.72111407, 60.18480589], [24.72006352, 60.18462192], [24.71896278, 60.18442815], [24.71837162, 60.18432969], [24.71779718, 60.18423539], [24.71676016, 60.18405367], [24.71326537, 60.18344112], [24.70452402, 60.18191925], [24.70257638, 60.18267674], [24.69999661, 60.18367708], [24.69808548, 60.18443943]]]}, "geometry_name": "geom", "properties": {"posnro": "02250", "postitoimi": "ESPOO", "postitoiru": "ESBO", "nimi": "Henttaa", "nimiru": "Hemtans", "kunta": "Espoo", "kunta_nro": "049"}}, {"type": "Feature", "id": "pks_postinumeroalueet_2024.137", "geometry": {"type": "Polygon", "coordinates": [[[24.68310183, 60.1491465], [24.6830732, 60.14931562], [24.68283149, 60.14923336], [24.68241514, 60.14922904], [24.68195559, 60.14922417], [24.68177077, 60.14923566], [24.68175021, 60.15007824], [24.68196233, 60.15009212], [24.68214837, 60.15012183], [24.68227522, 60.15012949], [24.68208474, 60.1512867], [24.68198869, 60.15127696], [24.68189248, 60.15128435], [24.68176477, 60.15125416], [24.68157576, 60.15125173], [24.68147115, 60.15123398], [24.6816177, 60.15127059], [24.68192523, 60.15136072], [24.68286299, 60.15162694], [24.68246182, 60.15200619], [24.68062109, 60.15206244], [24.67972161, 60.15180267], [24.67878065, 60.15153409], [24.67784618, 60.15126614], [24.67867832, 60.1505625], [24.67876981, 60.15048617], [24.67753831, 60.15010871], [24.67685016, 60.15066702], [24.67552212, 60.15055158], [24.67516348, 60.15055313], [24.67470524, 60.15063251], [24.67447747, 60.15067225], [24.67419342, 60.15072263], [24.67368648, 60.15080979], [24.6735073, 60.15095987], [24.67268739, 60.15063796], [24.6725537, 60.15072155], [24.67339729, 60.15105195], [24.67320618, 60.15120613], [24.6731505, 60.15142975], [24.67208045, 60.15138484], [24.67206498, 60.15147392], [24.67313611, 60.15151911], [24.67309198, 60.15177508], [24.67305108, 60.15203159], [24.67310666, 60.15214589], [24.67328636, 60.15238015], [24.67348173, 60.15261346], [24.6735004, 60.15263693], [24.6737053, 60.15289009], [24.67343439, 60.15341109], [24.67285339, 60.15328328], [24.67281619, 60.15332986], [24.672837, 60.15335558], [24.67285782, 60.15338058], [24.67289164, 60.15340149], [24.67292601, 60.15342186], [24.67297123, 60.15343714], [24.67301753, 60.15345215], [24.6738626, 60.15364164], [24.67414824, 60.15370571], [24.6744728, 60.15382194], [24.67466639, 60.15396405], [24.67470233, 60.15404366], [24.67468668, 60.15409702], [24.67465933, 60.15418617], [24.67537852, 60.15432589], [24.67624178, 60.15448113], [24.67719769, 60.15466423], [24.67801535, 60.15489958], [24.67878055, 60.15503311], [24.67936642, 60.15516512], [24.67985334, 60.15519726], [24.68150419, 60.15546835], [24.68352419, 60.15588777], [24.68603836, 60.15643713], [24.68648305, 60.15665198], [24.68703273, 60.15673415], [24.68779653, 60.15696554], [24.6883966, 60.15708938], [24.68873714, 60.15706703], [24.68905674, 60.15720241], [24.68967583, 60.15731623], [24.69108435, 60.1557971], [24.69277252, 60.15595917], [24.6930715, 60.15581491], [24.69339368, 60.15532568], [24.69353569, 60.15509947], [24.69375998, 60.154738], [24.6937486, 60.15433578], [24.69564378, 60.15476927], [24.69576106, 60.15446976], [24.69591983, 60.15406461], [24.6959403, 60.15401179], [24.69608136, 60.15365219], [24.6961649, 60.15343805], [24.69631602, 60.1533341], [24.69749355, 60.15344863], [24.69816288, 60.15331983], [24.69977042, 60.1532524], [24.70120611, 60.15319209], [24.70311082, 60.15311192], [24.70385108, 60.1530809], [24.70393159, 60.15307776], [24.70430165, 60.15306979], [24.70439132, 60.15306945], [24.70455821, 60.15307054], [24.70493081, 60.15308044], [24.7050971, 60.15308844], [24.70527201, 60.15309915], [24.70563094, 60.15312867], [24.70580362, 60.15314664], [24.70615593, 60.15319087], [24.70632531, 60.15321592], [24.70664405, 60.15327003], [24.7073227, 60.15300101], [24.70807958, 60.15207049], [24.7078871, 60.15209223], [24.70865193, 60.150991], [24.70860751, 60.1509454], [24.70876357, 60.15082664], [24.70881705, 60.15082469], [24.70886791, 60.15081493], [24.70890964, 60.15079824], [24.70909306, 60.15069991], [24.70965274, 60.15001056], [24.7089488, 60.14966777], [24.70876268, 60.14958343], [24.70931641, 60.14913767], [24.71017253, 60.14937031], [24.71141571, 60.14783838], [24.71148922, 60.14776889], [24.71157513, 60.14770284], [24.71165761, 60.14765752], [24.71212111, 60.14739446], [24.71245054, 60.14696085], [24.71274253, 60.14685567], [24.71330447, 60.14619996], [24.71359207, 60.1459788], [24.71349443, 60.14143392], [24.70078126, 60.14002753], [24.68832429, 60.13864727], [24.69022753, 60.13697259], [24.68913613, 60.13666226], [24.68593061, 60.13686652], [24.68436181, 60.13629661], [24.68399117, 60.13593366], [24.68347451, 60.13593592], [24.68319581, 60.13628692], [24.68333012, 60.13669222], [24.68355258, 60.1373626], [24.68260555, 60.13742827], [24.68264588, 60.13783685], [24.68210627, 60.13814467], [24.68174296, 60.13869912], [24.68158622, 60.13894018], [24.68143112, 60.13917919], [24.68137576, 60.13926441], [24.68176875, 60.13932693], [24.68104301, 60.14028575], [24.68071192, 60.14024196], [24.67993887, 60.14011775], [24.67968248, 60.14022071], [24.67926494, 60.13996201], [24.67911896, 60.13987155], [24.67849385, 60.14008141], [24.67795558, 60.13974684], [24.67793142, 60.13973206], [24.67832078, 60.13933727], [24.67814647, 60.13927357], [24.67779699, 60.13923484], [24.67773835, 60.13915769], [24.67780141, 60.13911386], [24.67749115, 60.13898431], [24.67753525, 60.13944325], [24.6776956, 60.14032656], [24.67773196, 60.14063927], [24.67773404, 60.14081286], [24.6777318, 60.14098662], [24.67771121, 60.14116007], [24.67768683, 60.14133342], [24.67760982, 60.14164423], [24.67754889, 60.1418017], [24.67748796, 60.14195781], [24.67733562, 60.14224134], [24.67723533, 60.14239179], [24.67713127, 60.14254179], [24.67700996, 60.14268806], [24.67688488, 60.14283406], [24.6767431, 60.1429758], [24.67659754, 60.14311726], [24.67629807, 60.1433699], [24.67584371, 60.14372378], [24.67582569, 60.14374402], [24.67581582, 60.14375925], [24.67581188, 60.14377513], [24.67581173, 60.1437911], [24.67581751, 60.14380692], [24.67582708, 60.14382229], [24.67584206, 60.14383642], [24.67585975, 60.14384974], [24.67588232, 60.14386111], [24.67591728, 60.14387502], [24.67691396, 60.14416341], [24.67774887, 60.14437493], [24.67791693, 60.14441762], [24.67822496, 60.14450453], [24.67843924, 60.14457039], [24.6786459, 60.14464135], [24.67884713, 60.14471634], [24.67904021, 60.14479633], [24.6793042, 60.14491428], [24.68064247, 60.14556833], [24.68071997, 60.14559625], [24.68077867, 60.1456121], [24.68084175, 60.14562275], [24.68093562, 60.14563222], [24.68104096, 60.14562888], [24.6811409, 60.14562518], [24.68123716, 60.14561096], [24.68133288, 60.1455962], [24.6814206, 60.14557182], [24.68150778, 60.14554689], [24.68158209, 60.14551341], [24.68165586, 60.14547939], [24.68171404, 60.14543825], [24.68177059, 60.14539719], [24.68180884, 60.14535078], [24.68184765, 60.14530196], [24.68191692, 60.14517467], [24.68062085, 60.14518134], [24.67845427, 60.14441291], [24.67870629, 60.14415215], [24.68081692, 60.14450757], [24.6807824, 60.14455883], [24.68213021, 60.1447843], [24.68248009, 60.14478864], [24.68195077, 60.14575161], [24.68245564, 60.14575659], [24.68317758, 60.14576317], [24.68331668, 60.14578612], [24.6840321, 60.14590936], [24.68488717, 60.14605563], [24.68452737, 60.14646567], [24.68406528, 60.1463907], [24.68356573, 60.14712434], [24.68301089, 60.14703505], [24.68251968, 60.14695624], [24.68240329, 60.14704114], [24.68236675, 60.14707875], [24.68235192, 60.14710429], [24.68234357, 60.14713066], [24.68234493, 60.14715732], [24.68235278, 60.14718373], [24.68237886, 60.14722337], [24.68293575, 60.14777284], [24.68332681, 60.14815865], [24.68298155, 60.14845662], [24.68309642, 60.14858623], [24.68319105, 60.14868546], [24.68329977, 60.14878077], [24.68344766, 60.14890184], [24.68364945, 60.14903453], [24.6838648, 60.14916178], [24.68310183, 60.1491465]]]}, "geometry_name": "geom", "properties": {"posnro": "02260", "postitoimi": "ESPOO", "postitoiru": "ESBO", "nimi": "Kaitaa", "nimiru": "Kaitans", "kunta": "Espoo", "kunta_nro": "049"}}, {"type": "Feature", "id": "pks_postinumeroalueet_2024.138", "geometry": {"type": "Polygon", "coordinates": [[[24.71704811, 60.16189254], [24.71691517, 60.16177037], [24.71684591, 60.16172014], [24.71679333, 60.16167776], [24.71675645, 60.16163127], [24.71671696, 60.16157366], [24.71671785, 60.16153291], [24.71663037, 60.16134029], [24.71645063, 60.16094372], [24.71640344, 60.16084005], [24.71654585, 60.16055161], [24.71671851, 60.16020068], [24.71697541, 60.1597906], [24.71762333, 60.15882666], [24.71975785, 60.15773932], [24.71983107, 60.1568798], [24.71830518, 60.1566073], [24.71819138, 60.15658687], [24.71816625, 60.1556092], [24.72085777, 60.15562971], [24.72101117, 60.15563093], [24.72298593, 60.15365588], [24.72295807, 60.15317958], [24.71997708, 60.15254153], [24.72175705, 60.15052956], [24.72238687, 60.15052064], [24.72236242, 60.15008995], [24.7223615, 60.15007083], [24.72233275, 60.14957281], [24.7210776, 60.14931966], [24.72104905, 60.14931117], [24.72102697, 60.14930349], [24.72100869, 60.14929376], [24.72099204, 60.14928304], [24.7209808, 60.14927108], [24.72097118, 60.14925858], [24.72096751, 60.14924538], [24.72096601, 60.14923201], [24.72097044, 60.14921882], [24.72097814, 60.14920268], [24.721221, 60.14890323], [24.72132906, 60.14877008], [24.72143221, 60.14877048], [24.72153374, 60.14877051], [24.72163159, 60.14875977], [24.72172943, 60.14874884], [24.72182088, 60.14872732], [24.7219145, 60.14870507], [24.72201081, 60.14868418], [24.72211455, 60.14867767], [24.72253036, 60.14868321], [24.72272038, 60.14869204], [24.722932, 60.14870191], [24.72312086, 60.14872142], [24.72332699, 60.14874286], [24.72292456, 60.14926565], [24.72258873, 60.14976811], [24.72276126, 60.14980276], [24.72301552, 60.14949579], [24.72325813, 60.14954566], [24.72414637, 60.14853714], [24.72735047, 60.14482835], [24.72765584, 60.14472971], [24.72782093, 60.14468248], [24.72805148, 60.14462076], [24.72819882, 60.14456523], [24.72828332, 60.14453345], [24.72844383, 60.14445156], [24.72857178, 60.14432375], [24.72876301, 60.14418349], [24.72898162, 60.14399716], [24.72908842, 60.14381427], [24.72913106, 60.14361941], [24.72911514, 60.14352002], [24.72918355, 60.14340869], [24.7291925, 60.14330513], [24.72919172, 60.14320397], [24.72912823, 60.14310978], [24.72908417, 60.14308384], [24.72902487, 60.14307232], [24.72901141, 60.14306762], [24.72890519, 60.14311435], [24.73017379, 60.14242923], [24.72235208, 60.14241056], [24.72235809, 60.14240303], [24.71439582, 60.14153262], [24.71349443, 60.14143392], [24.71359207, 60.1459788], [24.71330447, 60.14619996], [24.71274253, 60.14685567], [24.71245054, 60.14696085], [24.71212111, 60.14739446], [24.71165761, 60.14765752], [24.71157513, 60.14770284], [24.71148922, 60.14776889], [24.71141571, 60.14783838], [24.71017253, 60.14937031], [24.70931641, 60.14913767], [24.70876268, 60.14958343], [24.7089488, 60.14966777], [24.70965274, 60.15001056], [24.70909306, 60.15069991], [24.70890964, 60.15079842], [24.70886737, 60.15081511], [24.70881759, 60.15082469], [24.70876357, 60.15082664], [24.70860749, 60.15094782], [24.70865193, 60.150991], [24.70788708, 60.15209465], [24.70807958, 60.15207049], [24.7073227, 60.15300101], [24.70664405, 60.15327003], [24.70632531, 60.15321592], [24.70615593, 60.15319087], [24.70580362, 60.15314664], [24.70563094, 60.15312867], [24.70527201, 60.15309915], [24.7050971, 60.15308844], [24.70493081, 60.15308044], [24.70455821, 60.15307054], [24.70430165, 60.15306979], [24.70385108, 60.1530809], [24.70311082, 60.15311192], [24.70154221, 60.15317786], [24.70120611, 60.15319209], [24.69997575, 60.15324371], [24.69977042, 60.1532524], [24.69816288, 60.15331983], [24.69749355, 60.15344863], [24.69631602, 60.1533341], [24.6961649, 60.15343805], [24.69608136, 60.15365219], [24.6959403, 60.15401179], [24.69591983, 60.15406461], [24.69576106, 60.15446976], [24.69564378, 60.15476927], [24.6937486, 60.15433578], [24.69375998, 60.154738], [24.69353569, 60.15509947], [24.69339368, 60.15532568], [24.6930715, 60.15581491], [24.69277252, 60.15595917], [24.69108435, 60.1557971], [24.68967583, 60.15731623], [24.68905674, 60.15720241], [24.68873714, 60.15706703], [24.6883966, 60.15708938], [24.68779653, 60.15696554], [24.68703273, 60.15673415], [24.68648305, 60.15665198], [24.68603836, 60.15643713], [24.68352419, 60.15588777], [24.68150419, 60.15546835], [24.68251869, 60.15658321], [24.68221911, 60.15689547], [24.68257861, 60.15697963], [24.68231863, 60.15721865], [24.68230937, 60.15722671], [24.68220736, 60.15749725], [24.68210668, 60.15774195], [24.68184083, 60.15797252], [24.68157225, 60.15820578], [24.68132666, 60.15857453], [24.68167982, 60.15881332], [24.68192472, 60.15873933], [24.68204316, 60.15878153], [24.6822078, 60.15862664], [24.68313566, 60.15949455], [24.68356381, 60.15963443], [24.68370005, 60.15939897], [24.68383157, 60.15943043], [24.68368983, 60.15967548], [24.68417049, 60.15980489], [24.68459883, 60.1599251], [24.68509022, 60.16006288], [24.68571852, 60.16023409], [24.68548662, 60.160417], [24.68512081, 60.16070533], [24.68581353, 60.16092104], [24.68559373, 60.16102499], [24.68579639, 60.16113147], [24.68526073, 60.16138475], [24.68490289, 60.16140355], [24.68421068, 60.16175419], [24.68500872, 60.16214339], [24.68515608, 60.16221518], [24.68503723, 60.16227037], [24.68400013, 60.16275015], [24.68406794, 60.16289132], [24.68364332, 60.1631103], [24.6834904, 60.16311164], [24.68338506, 60.16316605], [24.68332039, 60.1633735], [24.68295997, 60.16337685], [24.68242557, 60.16338168], [24.68243294, 60.16356982], [24.68257854, 60.16376718], [24.68280881, 60.16386898], [24.6828584, 60.16461003], [24.68324687, 60.1647253], [24.68416321, 60.16473045], [24.68457856, 60.16485988], [24.68509306, 60.1650188], [24.68553588, 60.16515799], [24.68572134, 60.16520124], [24.68585664, 60.16523477], [24.68600374, 60.16522139], [24.68648181, 60.16517782], [24.68643607, 60.16504515], [24.68671997, 60.16502078], [24.68671313, 60.16500146], [24.68808598, 60.16473032], [24.68835542, 60.16486451], [24.68857272, 60.16496878], [24.68831753, 60.16515648], [24.68830516, 60.16537815], [24.68780461, 60.16568429], [24.68934518, 60.16630946], [24.68964465, 60.16641141], [24.69024989, 60.16577556], [24.69111468, 60.16557671], [24.69170655, 60.16474803], [24.69142089, 60.16409584], [24.69165148, 60.16410912], [24.69190466, 60.16413394], [24.69203952, 60.16415642], [24.69217275, 60.16418088], [24.69240183, 60.16424038], [24.69236606, 60.16431004], [24.69240488, 60.16437645], [24.69250738, 60.16439375], [24.69187558, 60.16533552], [24.69181145, 60.16543266], [24.69126007, 60.16626448], [24.69103816, 60.16659086], [24.69119841, 60.16690411], [24.691635, 60.16684912], [24.69208889, 60.16679193], [24.69204664, 60.16686049], [24.692237, 60.16690249], [24.69205835, 60.16699524], [24.6919058, 60.16724441], [24.69234262, 60.1682628], [24.69255872, 60.16838465], [24.69256093, 60.1684377], [24.69259977, 60.16850178], [24.69267437, 60.1685576], [24.69296217, 60.16869775], [24.69327985, 60.16882118], [24.6936231, 60.16892609], [24.69400434, 60.16901466], [24.69441388, 60.16908184], [24.69477991, 60.16912003], [24.69480799, 60.16912206], [24.69506803, 60.16905212], [24.69531724, 60.16892658], [24.69563773, 60.16915655], [24.69608558, 60.16917158], [24.697022, 60.16918127], [24.69717837, 60.16904232], [24.69861372, 60.16962712], [24.69926991, 60.16990837], [24.70206823, 60.1689457], [24.70343478, 60.16955712], [24.70351864, 60.16960659], [24.70356282, 60.1696206], [24.70357396, 60.16952449], [24.70363745, 60.16955515], [24.70365316, 60.16949029], [24.70369014, 60.16946543], [24.70373653, 60.16947406], [24.70383235, 60.16951583], [24.70385385, 60.16952889], [24.70386893, 60.1695344], [24.7038851, 60.16953955], [24.70390236, 60.16954246], [24.70392071, 60.16954502], [24.70393962, 60.16954533], [24.70395854, 60.1695451], [24.7039764, 60.16954263], [24.70399426, 60.16953952], [24.70400997, 60.16953444], [24.70402516, 60.169529], [24.70404743, 60.16951613], [24.70409594, 60.16947028], [24.70415563, 60.16944268], [24.70430346, 60.16940953], [24.70433286, 60.16938527], [24.7044033, 60.16924344], [24.70446374, 60.16907277], [24.70456803, 60.16907354], [24.70460045, 60.16907388], [24.70462423, 60.16907295], [24.7046475, 60.16906959], [24.70467024, 60.16906524], [24.70469029, 60.16905873], [24.70471524, 60.16904847], [24.70484227, 60.16898458], [24.70509703, 60.16889763], [24.70524738, 60.16888468], [24.70530747, 60.16887252], [24.70557461, 60.16879099], [24.70575517, 60.16872282], [24.70586616, 60.16870017], [24.70599939, 60.16866672], [24.70618415, 60.16861184], [24.70621017, 60.16860364], [24.70622103, 60.16859774], [24.70623135, 60.16859175], [24.70623844, 60.16858441], [24.70624499, 60.16857706], [24.70624722, 60.16856908], [24.70624891, 60.1685611], [24.70624628, 60.1685531], [24.70624311, 60.16854529], [24.70623615, 60.168538], [24.70622865, 60.16853098], [24.70620713, 60.16851989], [24.70606224, 60.16846707], [24.70606828, 60.16845613], [24.70625054, 60.16843921], [24.70646701, 60.16840361], [24.70658222, 60.16839247], [24.70667094, 60.16838063], [24.70666204, 60.16834857], [24.70672926, 60.16832512], [24.70685024, 60.16833229], [24.70692056, 60.16832482], [24.70700676, 60.16829351], [24.70707672, 60.16826548], [24.7071343, 60.16823114], [24.70719791, 60.16818856], [24.70724563, 60.16804847], [24.70727619, 60.1680147], [24.707317, 60.16798382], [24.70736527, 60.16796382], [24.70740484, 60.16795036], [24.70744977, 60.16794121], [24.70749577, 60.16793404], [24.70754388, 60.16793199], [24.70759198, 60.16793192], [24.70763894, 60.16793687], [24.70769884, 60.16794616], [24.70774351, 60.16796699], [24.70778117, 60.16798601], [24.70780798, 60.16800932], [24.70783584, 60.16803657], [24.70784228, 60.16804126], [24.70784819, 60.16804486], [24.70785573, 60.16804775], [24.70786327, 60.16805046], [24.70787191, 60.16805209], [24.70788108, 60.16805355], [24.70789026, 60.16805393], [24.70789945, 60.16805395], [24.70790918, 60.16805289], [24.70791784, 60.16805147], [24.70792597, 60.16804916], [24.70793356, 60.16804648], [24.70794007, 60.16804309], [24.70794605, 60.16803933], [24.70794987, 60.16803521], [24.70795424, 60.16802983], [24.70798915, 60.16799338], [24.70796488, 60.16798758], [24.70823757, 60.16770617], [24.70826429, 60.16767886], [24.70824126, 60.16765502], [24.70821607, 60.16763172], [24.70819945, 60.1676175], [24.70819412, 60.16760869], [24.70818988, 60.16759962], [24.70818996, 60.16759019], [24.70819113, 60.16758086], [24.70819661, 60.1675719], [24.70820371, 60.1675633], [24.70821405, 60.16755551], [24.708226, 60.16754827], [24.70825149, 60.16753809], [24.70843688, 60.16747145], [24.70853404, 60.16742293], [24.70855579, 60.1674079], [24.70856235, 60.1673993], [24.70856837, 60.16739033], [24.70856953, 60.16738118], [24.70857016, 60.16737149], [24.70856537, 60.16736268], [24.70856005, 60.16735343], [24.70854074, 60.16733777], [24.70852029, 60.16732749], [24.70850955, 60.16731993], [24.70850098, 60.16731147], [24.70849512, 60.16730266], [24.70849196, 60.1672935], [24.7084915, 60.16728417], [24.70849374, 60.16727484], [24.70849922, 60.16726605], [24.70850687, 60.16725745], [24.7085172, 60.16724967], [24.70852915, 60.16724269], [24.70854379, 60.16723662], [24.70856005, 60.16723181], [24.70857737, 60.16722826], [24.70859522, 60.16722596], [24.70862387, 60.16722468], [24.70876181, 60.16720874], [24.70891812, 60.16719185], [24.70895114, 60.16718609], [24.70898637, 60.16717414], [24.70901514, 60.16715876], [24.7090266, 60.16714694], [24.70903751, 60.16713485], [24.70908831, 60.16701235], [24.70913988, 60.16698491], [24.70934105, 60.16690601], [24.70956845, 60.16685517], [24.70962329, 60.16676401], [24.70964066, 60.16675543], [24.70965367, 60.16675088], [24.70966829, 60.16674714], [24.70968344, 60.16674475], [24.70969913, 60.16674335], [24.70971534, 60.16674321], [24.709731, 60.16674423], [24.70974665, 60.1667465], [24.70976121, 60.16674977], [24.70978169, 60.16675654], [24.70980219, 60.16675982], [24.70982054, 60.16676228], [24.70983945, 60.16676233], [24.70985783, 60.1667621], [24.70987622, 60.16675935], [24.70989354, 60.16675625], [24.7099098, 60.16675099], [24.70992444, 60.16674555], [24.70993639, 60.16673821], [24.70994726, 60.1667307], [24.70995436, 60.1667221], [24.70996039, 60.16671322], [24.70996209, 60.1667038], [24.70996273, 60.16669304], [24.71000318, 60.16664044], [24.71001298, 60.16663211], [24.71002113, 60.16662674], [24.71003089, 60.16662228], [24.71004174, 60.16661835], [24.71005365, 60.16661542], [24.7100661, 60.16661338], [24.71007961, 60.16661233], [24.71009853, 60.1666121], [24.71015505, 60.16663601], [24.71017654, 60.16665024], [24.71019269, 60.16665737], [24.71020993, 60.16666369], [24.71022934, 60.16666795], [24.71024931, 60.1666714], [24.71027091, 60.1666728], [24.71029198, 60.16667311], [24.71031361, 60.16667127], [24.71033417, 60.16666836], [24.71036612, 60.16666026], [24.71039054, 60.16664909], [24.71044128, 60.1665932], [24.71047741, 60.1665405], [24.7104625, 60.16645412], [24.71046981, 60.16642084], [24.71048187, 60.16640184], [24.71049824, 60.16638347], [24.71052108, 60.1663671], [24.71054715, 60.1663519], [24.71060029, 60.16633128], [24.71078439, 60.16628761], [24.71101077, 60.16629071], [24.71111839, 60.16628044], [24.71100311, 60.1661172], [24.71093436, 60.16588521], [24.71105695, 60.16589328], [24.71121354, 60.16565954], [24.71130187, 60.1655681], [24.71148402, 60.16543835], [24.71154973, 60.16546335], [24.71157956, 60.16545014], [24.71161605, 60.16541745], [24.71166112, 60.16526901], [24.71171081, 60.16520952], [24.71184344, 60.16511924], [24.71191834, 60.16508153], [24.71204968, 60.16501477], [24.7121407, 60.16498669], [24.71223115, 60.16496284], [24.71233139, 60.16492993], [24.71236832, 60.16490892], [24.71240208, 60.16487982], [24.71243052, 60.16484048], [24.71243512, 60.16480872], [24.71243642, 60.16478323], [24.71242591, 60.16474874], [24.71238968, 60.16469041], [24.71237766, 60.16464434], [24.71239943, 60.16462545], [24.71245035, 60.16461084], [24.71273718, 60.16455887], [24.71285508, 60.16454665], [24.7130825, 60.16449006], [24.71328192, 60.16442353], [24.7133244, 60.16438494], [24.7133682, 60.16431906], [24.71340711, 60.16425677], [24.71341752, 60.1642401], [24.71339674, 60.16420621], [24.71339421, 60.16418619], [24.71339439, 60.16416609], [24.71340374, 60.16414663], [24.7134158, 60.16412754], [24.71343648, 60.16411035], [24.71345932, 60.1640938], [24.71351193, 60.16407012], [24.71362059, 60.1640017], [24.71373305, 60.16393076], [24.71379357, 60.16386825], [24.71379135, 60.16381277], [24.71378886, 60.1637266], [24.71379394, 60.16370103], [24.71381512, 60.16368878], [24.71390776, 60.1636608], [24.7139474, 60.16363755], [24.71398058, 60.16361204], [24.7140096, 60.16356866], [24.71404322, 60.16355419], [24.71413675, 60.16361058], [24.71416612, 60.1637127], [24.71418854, 60.16374344], [24.71438105, 60.16378793], [24.71449658, 60.16379814], [24.71458176, 60.16375865], [24.71484161, 60.16363804], [24.71490522, 60.16359222], [24.71507737, 60.16349108], [24.71511799, 60.16347977], [24.71523196, 60.16342239], [24.7154805, 60.16329691], [24.71520859, 60.16318763], [24.71521903, 60.16316719], [24.71528297, 60.16314659], [24.71541138, 60.16310468], [24.71546345, 60.16308209], [24.71546984, 60.16302959], [24.71545718, 60.16299393], [24.71540428, 60.16292579], [24.71542794, 60.1628771], [24.71537832, 60.16286622], [24.71555264, 60.16276428], [24.71572939, 60.1626933], [24.71586357, 60.16267097], [24.71600323, 60.16264084], [24.71609043, 60.16261581], [24.71617119, 60.16258645], [24.71628293, 60.16253481], [24.71643514, 60.16242869], [24.7166508, 60.16229263], [24.71667409, 60.16228658], [24.71687616, 60.16215992], [24.71704811, 60.16189254]]]}, "geometry_name": "geom", "properties": {"posnro": "02270", "postitoimi": "ESPOO", "postitoiru": "ESBO", "nimi": "Finnoo-Eestinmalmi", "nimiru": "Finno-Estmalmen", "kunta": "Espoo", "kunta_nro": "049"}}, {"type": "Feature", "id": "pks_postinumeroalueet_2024.139", "geometry": {"type": "Polygon", "coordinates": [[[24.69647267, 60.17735579], [24.6954063, 60.17676114], [24.6946497, 60.17633917], [24.69488937, 60.17590701], [24.69510891, 60.17572217], [24.6953398, 60.17559561], [24.69567607, 60.17541131], [24.69654799, 60.1749333], [24.69667138, 60.17450536], [24.69681348, 60.17451053], [24.69739962, 60.17413068], [24.69758917, 60.17397135], [24.69769152, 60.17389134], [24.69790889, 60.17376241], [24.69797622, 60.17372864], [24.69809711, 60.17368852], [24.69835301, 60.17360339], [24.69853116, 60.17356699], [24.69865023, 60.17354797], [24.69881925, 60.17350545], [24.69904194, 60.17338577], [24.6991994, 60.1731875], [24.69937721, 60.17306979], [24.69943784, 60.17305907], [24.70003623, 60.17292965], [24.70019141, 60.17286268], [24.70037275, 60.17277199], [24.70056212, 60.17268949], [24.70089418, 60.17254663], [24.70120116, 60.17236772], [24.70129516, 60.17231255], [24.70186659, 60.17199494], [24.70223464, 60.17181599], [24.70242967, 60.17170414], [24.70247106, 60.17166923], [24.70250388, 60.17162533], [24.70251129, 60.17158316], [24.70247337, 60.17147294], [24.70244073, 60.17137665], [24.70246605, 60.17138622], [24.70249685, 60.17132732], [24.70245035, 60.17127004], [24.70236522, 60.17124104], [24.70219473, 60.17120925], [24.70212227, 60.17115406], [24.70208556, 60.17108972], [24.70199568, 60.17104912], [24.70180875, 60.17104251], [24.70176825, 60.17103856], [24.70172628, 60.1710189], [24.70170864, 60.17099768], [24.70173664, 60.17088985], [24.70174139, 60.17084256], [24.7017395, 60.17081186], [24.70173709, 60.17078], [24.70172218, 60.17069631], [24.70170105, 60.17064214], [24.70167382, 60.17060591], [24.70162832, 60.17055788], [24.70161294, 60.1705258], [24.70161848, 60.17051073], [24.70163907, 60.17050441], [24.7017597, 60.17049139], [24.70191978, 60.17047883], [24.70200748, 60.1704617], [24.702066, 60.1704455], [24.70213008, 60.17041028], [24.70219902, 60.17037723], [24.70224991, 60.17036702], [24.70237215, 60.17035554], [24.70248304, 60.17034412], [24.7025426, 60.17033141], [24.70261037, 60.17030697], [24.70269014, 60.17027062], [24.70282211, 60.17019929], [24.70293041, 60.17017458], [24.70306197, 60.17014786], [24.70310863, 60.17012831], [24.70315273, 60.17009206], [24.7031764, 60.17004382], [24.70319226, 60.17002241], [24.70321564, 60.17000666], [24.70326931, 60.16998847], [24.70339667, 60.16994837], [24.70343299, 60.16993562], [24.7034883, 60.16991456], [24.7035079, 60.1698988], [24.70351244, 60.16987458], [24.70349755, 60.16984726], [24.70344712, 60.16980712], [24.70338969, 60.16976265], [24.70337854, 60.1697409], [24.70338479, 60.16970771], [24.70340292, 60.16967454], [24.70342791, 60.16966024], [24.70356282, 60.1696206], [24.70351864, 60.16960659], [24.70343478, 60.16955712], [24.70206823, 60.1689457], [24.69926991, 60.16990837], [24.69861372, 60.16962712], [24.69717837, 60.16904232], [24.697022, 60.16918127], [24.69608558, 60.16917158], [24.69563773, 60.16915655], [24.69531724, 60.16892658], [24.69506803, 60.16905212], [24.69480799, 60.16912206], [24.69407027, 60.16930499], [24.69396296, 60.16928051], [24.69358534, 60.16926761], [24.6933462, 60.16924013], [24.69209939, 60.16878945], [24.69131236, 60.1682359], [24.69076581, 60.16779967], [24.69093306, 60.16771264], [24.69083276, 60.1676327], [24.69047556, 60.16734734], [24.6900732, 60.16743903], [24.68970864, 60.16701786], [24.68884872, 60.16686712], [24.68901388, 60.16671483], [24.689021, 60.16670461], [24.68902323, 60.16669816], [24.68902383, 60.16669143], [24.68902227, 60.16668487], [24.68901855, 60.1666784], [24.6890132, 60.16667228], [24.68900569, 60.16666661], [24.68899118, 60.16665877], [24.68849165, 60.16645592], [24.68823022, 60.16661605], [24.68651397, 60.16588607], [24.68483331, 60.16534175], [24.68429648, 60.165314], [24.6832106, 60.16512481], [24.68215484, 60.16506349], [24.68143082, 60.16506139], [24.68129404, 60.16501322], [24.68131864, 60.16487219], [24.68130852, 60.16480126], [24.6812984, 60.16473078], [24.68126504, 60.16466006], [24.68123382, 60.16459267], [24.68117026, 60.16451568], [24.68112594, 60.16446145], [24.68104285, 60.16439313], [24.68097853, 60.16434038], [24.68088504, 60.16428558], [24.68079424, 60.16423223], [24.68068986, 60.16418746], [24.68057847, 60.16413998], [24.68033605, 60.1640658], [24.68021402, 60.16405653], [24.68010004, 60.16405365], [24.67992607, 60.16449752], [24.6799061, 60.16455051], [24.67981295, 60.16479487], [24.6797159, 60.16505071], [24.67960998, 60.16533004], [24.67953344, 60.16553288], [24.67941098, 60.16584475], [24.67929128, 60.16615143], [24.67881663, 60.16611949], [24.67871457, 60.16611188], [24.67865823, 60.16629314], [24.67709944, 60.16617016], [24.67614221, 60.16608731], [24.67591435, 60.16618073], [24.67571791, 60.16637412], [24.67568735, 60.16640465], [24.67572036, 60.16650984], [24.67556755, 60.16666258], [24.67542293, 60.16680736], [24.67524883, 60.16698196], [24.67518062, 60.16704929], [24.67475332, 60.16747458], [24.67471948, 60.16750797], [24.67169029, 60.17052804], [24.67161171, 60.1706044], [24.67136123, 60.17084729], [24.67155462, 60.17096301], [24.67290695, 60.17181562], [24.67351602, 60.17219768], [24.66665487, 60.17530552], [24.66804144, 60.17582231], [24.66911088, 60.17622098], [24.67038269, 60.17670963], [24.67227216, 60.17743568], [24.67281485, 60.17765423], [24.67345114, 60.17791869], [24.673827, 60.17811842], [24.67424857, 60.17834232], [24.67448939, 60.17847781], [24.67466659, 60.17859798], [24.67520999, 60.17896659], [24.67551457, 60.17927089], [24.67565843, 60.17942804], [24.67566966, 60.17944063], [24.67634586, 60.18026965], [24.67642324, 60.18042727], [24.67648783, 60.18056565], [24.67653348, 60.18070542], [24.67658218, 60.18086602], [24.67659776, 60.18093113], [24.67661074, 60.18098537], [24.67673536, 60.18150625], [24.67675613, 60.18159283], [24.67681015, 60.18176206], [24.6768596, 60.18190166], [24.6769269, 60.18203969], [24.67701285, 60.18220522], [24.677128, 60.1823711], [24.67722616, 60.18250427], [24.67734004, 60.18263442], [24.67745879, 60.18276315], [24.67759326, 60.18288833], [24.67776476, 60.18304151], [24.6781644, 60.18336164], [24.67842598, 60.18359115], [24.67854962, 60.183719], [24.67867001, 60.18384746], [24.67877306, 60.1839801], [24.67887286, 60.18411264], [24.67902448, 60.18436548], [24.67937862, 60.185029], [24.67942118, 60.18510019], [24.67948683, 60.18518786], [24.67954835, 60.1852555], [24.67963675, 60.1853382], [24.67971561, 60.18540122], [24.67982517, 60.18547724], [24.67992031, 60.18553446], [24.68004941, 60.18560254], [24.68015868, 60.18565298], [24.68030463, 60.18571194], [24.68042695, 60.1857546], [24.6805876, 60.18580318], [24.68071973, 60.18583743], [24.68103217, 60.18590029], [24.68181945, 60.1860063], [24.68160751, 60.18639613], [24.68082401, 60.18629004], [24.68068828, 60.18640389], [24.68047624, 60.18657992], [24.68030802, 60.18675436], [24.68013817, 60.18681669], [24.68021144, 60.18684433], [24.6830414, 60.18791131], [24.68374617, 60.18794396], [24.68450767, 60.18781231], [24.6845194, 60.18782921], [24.68540769, 60.18812141], [24.68459254, 60.18860316], [24.68596397, 60.18886832], [24.6866281, 60.18851509], [24.68793372, 60.18893624], [24.69248787, 60.18683738], [24.69539025, 60.18549955], [24.69665679, 60.18499785], [24.69808548, 60.18443943], [24.69999661, 60.18367708], [24.70257638, 60.18267674], [24.70452402, 60.18191925], [24.70575727, 60.18117964], [24.70423765, 60.18111998], [24.70360637, 60.18116578], [24.70284733, 60.18105045], [24.70218317, 60.18108477], [24.70177771, 60.18102642], [24.70128399, 60.18086599], [24.70034086, 60.18036896], [24.70009145, 60.18015307], [24.70104986, 60.17950379], [24.70096531, 60.17946878], [24.69926712, 60.17878756], [24.69935366, 60.17860492], [24.69686223, 60.17754921], [24.69668401, 60.17747358], [24.69647267, 60.17735579]]]}, "geometry_name": "geom", "properties": {"posnro": "02280", "postitoimi": "ESPOO", "postitoiru": "ESBO", "nimi": "Malminmäki-Eestinlaakso", "nimiru": "Malmbacka-Estdalen", "kunta": "Espoo", "kunta_nro": "049"}}, {"type": "Feature", "id": "pks_postinumeroalueet_2024.140", "geometry": {"type": "Polygon", "coordinates": [[[24.70891379, 60.17928963], [24.70974365, 60.17878928], [24.71322908, 60.17668969], [24.70741902, 60.17504686], [24.7059846, 60.17485861], [24.70560076, 60.17480831], [24.7049803, 60.17474572], [24.70230528, 60.17475975], [24.70069238, 60.17476842], [24.69935895, 60.1756012], [24.69937974, 60.17640132], [24.70135198, 60.17718808], [24.70891379, 60.17928963]]]}, "geometry_name": "geom", "properties": {"posnro": "02290", "postitoimi": "ESPOO", "postitoiru": "ESBO", "nimi": "Puolarmetsän sairaala", "nimiru": "Bolarskogs sjukhus", "kunta": "Espoo", "kunta_nro": "049"}}, {"type": "Feature", "id": "pks_postinumeroalueet_2024.141", "geometry": {"type": "Polygon", "coordinates": [[[24.69407027, 60.16930499], [24.69480799, 60.16912206], [24.69477991, 60.16912003], [24.69441388, 60.16908184], [24.69400434, 60.16901466], [24.6936231, 60.16892609], [24.69327985, 60.16882118], [24.69296217, 60.16869775], [24.69267437, 60.1685576], [24.69259977, 60.16850178], [24.69256093, 60.1684377], [24.69255872, 60.16838465], [24.69234262, 60.1682628], [24.6919058, 60.16724441], [24.69205835, 60.16699524], [24.692237, 60.16690249], [24.69204664, 60.16686049], [24.69208889, 60.16679193], [24.691635, 60.16684912], [24.69119841, 60.16690411], [24.69103816, 60.16659086], [24.69126007, 60.16626448], [24.69181145, 60.16543266], [24.69187558, 60.16533552], [24.69250738, 60.16439375], [24.69240488, 60.16437645], [24.69236606, 60.16431004], [24.69240183, 60.16424038], [24.69217275, 60.16418088], [24.69203952, 60.16415642], [24.69190466, 60.16413394], [24.69165148, 60.16410912], [24.69142089, 60.16409584], [24.69170655, 60.16474803], [24.69111468, 60.16557671], [24.69024989, 60.16577556], [24.68964465, 60.16641141], [24.68934518, 60.16630946], [24.68780461, 60.16568429], [24.68830516, 60.16537815], [24.68831753, 60.16515648], [24.68857272, 60.16496878], [24.68835542, 60.16486451], [24.68808598, 60.16473032], [24.68671313, 60.16500146], [24.68671997, 60.16502078], [24.68643607, 60.16504515], [24.68648181, 60.16517782], [24.68600374, 60.16522139], [24.68585664, 60.16523477], [24.68572134, 60.16520124], [24.68553588, 60.16515799], [24.68509306, 60.1650188], [24.68457856, 60.16485988], [24.68416321, 60.16473045], [24.68324687, 60.1647253], [24.6828584, 60.16461003], [24.68280881, 60.16386898], [24.68257854, 60.16376718], [24.68243294, 60.16356982], [24.68242557, 60.16338168], [24.68295997, 60.16337685], [24.68332039, 60.1633735], [24.68338506, 60.16316605], [24.6834904, 60.16311164], [24.68364332, 60.1631103], [24.68406794, 60.16289132], [24.68400013, 60.16275015], [24.68503723, 60.16227037], [24.68515608, 60.16221518], [24.68500872, 60.16214339], [24.68421068, 60.16175419], [24.68490289, 60.16140355], [24.68526073, 60.16138475], [24.68579639, 60.16113147], [24.68559373, 60.16102499], [24.68581353, 60.16092104], [24.68512081, 60.16070533], [24.68548662, 60.160417], [24.68571852, 60.16023409], [24.68509022, 60.16006288], [24.68459883, 60.1599251], [24.68417049, 60.15980489], [24.68368983, 60.15967548], [24.68383157, 60.15943043], [24.68370005, 60.15939897], [24.68356381, 60.15963443], [24.68313566, 60.15949455], [24.6822078, 60.15862664], [24.68204316, 60.15878153], [24.68192472, 60.15873933], [24.68167982, 60.15881332], [24.68132666, 60.15857453], [24.68157225, 60.15820578], [24.68184083, 60.15797252], [24.68210668, 60.15774195], [24.68220736, 60.15749725], [24.68230937, 60.15722671], [24.68231863, 60.15721865], [24.68257861, 60.15697963], [24.68221911, 60.15689547], [24.68251869, 60.15658321], [24.68150419, 60.15546835], [24.67985334, 60.15519726], [24.67936642, 60.15516512], [24.67878055, 60.15503311], [24.67801535, 60.15489958], [24.67719769, 60.15466423], [24.67624178, 60.15448113], [24.67537852, 60.15432589], [24.67465933, 60.15418617], [24.67423793, 60.15413945], [24.67332461, 60.15402304], [24.67296424, 60.15392351], [24.67271251, 60.15387127], [24.67236399, 60.15382957], [24.67225929, 60.15382052], [24.67216592, 60.15381248], [24.67214903, 60.15382779], [24.67191407, 60.15377272], [24.67088951, 60.15354544], [24.67037589, 60.15343214], [24.66985904, 60.1533183], [24.66979921, 60.15330514], [24.66964151, 60.15324982], [24.66945237, 60.15325832], [24.66932086, 60.15323071], [24.66880611, 60.15312234], [24.6683124, 60.15301843], [24.66808332, 60.15297028], [24.66796876, 60.1529218], [24.66796446, 60.15291999], [24.66790481, 60.15288987], [24.66787202, 60.15287452], [24.66743924, 60.15267337], [24.66706524, 60.15248296], [24.66661634, 60.15232817], [24.6660046, 60.15219981], [24.66581879, 60.15220122], [24.66556144, 60.15217284], [24.66533133, 60.15270541], [24.66499989, 60.15348221], [24.66499382, 60.15349512], [24.66495741, 60.15357006], [24.66490212, 60.15364209], [24.66474526, 60.15403518], [24.66426643, 60.15496024], [24.66417661, 60.15513414], [24.66391477, 60.15538479], [24.66386758, 60.15545683], [24.663656, 60.15565187], [24.66363984, 60.15564779], [24.66355581, 60.15562487], [24.66298943, 60.15543997], [24.66278903, 60.15538704], [24.66231657, 60.15526252], [24.66194593, 60.15516473], [24.66161323, 60.15505545], [24.66143568, 60.15498652], [24.6612614, 60.15491579], [24.66109852, 60.15483854], [24.66093891, 60.15475933], [24.66067956, 60.15460887], [24.66049157, 60.1545049], [24.66037489, 60.15445353], [24.66025495, 60.15440394], [24.66012467, 60.15436151], [24.65999221, 60.15432096], [24.65985048, 60.15428838], [24.65970766, 60.15425776], [24.6595588, 60.15423566], [24.65940831, 60.15421562], [24.65925394, 60.15420445], [24.65909955, 60.15419544], [24.65881867, 60.15419516], [24.65641247, 60.15428094], [24.65578256, 60.154289], [24.65320325, 60.15465386], [24.6527066, 60.15467617], [24.65221969, 60.15464671], [24.64958191, 60.15481478], [24.64737412, 60.15507963], [24.646345, 60.1552397], [24.64626544, 60.15520332], [24.64463298, 60.15545969], [24.64473734, 60.15565034], [24.64603342, 60.1558834], [24.64684266, 60.1560307], [24.6470198, 60.15628572], [24.64731344, 60.15670996], [24.64747035, 60.15693908], [24.64760333, 60.15713277], [24.64789544, 60.15754983], [24.64813103, 60.15789772], [24.64849238, 60.15800459], [24.64924605, 60.15825117], [24.64999758, 60.1584981], [24.65081799, 60.15877087], [24.65063241, 60.15889909], [24.65021987, 60.15918522], [24.65052997, 60.15928648], [24.65050464, 60.15938317], [24.65016873, 60.15972739], [24.65374521, 60.16080128], [24.65589736, 60.16144666], [24.65591702, 60.1614267], [24.65600845, 60.16136231], [24.65611872, 60.16130587], [24.65627212, 60.16125762], [24.65636143, 60.16124134], [24.65645182, 60.16122614], [24.65654642, 60.16122073], [24.65664101, 60.1612163], [24.6567355, 60.16122211], [24.65682944, 60.161229], [24.65699929, 60.16126058], [24.65769227, 60.16143489], [24.65817617, 60.16155668], [24.658346, 60.16159086], [24.65844423, 60.16160081], [24.65854301, 60.16160887], [24.65864352, 60.16160778], [24.6587435, 60.16160454], [24.65892094, 60.16158238], [24.65895839, 60.16156605], [24.65898663, 60.16155185], [24.65900788, 60.16153476], [24.65902643, 60.16151713], [24.6590369, 60.16149777], [24.65904412, 60.16147795], [24.65904217, 60.16145802], [24.65903648, 60.16143341], [24.65938616, 60.16194332], [24.65957196, 60.16221028], [24.65964723, 60.16235058], [24.65972088, 60.16249132], [24.65982499, 60.16276902], [24.66100771, 60.16276676], [24.66170257, 60.16271028], [24.66227982, 60.16263645], [24.66305147, 60.16257388], [24.66288558, 60.1627343], [24.6626602, 60.16295246], [24.66326807, 60.16310758], [24.66344833, 60.16291578], [24.66420014, 60.16310303], [24.66434654, 60.16315753], [24.66436613, 60.16314411], [24.66438298, 60.16313383], [24.66440414, 60.16312581], [24.6644269, 60.16311851], [24.6644518, 60.16311399], [24.66447778, 60.16311029], [24.6645048, 60.16310964], [24.66453127, 60.16310997], [24.66455771, 60.16311327], [24.66458899, 60.16311847], [24.66493174, 60.16320586], [24.66467034, 60.16346037], [24.66517369, 60.16358784], [24.6652883, 60.16363471], [24.66594206, 60.16379586], [24.66620357, 60.16352967], [24.6670265, 60.16373917], [24.66754817, 60.16387206], [24.66786884, 60.16395373], [24.66808833, 60.16399458], [24.66831277, 60.16402728], [24.66803388, 60.16425061], [24.66773483, 60.16448986], [24.66854171, 60.16474024], [24.66865894, 60.1646356], [24.66907261, 60.16476391], [24.6696189, 60.16433194], [24.67031247, 60.1645138], [24.67055175, 60.16457642], [24.67011523, 60.16500158], [24.67002818, 60.16506042], [24.67082486, 60.1652543], [24.67078664, 60.16529298], [24.67147712, 60.16546325], [24.67168361, 60.16529332], [24.67285654, 60.16530699], [24.67286319, 60.16561639], [24.67286931, 60.16581638], [24.67354398, 60.16589308], [24.6735769, 60.16589684], [24.67375016, 60.16591666], [24.67375326, 60.16603972], [24.67462112, 60.16625278], [24.67516986, 60.16638759], [24.67572036, 60.16650984], [24.67568735, 60.16640465], [24.67571791, 60.16637412], [24.67591435, 60.16618073], [24.67614221, 60.16608731], [24.67709944, 60.16617016], [24.67865823, 60.16629314], [24.67871457, 60.16611188], [24.67881663, 60.16611949], [24.67929128, 60.16615143], [24.67941098, 60.16584475], [24.67953344, 60.16553288], [24.67960998, 60.16533004], [24.6797159, 60.16505071], [24.67981295, 60.16479487], [24.6799061, 60.16455051], [24.67992607, 60.16449752], [24.68010004, 60.16405365], [24.68021402, 60.16405653], [24.68033605, 60.1640658], [24.68057847, 60.16413998], [24.68068986, 60.16418746], [24.68079424, 60.16423223], [24.68088504, 60.16428558], [24.68097853, 60.16434038], [24.68104285, 60.16439313], [24.68112594, 60.16446145], [24.68117026, 60.16451568], [24.68123382, 60.16459267], [24.68126504, 60.16466006], [24.6812984, 60.16473078], [24.68130852, 60.16480126], [24.68131864, 60.16487219], [24.68129404, 60.16501322], [24.68143082, 60.16506139], [24.68215484, 60.16506349], [24.6832106, 60.16512481], [24.68429648, 60.165314], [24.68483331, 60.16534175], [24.68651397, 60.16588607], [24.68823022, 60.16661605], [24.68849165, 60.16645592], [24.68899118, 60.16665877], [24.68900569, 60.16666661], [24.6890132, 60.16667228], [24.68901855, 60.1666784], [24.68902227, 60.16668487], [24.68902383, 60.16669143], [24.68902323, 60.16669816], [24.689021, 60.16670461], [24.68901388, 60.16671483], [24.68884872, 60.16686712], [24.68970864, 60.16701786], [24.6900732, 60.16743903], [24.69047556, 60.16734734], [24.69083276, 60.1676327], [24.69093306, 60.16771264], [24.69076581, 60.16779967], [24.69131236, 60.1682359], [24.69209939, 60.16878945], [24.6933462, 60.16924013], [24.69358534, 60.16926761], [24.69396296, 60.16928051], [24.69407027, 60.16930499]]]}, "geometry_name": "geom", "properties": {"posnro": "02300", "postitoimi": "ESPOO", "postitoiru": "ESBO", "nimi": "Nöykkiönpuro", "nimiru": "Nöykisbäcken", "kunta": "Espoo", "kunta_nro": "049"}}, {"type": "Feature", "id": "pks_postinumeroalueet_2024.142", "geometry": {"type": "Polygon", "coordinates": [[[24.65641247, 60.15428094], [24.65881867, 60.15419516], [24.65909955, 60.15419544], [24.65925394, 60.15420445], [24.65940831, 60.15421562], [24.6595588, 60.15423566], [24.65970766, 60.15425776], [24.65985048, 60.15428838], [24.65999221, 60.15432096], [24.66012467, 60.15436151], [24.66025495, 60.15440394], [24.66037489, 60.15445353], [24.66049157, 60.1545049], [24.66067956, 60.15460887], [24.66093891, 60.15475933], [24.66109852, 60.15483854], [24.6612614, 60.15491579], [24.66143568, 60.15498652], [24.66161323, 60.15505545], [24.66194593, 60.15516473], [24.66231657, 60.15526252], [24.66278903, 60.15538704], [24.66298943, 60.15543997], [24.66355581, 60.15562487], [24.66363984, 60.15564779], [24.663656, 60.15565187], [24.66386758, 60.15545683], [24.66391477, 60.15538479], [24.66417661, 60.15513414], [24.66426643, 60.15496024], [24.66474526, 60.15403518], [24.66490212, 60.15364209], [24.66495741, 60.15357006], [24.66499382, 60.15349512], [24.66499989, 60.15348221], [24.66533133, 60.15270541], [24.66556144, 60.15217284], [24.66557607, 60.15200835], [24.66577873, 60.15141101], [24.66584808, 60.15128391], [24.66613137, 60.15115053], [24.66634213, 60.15055221], [24.66648541, 60.15026966], [24.66658405, 60.15007622], [24.66681044, 60.14974586], [24.66678077, 60.14968915], [24.66689368, 60.14947258], [24.66701289, 60.1493273], [24.66711124, 60.14921481], [24.66722467, 60.14910578], [24.6673762, 60.14896829], [24.6674007, 60.14894861], [24.666842, 60.14865541], [24.66683546, 60.14866078], [24.66677299, 60.14869661], [24.6666706, 60.14872813], [24.66657867, 60.1487401], [24.66647121, 60.14873867], [24.66600726, 60.14868885], [24.66553394, 60.1483386], [24.66502788, 60.14796923], [24.66477454, 60.14781628], [24.66471841, 60.1477595], [24.66440007, 60.1468834], [24.66438587, 60.1468454], [24.66443448, 60.14658029], [24.66450084, 60.14621533], [24.66455346, 60.14592681], [24.6645649, 60.14586401], [24.66262861, 60.14494628], [24.66199367, 60.14467244], [24.66136628, 60.14440184], [24.66092592, 60.14405964], [24.65865887, 60.14319136], [24.65858734, 60.14316389], [24.65847651, 60.14307286], [24.65827693, 60.14300027], [24.65809154, 60.14291408], [24.65805347, 60.14288741], [24.65728433, 60.14316851], [24.65728433, 60.14316851], [24.65685979, 60.14312873], [24.65690736, 60.14291586], [24.65692278, 60.14278342], [24.65692956, 60.14265078], [24.65691883, 60.14243678], [24.65694075, 60.14183547], [24.65694366, 60.14176367], [24.65695645, 60.14141725], [24.65695715, 60.14140199], [24.65649274, 60.14130358], [24.65602888, 60.14120526], [24.65594415, 60.14130449], [24.65270685, 60.14061875], [24.65277737, 60.14053618], [24.65452232, 60.1384874], [24.65011263, 60.13755341], [24.65130438, 60.13615448], [24.64789264, 60.13543145], [24.64835679, 60.13488634], [24.64535296, 60.13424977], [24.6450867, 60.13456257], [24.64476727, 60.13424802], [24.64050492, 60.13423527], [24.64088066, 60.13448123], [24.64105003, 60.13459236], [24.64042422, 60.13628776], [24.63874177, 60.13670387], [24.63473143, 60.13769553], [24.63165722, 60.14219617], [24.62673213, 60.14940367], [24.61983078, 60.15265259], [24.61880977, 60.15313326], [24.61465265, 60.15508967], [24.61314969, 60.15579696], [24.61022626, 60.15666163], [24.60930143, 60.15693571], [24.60895393, 60.15703943], [24.61223595, 60.15811582], [24.61231671, 60.15813868], [24.61239856, 60.15816135], [24.61256602, 60.15820789], [24.6133198, 60.15842308], [24.61391058, 60.15858044], [24.61467026, 60.15875525], [24.61560014, 60.15892741], [24.61577481, 60.15895924], [24.61695441, 60.15912125], [24.61738972, 60.1591795], [24.61796882, 60.15922892], [24.61803467, 60.15923378], [24.61855771, 60.15927317], [24.61869319, 60.15928334], [24.61894094, 60.159302], [24.61911853, 60.15931526], [24.61959838, 60.15935182], [24.61992278, 60.15937618], [24.62024665, 60.15940035], [24.62056133, 60.15942414], [24.62087602, 60.15944784], [24.62119071, 60.15947127], [24.62151482, 60.15947435], [24.62183893, 60.15947734], [24.62216304, 60.15948033], [24.62248715, 60.15948323], [24.62284103, 60.15948145], [24.62319491, 60.1594795], [24.62343684, 60.15948826], [24.62367931, 60.15949703], [24.62384948, 60.15954463], [24.6240209, 60.15957797], [24.62428334, 60.15968265], [24.62433928, 60.15970426], [24.62480126, 60.15988822], [24.62543099, 60.16004842], [24.62545954, 60.16005559], [24.62600371, 60.16013836], [24.62623152, 60.1601539], [24.62710714, 60.1602139], [24.62720215, 60.16022054], [24.62768045, 60.16025321], [24.62780699, 60.15957331], [24.6278519, 60.1594239], [24.62794455, 60.15925668], [24.62807979, 60.15909675], [24.62824781, 60.1589529], [24.62835232, 60.15888363], [24.62845898, 60.15881482], [24.62869262, 60.15869583], [24.62897755, 60.15857959], [24.62927267, 60.15846992], [24.62964075, 60.1583575], [24.62985909, 60.15830067], [24.63008011, 60.15824645], [24.63047917, 60.1581648], [24.63078014, 60.15811125], [24.63111899, 60.15805071], [24.63145839, 60.15799008], [24.63179724, 60.15792963], [24.63213609, 60.15786909], [24.63247548, 60.15780855], [24.63271149, 60.15776612], [24.63281433, 60.1577481], [24.63315372, 60.15768756], [24.63318674, 60.15768145], [24.63352613, 60.157621], [24.63386497, 60.15756054], [24.63420382, 60.15749991], [24.6345432, 60.15743936], [24.63474726, 60.15740276], [24.6349665, 60.15736172], [24.63534592, 60.15729581], [24.63637543, 60.15711186], [24.64229728, 60.15605414], [24.64289913, 60.15594689], [24.64317353, 60.15589764], [24.64346363, 60.155846], [24.64395831, 60.1557582], [24.64392555, 60.15564035], [24.64399655, 60.15556838], [24.64463298, 60.15545969], [24.64626544, 60.15520332], [24.646345, 60.1552397], [24.64737412, 60.15507963], [24.64958191, 60.15481478], [24.65221969, 60.15464671], [24.6527066, 60.15467617], [24.65320325, 60.15465386], [24.65578256, 60.154289], [24.65641247, 60.15428094]]]}, "geometry_name": "geom", "properties": {"posnro": "02320", "postitoimi": "ESPOO", "postitoiru": "ESBO", "nimi": "Espoonlahti", "nimiru": "Esboviken", "kunta": "Espoo", "kunta_nro": "049"}}, {"type": "Feature", "id": "pks_postinumeroalueet_2024.143", "geometry": {"type": "Polygon", "coordinates": [[[24.67290695, 60.17181562], [24.67155462, 60.17096301], [24.67136123, 60.17084729], [24.67161171, 60.1706044], [24.67169029, 60.17052804], [24.67471948, 60.16750797], [24.67475332, 60.16747458], [24.67518062, 60.16704929], [24.67524883, 60.16698196], [24.67542293, 60.16680736], [24.67556755, 60.16666258], [24.67572036, 60.16650984], [24.67516986, 60.16638759], [24.67462112, 60.16625278], [24.67375326, 60.16603972], [24.67375016, 60.16591666], [24.6735769, 60.16589684], [24.67354398, 60.16589308], [24.67286931, 60.16581638], [24.67286319, 60.16561639], [24.67285654, 60.16530699], [24.67168361, 60.16529332], [24.67147712, 60.16546325], [24.67078664, 60.16529298], [24.67082486, 60.1652543], [24.67002818, 60.16506042], [24.67011523, 60.16500158], [24.67055175, 60.16457642], [24.67031247, 60.1645138], [24.6696189, 60.16433194], [24.66907261, 60.16476391], [24.66865894, 60.1646356], [24.66854171, 60.16474024], [24.66773483, 60.16448986], [24.66803388, 60.16425061], [24.66831277, 60.16402728], [24.66808833, 60.16399458], [24.66786884, 60.16395373], [24.66754817, 60.16387206], [24.6670265, 60.16373917], [24.66620357, 60.16352967], [24.66594206, 60.16379586], [24.6652883, 60.16363471], [24.66517369, 60.16358784], [24.66467034, 60.16346037], [24.66493174, 60.16320586], [24.66458899, 60.16311847], [24.66455771, 60.16311327], [24.66453127, 60.16310997], [24.6645048, 60.16310964], [24.66447778, 60.16311029], [24.6644518, 60.16311399], [24.6644269, 60.16311851], [24.66440414, 60.16312581], [24.66438298, 60.16313383], [24.66436613, 60.16314411], [24.66434654, 60.16315753], [24.66420014, 60.16310303], [24.66344833, 60.16291578], [24.66326807, 60.16310758], [24.6626602, 60.16295246], [24.66288558, 60.1627343], [24.66305147, 60.16257388], [24.66227982, 60.16263645], [24.66170257, 60.16271028], [24.66100771, 60.16276676], [24.65982499, 60.16276902], [24.65972088, 60.16249132], [24.65964723, 60.16235058], [24.65957196, 60.16221028], [24.65938616, 60.16194332], [24.65903648, 60.16143341], [24.65904217, 60.16145802], [24.65904412, 60.16147795], [24.6590369, 60.16149777], [24.65902643, 60.16151713], [24.65900788, 60.16153476], [24.65898663, 60.16155185], [24.65895839, 60.16156605], [24.65892094, 60.16158238], [24.6587435, 60.16160454], [24.65864352, 60.16160778], [24.65854301, 60.16160887], [24.65844423, 60.16160081], [24.658346, 60.16159086], [24.65817617, 60.16155668], [24.65769227, 60.16143489], [24.65699929, 60.16126058], [24.65682944, 60.161229], [24.6567355, 60.16122211], [24.65664101, 60.1612163], [24.65654642, 60.16122073], [24.65645182, 60.16122614], [24.65636143, 60.16124134], [24.65627212, 60.16125762], [24.65611872, 60.16130587], [24.65600845, 60.16136231], [24.65591702, 60.1614267], [24.65589736, 60.16144666], [24.65374521, 60.16080128], [24.65016873, 60.15972739], [24.65050464, 60.15938317], [24.65052997, 60.15928648], [24.65021987, 60.15918522], [24.65063241, 60.15889909], [24.65081799, 60.15877087], [24.64999758, 60.1584981], [24.64924605, 60.15825117], [24.64849238, 60.15800459], [24.64813103, 60.15789772], [24.64789544, 60.15754983], [24.64760333, 60.15713277], [24.64747035, 60.15693908], [24.64731344, 60.15670996], [24.6470198, 60.15628572], [24.64684266, 60.1560307], [24.64603342, 60.1558834], [24.64473734, 60.15565034], [24.64463298, 60.15545969], [24.64399655, 60.15556838], [24.64392555, 60.15564035], [24.64395831, 60.1557582], [24.64346363, 60.155846], [24.64317353, 60.15589764], [24.64289913, 60.15594689], [24.64229728, 60.15605414], [24.63637543, 60.15711186], [24.63534592, 60.15729581], [24.6349665, 60.15736172], [24.63474726, 60.15740276], [24.6345432, 60.15743936], [24.63420382, 60.15749991], [24.63386497, 60.15756054], [24.63352613, 60.157621], [24.63318674, 60.15768145], [24.63315372, 60.15768756], [24.63281433, 60.1577481], [24.63271149, 60.15776612], [24.63247548, 60.15780855], [24.63213609, 60.15786909], [24.63179724, 60.15792963], [24.63145839, 60.15799008], [24.63111899, 60.15805071], [24.63078014, 60.15811125], [24.63047917, 60.1581648], [24.63008011, 60.15824645], [24.62985909, 60.15830067], [24.62964075, 60.1583575], [24.62927267, 60.15846992], [24.62897755, 60.15857959], [24.62869262, 60.15869583], [24.62845898, 60.15881482], [24.62835232, 60.15888363], [24.62824781, 60.1589529], [24.62807979, 60.15909675], [24.62794455, 60.15925668], [24.6278519, 60.1594239], [24.62780699, 60.15957331], [24.62768045, 60.16025321], [24.62720215, 60.16022054], [24.62710714, 60.1602139], [24.62623152, 60.1601539], [24.62600371, 60.16013836], [24.62545954, 60.16005559], [24.62543099, 60.16004842], [24.62480126, 60.15988822], [24.62433928, 60.15970426], [24.62428334, 60.15968265], [24.6240209, 60.15957797], [24.62384948, 60.15954463], [24.62367931, 60.15949703], [24.62343684, 60.15948826], [24.62319491, 60.1594795], [24.62284103, 60.15948145], [24.62248715, 60.15948323], [24.62216304, 60.15948033], [24.62183893, 60.15947734], [24.62151482, 60.15947435], [24.62119071, 60.15947127], [24.62087602, 60.15944784], [24.62056133, 60.15942414], [24.62024665, 60.15940035], [24.61992278, 60.15937618], [24.61959838, 60.15935182], [24.61911853, 60.15931526], [24.61894094, 60.159302], [24.61869319, 60.15928334], [24.61855771, 60.15927317], [24.61803467, 60.15923378], [24.61796882, 60.15922892], [24.61738972, 60.1591795], [24.61695441, 60.15912125], [24.61577481, 60.15895924], [24.61560014, 60.15892741], [24.61467026, 60.15875525], [24.61391058, 60.15858044], [24.6133198, 60.15842308], [24.61256602, 60.15820789], [24.61239856, 60.15816135], [24.61231671, 60.15813868], [24.61223595, 60.15811582], [24.60895393, 60.15703943], [24.59941551, 60.15988546], [24.60003314, 60.16401051], [24.59998773, 60.16436832], [24.59937652, 60.16482064], [24.59945222, 60.1648609], [24.59998, 60.16447053], [24.60001101, 60.16445366], [24.60003708, 60.16444207], [24.60006691, 60.16443336], [24.60010863, 60.16442362], [24.60063421, 60.16434738], [24.60073749, 60.1643406], [24.60079094, 60.16434453], [24.60084383, 60.164349], [24.60089286, 60.16436073], [24.60094026, 60.16437272], [24.60101656, 60.16440822], [24.60106643, 60.16443925], [24.6009383, 60.16449038], [24.60048547, 60.16467149], [24.59997889, 60.16514019], [24.60029296, 60.16530665], [24.60056882, 60.16537193], [24.6006324, 60.16538693], [24.60074856, 60.16538782], [24.6006597, 60.16545244], [24.60065535, 60.16545539], [24.60149949, 60.16575691], [24.6015896, 60.16572289], [24.60170187, 60.16573328], [24.602509, 60.16529752], [24.6026833, 60.16536105], [24.60295678, 60.16549004], [24.60356768, 60.16577828], [24.60307538, 60.16609526], [24.60398347, 60.16651955], [24.6042422, 60.16666295], [24.60449825, 60.16680463], [24.60451161, 60.16681643], [24.60470196, 60.16698484], [24.60543503, 60.16763335], [24.60650751, 60.16724054], [24.60679007, 60.16747115], [24.60572789, 60.16786032], [24.60488293, 60.16842981], [24.60486947, 60.16865084], [24.60543164, 60.16899762], [24.60574341, 60.16895574], [24.60603801, 60.16894881], [24.6076499, 60.16873252], [24.60898735, 60.1685531], [24.60909506, 60.16849283], [24.60946726, 60.16845812], [24.60968714, 60.16846334], [24.61000851, 60.16843135], [24.61049707, 60.16870106], [24.61102955, 60.16905088], [24.61135389, 60.16917991], [24.61225366, 60.16972988], [24.61189569, 60.16983994], [24.61167928, 60.1698613], [24.61155455, 60.16989765], [24.61137939, 60.17004029], [24.61113989, 60.17014047], [24.61117165, 60.17028759], [24.61106082, 60.17033744], [24.61092506, 60.17043819], [24.61054772, 60.17058608], [24.61085223, 60.17074745], [24.61022763, 60.17100995], [24.61085259, 60.17117442], [24.61055717, 60.1712485], [24.61113635, 60.17167483], [24.61209995, 60.17153791], [24.61272242, 60.17145572], [24.61276572, 60.1714501], [24.61292821, 60.17169543], [24.61295211, 60.17173158], [24.61337107, 60.17172122], [24.6134202, 60.17181767], [24.61375684, 60.17168438], [24.61380931, 60.17163427], [24.61420558, 60.1712545], [24.61505271, 60.17113938], [24.61521501, 60.17112478], [24.61540599, 60.17110756], [24.61653235, 60.17100626], [24.61687318, 60.17097556], [24.61683287, 60.17100291], [24.61610055, 60.17151563], [24.61603134, 60.17156434], [24.61553246, 60.17203142], [24.61540296, 60.17215266], [24.61532974, 60.17222129], [24.61490843, 60.17261634], [24.61481131, 60.17269405], [24.61472122, 60.17281882], [24.61442545, 60.17319969], [24.61443284, 60.17326075], [24.6144348, 60.17327745], [24.61502491, 60.17337753], [24.61521699, 60.17317381], [24.61538572, 60.17321128], [24.6153923, 60.17320349], [24.61631703, 60.17343621], [24.61727437, 60.17360844], [24.61746997, 60.17365944], [24.61766288, 60.17370954], [24.61780244, 60.17374603], [24.61783429, 60.17388865], [24.61962867, 60.17365569], [24.62025602, 60.17357429], [24.62075095, 60.17377433], [24.62137286, 60.17402464], [24.6216589, 60.17406109], [24.62388202, 60.17409722], [24.62413168, 60.17410125], [24.62421924, 60.17462127], [24.62442267, 60.17583462], [24.63489667, 60.17539787], [24.63517841, 60.17538671], [24.6359241, 60.17535555], [24.63680663, 60.17531713], [24.64058759, 60.17515492], [24.64121594, 60.17512826], [24.64243409, 60.17509054], [24.64567721, 60.17492826], [24.64752298, 60.17260942], [24.647758, 60.17231403], [24.64800782, 60.1719984], [24.64836391, 60.17154913], [24.64839788, 60.17150632], [24.64903674, 60.17175385], [24.65022461, 60.17221375], [24.65094631, 60.17250045], [24.65123904, 60.17256988], [24.65171389, 60.17197668], [24.65210702, 60.17205814], [24.65377392, 60.17240321], [24.65366335, 60.17253585], [24.65383053, 60.1725703], [24.6543445, 60.17195287], [24.6559494, 60.17228501], [24.65623453, 60.17209942], [24.65653151, 60.17191817], [24.65677764, 60.17179252], [24.65704151, 60.17167625], [24.65691508, 60.17162108], [24.6571157, 60.17150663], [24.65726472, 60.17157164], [24.65741751, 60.17163818], [24.65745141, 60.17165281], [24.65768813, 60.17175583], [24.65882656, 60.17225206], [24.65937857, 60.17249259], [24.65998494, 60.17275668], [24.66022221, 60.17286014], [24.66143766, 60.17338994], [24.6619246, 60.17360219], [24.66268168, 60.17393191], [24.66377837, 60.17440214], [24.66625415, 60.175486], [24.66640781, 60.17541691], [24.66665487, 60.17530552], [24.67351602, 60.17219768], [24.67290695, 60.17181562]]]}, "geometry_name": "geom", "properties": {"posnro": "02330", "postitoimi": "ESPOO", "postitoiru": "ESBO", "nimi": "Saunalahti-Kattilalaakso", "nimiru": "Bastvik-Kitteldalen", "kunta": "Espoo", "kunta_nro": "049"}}, {"type": "Feature", "id": "pks_postinumeroalueet_2024.144", "geometry": {"type": "Polygon", "coordinates": [[[24.67466659, 60.17859798], [24.67448939, 60.17847781], [24.67424857, 60.17834232], [24.673827, 60.17811842], [24.67345114, 60.17791869], [24.67281485, 60.17765423], [24.67227216, 60.17743568], [24.67038269, 60.17670963], [24.66911088, 60.17622098], [24.66804144, 60.17582231], [24.66665487, 60.17530552], [24.66640781, 60.17541691], [24.66625415, 60.175486], [24.66377837, 60.17440214], [24.66268168, 60.17393191], [24.6619246, 60.17360219], [24.66143766, 60.17338994], [24.66022221, 60.17286014], [24.65998494, 60.17275668], [24.65937857, 60.17249259], [24.65882656, 60.17225206], [24.65768813, 60.17175583], [24.65745141, 60.17165281], [24.65741751, 60.17163818], [24.65726472, 60.17157164], [24.6571157, 60.17150663], [24.65691508, 60.17162108], [24.65704151, 60.17167625], [24.65677764, 60.17179252], [24.65653151, 60.17191817], [24.65623453, 60.17209942], [24.6559494, 60.17228501], [24.6543445, 60.17195287], [24.65383053, 60.1725703], [24.65366335, 60.17253585], [24.65377392, 60.17240321], [24.65210702, 60.17205814], [24.65171389, 60.17197668], [24.65123904, 60.17256988], [24.65094631, 60.17250045], [24.65022461, 60.17221375], [24.64903674, 60.17175385], [24.64839788, 60.17150632], [24.64836391, 60.17154913], [24.64800782, 60.1719984], [24.647758, 60.17231403], [24.64752298, 60.17260942], [24.64567721, 60.17492826], [24.64243409, 60.17509054], [24.64121594, 60.17512826], [24.64058759, 60.17515492], [24.63680663, 60.17531713], [24.63697505, 60.17705103], [24.63714047, 60.17876464], [24.63729254, 60.180318], [24.64444215, 60.18068212], [24.64436592, 60.18088279], [24.64547218, 60.18111489], [24.64615341, 60.18125781], [24.64677787, 60.18100008], [24.64840432, 60.18157516], [24.65113007, 60.18254112], [24.65593953, 60.18423749], [24.65736915, 60.18474185], [24.65857849, 60.18516906], [24.65613139, 60.18672645], [24.6584382, 60.18899379], [24.65889253, 60.18929536], [24.65923946, 60.18952549], [24.65945317, 60.18967028], [24.65962017, 60.18978371], [24.65998262, 60.19002958], [24.66027366, 60.19022698], [24.66068884, 60.19050071], [24.66084135, 60.19060378], [24.66090416, 60.19064748], [24.66135998, 60.19096574], [24.66179597, 60.19126834], [24.66217785, 60.19152216], [24.66261381, 60.19182816], [24.66262831, 60.19183843], [24.66269921, 60.19188582], [24.66319332, 60.19221756], [24.66362501, 60.19251987], [24.66403747, 60.19279978], [24.66453421, 60.1931422], [24.66507561, 60.19350761], [24.6654735, 60.19378623], [24.66584246, 60.19403964], [24.66593806, 60.1941054], [24.66608469, 60.19388471], [24.66608723, 60.1937411], [24.66616371, 60.19339951], [24.66615034, 60.19301165], [24.66610344, 60.19283785], [24.66599814, 60.19245012], [24.66556203, 60.1919419], [24.66532706, 60.1915971], [24.66464232, 60.19070805], [24.664137, 60.18999152], [24.66412599, 60.18985201], [24.66425918, 60.1894655], [24.66431415, 60.18943037], [24.66453239, 60.18929198], [24.66633161, 60.18825886], [24.66661362, 60.18796329], [24.66697732, 60.18808986], [24.66744927, 60.18756392], [24.66770394, 60.18756411], [24.66788605, 60.18757408], [24.66837712, 60.1876165], [24.67316227, 60.18811468], [24.67767466, 60.18859433], [24.67896556, 60.18779829], [24.68005277, 60.18853627], [24.67830819, 60.18966404], [24.678642, 60.18959107], [24.6788859, 60.18953332], [24.67912336, 60.18946918], [24.67935708, 60.18940154], [24.67958274, 60.18932776], [24.67980465, 60.18925075], [24.68001742, 60.1891677], [24.68029812, 60.18905188], [24.68111687, 60.18948862], [24.68374617, 60.18794396], [24.6830414, 60.18791131], [24.68021144, 60.18684433], [24.68013817, 60.18681669], [24.68030802, 60.18675436], [24.68047624, 60.18657992], [24.68068828, 60.18640389], [24.68082401, 60.18629004], [24.68160751, 60.18639613], [24.68181945, 60.1860063], [24.68103217, 60.18590029], [24.68071973, 60.18583743], [24.6805876, 60.18580318], [24.68042695, 60.1857546], [24.68030463, 60.18571194], [24.68015868, 60.18565298], [24.68004941, 60.18560254], [24.67992031, 60.18553446], [24.67982517, 60.18547724], [24.67971561, 60.18540122], [24.67963675, 60.1853382], [24.67954835, 60.1852555], [24.67948683, 60.18518786], [24.67942118, 60.18510019], [24.67937862, 60.185029], [24.67902448, 60.18436548], [24.67887286, 60.18411264], [24.67877306, 60.1839801], [24.67867001, 60.18384746], [24.67854962, 60.183719], [24.67842598, 60.18359115], [24.6781644, 60.18336164], [24.67776476, 60.18304151], [24.67759326, 60.18288833], [24.67745879, 60.18276315], [24.67734004, 60.18263442], [24.67722616, 60.18250427], [24.677128, 60.1823711], [24.67701285, 60.18220522], [24.6769269, 60.18203969], [24.6768596, 60.18190166], [24.67681015, 60.18176206], [24.67675613, 60.18159283], [24.67673536, 60.18150625], [24.67661074, 60.18098537], [24.67659776, 60.18093113], [24.67658218, 60.18086602], [24.67653348, 60.18070542], [24.67648783, 60.18056565], [24.67642324, 60.18042727], [24.67634586, 60.18026965], [24.67566966, 60.17944063], [24.67565843, 60.17942804], [24.67551457, 60.17927089], [24.67520999, 60.17896659], [24.67466659, 60.17859798]]]}, "geometry_name": "geom", "properties": {"posnro": "02340", "postitoimi": "ESPOO", "postitoiru": "ESBO", "nimi": "Latokaski", "nimiru": "Ladusved", "kunta": "Espoo", "kunta_nro": "049"}}, {"type": "Feature", "id": "pks_postinumeroalueet_2024.145", "geometry": {"type": "Polygon", "coordinates": [[[24.6838648, 60.14916178], [24.68364945, 60.14903453], [24.68344766, 60.14890184], [24.68329977, 60.14878077], [24.68319105, 60.14868546], [24.68309642, 60.14858623], [24.68298155, 60.14845662], [24.68332681, 60.14815865], [24.68293575, 60.14777284], [24.68237886, 60.14722337], [24.68235278, 60.14718373], [24.68234493, 60.14715732], [24.68234357, 60.14713066], [24.68235192, 60.14710429], [24.68236675, 60.14707875], [24.68240329, 60.14704114], [24.68251968, 60.14695624], [24.68301089, 60.14703505], [24.68356573, 60.14712434], [24.68406528, 60.1463907], [24.68452737, 60.14646567], [24.68488717, 60.14605563], [24.6840321, 60.14590936], [24.68331668, 60.14578612], [24.68317758, 60.14576317], [24.68245564, 60.14575659], [24.68195077, 60.14575161], [24.68248009, 60.14478864], [24.68213021, 60.1447843], [24.6807824, 60.14455883], [24.68081692, 60.14450757], [24.67870629, 60.14415215], [24.67845427, 60.14441291], [24.68062085, 60.14518134], [24.68191692, 60.14517467], [24.68184765, 60.14530196], [24.68180884, 60.14535078], [24.68177059, 60.14539719], [24.68171404, 60.14543825], [24.68165586, 60.14547939], [24.68158209, 60.14551341], [24.68150778, 60.14554689], [24.6814206, 60.14557182], [24.68133288, 60.1455962], [24.68123716, 60.14561096], [24.6811409, 60.14562518], [24.68104096, 60.14562888], [24.68093562, 60.14563222], [24.68084175, 60.14562275], [24.68077867, 60.1456121], [24.68071997, 60.14559625], [24.68064247, 60.14556833], [24.6793042, 60.14491428], [24.67904021, 60.14479633], [24.67884713, 60.14471634], [24.6786459, 60.14464135], [24.67843924, 60.14457039], [24.67822496, 60.14450453], [24.67791693, 60.14441762], [24.67774887, 60.14437493], [24.67691396, 60.14416341], [24.67591728, 60.14387502], [24.67588232, 60.14386111], [24.67585975, 60.14384974], [24.67584206, 60.14383642], [24.67582708, 60.14382229], [24.67581751, 60.14380692], [24.67581173, 60.1437911], [24.67581188, 60.14377513], [24.67581582, 60.14375925], [24.67582569, 60.14374402], [24.67584371, 60.14372378], [24.67629807, 60.1433699], [24.67659754, 60.14311726], [24.6767431, 60.1429758], [24.67688488, 60.14283406], [24.67700996, 60.14268806], [24.67713127, 60.14254179], [24.67723533, 60.14239179], [24.67733562, 60.14224134], [24.67748796, 60.14195781], [24.67754889, 60.1418017], [24.67760982, 60.14164423], [24.67768683, 60.14133342], [24.67771121, 60.14116007], [24.6777318, 60.14098662], [24.67773404, 60.14081286], [24.67773196, 60.14063927], [24.6776956, 60.14032656], [24.67753525, 60.13944325], [24.67749115, 60.13898431], [24.67780141, 60.13911386], [24.67773835, 60.13915769], [24.67779699, 60.13923484], [24.67814647, 60.13927357], [24.67832078, 60.13933727], [24.67793142, 60.13973206], [24.67795558, 60.13974684], [24.67849385, 60.14008141], [24.67911896, 60.13987155], [24.67926494, 60.13996201], [24.67968248, 60.14022071], [24.67993887, 60.14011775], [24.68071192, 60.14024196], [24.68104301, 60.14028575], [24.68176875, 60.13932693], [24.68137576, 60.13926441], [24.68143112, 60.13917919], [24.68158622, 60.13894018], [24.68174296, 60.13869912], [24.68210627, 60.13814467], [24.68264588, 60.13783685], [24.68260555, 60.13742827], [24.68355258, 60.1373626], [24.68333012, 60.13669222], [24.68237929, 60.1360884], [24.68234169, 60.13601274], [24.68212613, 60.13591771], [24.68188002, 60.13574335], [24.68122588, 60.13527998], [24.68097671, 60.1350882], [24.68124316, 60.13455453], [24.68149132, 60.13423641], [24.68163503, 60.13411163], [24.68174105, 60.13448132], [24.68184705, 60.13485218], [24.68280969, 60.13478528], [24.68284787, 60.13491256], [24.68274636, 60.13497111], [24.68277565, 60.13506883], [24.68289622, 60.13510502], [24.68307396, 60.13509153], [24.68312524, 60.13526022], [24.68431803, 60.1351751], [24.6849854, 60.13538771], [24.68548339, 60.13553151], [24.68601188, 60.1356464], [24.68663594, 60.13576079], [24.6872893, 60.13585954], [24.68767661, 60.13520865], [24.68874877, 60.13526206], [24.68863714, 60.13593488], [24.68919792, 60.13600656], [24.69007845, 60.13611902], [24.69098378, 60.13623531], [24.69131699, 60.13553088], [24.69134177, 60.13542215], [24.69160857, 60.13477492], [24.69086637, 60.13470982], [24.69018603, 60.13466838], [24.68946629, 60.13462451], [24.68885583, 60.134615], [24.68876653, 60.13515368], [24.68817518, 60.13511989], [24.68845081, 60.13457356], [24.6878565, 60.13451122], [24.68735402, 60.13444353], [24.68683979, 60.13436333], [24.68627239, 60.13425419], [24.68585451, 60.13414693], [24.68545439, 60.13404438], [24.68489547, 60.1345174], [24.68470486, 60.13446678], [24.68526814, 60.13398963], [24.68481773, 60.13384064], [24.68437272, 60.13369283], [24.68391328, 60.13347336], [24.68369254, 60.13335633], [24.68354566, 60.1331929], [24.68344893, 60.13286676], [24.68344433, 60.13255862], [24.68353127, 60.13227349], [24.68359831, 60.13198195], [24.68367275, 60.13170649], [24.68245148, 60.13179027], [24.68237387, 60.13149847], [24.68360046, 60.13142089], [24.68406569, 60.13058189], [24.68369655, 60.13029478], [24.68231294, 60.1302596], [24.68166852, 60.1305328], [24.68128956, 60.1304818], [24.68148671, 60.13035572], [24.68162022, 60.13028092], [24.68176017, 60.13020909], [24.68190979, 60.13014231], [24.68206531, 60.13007869], [24.68222888, 60.13002056], [24.68239781, 60.12996613], [24.68267761, 60.12988844], [24.6822909, 60.12952257], [24.68196776, 60.12939227], [24.68194629, 60.12938046], [24.68193396, 60.12937155], [24.68192488, 60.12936201], [24.68191904, 60.12935177], [24.6819159, 60.12934108], [24.681916, 60.12933049], [24.68191934, 60.12931999], [24.68192921, 60.12930467], [24.68200879, 60.12922417], [24.6825529, 60.12944349], [24.68403351, 60.12915281], [24.6840408, 60.12912474], [24.68433052, 60.12806676], [24.68515348, 60.12813514], [24.68628748, 60.12830217], [24.68718379, 60.12843435], [24.68721451, 60.12838272], [24.68739561, 60.12840936], [24.68780856, 60.12874467], [24.68863132, 60.12872354], [24.68922553, 60.12804046], [24.6896413, 60.12756304], [24.69037679, 60.12671738], [24.68846701, 60.12623522], [24.68567186, 60.12477053], [24.69336627, 60.1210822], [24.69036048, 60.11799569], [24.68526922, 60.11612619], [24.6753029, 60.11246531], [24.67041485, 60.1155332], [24.66747077, 60.11477503], [24.66258598, 60.11351686], [24.64796455, 60.11737806], [24.64767056, 60.11792766], [24.64525715, 60.12243756], [24.64316973, 60.12633723], [24.64243929, 60.12770152], [24.64221762, 60.12768719], [24.64194663, 60.12828773], [24.64115738, 60.1300388], [24.64095068, 60.13048199], [24.63993715, 60.13130768], [24.63819755, 60.13272423], [24.64050492, 60.13423527], [24.64476727, 60.13424802], [24.6450867, 60.13456257], [24.64535296, 60.13424977], [24.64835679, 60.13488634], [24.64789264, 60.13543145], [24.65130438, 60.13615448], [24.65011263, 60.13755341], [24.65452232, 60.1384874], [24.65277737, 60.14053618], [24.65270685, 60.14061875], [24.65594415, 60.14130449], [24.65602888, 60.14120526], [24.65649274, 60.14130358], [24.65695715, 60.14140199], [24.65695645, 60.14141725], [24.65694366, 60.14176367], [24.65694075, 60.14183547], [24.65691883, 60.14243678], [24.65692956, 60.14265078], [24.65692278, 60.14278342], [24.65690736, 60.14291586], [24.65685979, 60.14312873], [24.65728433, 60.14316851], [24.65805347, 60.14288741], [24.65809154, 60.14291408], [24.65827693, 60.14300027], [24.65847651, 60.14307286], [24.65858734, 60.14316389], [24.65865887, 60.14319136], [24.65978347, 60.14362561], [24.66092592, 60.14405964], [24.66136628, 60.14440184], [24.66199367, 60.14467244], [24.66262861, 60.14494628], [24.6645649, 60.14586401], [24.66450084, 60.14621533], [24.66443448, 60.14658029], [24.66438587, 60.1468454], [24.66471841, 60.1477595], [24.66477454, 60.14781628], [24.66502788, 60.14796923], [24.66549374, 60.14830888], [24.66600726, 60.14868885], [24.66647121, 60.14873867], [24.66657867, 60.1487401], [24.6666706, 60.14872813], [24.66677299, 60.14869661], [24.66683546, 60.14866078], [24.666842, 60.14865541], [24.6674007, 60.14894861], [24.6673762, 60.14896829], [24.66722467, 60.14910578], [24.66711124, 60.14921481], [24.66701289, 60.1493273], [24.66689368, 60.14947258], [24.66678077, 60.14968915], [24.66681044, 60.14974586], [24.66658405, 60.15007622], [24.66648541, 60.15026966], [24.66634213, 60.15055221], [24.66613137, 60.15115053], [24.66584808, 60.15128391], [24.66577873, 60.15141101], [24.66557607, 60.15200835], [24.66556144, 60.15217284], [24.66581879, 60.15220122], [24.6660046, 60.15219981], [24.66661634, 60.15232817], [24.66706524, 60.15248296], [24.66743924, 60.15267337], [24.66787202, 60.15287452], [24.66790481, 60.15288987], [24.66796446, 60.15291999], [24.66796876, 60.1529218], [24.66808332, 60.15297028], [24.6683124, 60.15301843], [24.66880611, 60.15312234], [24.66932086, 60.15323071], [24.66945237, 60.15325832], [24.66964151, 60.15324982], [24.66979921, 60.15330514], [24.66985904, 60.1533183], [24.67037589, 60.15343214], [24.67088951, 60.15354544], [24.67191407, 60.15377272], [24.67214903, 60.15382779], [24.67216592, 60.15381248], [24.67225929, 60.15382052], [24.67236399, 60.15382957], [24.67271251, 60.15387127], [24.67296424, 60.15392351], [24.67332461, 60.15402304], [24.67423793, 60.15413945], [24.67465933, 60.15418617], [24.67468668, 60.15409702], [24.67470233, 60.15404366], [24.67466639, 60.15396405], [24.6744728, 60.15382194], [24.67414824, 60.15370571], [24.6738626, 60.15364164], [24.67301753, 60.15345215], [24.67297123, 60.15343714], [24.67292601, 60.15342186], [24.67289164, 60.15340149], [24.67285782, 60.15338058], [24.672837, 60.15335558], [24.67281619, 60.15332986], [24.67285339, 60.15328328], [24.67343439, 60.15341109], [24.6737053, 60.15289009], [24.6735004, 60.15263693], [24.67348173, 60.15261346], [24.67328636, 60.15238015], [24.67310666, 60.15214589], [24.67305108, 60.15203159], [24.67309198, 60.15177508], [24.67313611, 60.15151911], [24.67206498, 60.15147392], [24.67208045, 60.15138484], [24.6731505, 60.15142975], [24.67320618, 60.15120613], [24.67339729, 60.15105195], [24.6725537, 60.15072155], [24.67268739, 60.15063796], [24.6735073, 60.15095987], [24.67368648, 60.15080979], [24.67419342, 60.15072263], [24.67447747, 60.15067225], [24.67470524, 60.15063251], [24.67516348, 60.15055313], [24.67552212, 60.15055158], [24.67685016, 60.15066702], [24.67753831, 60.15010871], [24.67876981, 60.15048617], [24.67867832, 60.1505625], [24.67784618, 60.15126614], [24.67878065, 60.15153409], [24.67972161, 60.15180267], [24.68062109, 60.15206244], [24.68246182, 60.15200619], [24.68286299, 60.15162694], [24.68192523, 60.15136072], [24.6816177, 60.15127059], [24.68147115, 60.15123398], [24.68157576, 60.15125173], [24.68176477, 60.15125416], [24.68189248, 60.15128435], [24.68198869, 60.15127696], [24.68208474, 60.1512867], [24.68227522, 60.15012949], [24.68214837, 60.15012183], [24.68196233, 60.15009212], [24.68175021, 60.15007824], [24.68177077, 60.14923566], [24.68195559, 60.14922417], [24.68241514, 60.14922904], [24.68283149, 60.14923336], [24.6830732, 60.14931562], [24.68310183, 60.1491465], [24.6838648, 60.14916178]]]}, "geometry_name": "geom", "properties": {"posnro": "02360", "postitoimi": "ESPOO", "postitoiru": "ESBO", "nimi": "Soukka", "nimiru": "Sökö", "kunta": "Espoo", "kunta_nro": "049"}}, {"type": "Feature", "id": "pks_postinumeroalueet_2024.146", "geometry": {"type": "Polygon", "coordinates": [[[24.7524576, 60.13162107], [24.75597894, 60.1303371], [24.75825125, 60.12813984], [24.76801014, 60.11723298], [24.7766132, 60.10727764], [24.78280873, 60.09995985], [24.80437583, 60.07606684], [24.84809668, 60.02755775], [24.90260705, 59.96685834], [24.94230801, 59.92249308], [24.92998065, 59.92134423], [24.83142114, 59.90140408], [24.7454213, 60.00802125], [24.70762696, 60.03403529], [24.68185608, 60.05173695], [24.65989957, 60.07560666], [24.65970556, 60.07581781], [24.65899325, 60.07659264], [24.6587796, 60.07682572], [24.65762195, 60.07808533], [24.65609898, 60.07974251], [24.65582914, 60.0800363], [24.65479834, 60.08115251], [24.65455787, 60.08141909], [24.6512745, 60.08499194], [24.65114744, 60.08513055], [24.65090588, 60.08539272], [24.65076306, 60.08554385], [24.64983332, 60.08655223], [24.64540661, 60.09132544], [24.6446555, 60.09213554], [24.64476947, 60.09226599], [24.64485053, 60.09234932], [24.65309066, 60.1007747], [24.65475077, 60.10616817], [24.64796455, 60.11737806], [24.66258598, 60.11351686], [24.66747077, 60.11477503], [24.67041485, 60.1155332], [24.6753029, 60.11246531], [24.68526922, 60.11612619], [24.69036048, 60.11799569], [24.69336627, 60.1210822], [24.68567186, 60.12477053], [24.68846701, 60.12623522], [24.69037679, 60.12671738], [24.6896413, 60.12756304], [24.68922553, 60.12804046], [24.68863132, 60.12872354], [24.68780856, 60.12874467], [24.68739561, 60.12840936], [24.68721451, 60.12838272], [24.68718379, 60.12843435], [24.68628748, 60.12830217], [24.68515348, 60.12813514], [24.68433052, 60.12806676], [24.6840408, 60.12912474], [24.68403351, 60.12915281], [24.6825529, 60.12944349], [24.68200879, 60.12922417], [24.68192921, 60.12930467], [24.68191934, 60.12931999], [24.681916, 60.12933049], [24.6819159, 60.12934108], [24.68191904, 60.12935177], [24.68192488, 60.12936201], [24.68193396, 60.12937155], [24.68194629, 60.12938046], [24.68196776, 60.12939227], [24.6822909, 60.12952257], [24.68267761, 60.12988844], [24.68239781, 60.12996613], [24.68222888, 60.13002056], [24.68206531, 60.13007869], [24.68190979, 60.13014231], [24.68176017, 60.13020909], [24.68162022, 60.13028092], [24.68148671, 60.13035572], [24.68128956, 60.1304818], [24.68166852, 60.1305328], [24.68231294, 60.1302596], [24.68369655, 60.13029478], [24.68406569, 60.13058189], [24.68360046, 60.13142089], [24.68237387, 60.13149847], [24.68245148, 60.13179027], [24.68367275, 60.13170649], [24.68359831, 60.13198195], [24.68353127, 60.13227349], [24.68344433, 60.13255862], [24.68344893, 60.13286676], [24.68354566, 60.1331929], [24.68369254, 60.13335633], [24.68391328, 60.13347336], [24.68437272, 60.13369283], [24.68481773, 60.13384064], [24.68526814, 60.13398963], [24.68470486, 60.13446678], [24.68489547, 60.1345174], [24.68545439, 60.13404438], [24.68585451, 60.13414693], [24.68627239, 60.13425419], [24.68683979, 60.13436333], [24.68735402, 60.13444353], [24.6878565, 60.13451122], [24.68845081, 60.13457356], [24.68817518, 60.13511989], [24.68876653, 60.13515368], [24.68885583, 60.134615], [24.68946629, 60.13462451], [24.69018603, 60.13466838], [24.69086637, 60.13470982], [24.69160857, 60.13477492], [24.69134177, 60.13542215], [24.69131699, 60.13553088], [24.69098378, 60.13623531], [24.69007845, 60.13611902], [24.68919792, 60.13600656], [24.68863714, 60.13593488], [24.68874877, 60.13526206], [24.68767661, 60.13520865], [24.6872893, 60.13585954], [24.68663594, 60.13576079], [24.68601188, 60.1356464], [24.68548339, 60.13553151], [24.6849854, 60.13538771], [24.68431803, 60.1351751], [24.68312524, 60.13526022], [24.68307396, 60.13509153], [24.68289622, 60.13510502], [24.68277565, 60.13506883], [24.68274636, 60.13497111], [24.68284787, 60.13491256], [24.68280969, 60.13478528], [24.68184705, 60.13485218], [24.68174105, 60.13448132], [24.68163503, 60.13411163], [24.68149132, 60.13423641], [24.68124316, 60.13455453], [24.68097671, 60.1350882], [24.68122588, 60.13527998], [24.68188002, 60.13574335], [24.68212613, 60.13591771], [24.68234169, 60.13601274], [24.68237929, 60.1360884], [24.68333012, 60.13669222], [24.68319581, 60.13628692], [24.68347451, 60.13593592], [24.68399117, 60.13593366], [24.68436181, 60.13629661], [24.68593061, 60.13686652], [24.68913613, 60.13666226], [24.69022753, 60.13697259], [24.68832429, 60.13864727], [24.70078126, 60.14002753], [24.71349443, 60.14143392], [24.71439582, 60.14153262], [24.72235809, 60.14240303], [24.72235208, 60.14241056], [24.73017379, 60.14242923], [24.75149678, 60.13090688], [24.7524576, 60.13162107]]]}, "geometry_name": "geom", "properties": {"posnro": "02380", "postitoimi": "ESPOO", "postitoiru": "ESBO", "nimi": "Suvisaaristo", "nimiru": "Sommaröarna", "kunta": "Espoo", "kunta_nro": "049"}}, {"type": "Feature", "id": "pks_postinumeroalueet_2024.147", "geometry": {"type": "Polygon", "coordinates": [[[24.52356692, 60.23000504], [24.52526409, 60.2289293], [24.52768003, 60.22868499], [24.52675047, 60.22800968], [24.52499109, 60.22673121], [24.51917152, 60.22270447], [24.51865072, 60.22230389], [24.5182946, 60.22289148], [24.51700921, 60.22324763], [24.51649118, 60.22339509], [24.51639139, 60.22384889], [24.51578107, 60.22416081], [24.51512155, 60.22450459], [24.51706281, 60.22648502], [24.51994212, 60.22801224], [24.52356692, 60.23000504]]]}, "geometry_name": "geom", "properties": {"posnro": "02510", "postitoimi": "OITMÄKI", "postitoiru": "OITBACKA", "nimi": "Oitmäki", "nimiru": "Oitbacka", "kunta": "Espoo", "kunta_nro": "049"}}, {"type": "Feature", "id": "pks_postinumeroalueet_2024.148", "geometry": {"type": "Polygon", "coordinates": [[[24.82477319, 60.20288246], [24.82456491, 60.20298693], [24.82459252, 60.20308471], [24.82438888, 60.20322957], [24.82435924, 60.20331112], [24.82431313, 60.20343653], [24.82385527, 60.20337202], [24.82413123, 60.20285334], [24.82375604, 60.20240757], [24.82374699, 60.20207699], [24.82371938, 60.20097181], [24.81986807, 60.20106322], [24.81986375, 60.20106339], [24.81677404, 60.20115358], [24.81550302, 60.20344154], [24.81515603, 60.20348001], [24.81532829, 60.20372967], [24.81553926, 60.20401888], [24.8158952, 60.20450567], [24.81598764, 60.20471151], [24.81584598, 60.20469794], [24.81605285, 60.20514161], [24.81613598, 60.20546493], [24.81634417, 60.20567489], [24.81650125, 60.2057373], [24.81684951, 60.20595732], [24.81704426, 60.2071252], [24.81709536, 60.20756722], [24.81511848, 60.20746234], [24.81494725, 60.20751048], [24.81468263, 60.20752124], [24.81437595, 60.20750574], [24.81397649, 60.20753794], [24.81336612, 60.20764999], [24.81309369, 60.20769996], [24.81280546, 60.20777046], [24.8126148, 60.20781004], [24.81242091, 60.20784504], [24.81222272, 60.20787411], [24.8120224, 60.20789833], [24.81181941, 60.20791653], [24.81161428, 60.2079297], [24.81129393, 60.20794064], [24.81106261, 60.20893228], [24.81090633, 60.20891859], [24.81075762, 60.20890554], [24.81036334, 60.20887895], [24.80984529, 60.20892596], [24.80984633, 60.20893215], [24.80939251, 60.2089114], [24.80893599, 60.20889046], [24.80864228, 60.20887702], [24.80848487, 60.2088697], [24.80802727, 60.20884876], [24.80757507, 60.208828], [24.80710881, 60.20880676], [24.80665391, 60.20878591], [24.80619956, 60.20876505], [24.80574627, 60.20874419], [24.80497295, 60.20877214], [24.80471339, 60.2087486], [24.80149045, 60.20864545], [24.80032006, 60.20857368], [24.79952502, 60.20852491], [24.7988003, 60.20848046], [24.79808314, 60.20843647], [24.7973741, 60.20839294], [24.79718969, 60.20837946], [24.79540181, 60.20824882], [24.79524985, 60.20823781], [24.79330895, 60.20809595], [24.79068236, 60.20790407], [24.78904271, 60.20778425], [24.78863817, 60.20776126], [24.78823469, 60.20774051], [24.7878533, 60.20773317], [24.78750275, 60.20772749], [24.78715376, 60.20773205], [24.78677067, 60.20773826], [24.78654447, 60.20774552], [24.78586371, 60.20776758], [24.78608972, 60.20812041], [24.78571113, 60.2081837], [24.78571494, 60.20834491], [24.78381243, 60.20837745], [24.78387944, 60.20855465], [24.7839374, 60.20870768], [24.78391723, 60.20889586], [24.78390568, 60.20900633], [24.78383588, 60.2096651], [24.78381567, 60.20985786], [24.78377645, 60.21022705], [24.78375464, 60.21041675], [24.78373229, 60.21060691], [24.78371107, 60.21078907], [24.78370878, 60.21080837], [24.78370199, 60.21085278], [24.7836692, 60.21114865], [24.78330939, 60.21180381], [24.78372582, 60.21183617], [24.7836089, 60.21192483], [24.78352891, 60.21199319], [24.78318788, 60.21225947], [24.78305695, 60.21250204], [24.78342956, 60.21253505], [24.78340918, 60.21258887], [24.78302902, 60.21255288], [24.78291014, 60.21277331], [24.78321197, 60.21311801], [24.7844618, 60.21322559], [24.78451414, 60.21316465], [24.78476768, 60.21320248], [24.78461278, 60.2133891], [24.78470776, 60.2135106], [24.78486124, 60.21370696], [24.78501794, 60.21390764], [24.7851521, 60.21407893], [24.78559815, 60.21405461], [24.7857132, 60.21400426], [24.7858361, 60.21416162], [24.78766736, 60.21406907], [24.78856562, 60.21390625], [24.79024923, 60.21362898], [24.79333366, 60.21311387], [24.79456448, 60.21453345], [24.794971, 60.21451415], [24.79523616, 60.21503621], [24.79556604, 60.21567981], [24.79557279, 60.21607357], [24.79457468, 60.21627712], [24.79271282, 60.21665747], [24.7926109, 60.21668586], [24.79254028, 60.21672748], [24.79167172, 60.21663637], [24.79128883, 60.21668154], [24.79067494, 60.21696527], [24.79045119, 60.21742769], [24.79070017, 60.21767832], [24.79112611, 60.21767378], [24.79116251, 60.21807728], [24.79016318, 60.21829004], [24.7889717, 60.21808208], [24.78873739, 60.21841424], [24.78962789, 60.21854903], [24.79355762, 60.21897821], [24.79717473, 60.21912973], [24.79791281, 60.21915213], [24.79791563, 60.21913436], [24.79967914, 60.21918631], [24.79967741, 60.21920453], [24.80083279, 60.21922386], [24.80228192, 60.21926651], [24.8026275, 60.21958071], [24.80472525, 60.21967886], [24.81053305, 60.21979454], [24.81238242, 60.21970068], [24.81301048, 60.21966001], [24.81454211, 60.2195716], [24.81482054, 60.21952954], [24.81604388, 60.21940244], [24.81671482, 60.21933839], [24.8169843, 60.21934612], [24.81829278, 60.21928365], [24.81992989, 60.21920017], [24.8217739, 60.21908724], [24.82178662, 60.21913626], [24.82283681, 60.21919547], [24.82337702, 60.2191812], [24.82335697, 60.21898434], [24.82335031, 60.21891379], [24.82420633, 60.21884886], [24.82510557, 60.21879548], [24.8260947, 60.21873324], [24.82693115, 60.21867967], [24.82810112, 60.21860176], [24.82861148, 60.21860053], [24.82953328, 60.21857883], [24.83033209, 60.2185812], [24.83143105, 60.21862676], [24.83268807, 60.21866901], [24.83318479, 60.21869217], [24.83341802, 60.21869812], [24.8337691, 60.21873069], [24.83415859, 60.21865928], [24.83488828, 60.21852529], [24.83511886, 60.21798068], [24.83565834, 60.217783], [24.83564545, 60.21776449], [24.83564061, 60.21775748], [24.8356401, 60.21775138], [24.83563962, 60.2177381], [24.83563912, 60.21773073], [24.8356424, 60.21772482], [24.8356495, 60.21771199], [24.83565332, 60.2177049], [24.83565984, 60.2176998], [24.83567451, 60.2176885], [24.83568212, 60.21768223], [24.83569188, 60.21767829], [24.83571195, 60.21766961], [24.83572333, 60.21766496], [24.83573471, 60.21766255], [24.83575963, 60.21765729], [24.83577318, 60.21765452], [24.83578509, 60.21765391], [24.83581215, 60.21765241], [24.83582677, 60.21765171], [24.83583867, 60.21765299], [24.83586517, 60.21765553], [24.83587978, 60.21765708], [24.83589059, 60.21765996], [24.83591383, 60.21766627], [24.8359268, 60.21766979], [24.83594516, 60.21767771], [24.83609691, 60.21774243], [24.83621413, 60.21778727], [24.83621574, 60.2177897], [24.83636542, 60.2178362], [24.8364692, 60.21786154], [24.83652217, 60.2178757], [24.83660544, 60.21789052], [24.8367444, 60.21791574], [24.83688719, 60.21793404], [24.8370327, 60.21794849], [24.83717933, 60.21795585], [24.83737901, 60.21796049], [24.83730557, 60.21770945], [24.83710645, 60.21769969], [24.83705181, 60.21769693], [24.83698204, 60.21768716], [24.83685928, 60.21766986], [24.83680682, 60.21766235], [24.83674141, 60.21764656], [24.83662682, 60.21761886], [24.83657763, 60.21760696], [24.83652523, 60.21758786], [24.83651874, 60.21758561], [24.8364161, 60.21754833], [24.83632106, 60.21750603], [24.83623362, 60.21746041], [24.83611008, 60.21738208], [24.83604648, 60.21732842], [24.83573463, 60.21702889], [24.83547173, 60.21679044], [24.83547432, 60.21670464], [24.83548327, 60.21643162], [24.83551886, 60.21526855], [24.83552014, 60.21522861], [24.83690872, 60.21512423], [24.83628953, 60.21492825], [24.83676237, 60.21473685], [24.83713164, 60.21458455], [24.83754986, 60.21438383], [24.83801588, 60.21414368], [24.83828732, 60.21396603], [24.83859458, 60.21376769], [24.83894038, 60.21354238], [24.83935832, 60.21328206], [24.83961994, 60.21311947], [24.83990317, 60.21296149], [24.84049315, 60.21270451], [24.84073934, 60.21259711], [24.84092961, 60.21252625], [24.84111061, 60.21247181], [24.84138346, 60.21244278], [24.84192942, 60.21233573], [24.84203999, 60.21229709], [24.84207761, 60.21223789], [24.84206568, 60.21213018], [24.84207962, 60.21193255], [24.84245123, 60.21083225], [24.84234324, 60.2090935], [24.84636116, 60.20896421], [24.84655607, 60.20696561], [24.84658243, 60.20665025], [24.84663628, 60.20612417], [24.84665554, 60.20593876], [24.84666435, 60.2057914], [24.84668794, 60.20560474], [24.84669872, 60.20549642], [24.84669872, 60.20549633], [24.84672318, 60.20524011], [24.84673227, 60.20514659], [24.84673816, 60.20504536], [24.84675103, 60.2049531], [24.84680046, 60.20444578], [24.84683853, 60.20405369], [24.84684365, 60.20399984], [24.84685274, 60.20390678], [24.84686923, 60.20373546], [24.84669661, 60.20339724], [24.84647629, 60.20296653], [24.8464318, 60.2028796], [24.8464259, 60.20286774], [24.84622542, 60.20247591], [24.84606461, 60.20216105], [24.84594294, 60.2019227], [24.84456174, 60.19921742], [24.84433291, 60.1987691], [24.84396689, 60.1980519], [24.84345513, 60.19705044], [24.84310736, 60.19636907], [24.84298841, 60.19613539], [24.84293108, 60.19602322], [24.84279713, 60.19576053], [24.8271946, 60.20183282], [24.82598691, 60.20230254], [24.82577388, 60.20238555], [24.82519908, 60.20264796], [24.82491892, 60.20284253], [24.82477319, 60.20288246]]]}, "geometry_name": "geom", "properties": {"posnro": "02600", "postitoimi": "ESPOO", "postitoiru": "ESBO", "nimi": "Etelä-Leppävaara", "nimiru": "Södra Alberga", "kunta": "Espoo", "kunta_nro": "049"}}, {"type": "Feature", "id": "pks_postinumeroalueet_2024.149", "geometry": {"type": "Polygon", "coordinates": [[[24.79045119, 60.21742769], [24.79067494, 60.21696527], [24.79128883, 60.21668154], [24.79167172, 60.21663637], [24.79254028, 60.21672748], [24.7926109, 60.21668586], [24.79271282, 60.21665747], [24.79457468, 60.21627712], [24.79557279, 60.21607357], [24.79556604, 60.21567981], [24.79523616, 60.21503621], [24.794971, 60.21451415], [24.79456448, 60.21453345], [24.79333366, 60.21311387], [24.79024923, 60.21362898], [24.78856562, 60.21390625], [24.78766736, 60.21406907], [24.7858361, 60.21416162], [24.7857132, 60.21400426], [24.78559815, 60.21405461], [24.7851521, 60.21407893], [24.78501794, 60.21390764], [24.78486124, 60.21370696], [24.78470776, 60.2135106], [24.78461278, 60.2133891], [24.78476768, 60.21320248], [24.78451414, 60.21316465], [24.7844618, 60.21322559], [24.78321197, 60.21311801], [24.78291014, 60.21277331], [24.78302902, 60.21255288], [24.78340918, 60.21258887], [24.78342956, 60.21253505], [24.78305695, 60.21250204], [24.78318788, 60.21225947], [24.78352891, 60.21199319], [24.7836089, 60.21192483], [24.78249232, 60.21196914], [24.78107664, 60.21199257], [24.78044585, 60.21197268], [24.77943382, 60.21215904], [24.77898568, 60.21185106], [24.77893284, 60.21182432], [24.77889882, 60.21181421], [24.77886317, 60.21180455], [24.7788237, 60.2117999], [24.77878423, 60.21179607], [24.77874418, 60.21179735], [24.77870358, 60.21179943], [24.77863369, 60.21181278], [24.77814306, 60.21195072], [24.77797828, 60.21199254], [24.77827246, 60.21226023], [24.77813683, 60.21239221], [24.77837777, 60.21261152], [24.7782947, 60.21281333], [24.7781699, 60.21318471], [24.77811642, 60.21333109], [24.77800945, 60.21362701], [24.7784714, 60.21365184], [24.77848153, 60.21383487], [24.77869785, 60.21385435], [24.77869276, 60.21396716], [24.77820327, 60.21401319], [24.77851443, 60.21425318], [24.77817873, 60.21436086], [24.77783869, 60.21447096], [24.77737837, 60.21452368], [24.77703337, 60.214566], [24.77716941, 60.21469359], [24.7773097, 60.21483357], [24.7766042, 60.21504941], [24.77690436, 60.21523589], [24.77657858, 60.21531639], [24.77584226, 60.21544619], [24.77568607, 60.21517774], [24.77528093, 60.2153089], [24.7750424, 60.2150553], [24.77491039, 60.21497107], [24.7744484, 60.21510644], [24.77414639, 60.21487696], [24.77378157, 60.2149687], [24.77341785, 60.21505684], [24.77324279, 60.21509613], [24.77219811, 60.21536692], [24.77216478, 60.21533509], [24.77197017, 60.21514825], [24.7705831, 60.21539456], [24.77005453, 60.21545145], [24.76936295, 60.21552466], [24.76961723, 60.21607377], [24.76888283, 60.21615632], [24.7689217, 60.21624614], [24.76895632, 60.21632483], [24.76917732, 60.21683483], [24.77061686, 60.21683652], [24.77109039, 60.21683725], [24.77143404, 60.21683757], [24.77177715, 60.21683799], [24.77291903, 60.21683932], [24.77291853, 60.21698965], [24.77197198, 60.21699261], [24.77178473, 60.21699309], [24.77144107, 60.21699412], [24.77109524, 60.21699523], [24.77061575, 60.21699673], [24.76924922, 60.21700047], [24.76912691, 60.21700061], [24.76911956, 60.21704503], [24.76748804, 60.21702414], [24.7663207, 60.21702532], [24.76529244, 60.21702647], [24.76440759, 60.21702732], [24.76298872, 60.21701232], [24.76123059, 60.21698789], [24.75979692, 60.21692158], [24.75837778, 60.21679595], [24.75703477, 60.2166235], [24.75571384, 60.21639337], [24.75447063, 60.21612101], [24.75341094, 60.21584314], [24.75306592, 60.21573892], [24.75256486, 60.21558747], [24.75254175, 60.2156376], [24.75240426, 60.21593048], [24.75011747, 60.21512199], [24.74988649, 60.21503916], [24.74970893, 60.214976], [24.74987523, 60.21531002], [24.75003937, 60.2156435], [24.75043032, 60.21660945], [24.75056768, 60.21705094], [24.75069258, 60.21749357], [24.75087234, 60.21819615], [24.75091336, 60.21821085], [24.7496482, 60.22010426], [24.74962985, 60.22038175], [24.74958146, 60.22069391], [24.74953534, 60.22085053], [24.74948814, 60.22100769], [24.74942039, 60.22116185], [24.749351, 60.22131753], [24.7491728, 60.2216176], [24.74886703, 60.2220377], [24.7486966, 60.22224014], [24.74851853, 60.22245144], [24.74831993, 60.22265741], [24.74812841, 60.22285603], [24.74770049, 60.2232487], [24.74753599, 60.22324237], [24.74752395, 60.22325985], [24.74740734, 60.22343061], [24.74739912, 60.22344352], [24.74735914, 60.22350465], [24.7482584, 60.22355196], [24.74846298, 60.22355558], [24.74846161, 60.223593], [24.74844293, 60.22433613], [24.74827567, 60.22468864], [24.74828109, 60.22468757], [24.74835253, 60.22483033], [24.74843318, 60.22497211], [24.74829742, 60.2250284], [24.74815949, 60.22508531], [24.74814057, 60.22515268], [24.754389, 60.22530046], [24.75462319, 60.22532683], [24.75484225, 60.22535075], [24.75506734, 60.22536463], [24.75528972, 60.22537778], [24.75551489, 60.22538035], [24.75575469, 60.22538223], [24.75638216, 60.2253719], [24.75743516, 60.22535462], [24.75812626, 60.22530364], [24.75840599, 60.22524761], [24.75962511, 60.2253131], [24.75977513, 60.22537718], [24.75990448, 60.22537975], [24.76092583, 60.22539892], [24.76209709, 60.22542113], [24.76259515, 60.22534043], [24.7631157, 60.22536784], [24.7634566, 60.22538595], [24.76564543, 60.22550158], [24.76662342, 60.22552745], [24.76773347, 60.22555677], [24.76787797, 60.2255607], [24.7685078, 60.22559932], [24.76856299, 60.22560274], [24.76867392, 60.22560948], [24.76898072, 60.22562833], [24.76898704, 60.22565248], [24.76900236, 60.22570699], [24.76903877, 60.22584034], [24.76937855, 60.22586525], [24.76965287, 60.22588547], [24.7697474, 60.22591427], [24.77001634, 60.22592927], [24.77055356, 60.22597607], [24.77084094, 60.22598473], [24.7721237, 60.22601396], [24.77276971, 60.22598536], [24.7729365, 60.2259764], [24.77402133, 60.2258972], [24.77435986, 60.22586915], [24.77449204, 60.2258551], [24.77471523, 60.22583062], [24.77502235, 60.2258034], [24.7754095, 60.22578898], [24.77583566, 60.2257696], [24.77649892, 60.22567019], [24.77704915, 60.22555596], [24.77753125, 60.2254286], [24.77780142, 60.2253402], [24.7779, 60.22525169], [24.77792667, 60.22523019], [24.7780328, 60.22514582], [24.77808178, 60.22510695], [24.7782278, 60.22512748], [24.778386, 60.22510692], [24.7786681, 60.22501611], [24.77881195, 60.22495612], [24.77896518, 60.22487093], [24.77913584, 60.22484968], [24.77926617, 60.22478778], [24.77950398, 60.22468218], [24.77991173, 60.22458], [24.78026264, 60.22447754], [24.78063755, 60.22434721], [24.78098309, 60.22423792], [24.78140983, 60.22412823], [24.78166256, 60.22405577], [24.78204304, 60.22398252], [24.7821916, 60.22394489], [24.78257328, 60.22385442], [24.78268606, 60.22382561], [24.78308021, 60.22373031], [24.78414145, 60.22360199], [24.78525388, 60.22350784], [24.78608945, 60.2232858], [24.78661759, 60.22331088], [24.78725665, 60.22334135], [24.78725508, 60.22333407], [24.78750546, 60.2234534], [24.78842527, 60.2234309], [24.78918666, 60.22346209], [24.79044916, 60.22342909], [24.79148388, 60.22337875], [24.79327766, 60.22321542], [24.79429902, 60.22313614], [24.79496614, 60.22300954], [24.79535287, 60.22270677], [24.79673237, 60.22248056], [24.79812376, 60.22190215], [24.79939558, 60.22104038], [24.79979994, 60.22076625], [24.79998964, 60.22054566], [24.80018688, 60.22077518], [24.8003559, 60.220661], [24.80054822, 60.22054282], [24.80074539, 60.22042688], [24.80103687, 60.22029], [24.8012257, 60.22021103], [24.80141992, 60.22013512], [24.80162222, 60.22006514], [24.80182992, 60.2199984], [24.80204461, 60.21993769], [24.80226307, 60.21988076], [24.80262836, 60.21979846], [24.8026275, 60.21958071], [24.80228192, 60.21926651], [24.80083279, 60.21922386], [24.79967741, 60.21920453], [24.79967914, 60.21918631], [24.79791563, 60.21913436], [24.79791281, 60.21915213], [24.79717473, 60.21912973], [24.79355762, 60.21897821], [24.78962789, 60.21854903], [24.78873739, 60.21841424], [24.7889717, 60.21808208], [24.79016318, 60.21829004], [24.79116251, 60.21807728], [24.79112611, 60.21767378], [24.79070017, 60.21767832], [24.79045119, 60.21742769]]]}, "geometry_name": "geom", "properties": {"posnro": "02610", "postitoimi": "ESPOO", "postitoiru": "ESBO", "nimi": "Kilo", "nimiru": "Kilo", "kunta": "Espoo", "kunta_nro": "049"}}, {"type": "Feature", "id": "pks_postinumeroalueet_2024.150", "geometry": {"type": "Polygon", "coordinates": [[[24.77950398, 60.22468218], [24.77926617, 60.22478778], [24.77913584, 60.22484968], [24.77896518, 60.22487093], [24.77881195, 60.22495612], [24.7786681, 60.22501611], [24.778386, 60.22510692], [24.7782278, 60.22512748], [24.77808178, 60.22510695], [24.7780328, 60.22514582], [24.77792667, 60.22523019], [24.7779, 60.22525169], [24.77780142, 60.2253402], [24.77753125, 60.2254286], [24.77704915, 60.22555596], [24.77649892, 60.22567019], [24.77583566, 60.2257696], [24.7754095, 60.22578898], [24.77502235, 60.2258034], [24.77471523, 60.22583062], [24.77449204, 60.2258551], [24.77435986, 60.22586915], [24.77402133, 60.2258972], [24.7729365, 60.2259764], [24.77276971, 60.22598536], [24.7721237, 60.22601396], [24.77084094, 60.22598473], [24.77055356, 60.22597607], [24.77001634, 60.22592927], [24.7697474, 60.22591427], [24.76965287, 60.22588547], [24.76937855, 60.22586525], [24.76903877, 60.22584034], [24.76900236, 60.22570699], [24.76898704, 60.22565248], [24.76898072, 60.22562833], [24.76867392, 60.22560948], [24.76856299, 60.22560274], [24.7685078, 60.22559932], [24.76787797, 60.2255607], [24.76773347, 60.22555677], [24.76662342, 60.22552745], [24.76564543, 60.22550158], [24.7634566, 60.22538595], [24.7631157, 60.22536784], [24.76259515, 60.22534043], [24.76209709, 60.22542113], [24.76092583, 60.22539892], [24.75990448, 60.22537975], [24.75977513, 60.22537718], [24.75962511, 60.2253131], [24.75840599, 60.22524761], [24.75796117, 60.22588899], [24.75792352, 60.22592985], [24.75776963, 60.22609731], [24.75752951, 60.22635824], [24.75477994, 60.22934577], [24.75336985, 60.23097309], [24.75332671, 60.23102174], [24.75303075, 60.23135561], [24.75257699, 60.23186493], [24.75222642, 60.23225812], [24.75195584, 60.2324557], [24.75179917, 60.23255117], [24.75164252, 60.23264557], [24.75147022, 60.23273321], [24.75129575, 60.23282084], [24.75092965, 60.23297534], [24.75065822, 60.23306826], [24.75037387, 60.23315147], [24.75031358, 60.23353155], [24.75015932, 60.23437746], [24.75027619, 60.23438926], [24.75233601, 60.23459695], [24.75210931, 60.2344312], [24.75275891, 60.23423675], [24.75308236, 60.23413988], [24.75358434, 60.23398949], [24.75394034, 60.23388271], [24.75410515, 60.23400023], [24.75425422, 60.23412311], [24.75449668, 60.23435522], [24.7547104, 60.23452157], [24.75428383, 60.23465236], [24.75459869, 60.2349065], [24.75447657, 60.23494442], [24.75411188, 60.23505369], [24.75385786, 60.235134], [24.75363535, 60.2352018], [24.75315502, 60.23534945], [24.75353498, 60.2356598], [24.75359149, 60.23570577], [24.75364746, 60.23575138], [24.75384447, 60.23590837], [24.75411897, 60.23613111], [24.75412758, 60.23613813], [24.75441177, 60.23636761], [24.75459371, 60.23651326], [24.75469705, 60.23659827], [24.75497476, 60.23682631], [24.75498769, 60.23683576], [24.75529883, 60.23708459], [24.75536447, 60.2371409], [24.75566052, 60.23738117], [24.75578862, 60.23748535], [24.7559345, 60.23760292], [24.75614013, 60.23776863], [24.75645238, 60.23801674], [24.7565137, 60.2380716], [24.75687381, 60.23836549], [24.75709721, 60.23854612], [24.75726194, 60.23867863], [24.75741375, 60.23880107], [24.75764147, 60.23898422], [24.75765224, 60.23899277], [24.75775615, 60.23907598], [24.76125334, 60.2392427], [24.76213466, 60.2392888], [24.76243186, 60.23930433], [24.76256213, 60.23933804], [24.76290439, 60.23963726], [24.76377032, 60.2403922], [24.76383385, 60.24044455], [24.76453309, 60.24103807], [24.76454869, 60.24105273], [24.76470841, 60.24120999], [24.76482691, 60.24130121], [24.76544558, 60.24142779], [24.7664533, 60.2416035], [24.76772761, 60.24184036], [24.76862169, 60.24200707], [24.76878758, 60.2420613], [24.76926517, 60.24215197], [24.76908753, 60.24238251], [24.76966195, 60.24249175], [24.77023583, 60.2426009], [24.77051565, 60.24278376], [24.77087426, 60.24285188], [24.77123233, 60.24292008], [24.77149686, 60.24257624], [24.77169916, 60.24261482], [24.77143463, 60.24295848], [24.77177593, 60.24302342], [24.77211778, 60.24308836], [24.77245909, 60.2431533], [24.7728004, 60.24321815], [24.77342159, 60.24361691], [24.77400089, 60.24357221], [24.7737578, 60.24285081], [24.77407918, 60.24274221], [24.7746204, 60.24256237], [24.7746936, 60.24262855], [24.77456181, 60.24289185], [24.77477145, 60.24304496], [24.77573559, 60.24271756], [24.77697473, 60.24288605], [24.77727504, 60.24292694], [24.77728044, 60.24293036], [24.77754846, 60.24310027], [24.77781542, 60.24326909], [24.77807806, 60.24343575], [24.77856077, 60.24325643], [24.7788026, 60.24337701], [24.77841503, 60.24358441], [24.77877316, 60.24372799], [24.77884068, 60.24375511], [24.77912142, 60.24389093], [24.77945884, 60.24405413], [24.7797914, 60.24421471], [24.78013268, 60.24436956], [24.78055766, 60.24456153], [24.78011108, 60.24484351], [24.78085933, 60.24488972], [24.78167359, 60.24494446], [24.78241588, 60.24499092], [24.78279513, 60.24440383], [24.78280224, 60.24439397], [24.78284271, 60.24433498], [24.78308444, 60.24398291], [24.78308881, 60.24397708], [24.7831003, 60.24395987], [24.78334967, 60.24359722], [24.78336827, 60.24356916], [24.78362866, 60.24317925], [24.7836478, 60.24315083], [24.78365163, 60.24314482], [24.7838967, 60.24277705], [24.78475428, 60.24150546], [24.78047048, 60.23970158], [24.77505382, 60.23756579], [24.78934971, 60.23829274], [24.79105064, 60.23727726], [24.7927698, 60.23635935], [24.79285528, 60.23637169], [24.79407822, 60.23573159], [24.7949624, 60.2357431], [24.79482648, 60.23496436], [24.79436809, 60.23337035], [24.79442896, 60.23281585], [24.79519741, 60.23227151], [24.79590469, 60.2298944], [24.794488, 60.22978424], [24.79360816, 60.22816066], [24.79189364, 60.2281622], [24.79189418, 60.22816202], [24.78961278, 60.22842679], [24.78796056, 60.22850323], [24.78765957, 60.22590482], [24.78685814, 60.22577896], [24.78673736, 60.22553841], [24.78639657, 60.224835], [24.78594522, 60.22390612], [24.78642296, 60.22344098], [24.78651136, 60.22333216], [24.78661759, 60.22331088], [24.78608945, 60.2232858], [24.78525388, 60.22350784], [24.78414145, 60.22360199], [24.78308021, 60.22373031], [24.78268606, 60.22382561], [24.78257328, 60.22385442], [24.7821916, 60.22394489], [24.78204304, 60.22398252], [24.78166256, 60.22405577], [24.78140983, 60.22412823], [24.78098309, 60.22423792], [24.78063755, 60.22434721], [24.78026264, 60.22447754], [24.77991173, 60.22458], [24.77950398, 60.22468218]]]}, "geometry_name": "geom", "properties": {"posnro": "02620", "postitoimi": "ESPOO", "postitoiru": "ESBO", "nimi": "Karakallio", "nimiru": "Karabacka", "kunta": "Espoo", "kunta_nro": "049"}}, {"type": "Feature", "id": "pks_postinumeroalueet_2024.151", "geometry": {"type": "Polygon", "coordinates": [[[24.75306592, 60.21573892], [24.75341094, 60.21584314], [24.75447063, 60.21612101], [24.75571384, 60.21639337], [24.75703477, 60.2166235], [24.75837778, 60.21679595], [24.75979692, 60.21692158], [24.76123059, 60.21698789], [24.76298872, 60.21701232], [24.76440759, 60.21702732], [24.76529244, 60.21702647], [24.7663207, 60.21702532], [24.76748804, 60.21702414], [24.76911956, 60.21704503], [24.76912691, 60.21700061], [24.76924922, 60.21700047], [24.77061575, 60.21699673], [24.77109524, 60.21699523], [24.77144107, 60.21699412], [24.77178473, 60.21699309], [24.77197198, 60.21699261], [24.77291853, 60.21698965], [24.77291903, 60.21683932], [24.77177715, 60.21683799], [24.77143404, 60.21683757], [24.77109039, 60.21683725], [24.77061686, 60.21683652], [24.76917732, 60.21683483], [24.76895632, 60.21632483], [24.7689217, 60.21624614], [24.76888283, 60.21615632], [24.76961723, 60.21607377], [24.76936295, 60.21552466], [24.77005453, 60.21545145], [24.7705831, 60.21539456], [24.77197017, 60.21514825], [24.77216478, 60.21533509], [24.77219811, 60.21536692], [24.77324279, 60.21509613], [24.77341785, 60.21505684], [24.77378157, 60.2149687], [24.77414639, 60.21487696], [24.7744484, 60.21510644], [24.77491039, 60.21497107], [24.7750424, 60.2150553], [24.77528093, 60.2153089], [24.77568607, 60.21517774], [24.77584226, 60.21544619], [24.77657858, 60.21531639], [24.77690436, 60.21523589], [24.7766042, 60.21504941], [24.7773097, 60.21483357], [24.77716941, 60.21469359], [24.77703337, 60.214566], [24.77737837, 60.21452368], [24.77783869, 60.21447096], [24.77817873, 60.21436086], [24.77851443, 60.21425318], [24.77820327, 60.21401319], [24.77869276, 60.21396716], [24.77869785, 60.21385435], [24.77848153, 60.21383487], [24.7784714, 60.21365184], [24.77800945, 60.21362701], [24.77811642, 60.21333109], [24.7781699, 60.21318471], [24.7782947, 60.21281333], [24.77837777, 60.21261152], [24.77813683, 60.21239221], [24.77827246, 60.21226023], [24.77797828, 60.21199254], [24.77814306, 60.21195072], [24.77863369, 60.21181278], [24.77870358, 60.21179943], [24.77874418, 60.21179735], [24.77878423, 60.21179607], [24.7788237, 60.2117999], [24.77886317, 60.21180455], [24.77889882, 60.21181421], [24.77893284, 60.21182432], [24.77898568, 60.21185106], [24.77943382, 60.21215904], [24.78044585, 60.21197268], [24.78107664, 60.21199257], [24.78249232, 60.21196914], [24.7836089, 60.21192483], [24.78372582, 60.21183617], [24.78330939, 60.21180381], [24.7836692, 60.21114865], [24.78370199, 60.21085278], [24.78370878, 60.21080837], [24.78371107, 60.21078907], [24.78373229, 60.21060691], [24.78375464, 60.21041675], [24.78377645, 60.21022705], [24.78381567, 60.20985786], [24.78383588, 60.2096651], [24.78390568, 60.20900633], [24.78391723, 60.20889586], [24.7839374, 60.20870768], [24.78387944, 60.20855465], [24.78381243, 60.20837745], [24.78346119, 60.20822897], [24.78289833, 60.20817482], [24.78250478, 60.20820703], [24.78172916, 60.20809078], [24.78123396, 60.20786962], [24.78145404, 60.20788703], [24.78190515, 60.20749645], [24.78177556, 60.20745854], [24.78137155, 60.20727504], [24.77965824, 60.20677389], [24.77958477, 60.20675788], [24.77949617, 60.2067388], [24.77954386, 60.20664733], [24.77955975, 60.20661675], [24.78027914, 60.20591158], [24.78032499, 60.20577038], [24.78038851, 60.20557554], [24.7805796, 60.20499075], [24.78118216, 60.20394853], [24.78352648, 60.20382133], [24.78147832, 60.20163291], [24.78146274, 60.20161655], [24.78125255, 60.20166395], [24.78015438, 60.20191838], [24.77874086, 60.20224606], [24.77765349, 60.20249815], [24.77737555, 60.20256258], [24.77579023, 60.20293015], [24.77554479, 60.20298708], [24.77526935, 60.20307996], [24.77516688, 60.20311434], [24.77492143, 60.2031711], [24.77456411, 60.20321447], [24.77410627, 60.20332059], [24.77400007, 60.20334518], [24.77368039, 60.20341913], [24.77315049, 60.20354209], [24.7723334, 60.20373151], [24.77201541, 60.20379657], [24.77178628, 60.20383854], [24.77155234, 60.20387422], [24.77122042, 60.20391826], [24.77082907, 60.20395133], [24.77058662, 60.20396491], [24.77034204, 60.20397418], [24.77009804, 60.20397654], [24.76985299, 60.20397468], [24.76960907, 60.20396582], [24.76936573, 60.20395274], [24.76897483, 60.20392038], [24.7687035, 60.20388777], [24.76664491, 60.20361176], [24.76661138, 60.20360982], [24.76658488, 60.20360923], [24.76655836, 60.2036117], [24.76653236, 60.20361525], [24.76650906, 60.2036214], [24.76648629, 60.20362845], [24.76646729, 60.20363802], [24.76644936, 60.20364804], [24.76643684, 60.20365986], [24.76642375, 60.2036751], [24.76616052, 60.20364358], [24.76616717, 60.20362196], [24.76616672, 60.20360868], [24.76616249, 60.20359539], [24.76615392, 60.20358281], [24.7661421, 60.20357076], [24.76612649, 60.20355996], [24.76610817, 60.20355005], [24.76608659, 60.2035423], [24.76606338, 60.20353553], [24.76602177, 60.20352827], [24.76557192, 60.20349624], [24.76511871, 60.20348009], [24.76473948, 60.20348265], [24.76449274, 60.20349029], [24.76424706, 60.20350305], [24.7638725, 60.20353182], [24.76239028, 60.20367987], [24.76141787, 60.20379526], [24.76123216, 60.20381727], [24.76106702, 60.2038369], [24.76069707, 60.20389951], [24.76034737, 60.20400622], [24.76015603, 60.20413207], [24.76001233, 60.20417858], [24.75994455, 60.20420071], [24.75892903, 60.20465886], [24.75887268, 60.20474412], [24.75862416, 60.20484598], [24.75856311, 60.20490852], [24.75805712, 60.20515227], [24.75722762, 60.2050277], [24.75705814, 60.2050483], [24.7565596, 60.20508778], [24.75632305, 60.20510646], [24.75609491, 60.2050845], [24.75590568, 60.2050688], [24.75571585, 60.2050619], [24.75548327, 60.20505627], [24.75533557, 60.2050577], [24.75403214, 60.20508303], [24.75370958, 60.20502831], [24.7533892, 60.20497179], [24.75285667, 60.20485412], [24.75259428, 60.20478353], [24.75234269, 60.20471593], [24.75209228, 60.20463576], [24.75185158, 60.20455857], [24.75138712, 60.20438322], [24.75101725, 60.2042198], [24.75080975, 60.20411754], [24.75060714, 60.20401304], [24.75041539, 60.20390318], [24.7502296, 60.20379109], [24.7500563, 60.20367417], [24.74988842, 60.20355538], [24.74973302, 60.20343221], [24.74958413, 60.20330735], [24.74944879, 60.20317848], [24.74931941, 60.20304818], [24.74920413, 60.20291476], [24.74909534, 60.20277993], [24.74893592, 60.20254698], [24.74862186, 60.20202222], [24.74859889, 60.20198412], [24.74840973, 60.20167878], [24.74554741, 60.2015009], [24.74545836, 60.20161463], [24.74525786, 60.2018704], [24.74485412, 60.20189548], [24.74462027, 60.20191791], [24.74438746, 60.20194358], [24.74415893, 60.20197689], [24.74393199, 60.20201352], [24.74371095, 60.20205743], [24.7434915, 60.20210449], [24.74312943, 60.20219695], [24.74283861, 60.20230733], [24.74255856, 60.20242481], [24.74238259, 60.20251512], [24.74177265, 60.20282789], [24.74117536, 60.20276884], [24.74108564, 60.20275996], [24.74027489, 60.20260525], [24.73975865, 60.20249088], [24.73804416, 60.20211296], [24.73673344, 60.20184568], [24.73540743, 60.20159891], [24.73496014, 60.20152442], [24.734947, 60.20154405], [24.73451808, 60.20207579], [24.73439458, 60.20222965], [24.73560801, 60.20248698], [24.73681054, 60.20275621], [24.73810093, 60.20306779], [24.73937661, 60.20339485], [24.73971615, 60.20348572], [24.74038422, 60.20362588], [24.74175255, 60.20400893], [24.74274587, 60.20441117], [24.74281731, 60.2046146], [24.74287531, 60.20473812], [24.74294143, 60.20486068], [24.7430211, 60.2049811], [24.7431089, 60.2051002], [24.74320969, 60.20521671], [24.74331754, 60.20533154], [24.74351466, 60.2055134], [24.74420632, 60.20638311], [24.74473566, 60.20704894], [24.74485165, 60.2074396], [24.74491197, 60.20768456], [24.74497328, 60.20842901], [24.74498663, 60.20859033], [24.74483145, 60.2086472], [24.74449776, 60.20876961], [24.74359193, 60.20899189], [24.74276075, 60.2091443], [24.74277296, 60.20917511], [24.7423831, 60.20921277], [24.74237833, 60.20920064], [24.74182271, 60.20926284], [24.74156286, 60.20928127], [24.74125808, 60.20930294], [24.74096854, 60.20931207], [24.74068928, 60.20932085], [24.74011958, 60.20931633], [24.74014456, 60.20937337], [24.7401605, 60.2094102], [24.74020036, 60.20950201], [24.74030717, 60.2097477], [24.74034384, 60.20983187], [24.74073869, 60.2098479], [24.7410173, 60.20985257], [24.74138143, 60.20985382], [24.74168335, 60.20985252], [24.74198535, 60.20984225], [24.74234798, 60.20982716], [24.74251027, 60.21003849], [24.74261923, 60.21015026], [24.74269296, 60.21020157], [24.7427683, 60.21025296], [24.7428594, 60.21029694], [24.74295158, 60.21034101], [24.74305682, 60.21037657], [24.7431626, 60.21041169], [24.74339108, 60.21046222], [24.74492326, 60.21069046], [24.7456213, 60.21082463], [24.74564322, 60.21085887], [24.74635162, 60.21196421], [24.74649085, 60.21194212], [24.74668761, 60.2122491], [24.74698038, 60.2127372], [24.74758944, 60.21375366], [24.74767279, 60.2138924], [24.74767599, 60.21389806], [24.74946795, 60.21450138], [24.74970893, 60.214976], [24.74988649, 60.21503916], [24.75011747, 60.21512199], [24.75240426, 60.21593048], [24.75254175, 60.2156376], [24.75256486, 60.21558747], [24.75306592, 60.21573892]]]}, "geometry_name": "geom", "properties": {"posnro": "02630", "postitoimi": "ESPOO", "postitoiru": "ESBO", "nimi": "Nihtisilta", "nimiru": "Knektbro", "kunta": "Espoo", "kunta_nro": "049"}}, {"type": "Feature", "id": "pks_postinumeroalueet_2024.152", "geometry": {"type": "Polygon", "coordinates": [[[24.83593873, 60.22167328], [24.83584623, 60.22166176], [24.83586701, 60.22162077], [24.83589051, 60.22157485], [24.8357206, 60.22145831], [24.83568823, 60.2214362], [24.83554303, 60.22103212], [24.83536926, 60.22103882], [24.83531511, 60.22104441], [24.83517539, 60.22105877], [24.83511365, 60.22106704], [24.83511149, 60.22106525], [24.83509037, 60.22106746], [24.83503836, 60.22107727], [24.83490509, 60.22110233], [24.83482382, 60.22111766], [24.83477558, 60.22113134], [24.83457612, 60.22118799], [24.83581721, 60.22075539], [24.835568, 60.22036878], [24.83480621, 60.22031497], [24.83526059, 60.21961142], [24.83519853, 60.21936066], [24.83440028, 60.21924271], [24.83364422, 60.21913137], [24.83358905, 60.21912331], [24.8337691, 60.21873069], [24.83341802, 60.21869812], [24.83318479, 60.21869217], [24.83268807, 60.21866901], [24.83143105, 60.21862676], [24.83033209, 60.2185812], [24.82953328, 60.21857883], [24.82861148, 60.21860053], [24.82810112, 60.21860176], [24.82693115, 60.21867967], [24.8260947, 60.21873324], [24.82510557, 60.21879548], [24.82420633, 60.21884886], [24.82335031, 60.21891379], [24.82335697, 60.21898434], [24.82337702, 60.2191812], [24.82283681, 60.21919547], [24.82178662, 60.21913626], [24.8217739, 60.21908724], [24.81992989, 60.21920017], [24.81829278, 60.21928365], [24.8169843, 60.21934612], [24.81671482, 60.21933839], [24.81604388, 60.21940244], [24.81482054, 60.21952954], [24.81454211, 60.2195716], [24.81301048, 60.21966001], [24.81238242, 60.21970068], [24.81053305, 60.21979454], [24.80472525, 60.21967886], [24.8026275, 60.21958071], [24.80262836, 60.21979846], [24.80226307, 60.21988076], [24.80204461, 60.21993769], [24.80182992, 60.2199984], [24.80162222, 60.22006514], [24.80141992, 60.22013512], [24.8012257, 60.22021103], [24.80103687, 60.22029], [24.80074539, 60.22042688], [24.80054822, 60.22054282], [24.8003559, 60.220661], [24.80018688, 60.22077518], [24.79998964, 60.22054566], [24.79979994, 60.22076625], [24.79939558, 60.22104038], [24.79812376, 60.22190215], [24.79673237, 60.22248056], [24.79535287, 60.22270677], [24.79496614, 60.22300954], [24.79429902, 60.22313614], [24.79327766, 60.22321542], [24.79148388, 60.22337875], [24.79044916, 60.22342909], [24.78918666, 60.22346209], [24.78842527, 60.2234309], [24.78750546, 60.2234534], [24.78725508, 60.22333407], [24.78725665, 60.22334135], [24.78661759, 60.22331088], [24.78651136, 60.22333216], [24.78642296, 60.22344098], [24.78594522, 60.22390612], [24.78639657, 60.224835], [24.78673736, 60.22553841], [24.78685814, 60.22577896], [24.78765957, 60.22590482], [24.78796056, 60.22850323], [24.78961278, 60.22842679], [24.79189418, 60.22816202], [24.79189364, 60.2281622], [24.79360816, 60.22816066], [24.794488, 60.22978424], [24.79590469, 60.2298944], [24.80016455, 60.2302257], [24.80054915, 60.23028201], [24.80061267, 60.2298074], [24.80102676, 60.22937352], [24.80116623, 60.2292277], [24.80152201, 60.22885477], [24.80201394, 60.22852593], [24.80249799, 60.22851552], [24.80281707, 60.22884243], [24.80290425, 60.22883933], [24.80295162, 60.22870351], [24.80339737, 60.22830818], [24.80440481, 60.22858898], [24.80455848, 60.22905853], [24.80472065, 60.22955466], [24.80434875, 60.22982023], [24.805197, 60.23011408], [24.80519239, 60.23034294], [24.80479676, 60.23068522], [24.80504701, 60.23075676], [24.80637343, 60.23076418], [24.80706172, 60.23055229], [24.80692004, 60.23043235], [24.80693192, 60.23025295], [24.80694133, 60.2299408], [24.80695097, 60.22977504], [24.80726171, 60.22968654], [24.80773026, 60.22955295], [24.80799761, 60.22947687], [24.80994973, 60.2294987], [24.80994602, 60.22957867], [24.81084791, 60.22959073], [24.81110501, 60.22884775], [24.81147585, 60.22884774], [24.81146095, 60.22927477], [24.81256751, 60.22928065], [24.81344559, 60.22928906], [24.81395123, 60.22929121], [24.81484121, 60.2293026], [24.81562459, 60.22930521], [24.81584005, 60.22930569], [24.81678367, 60.22930915], [24.81677733, 60.22947608], [24.81689047, 60.22947714], [24.81847311, 60.22935025], [24.81891394, 60.2295203], [24.8189477, 60.22968209], [24.8194276, 60.22964074], [24.81994974, 60.2295972], [24.82015665, 60.22957926], [24.82014523, 60.22948976], [24.82011253, 60.22923373], [24.82040769, 60.22921313], [24.82047918, 60.22920811], [24.82089134, 60.22917923], [24.82102402, 60.22917079], [24.82143563, 60.22914173], [24.82197776, 60.22910323], [24.82197548, 60.22942392], [24.82237303, 60.22939241], [24.82238637, 60.22952939], [24.82241665, 60.22983657], [24.82303332, 60.2297314], [24.8232555, 60.22969355], [24.82442436, 60.22949405], [24.82479067, 60.22943162], [24.82519383, 60.22936277], [24.82538024, 60.22933097], [24.82544033, 60.22933024], [24.82556648, 60.22932852], [24.82548916, 60.22941279], [24.82543429, 60.2300585], [24.82575239, 60.23020746], [24.82620225, 60.23031746], [24.82662941, 60.230524], [24.82699015, 60.23069842], [24.82789309, 60.23113543], [24.82871074, 60.23153006], [24.82914622, 60.23160009], [24.83011378, 60.23159371], [24.83187022, 60.23158104], [24.83259251, 60.23157603], [24.83274628, 60.23157425], [24.8334599, 60.23157003], [24.83429048, 60.23156452], [24.83463566, 60.23172103], [24.83485552, 60.23182084], [24.83533467, 60.23203819], [24.83581545, 60.23225599], [24.83594619, 60.23231494], [24.83634973, 60.23249791], [24.83706984, 60.23282442], [24.83708034, 60.23278198], [24.83713159, 60.23260209], [24.83725013, 60.23217169], [24.83757267, 60.23099918], [24.83766143, 60.2306786], [24.83767907, 60.23061373], [24.83769672, 60.2305494], [24.83783728, 60.23004138], [24.83784611, 60.23000836], [24.83784997, 60.22999482], [24.83788249, 60.22987683], [24.83792214, 60.22974072], [24.83811732, 60.2290258], [24.83997156, 60.22913593], [24.8400777, 60.22868487], [24.83933603, 60.22857044], [24.83829436, 60.22737634], [24.8376252, 60.22738468], [24.83690266, 60.22735059], [24.83609994, 60.22722116], [24.83545721, 60.2270335], [24.83538479, 60.22701034], [24.83479459, 60.22671315], [24.83444223, 60.22638071], [24.83427629, 60.22622352], [24.83432754, 60.22604507], [24.83455884, 60.2260134], [24.83468077, 60.22598852], [24.83479785, 60.22595868], [24.83480707, 60.22595546], [24.83491498, 60.22591844], [24.83501421, 60.22588455], [24.83511569, 60.22583495], [24.83520143, 60.22579305], [24.83528886, 60.22573679], [24.83536005, 60.22568312], [24.83546996, 60.22556945], [24.83553039, 60.22550257], [24.83555756, 60.22548169], [24.83562332, 60.22542998], [24.83566299, 60.22539907], [24.83569718, 60.22538089], [24.83578077, 60.22533611], [24.83583125, 60.22530916], [24.83587138, 60.2252944], [24.83597008, 60.22525808], [24.83603894, 60.22523645], [24.83607418, 60.22522518], [24.83611592, 60.22521204], [24.8362514, 60.22518205], [24.83629907, 60.22517556], [24.8364177, 60.22515892], [24.83648867, 60.22514895], [24.83658668, 60.22514189], [24.83673448, 60.22513795], [24.83682488, 60.22513797], [24.83683293, 60.2249337], [24.83713023, 60.22469092], [24.84033969, 60.22468531], [24.84033919, 60.22445329], [24.84002315, 60.22288177], [24.83999777, 60.2227568], [24.84010726, 60.22228133], [24.84118115, 60.22239086], [24.8409826, 60.22225905], [24.84010837, 60.22216429], [24.83853349, 60.22190264], [24.83790063, 60.22181669], [24.83787683, 60.22181397], [24.83786439, 60.22181315], [24.83785843, 60.22181278], [24.83785194, 60.22181232], [24.83783949, 60.22181204], [24.83782705, 60.22181166], [24.83781514, 60.22181192], [24.83780864, 60.221812], [24.83780269, 60.22181208], [24.83779023, 60.22181279], [24.83777778, 60.22181358], [24.83776587, 60.22181482], [24.83775937, 60.22181544], [24.83775341, 60.22181606], [24.8377415, 60.22181784], [24.83772958, 60.22181971], [24.8377182, 60.22182203], [24.83770682, 60.22182426], [24.83769544, 60.22182694], [24.8376846, 60.2218298], [24.83767376, 60.22183302], [24.83766346, 60.22183615], [24.83765316, 60.2218399], [24.8376434, 60.22184357], [24.83763418, 60.2218476], [24.83762496, 60.22185181], [24.83761627, 60.22185619], [24.83760759, 60.22186067], [24.83759999, 60.22186551], [24.83759999, 60.22186551], [24.83759185, 60.22187034], [24.83756741, 60.22188683], [24.83756741, 60.22188683], [24.83756741, 60.22188683], [24.83771241, 60.22189948], [24.83771241, 60.22189948], [24.83818246, 60.22196028], [24.83841449, 60.22199611], [24.83864652, 60.22203211], [24.83876062, 60.2220528], [24.83887473, 60.22207359], [24.83910294, 60.22211497], [24.83910294, 60.22211497], [24.83910294, 60.22211497], [24.83910294, 60.22211497], [24.83910294, 60.22211497], [24.83910294, 60.22211497], [24.83911213, 60.22211615], [24.83912079, 60.22211759], [24.83912944, 60.2221194], [24.83913755, 60.22212147], [24.83914565, 60.22212409], [24.83915322, 60.22212697], [24.83916024, 60.22213012], [24.83916617, 60.22213372], [24.83917211, 60.22213731], [24.83917696, 60.22214127], [24.83918127, 60.2221454], [24.83918504, 60.22214971], [24.83918772, 60.2221543], [24.83918987, 60.22215879], [24.83919093, 60.22216345], [24.83919145, 60.22216821], [24.83919088, 60.2221727], [24.83918978, 60.22217745], [24.83918759, 60.22218203], [24.83918486, 60.22218651], [24.83918105, 60.22219073], [24.8391767, 60.22219494], [24.83917181, 60.22219888], [24.83916584, 60.22220256], [24.83915987, 60.22220596], [24.83915281, 60.22220918], [24.83843891, 60.22253304], [24.83780386, 60.22288985], [24.83678428, 60.22241524], [24.83714923, 60.22217003], [24.83655917, 60.22175096], [24.83593873, 60.22167328]]]}, "geometry_name": "geom", "properties": {"posnro": "02650", "postitoimi": "ESPOO", "postitoiru": "ESBO", "nimi": "Pohjois-Leppävaara", "nimiru": "Norra Alberga", "kunta": "Espoo", "kunta_nro": "049"}}, {"type": "Feature", "id": "pks_postinumeroalueet_2024.153", "geometry": {"type": "Polygon", "coordinates": [[[24.79407822, 60.23573159], [24.79285528, 60.23637169], [24.7927698, 60.23635935], [24.79105064, 60.23727726], [24.78934971, 60.23829274], [24.77505382, 60.23756579], [24.78047048, 60.23970158], [24.78475428, 60.24150546], [24.78812958, 60.2424105], [24.79367019, 60.24395913], [24.79666499, 60.24472333], [24.79765022, 60.24499033], [24.7981061, 60.24510959], [24.79828942, 60.2451577], [24.79935623, 60.24546224], [24.7996428, 60.24554417], [24.8004237, 60.24574998], [24.8009113, 60.24546449], [24.80174111, 60.24537454], [24.8024752, 60.24552983], [24.80276472, 60.24584431], [24.80285671, 60.24595036], [24.80303202, 60.24616163], [24.8030081, 60.24617506], [24.80267279, 60.2463599], [24.80300484, 60.24644826], [24.80494789, 60.24698032], [24.80611118, 60.24729733], [24.80628803, 60.24734489], [24.807023, 60.24754449], [24.80741456, 60.24765025], [24.80762116, 60.24770584], [24.80788779, 60.24777892], [24.80806247, 60.24782657], [24.80815766, 60.24785246], [24.80833776, 60.24790155], [24.80858654, 60.24796949], [24.80877259, 60.24802011], [24.8092945, 60.24816223], [24.80958331, 60.24824091], [24.80981913, 60.24830192], [24.81049898, 60.24848688], [24.81079483, 60.24856737], [24.81130001, 60.24870128], [24.81185333, 60.24884818], [24.81222492, 60.24894663], [24.81247752, 60.24901367], [24.81286263, 60.24911582], [24.8132272, 60.24921255], [24.81641337, 60.25002316], [24.81645181, 60.24847757], [24.81645775, 60.2481909], [24.81647072, 60.24790559], [24.81646648, 60.24759998], [24.81657534, 60.24392175], [24.81658585, 60.24349355], [24.81659435, 60.24313733], [24.81659339, 60.24311445], [24.81659661, 60.24273264], [24.81660799, 60.24234285], [24.81660758, 60.24231988], [24.81660717, 60.2422969], [24.8166154, 60.24188952], [24.81661403, 60.24184464], [24.81663287, 60.24118632], [24.81685871, 60.24118637], [24.81685925, 60.24108988], [24.81708509, 60.24109037], [24.81865869, 60.24113211], [24.81874363, 60.24095084], [24.81886393, 60.24084042], [24.81975717, 60.2391312], [24.82114974, 60.2378935], [24.82231864, 60.23764187], [24.82395871, 60.23626679], [24.82393838, 60.23611903], [24.8243422, 60.23614685], [24.82468618, 60.23592032], [24.82501493, 60.23570498], [24.82533609, 60.23549161], [24.82566917, 60.23527494], [24.8259941, 60.23506247], [24.82632229, 60.23484838], [24.82665048, 60.23463331], [24.82697758, 60.23441905], [24.82730467, 60.23420425], [24.82768664, 60.23395343], [24.82725732, 60.23383835], [24.8267242, 60.23369504], [24.82689744, 60.23339288], [24.8274558, 60.23347178], [24.82801742, 60.23355114], [24.82817362, 60.23329428], [24.82832332, 60.23303715], [24.82847249, 60.2327776], [24.82862165, 60.23251921], [24.82880578, 60.23220002], [24.82889047, 60.23205284], [24.8283288, 60.23178267], [24.82830665, 60.23177214], [24.82845148, 60.23172171], [24.82871074, 60.23153006], [24.82789309, 60.23113543], [24.82699015, 60.23069842], [24.82662941, 60.230524], [24.82620225, 60.23031746], [24.82575239, 60.23020746], [24.82543429, 60.2300585], [24.82548916, 60.22941279], [24.82556648, 60.22932852], [24.82544033, 60.22933024], [24.82538024, 60.22933097], [24.82519383, 60.22936277], [24.82479067, 60.22943162], [24.82442436, 60.22949405], [24.8232555, 60.22969355], [24.82303332, 60.2297314], [24.82241665, 60.22983657], [24.82238637, 60.22952939], [24.82237303, 60.22939241], [24.82197548, 60.22942392], [24.82197776, 60.22910323], [24.82143563, 60.22914173], [24.82102402, 60.22917079], [24.82089134, 60.22917923], [24.82047918, 60.22920811], [24.82040769, 60.22921313], [24.82011253, 60.22923373], [24.82014523, 60.22948976], [24.82015665, 60.22957926], [24.81994974, 60.2295972], [24.8194276, 60.22964074], [24.8189477, 60.22968209], [24.81891394, 60.2295203], [24.81847311, 60.22935025], [24.81689047, 60.22947714], [24.81677733, 60.22947608], [24.81678367, 60.22930915], [24.81584005, 60.22930569], [24.81562459, 60.22930521], [24.81484121, 60.2293026], [24.81395123, 60.22929121], [24.81344559, 60.22928906], [24.81256751, 60.22928065], [24.81146095, 60.22927477], [24.81147585, 60.22884774], [24.81110501, 60.22884775], [24.81084791, 60.22959073], [24.80994602, 60.22957867], [24.80994973, 60.2294987], [24.80799761, 60.22947687], [24.80773026, 60.22955295], [24.80726171, 60.22968654], [24.80695097, 60.22977504], [24.80694133, 60.2299408], [24.80693192, 60.23025295], [24.80692004, 60.23043235], [24.80706172, 60.23055229], [24.80637343, 60.23076418], [24.80504701, 60.23075676], [24.80479676, 60.23068522], [24.80519239, 60.23034294], [24.805197, 60.23011408], [24.80434875, 60.22982023], [24.80472065, 60.22955466], [24.80455848, 60.22905853], [24.80440481, 60.22858898], [24.80339737, 60.22830818], [24.80295162, 60.22870351], [24.80290425, 60.22883933], [24.80281707, 60.22884243], [24.80249799, 60.22851552], [24.80201394, 60.22852593], [24.80152201, 60.22885477], [24.80116623, 60.2292277], [24.80102676, 60.22937352], [24.80061267, 60.2298074], [24.80054915, 60.23028201], [24.80016455, 60.2302257], [24.79590469, 60.2298944], [24.79519741, 60.23227151], [24.79442896, 60.23281585], [24.79436809, 60.23337035], [24.79482648, 60.23496436], [24.7949624, 60.2357431], [24.79407822, 60.23573159]]]}, "geometry_name": "geom", "properties": {"posnro": "02660", "postitoimi": "ESPOO", "postitoiru": "ESBO", "nimi": "Lintuvaara", "nimiru": "Fågelberga", "kunta": "Espoo", "kunta_nro": "049"}}, {"type": "Feature", "id": "pks_postinumeroalueet_2024.154", "geometry": {"type": "Polygon", "coordinates": [[[24.81685925, 60.24108988], [24.81685871, 60.24118637], [24.81663287, 60.24118632], [24.81661403, 60.24184464], [24.8166154, 60.24188952], [24.81660717, 60.2422969], [24.81660758, 60.24231988], [24.81660799, 60.24234285], [24.81659661, 60.24273264], [24.81659339, 60.24311445], [24.81659435, 60.24313733], [24.81658585, 60.24349355], [24.81657534, 60.24392175], [24.81646648, 60.24759998], [24.81647072, 60.24790559], [24.81645775, 60.2481909], [24.81645181, 60.24847757], [24.81641337, 60.25002316], [24.82042546, 60.2511021], [24.82799815, 60.25313795], [24.82818318, 60.25318746], [24.83140341, 60.25405295], [24.83168136, 60.25320514], [24.83178265, 60.25289445], [24.83186796, 60.25263319], [24.83206942, 60.25201433], [24.83207877, 60.25198634], [24.83212114, 60.25185769], [24.83220371, 60.25160361], [24.83250817, 60.25064973], [24.83266342, 60.25016338], [24.83274821, 60.24989629], [24.83307742, 60.24886472], [24.83315999, 60.24860606], [24.83342366, 60.24778084], [24.83355306, 60.24736562], [24.83368413, 60.24694278], [24.83383003, 60.24647678], [24.83403817, 60.24580766], [24.83432999, 60.2448683], [24.83433549, 60.24485215], [24.83435967, 60.24478352], [24.83481413, 60.24338016], [24.83486529, 60.24322271], [24.83490349, 60.24305743], [24.8349145, 60.24302361], [24.83494146, 60.24293972], [24.83494366, 60.24293308], [24.83501465, 60.24270942], [24.83505538, 60.24257995], [24.83506804, 60.24253976], [24.83511482, 60.24239172], [24.83512195, 60.24237351], [24.83517956, 60.24222648], [24.83519712, 60.24217974], [24.83519822, 60.24217723], [24.83520921, 60.24214511], [24.83527187, 60.24196299], [24.83534443, 60.24174991], [24.83539058, 60.24161884], [24.83541147, 60.24155604], [24.83541753, 60.24153702], [24.83545052, 60.24143797], [24.83549121, 60.24131488], [24.83550826, 60.24126383], [24.83557586, 60.24106663], [24.83564074, 60.24087213], [24.8356617, 60.24079748], [24.83566776, 60.24077613], [24.83574161, 60.24052033], [24.83574216, 60.24051907], [24.83574271, 60.24051755], [24.8358214, 60.24026849], [24.8358225, 60.24026517], [24.83582853, 60.24025091], [24.83584828, 60.24019977], [24.83586419, 60.24015985], [24.83586703, 60.24013203], [24.83586703, 60.24013194], [24.83586985, 60.24010915], [24.83601068, 60.23967195], [24.83604313, 60.23957138], [24.83612124, 60.23932986], [24.8361955, 60.23909865], [24.83620156, 60.23907928], [24.83623457, 60.23897493], [24.83668683, 60.23754742], [24.83674679, 60.23735811], [24.83690026, 60.23687866], [24.83693821, 60.23676059], [24.8360862, 60.23669519], [24.83595954, 60.23668552], [24.83628084, 60.23556256], [24.83628525, 60.23554587], [24.83629131, 60.23552604], [24.83635523, 60.23530308], [24.83638554, 60.23519837], [24.83641915, 60.23508138], [24.83648307, 60.23485976], [24.83654699, 60.23463752], [24.83657343, 60.23454574], [24.83662137, 60.23437841], [24.83670402, 60.23409157], [24.8367729, 60.2338521], [24.8368886, 60.23345041], [24.83690237, 60.23340295], [24.83698502, 60.23311458], [24.83699108, 60.23309404], [24.83699273, 60.23308874], [24.83700706, 60.23303841], [24.83706984, 60.23282442], [24.83634973, 60.23249791], [24.83594619, 60.23231494], [24.83581545, 60.23225599], [24.83533467, 60.23203819], [24.83485552, 60.23182084], [24.83463566, 60.23172103], [24.83429048, 60.23156452], [24.8334599, 60.23157003], [24.83274628, 60.23157425], [24.83259251, 60.23157603], [24.83187022, 60.23158104], [24.83011378, 60.23159371], [24.82914622, 60.23160009], [24.82871074, 60.23153006], [24.82845148, 60.23172171], [24.82830665, 60.23177214], [24.8283288, 60.23178267], [24.82889047, 60.23205284], [24.82880578, 60.23220002], [24.82862165, 60.23251921], [24.82847249, 60.2327776], [24.82832332, 60.23303715], [24.82817362, 60.23329428], [24.82801742, 60.23355114], [24.8274558, 60.23347178], [24.82689744, 60.23339288], [24.8267242, 60.23369504], [24.82725732, 60.23383835], [24.82768664, 60.23395343], [24.82730467, 60.23420425], [24.82697758, 60.23441905], [24.82665048, 60.23463331], [24.82632229, 60.23484838], [24.8259941, 60.23506247], [24.82566917, 60.23527494], [24.82533609, 60.23549161], [24.82501493, 60.23570498], [24.82468618, 60.23592032], [24.8243422, 60.23614685], [24.82393838, 60.23611903], [24.82395871, 60.23626679], [24.82231864, 60.23764187], [24.82114974, 60.2378935], [24.81975717, 60.2391312], [24.81891663, 60.24071314], [24.81886393, 60.24084042], [24.81874363, 60.24095084], [24.81865869, 60.24113211], [24.81708509, 60.24109037], [24.81685925, 60.24108988]]]}, "geometry_name": "geom", "properties": {"posnro": "02680", "postitoimi": "ESPOO", "postitoiru": "ESBO", "nimi": "Uusmäki", "nimiru": "Nybacka", "kunta": "Espoo", "kunta_nro": "049"}}, {"type": "Feature", "id": "pks_postinumeroalueet_2024.155", "geometry": {"type": "Polygon", "coordinates": [[[24.73395522, 60.20611873], [24.73410035, 60.20603573], [24.73426215, 60.20596317], [24.73453166, 60.20581831], [24.73441007, 60.20580191], [24.73303202, 60.20561542], [24.73203453, 60.20547016], [24.73162656, 60.20541072], [24.73091268, 60.20531647], [24.73046481, 60.2054396], [24.729774, 60.20563278], [24.72914921, 60.20536225], [24.72904033, 60.20544433], [24.72892383, 60.20540173], [24.72863171, 60.20526838], [24.728129, 60.20554604], [24.72817155, 60.20556919], [24.72746632, 60.20599731], [24.72708266, 60.20574772], [24.72662958, 60.20545356], [24.72466449, 60.20418504], [24.72458378, 60.20413317], [24.72400648, 60.20375635], [24.72320211, 60.20323733], [24.7224452, 60.20273698], [24.7221762, 60.20256265], [24.72195286, 60.20261837], [24.7212411, 60.20279414], [24.72091856, 60.20287433], [24.72039272, 60.20300535], [24.72020191, 60.20305197], [24.71994116, 60.2031156], [24.71955574, 60.20320956], [24.71912044, 60.20331626], [24.71846395, 60.20347786], [24.71803891, 60.20358628], [24.71752766, 60.20371659], [24.71744038, 60.20373822], [24.71736448, 60.20375708], [24.71728533, 60.20377648], [24.71630029, 60.20402013], [24.71588664, 60.20412237], [24.71682486, 60.20504526], [24.7172401, 60.20544941], [24.7178072, 60.20600108], [24.7180363, 60.20622353], [24.71744973, 60.2065515], [24.71773797, 60.20675406], [24.71740522, 60.20700933], [24.71837625, 60.20727321], [24.71854072, 60.20721055], [24.71870356, 60.20702152], [24.7187821, 60.2069471], [24.71879498, 60.20695933], [24.7188422, 60.20700494], [24.71886957, 60.20703138], [24.71894147, 60.20710127], [24.71927468, 60.20742474], [24.7195439, 60.20770265], [24.71886424, 60.2079702], [24.718342, 60.20817589], [24.718209, 60.2082282], [24.71804994, 60.20829078], [24.71670521, 60.20881989], [24.71648969, 60.2089047], [24.71592777, 60.209126], [24.71583562, 60.20908397], [24.71545557, 60.20923476], [24.7141378, 60.20870982], [24.7142555, 60.20861395], [24.71400693, 60.20851513], [24.71307445, 60.20817322], [24.71252954, 60.20799729], [24.7118263, 60.20780036], [24.7114019, 60.20770242], [24.71106275, 60.20763284], [24.71004162, 60.20747219], [24.70983502, 60.20764784], [24.70971281, 60.20757882], [24.7098262, 60.20748204], [24.70957019, 60.20749405], [24.70932522, 60.20711367], [24.70778958, 60.20707727], [24.70729596, 60.2067974], [24.70713441, 60.20671214], [24.70713804, 60.20648749], [24.70713905, 60.20643409], [24.70535164, 60.20648398], [24.70456185, 60.20653348], [24.70448686, 60.2062093], [24.7040241, 60.20629227], [24.70339108, 60.20641598], [24.70274268, 60.2065654], [24.70214108, 60.20674392], [24.7020467, 60.20677091], [24.70148908, 60.20693004], [24.70086569, 60.2071235], [24.70020036, 60.20728723], [24.69950181, 60.20741544], [24.69878416, 60.20750105], [24.69803223, 60.20754853], [24.69770339, 60.20759499], [24.69691344, 60.20760037], [24.69654352, 60.20758453], [24.69545525, 60.20749525], [24.69506619, 60.20744328], [24.69335577, 60.20717869], [24.6928357, 60.2070784], [24.69263041, 60.20704597], [24.6926062, 60.20708918], [24.69216287, 60.20699875], [24.69190962, 60.206947], [24.69020419, 60.20673193], [24.69017272, 60.20674092], [24.68982829, 60.20683517], [24.68968942, 60.20687335], [24.68955056, 60.20691162], [24.68819012, 60.20728656], [24.68799916, 60.20734104], [24.68633559, 60.20778535], [24.68540625, 60.20805161], [24.68444513, 60.20830136], [24.6822384, 60.20889807], [24.68150547, 60.20910015], [24.68034521, 60.20945853], [24.67985515, 60.20960975], [24.67951163, 60.20971501], [24.67849133, 60.21003135], [24.67836108, 60.21007169], [24.67705202, 60.21047753], [24.67656843, 60.21062875], [24.67650655, 60.21064906], [24.67628072, 60.21072337], [24.6752875, 60.2110314], [24.67557286, 60.21155815], [24.67663846, 60.21351911], [24.67743469, 60.21531461], [24.67747122, 60.21539709], [24.68491454, 60.21740627], [24.68561531, 60.2175843], [24.68655626, 60.21777447], [24.68866472, 60.21817929], [24.68964557, 60.21884802], [24.69085626, 60.21896393], [24.69078879, 60.21957662], [24.69220583, 60.2197964], [24.69280568, 60.21989508], [24.69393351, 60.22007962], [24.69421958, 60.22016384], [24.69513635, 60.22058152], [24.69529535, 60.22065386], [24.69565626, 60.22078134], [24.6966651, 60.22102069], [24.6969053, 60.22109178], [24.69758483, 60.22135748], [24.69864971, 60.22174656], [24.69921459, 60.22194602], [24.69987426, 60.22213816], [24.70127245, 60.22254529], [24.70299078, 60.22280899], [24.70450177, 60.22289969], [24.70567133, 60.22303675], [24.7064318, 60.22304139], [24.70706049, 60.2229524], [24.70789165, 60.2232243], [24.70749955, 60.22361216], [24.70719152, 60.22391871], [24.70691676, 60.22419742], [24.70681949, 60.2243006], [24.70671455, 60.22441247], [24.70631257, 60.22487328], [24.70626373, 60.22500771], [24.70753927, 60.22510827], [24.70849403, 60.22518361], [24.70916749, 60.22529872], [24.7098134, 60.2254091], [24.71071227, 60.22556292], [24.7110404, 60.2256139], [24.71276083, 60.22591329], [24.71287182, 60.22591092], [24.71287221, 60.22549482], [24.71305359, 60.22524274], [24.71308269, 60.22513411], [24.71328637, 60.22499435], [24.71351415, 60.22488274], [24.71412578, 60.22488936], [24.7142113, 60.22489044], [24.71429682, 60.22489143], [24.71457336, 60.22489929], [24.71544336, 60.22507493], [24.71551096, 60.22502005], [24.71552675, 60.2250086], [24.71561778, 60.22493627], [24.71573444, 60.22484192], [24.71595569, 60.22467258], [24.71611919, 60.22454458], [24.71613554, 60.22453124], [24.71644624, 60.22428221], [24.71739551, 60.22354753], [24.71743638, 60.22351603], [24.71901608, 60.22228966], [24.72072522, 60.2223771], [24.72134386, 60.22250872], [24.72174471, 60.22266466], [24.72187391, 60.22287585], [24.7219215, 60.22345594], [24.72204372, 60.22340576], [24.72328982, 60.22288509], [24.72363852, 60.22274383], [24.72394763, 60.22299605], [24.72447481, 60.22325815], [24.72457513, 60.22368784], [24.72551092, 60.22318464], [24.72448523, 60.22240354], [24.72487027, 60.22225202], [24.72503049, 60.22218674], [24.7255394, 60.22197912], [24.72533209, 60.22230261], [24.72531756, 60.22235787], [24.72544399, 60.22277262], [24.72624475, 60.22300817], [24.72647182, 60.22310548], [24.72762763, 60.22360716], [24.72794857, 60.22367864], [24.72847207, 60.22380124], [24.72888735, 60.22385379], [24.73125002, 60.22413019], [24.73196499, 60.22420801], [24.73231382, 60.22424588], [24.73298851, 60.22421878], [24.73315095, 60.22421229], [24.73431996, 60.22417164], [24.7344448, 60.22406239], [24.73503138, 60.22355008], [24.7351464, 60.22344997], [24.73532024, 60.223305], [24.73614222, 60.22259336], [24.73624028, 60.2225152], [24.73614391, 60.22245093], [24.73607432, 60.22242117], [24.73550993, 60.22206596], [24.73545083, 60.22201038], [24.73526699, 60.22171921], [24.73509594, 60.22145176], [24.73507897, 60.22140846], [24.73507918, 60.2213819], [24.73508481, 60.22135534], [24.73510071, 60.22132979], [24.73512202, 60.22130533], [24.73517211, 60.22126908], [24.73517768, 60.22124881], [24.73520166, 60.22116188], [24.73526901, 60.22093072], [24.73528126, 60.22088901], [24.73532291, 60.2208251], [24.7353356, 60.2207947], [24.73539462, 60.22072481], [24.73539492, 60.22068756], [24.73540973, 60.22066237], [24.7354001, 60.22064889], [24.73535709, 60.22061326], [24.73534013, 60.22056862], [24.73535636, 60.22056964], [24.73549437, 60.22056991], [24.73550734, 60.22050558], [24.73557608, 60.22050554], [24.73564535, 60.22050568], [24.73613615, 60.22051994], [24.73631634, 60.22052505], [24.73730658, 60.22055377], [24.73767865, 60.2201866], [24.73861005, 60.22039891], [24.73901986, 60.2201152], [24.73988648, 60.22037602], [24.74030328, 60.2203018], [24.73993526, 60.21988893], [24.73979004, 60.21970519], [24.73982639, 60.21969449], [24.73976685, 60.21962625], [24.74033234, 60.21950134], [24.74117705, 60.21931334], [24.74223049, 60.21907871], [24.74225521, 60.21896279], [24.74266938, 60.21915253], [24.74295274, 60.2192536], [24.74322327, 60.21933302], [24.74332748, 60.21936473], [24.74341979, 60.21939426], [24.74350068, 60.21943202], [24.74358749, 60.21947428], [24.74387567, 60.2197196], [24.74418051, 60.21998128], [24.74469667, 60.22021357], [24.74509799, 60.22038838], [24.74538341, 60.22050408], [24.74626586, 60.22075511], [24.74643273, 60.22080344], [24.74699794, 60.22092515], [24.74714541, 60.22096286], [24.74727383, 60.22101489], [24.747545, 60.22108452], [24.74896283, 60.22111755], [24.74964881, 60.22009565], [24.74973585, 60.21996567], [24.7508827, 60.21825684], [24.7509139, 60.21821086], [24.75087234, 60.21819615], [24.7493692, 60.21765677], [24.74615475, 60.21650342], [24.7461776, 60.21648766], [24.74704343, 60.21649506], [24.74703983, 60.21576805], [24.74537064, 60.21517059], [24.74439129, 60.21584833], [24.74419539, 60.21577821], [24.74484493, 60.21499411], [24.74338627, 60.21447207], [24.74241192, 60.21457708], [24.74178683, 60.21313998], [24.74166137, 60.21285476], [24.7416237, 60.21275928], [24.74135584, 60.21214251], [24.74108107, 60.21150956], [24.74097206, 60.21126683], [24.74060692, 60.21043257], [24.74057519, 60.21033934], [24.74034384, 60.20983187], [24.74030717, 60.2097477], [24.74020036, 60.20950201], [24.7401605, 60.2094102], [24.74014456, 60.20937337], [24.74011958, 60.20931633], [24.73999631, 60.20903175], [24.73995858, 60.20894488], [24.73972425, 60.20840545], [24.73916211, 60.2071099], [24.73772631, 60.20730516], [24.7376185, 60.20732317], [24.73754405, 60.20702522], [24.73731369, 60.2066731], [24.73674368, 60.20630712], [24.73662841, 60.20617765], [24.73592121, 60.20686277], [24.73455555, 60.20661205], [24.73417793, 60.20641025], [24.73391646, 60.20616173], [24.73395522, 60.20611873]]]}, "geometry_name": "geom", "properties": {"posnro": "02700", "postitoimi": "KAUNIAINEN", "postitoiru": "GRANKULLA", "nimi": "Kauniainen", "nimiru": "Grankulla", "kunta": "Espoo", "kunta_nro": "049"}}, {"type": "Feature", "id": "pks_postinumeroalueet_2024.156", "geometry": {"type": "MultiPolygon", "coordinates": [[[[24.71328637, 60.22499435], [24.71934652, 60.22694582], [24.72094406, 60.22745307], [24.72108088, 60.22740677], [24.72125723, 60.22735858], [24.72166269, 60.22729553], [24.72184248, 60.22728873], [24.72226789, 60.22730075], [24.72264566, 60.22731132], [24.72290337, 60.22730863], [24.72303074, 60.22729058], [24.72314571, 60.22726659], [24.72319128, 60.22725457], [24.72335418, 60.22719621], [24.72349879, 60.22712408], [24.72363387, 60.22709016], [24.72377956, 60.22708302], [24.72399758, 60.22709972], [24.72411327, 60.22711827], [24.7242195, 60.22716866], [24.72424399, 60.22721691], [24.72427015, 60.22726139], [24.72434368, 60.22733613], [24.72446871, 60.22740362], [24.72448919, 60.22741434], [24.72459758, 60.22746483], [24.72469401, 60.22752166], [24.72478781, 60.22756889], [24.72503365, 60.22769191], [24.72511397, 60.2277322], [24.7251145, 60.22773417], [24.72516726, 60.227834], [24.72524232, 60.22798521], [24.72535583, 60.22813632], [24.72540389, 60.22821505], [24.72543933, 60.22831556], [24.72544666, 60.2283451], [24.72545349, 60.22837033], [24.72547698, 60.22840978], [24.72550594, 60.22844261], [24.72551168, 60.22846811], [24.72552311, 60.22852548], [24.72555782, 60.22858264], [24.72560133, 60.22862375], [24.72561798, 60.22863976], [24.72572322, 60.22874364], [24.72580613, 60.22879919], [24.72584844, 60.22885385], [24.72591657, 60.22892875], [24.72600714, 60.22897418], [24.72608307, 60.22902343], [24.72616642, 60.22909056], [24.72624707, 60.22915759], [24.72629738, 60.22922743], [24.72636292, 60.22928833], [24.72645904, 60.22938241], [24.73003074, 60.23068021], [24.73407672, 60.23214984], [24.73707944, 60.23324023], [24.73771112, 60.23346874], [24.73882815, 60.23387556], [24.73936266, 60.23406967], [24.73946739, 60.2341774], [24.73949742, 60.2342147], [24.73950414, 60.23425493], [24.73949033, 60.23428874], [24.73948091, 60.23431529], [24.73948774, 60.23434178], [24.73949577, 60.23435373], [24.73958947, 60.23448756], [24.73963926, 60.23462713], [24.73964463, 60.23476887], [24.73963838, 60.23480547], [24.73961482, 60.23484052], [24.73950619, 60.23495079], [24.73943974, 60.23506905], [24.73941765, 60.23519125], [24.73942573, 60.23526388], [24.7394699, 60.23536162], [24.73955691, 60.23545199], [24.7396156, 60.23549375], [24.7399736, 60.23589368], [24.74020834, 60.23606521], [24.74035029, 60.23626007], [24.74038362, 60.23629048], [24.74042453, 60.23632197], [24.74044064, 60.23633852], [24.74047382, 60.23638839], [24.74051186, 60.23643981], [24.74055588, 60.23648872], [24.7405823, 60.23650277], [24.74081629, 60.23677034], [24.7407403, 60.23706719], [24.74056939, 60.2371768], [24.74211142, 60.23782433], [24.74229978, 60.23762867], [24.74237464, 60.23754427], [24.74243914, 60.23746756], [24.74275114, 60.23697255], [24.74310701, 60.23640824], [24.74331702, 60.23607485], [24.74355114, 60.23570345], [24.7440262, 60.23581997], [24.7443869, 60.23595144], [24.74469252, 60.23606278], [24.74505915, 60.2361974], [24.74517956, 60.23624161], [24.74553648, 60.23637235], [24.74567584, 60.2362781], [24.74618287, 60.23646352], [24.74661702, 60.2366224], [24.74705496, 60.23678121], [24.74749181, 60.23694045], [24.74792867, 60.23709961], [24.74837797, 60.23726247], [24.74885566, 60.23739504], [24.74933333, 60.23753013], [24.74980398, 60.23766277], [24.75028112, 60.23779821], [24.75075448, 60.23793212], [24.75123812, 60.23806855], [24.75170822, 60.23820388], [24.7521908, 60.23833879], [24.75267251, 60.23801379], [24.75342626, 60.23831057], [24.75290461, 60.23861881], [24.75293376, 60.23863035], [24.75304117, 60.23867776], [24.75354065, 60.23901446], [24.75307682, 60.2392658], [24.75357228, 60.23956228], [24.75376152, 60.23967536], [24.75335347, 60.23985295], [24.75366962, 60.24001348], [24.75414052, 60.2402662], [24.75429992, 60.24038605], [24.75507315, 60.24011382], [24.75529067, 60.24028511], [24.75569777, 60.24059677], [24.75614262, 60.24093174], [24.75638583, 60.24085356], [24.75666393, 60.24096267], [24.75717208, 60.24116196], [24.7570423, 60.24128208], [24.75740035, 60.24142024], [24.75803031, 60.24155377], [24.75859842, 60.24170416], [24.7590394, 60.24176088], [24.76052242, 60.24129612], [24.76024458, 60.24107501], [24.75990323, 60.2408001], [24.75952203, 60.24049515], [24.75914138, 60.24018974], [24.75876127, 60.23988523], [24.75838334, 60.23957956], [24.75800326, 60.23927326], [24.75775615, 60.23907598], [24.75765224, 60.23899277], [24.75764147, 60.23898422], [24.75741375, 60.23880107], [24.75726194, 60.23867863], [24.75709721, 60.23854612], [24.75687381, 60.23836549], [24.7565137, 60.2380716], [24.75645238, 60.23801674], [24.75614013, 60.23776863], [24.7559345, 60.23760292], [24.75578862, 60.23748535], [24.75566052, 60.23738117], [24.75536447, 60.2371409], [24.75529883, 60.23708459], [24.75498769, 60.23683576], [24.75497476, 60.23682631], [24.75469705, 60.23659827], [24.75459371, 60.23651326], [24.75441177, 60.23636761], [24.75412758, 60.23613813], [24.75411897, 60.23613111], [24.75384447, 60.23590837], [24.75364746, 60.23575138], [24.75359149, 60.23570577], [24.75353498, 60.2356598], [24.75315502, 60.23534945], [24.75363535, 60.2352018], [24.75385786, 60.235134], [24.75411188, 60.23505369], [24.75447657, 60.23494442], [24.75459869, 60.2349065], [24.75428383, 60.23465236], [24.7547104, 60.23452157], [24.75449668, 60.23435522], [24.75425368, 60.23412311], [24.7540621, 60.23396461], [24.75394034, 60.23388271], [24.75358434, 60.23398949], [24.75308236, 60.23413988], [24.75275891, 60.23423675], [24.75210931, 60.2344312], [24.75233601, 60.23459695], [24.75027619, 60.23438926], [24.75015932, 60.23437746], [24.75031358, 60.23353155], [24.75037387, 60.23315147], [24.75072171, 60.2330498], [24.75092965, 60.23297534], [24.75130662, 60.23281637], [24.75165231, 60.23264074], [24.75196454, 60.23245051], [24.75222642, 60.23225812], [24.75257699, 60.23186493], [24.75303075, 60.23135561], [24.75332671, 60.23102174], [24.75336985, 60.23097309], [24.75477994, 60.22934577], [24.75752951, 60.22635824], [24.75776963, 60.22609731], [24.75792352, 60.22592985], [24.75796117, 60.22588899], [24.75840599, 60.22524761], [24.75812626, 60.22530364], [24.75743516, 60.22535462], [24.75638216, 60.2253719], [24.75575469, 60.22538223], [24.75530379, 60.22537844], [24.75485631, 60.2253523], [24.75441604, 60.2253041], [24.754389, 60.22530046], [24.74814057, 60.22515268], [24.74815949, 60.22508531], [24.74842829, 60.22497452], [24.74843318, 60.22497211], [24.74831034, 60.2247562], [24.74828109, 60.22468757], [24.74827567, 60.22468864], [24.74844293, 60.22433613], [24.74846161, 60.223593], [24.74846298, 60.22355558], [24.7482584, 60.22355196], [24.74735914, 60.22350465], [24.74739912, 60.22344352], [24.74740734, 60.22343061], [24.74752395, 60.22325985], [24.74753599, 60.22324237], [24.74770049, 60.2232487], [24.74813059, 60.22285424], [24.74852017, 60.22244956], [24.74886921, 60.22203582], [24.7491728, 60.2216176], [24.7493532, 60.22131332], [24.74949034, 60.22100357], [24.74958258, 60.2206896], [24.74962985, 60.22038175], [24.74964881, 60.22009565], [24.74896283, 60.22111755], [24.747545, 60.22108452], [24.74727329, 60.22101489], [24.74713408, 60.22095844], [24.74699794, 60.22092515], [24.74643273, 60.22080344], [24.74626586, 60.22075511], [24.74538341, 60.22050408], [24.74509799, 60.22038838], [24.74469667, 60.22021357], [24.74418051, 60.21998128], [24.74387567, 60.2197196], [24.74358749, 60.21947428], [24.74343005, 60.21939751], [24.74324434, 60.21933818], [24.74322327, 60.21933302], [24.74295274, 60.2192536], [24.74266938, 60.21915253], [24.74225521, 60.21896279], [24.74223049, 60.21907871], [24.74117705, 60.21931334], [24.74033234, 60.21950134], [24.73976684, 60.21962714], [24.73982639, 60.21969449], [24.73979004, 60.21970519], [24.73993526, 60.21988893], [24.74030327, 60.22030279], [24.73988648, 60.22037602], [24.73901986, 60.2201152], [24.73861005, 60.22039891], [24.73767865, 60.2201866], [24.73730658, 60.22055377], [24.73631634, 60.22052505], [24.73613615, 60.22051994], [24.73564535, 60.22050568], [24.73557608, 60.22050554], [24.73550734, 60.22050558], [24.73549437, 60.22056991], [24.73535636, 60.22056964], [24.73533959, 60.22056861], [24.73535709, 60.22061326], [24.7354001, 60.22064889], [24.73540973, 60.22066237], [24.73539492, 60.22068756], [24.73539462, 60.22072481], [24.7353356, 60.2207947], [24.73532291, 60.2208251], [24.73528126, 60.22088901], [24.73526901, 60.22093072], [24.73520166, 60.22116188], [24.73517768, 60.22124881], [24.73517211, 60.22126908], [24.73511113, 60.22131321], [24.73507932, 60.22136466], [24.73507889, 60.22141816], [24.73509594, 60.22145176], [24.73526699, 60.22171921], [24.73545083, 60.22201038], [24.73550993, 60.22206596], [24.73607432, 60.22242117], [24.73614391, 60.22245093], [24.73624028, 60.2225152], [24.73614222, 60.22259336], [24.73532024, 60.223305], [24.7351464, 60.22344997], [24.73503138, 60.22355008], [24.7344448, 60.22406239], [24.73431996, 60.22417164], [24.73315095, 60.22421229], [24.73298851, 60.22421878], [24.73231382, 60.22424588], [24.73196499, 60.22420801], [24.73125002, 60.22413019], [24.72888735, 60.22385379], [24.72847207, 60.22380124], [24.72794857, 60.22367864], [24.72762763, 60.22360716], [24.72647182, 60.22310548], [24.72624475, 60.22300817], [24.72544399, 60.22277262], [24.72531756, 60.22235787], [24.72533209, 60.22230261], [24.7255394, 60.22197912], [24.72503049, 60.22218674], [24.72487027, 60.22225202], [24.72448523, 60.22240354], [24.72551092, 60.22318464], [24.72457513, 60.22368784], [24.72447481, 60.22325815], [24.72394763, 60.22299605], [24.72363852, 60.22274383], [24.72328982, 60.22288509], [24.72204372, 60.22340576], [24.7219215, 60.22345594], [24.72187391, 60.22287585], [24.72174471, 60.22266466], [24.72134386, 60.22250872], [24.72072522, 60.2223771], [24.71901608, 60.22228966], [24.71743638, 60.22351603], [24.71739551, 60.22354753], [24.71644624, 60.22428221], [24.71613554, 60.22453124], [24.71611919, 60.22454458], [24.71595569, 60.22467258], [24.71573444, 60.22484192], [24.71561778, 60.22493627], [24.71552675, 60.2250086], [24.71551096, 60.22502005], [24.71544336, 60.22507493], [24.71457336, 60.22489929], [24.71429682, 60.22489143], [24.7142113, 60.22489044], [24.71412578, 60.22488936], [24.71351415, 60.22488274], [24.71328637, 60.22499435]]], [[[24.74178683, 60.21313998], [24.74241192, 60.21457708], [24.74338627, 60.21447207], [24.74484493, 60.21499411], [24.74419539, 60.21577821], [24.74439129, 60.21584833], [24.74537064, 60.21517059], [24.74703983, 60.21576805], [24.74704343, 60.21649506], [24.7461776, 60.21648766], [24.74615475, 60.21650342], [24.7493692, 60.21765677], [24.74917388, 60.2170125], [24.7489412, 60.21637104], [24.74867062, 60.21573345], [24.74836376, 60.21509992], [24.74801954, 60.21447117], [24.74795596, 60.21436496], [24.74775734, 60.21429771], [24.74714886, 60.21411705], [24.74653655, 60.21394364], [24.74589546, 60.213784], [24.74523861, 60.21363357], [24.74457128, 60.21350986], [24.74391472, 60.21339353], [24.74321793, 60.21330045], [24.74254707, 60.21321424], [24.74178683, 60.21313998]]]]}, "geometry_name": "geom", "properties": {"posnro": "02710", "postitoimi": "ESPOO", "postitoiru": "Esbo", "nimi": "Viherlaakso", "nimiru": "Gröndal", "kunta": "Espoo", "kunta_nro": "049"}}, {"type": "Feature", "id": "pks_postinumeroalueet_2024.157", "geometry": {"type": "Polygon", "coordinates": [[[24.74517956, 60.23624161], [24.74505915, 60.2361974], [24.74469252, 60.23606278], [24.7443869, 60.23595144], [24.7440262, 60.23581997], [24.74355114, 60.23570345], [24.74331702, 60.23607485], [24.74310701, 60.23640824], [24.74275114, 60.23697255], [24.74243914, 60.23746756], [24.74237464, 60.23754427], [24.74229978, 60.23762867], [24.74211142, 60.23782433], [24.74056939, 60.2371768], [24.7407403, 60.23706719], [24.74081629, 60.23677034], [24.7405823, 60.23650277], [24.74055588, 60.23648872], [24.74051186, 60.23643981], [24.74047382, 60.23638839], [24.74044064, 60.23633852], [24.74042453, 60.23632197], [24.74038417, 60.23629048], [24.74035029, 60.23626007], [24.74020834, 60.23606521], [24.7399736, 60.23589368], [24.7396156, 60.23549375], [24.73953542, 60.23542978], [24.73949192, 60.23538473], [24.73945926, 60.23533754], [24.73942573, 60.23526388], [24.73942218, 60.23516631], [24.73943349, 60.2351053], [24.73945347, 60.23504475], [24.73948642, 60.23498594], [24.73952857, 60.23492822], [24.73961482, 60.23484052], [24.73963838, 60.23480547], [24.73845301, 60.23474696], [24.73000993, 60.23432948], [24.72998234, 60.23399769], [24.72989218, 60.23291265], [24.7271947, 60.23278112], [24.7273235, 60.23291898], [24.72747281, 60.23319573], [24.72752619, 60.23348386], [24.72755527, 60.23363354], [24.72760798, 60.23374081], [24.72864438, 60.23373512], [24.72865573, 60.23426245], [24.72797646, 60.23422893], [24.72613729, 60.23413988], [24.72578624, 60.235847], [24.72623483, 60.2358832], [24.72531108, 60.23756076], [24.7232052, 60.23838159], [24.72201672, 60.23912613], [24.72975044, 60.24282766], [24.73710529, 60.24643994], [24.73876486, 60.24733744], [24.73993373, 60.2479628], [24.74012739, 60.24806523], [24.74336522, 60.24978412], [24.74609372, 60.25120595], [24.75299736, 60.24831176], [24.75310678, 60.24824061], [24.75311188, 60.24821046], [24.75307333, 60.24814954], [24.75296701, 60.24802512], [24.75222802, 60.24746727], [24.75213112, 60.2473873], [24.75156712, 60.24689978], [24.75094919, 60.24638397], [24.75039318, 60.24591926], [24.75021026, 60.24575574], [24.74986194, 60.24540487], [24.7495673, 60.24504754], [24.74948044, 60.24493106], [24.74936249, 60.24477323], [24.74926168, 60.24463966], [24.74907585, 60.24443351], [24.74885366, 60.2442367], [24.74891552, 60.24372621], [24.74950672, 60.2434762], [24.74985156, 60.24378228], [24.75039053, 60.24363287], [24.75072813, 60.24353926], [24.75151188, 60.24332218], [24.75072544, 60.24296734], [24.7513264, 60.24271124], [24.75160656, 60.24283553], [24.75218847, 60.24309358], [24.75300655, 60.24320649], [24.75348735, 60.24293875], [24.75445136, 60.24215044], [24.75477396, 60.24203076], [24.75508566, 60.24192121], [24.75539567, 60.24181937], [24.75586157, 60.24180219], [24.75634248, 60.24187802], [24.75685766, 60.24200686], [24.75732771, 60.24216138], [24.75771101, 60.24232884], [24.75820263, 60.24198275], [24.75859842, 60.24170416], [24.75803031, 60.24155377], [24.75740035, 60.24142024], [24.7570423, 60.24128208], [24.75717208, 60.24116196], [24.75666393, 60.24096267], [24.75638583, 60.24085356], [24.75614262, 60.24093174], [24.75569777, 60.24059677], [24.75529067, 60.24028511], [24.75507315, 60.24011382], [24.75429992, 60.24038605], [24.75414052, 60.2402662], [24.75366962, 60.24001348], [24.75335347, 60.23985295], [24.75376152, 60.23967536], [24.75357228, 60.23956228], [24.75307736, 60.2392658], [24.75354065, 60.23901446], [24.75304117, 60.23867776], [24.75293376, 60.23863035], [24.75290461, 60.23861881], [24.75342626, 60.23831057], [24.75267251, 60.23801379], [24.7521908, 60.23833879], [24.75170822, 60.23820388], [24.75123812, 60.23806855], [24.75075448, 60.23793212], [24.75028112, 60.23779821], [24.74980398, 60.23766277], [24.74933333, 60.23753013], [24.74885566, 60.23739504], [24.74837797, 60.23726247], [24.74792867, 60.23709961], [24.74749181, 60.23694045], [24.74705496, 60.23678121], [24.74661702, 60.2366224], [24.74618287, 60.23646352], [24.74567584, 60.2362781], [24.74553648, 60.23637235], [24.74517956, 60.23624161]]]}, "geometry_name": "geom", "properties": {"posnro": "02720", "postitoimi": "ESPOO", "postitoiru": "ESBO", "nimi": "Lähderanta", "nimiru": "Källstrand", "kunta": "Espoo", "kunta_nro": "049"}}, {"type": "Feature", "id": "pks_postinumeroalueet_2024.158", "geometry": {"type": "Polygon", "coordinates": [[[24.7728004, 60.24321815], [24.77245909, 60.2431533], [24.77211778, 60.24308836], [24.77177593, 60.24302342], [24.77143463, 60.24295848], [24.77169916, 60.24261482], [24.77149686, 60.24257624], [24.77123233, 60.24292008], [24.77087426, 60.24285188], [24.77051565, 60.24278376], [24.77023583, 60.2426009], [24.76966195, 60.24249175], [24.76908753, 60.24238251], [24.76926517, 60.24215197], [24.76878758, 60.2420613], [24.76862169, 60.24200707], [24.76772761, 60.24184036], [24.7664533, 60.2416035], [24.76544558, 60.24142779], [24.76482691, 60.24130121], [24.76470841, 60.24120999], [24.76454869, 60.24105273], [24.76453309, 60.24103807], [24.76383385, 60.24044455], [24.76377032, 60.2403922], [24.76290439, 60.23963726], [24.76256213, 60.23933804], [24.76243186, 60.23930433], [24.76213466, 60.2392888], [24.76125334, 60.2392427], [24.75775615, 60.23907598], [24.75800326, 60.23927326], [24.75838334, 60.23957956], [24.75876127, 60.23988523], [24.75914138, 60.24018974], [24.75952203, 60.24049515], [24.75990323, 60.2408001], [24.76024458, 60.24107501], [24.76052242, 60.24129612], [24.7590394, 60.24176088], [24.75859842, 60.24170416], [24.75820263, 60.24198275], [24.75771101, 60.24232884], [24.75732771, 60.24216138], [24.75685766, 60.24200686], [24.75634248, 60.24187802], [24.75586157, 60.24180219], [24.75539567, 60.24181937], [24.75508566, 60.24192121], [24.75477396, 60.24203076], [24.75445136, 60.24215044], [24.75348735, 60.24293875], [24.75300655, 60.24320649], [24.75218847, 60.24309358], [24.75160656, 60.24283553], [24.7513264, 60.24271124], [24.75072544, 60.24296734], [24.75151188, 60.24332218], [24.75072813, 60.24353926], [24.75039053, 60.24363287], [24.74985156, 60.24378228], [24.74950672, 60.2434762], [24.74891552, 60.24372621], [24.74885366, 60.2442367], [24.74907585, 60.24443351], [24.74926168, 60.24463966], [24.74936249, 60.24477323], [24.74948044, 60.24493106], [24.7495673, 60.24504754], [24.74986194, 60.24540487], [24.75021026, 60.24575574], [24.75039318, 60.24591926], [24.75094919, 60.24638397], [24.75156712, 60.24689978], [24.75213112, 60.2473873], [24.75222802, 60.24746727], [24.75296701, 60.24802512], [24.75307333, 60.24814954], [24.75311188, 60.24821046], [24.75310678, 60.24824061], [24.75299736, 60.24831176], [24.74609372, 60.25120595], [24.75538688, 60.25621962], [24.76743002, 60.26563783], [24.76773143, 60.26494043], [24.76797662, 60.2643738], [24.76798543, 60.26435371], [24.76800141, 60.26431622], [24.76795738, 60.2641816], [24.76794769, 60.26417333], [24.76793966, 60.26415859], [24.76793484, 60.2641506], [24.7679329, 60.26411846], [24.76793346, 60.26411631], [24.76793511, 60.26411299], [24.7678375, 60.26381448], [24.76780354, 60.26371219], [24.76780354, 60.26371201], [24.76779294, 60.26367852], [24.76887908, 60.26243939], [24.76888891, 60.26242837], [24.7688911, 60.26242568], [24.76910799, 60.26217861], [24.76910908, 60.26217753], [24.76910963, 60.26217645], [24.76921561, 60.26205556], [24.76921725, 60.2620535], [24.76921834, 60.26205251], [24.76922162, 60.26204884], [24.76941386, 60.26206919], [24.76951296, 60.26207959], [24.76981395, 60.26197205], [24.7698462, 60.26193378], [24.76999867, 60.26175131], [24.7699479, 60.26157369], [24.76990947, 60.26125832], [24.77041191, 60.26078116], [24.7705404, 60.26077232], [24.77095666, 60.26037399], [24.77227412, 60.25911163], [24.77228612, 60.25910025], [24.77229048, 60.25909568], [24.77242413, 60.25896756], [24.77246122, 60.25893244], [24.77303089, 60.25836214], [24.77310346, 60.25828983], [24.77315581, 60.25824118], [24.77341105, 60.25800305], [24.77359757, 60.2578288], [24.77403986, 60.25741597], [24.77404261, 60.25741095], [24.7740585, 60.25738567], [24.77406781, 60.25737051], [24.77407384, 60.25736092], [24.77408534, 60.25734344], [24.774093, 60.25733205], [24.77439903, 60.25687618], [24.77444448, 60.25680741], [24.77451839, 60.25669579], [24.77463447, 60.25651989], [24.77471548, 60.25640174], [24.77474405, 60.25634371], [24.77476374, 60.25631619], [24.77482393, 60.25623148], [24.77491429, 60.25609171], [24.7749225, 60.25607906], [24.77499149, 60.25597408], [24.775246, 60.25560132], [24.77525638, 60.25558877], [24.77527278, 60.25556779], [24.77529628, 60.25553741], [24.7753116, 60.2555167], [24.77531597, 60.25551105], [24.7753187, 60.25550765], [24.77537784, 60.25541772], [24.77545448, 60.25530234], [24.77554591, 60.25516383], [24.77557061, 60.25511702], [24.77581529, 60.25475312], [24.77581968, 60.25474487], [24.77582627, 60.25473214], [24.77595323, 60.25454818], [24.77605994, 60.25439326], [24.77606763, 60.25437739], [24.77614205, 60.254269], [24.77616996, 60.25422857], [24.77619568, 60.25419146], [24.77628542, 60.2540611], [24.77634835, 60.2539702], [24.77636911, 60.25394546], [24.77662799, 60.25356086], [24.77673582, 60.25340074], [24.77685623, 60.25322134], [24.77698758, 60.25302644], [24.77705928, 60.25292002], [24.77708446, 60.25288255], [24.77715889, 60.25277174], [24.77722402, 60.25267545], [24.7773072, 60.25255209], [24.77735318, 60.25248333], [24.77740517, 60.2524064], [24.77744086, 60.25233646], [24.77752124, 60.25222682], [24.77771278, 60.25194379], [24.7779967, 60.25153696], [24.77801427, 60.25150271], [24.77815053, 60.25130189], [24.77818938, 60.25124433], [24.77829882, 60.25108269], [24.77832071, 60.25105068], [24.7783809, 60.25096246], [24.77845421, 60.25085542], [24.77854836, 60.25071224], [24.77858011, 60.25066419], [24.77871419, 60.25046354], [24.77875029, 60.25041154], [24.77885812, 60.25024873], [24.77886031, 60.25024559], [24.77890841, 60.25018141], [24.77903101, 60.24999591], [24.77914922, 60.24981777], [24.77915796, 60.24980675], [24.77928601, 60.24961659], [24.77928821, 60.24961184], [24.77940366, 60.24944141], [24.77942609, 60.2494086], [24.77963949, 60.24909176], [24.7796559, 60.249068], [24.77965699, 60.24906612], [24.77966575, 60.24905303], [24.77970076, 60.24900148], [24.77971444, 60.24898104], [24.78000882, 60.24854371], [24.78004165, 60.24849476], [24.78006517, 60.2484606], [24.78015163, 60.24833096], [24.78025888, 60.24817057], [24.78029821, 60.248121], [24.7804038, 60.24796563], [24.78041693, 60.24794582], [24.78055589, 60.24774087], [24.7805641, 60.24772904], [24.7805734, 60.24771532], [24.78057504, 60.2477129], [24.78058489, 60.24769838], [24.78071075, 60.24750839], [24.78079173, 60.24738637], [24.78083441, 60.24732155], [24.78087107, 60.24726704], [24.78098206, 60.24711312], [24.78101213, 60.24707206], [24.78115877, 60.24685205], [24.78144875, 60.24641794], [24.78172402, 60.24599493], [24.78196043, 60.24563155], [24.78198999, 60.245586], [24.78199819, 60.24557444], [24.78203044, 60.24552961], [24.78222781, 60.24525404], [24.78231801, 60.24512844], [24.78241588, 60.24499092], [24.78167359, 60.24494446], [24.78085933, 60.24488972], [24.78011108, 60.24484351], [24.78055766, 60.24456153], [24.78013268, 60.24436956], [24.7797914, 60.24421471], [24.77945884, 60.24405413], [24.77912142, 60.24389093], [24.77884068, 60.24375511], [24.77877316, 60.24372799], [24.77841503, 60.24358441], [24.7788026, 60.24337701], [24.77856077, 60.24325643], [24.77807806, 60.24343575], [24.77781542, 60.24326909], [24.77754846, 60.24310027], [24.77728044, 60.24293036], [24.77727504, 60.24292694], [24.77697473, 60.24288605], [24.77573559, 60.24271756], [24.77477145, 60.24304496], [24.77456181, 60.24289185], [24.7746936, 60.24262855], [24.7746204, 60.24256237], [24.77407918, 60.24274221], [24.7737578, 60.24285081], [24.77400089, 60.24357221], [24.77342159, 60.24361691], [24.7728004, 60.24321815]]]}, "geometry_name": "geom", "properties": {"posnro": "02730", "postitoimi": "ESPOO", "postitoiru": "ESBO", "nimi": "Jupperi", "nimiru": "Jupper", "kunta": "Espoo", "kunta_nro": "049"}}, {"type": "Feature", "id": "pks_postinumeroalueet_2024.159", "geometry": {"type": "Polygon", "coordinates": [[[24.67918799, 60.27580655], [24.67744139, 60.27556286], [24.67753581, 60.2755542], [24.67792989, 60.27550597], [24.67828439, 60.27545809], [24.67866394, 60.27539789], [24.67915301, 60.27528221], [24.67936505, 60.27522106], [24.67981048, 60.27507737], [24.68010052, 60.27496641], [24.68072081, 60.27468033], [24.68119975, 60.27443403], [24.6815659, 60.27424463], [24.68214448, 60.27400844], [24.68301375, 60.27370338], [24.68327575, 60.27363148], [24.68355369, 60.27359239], [24.68375014, 60.27357185], [24.68412447, 60.27354384], [24.68453205, 60.27349778], [24.68485606, 60.27238803], [24.68476185, 60.27181239], [24.68450827, 60.27016768], [24.68447063, 60.27019192], [24.68440651, 60.27020837], [24.68434456, 60.27022465], [24.68429456, 60.27023745], [24.68421963, 60.27025092], [24.68414638, 60.27025819], [24.68399446, 60.27027282], [24.68389305, 60.27027778], [24.68381973, 60.27029188], [24.68372842, 60.27031769], [24.68364575, 60.2703455], [24.68356316, 60.27036657], [24.68347145, 60.27037614], [24.68342976, 60.27037173], [24.68340218, 60.27036511], [24.68334164, 60.27034702], [24.68325395, 60.27033379], [24.68318027, 60.27032958], [24.68314345, 60.27032518], [24.68308294, 60.27030493], [24.6830414, 60.27028455], [24.68301699, 60.27022965], [24.68302995, 60.27017933], [24.68302436, 60.27014036], [24.68299553, 60.27009488], [24.68295317, 60.27004694], [24.68293399, 60.2700127], [24.6829562, 60.26995764], [24.68303805, 60.26990246], [24.68311494, 60.26985391], [24.68327535, 60.26980286], [24.68334825, 60.26977503], [24.68336643, 60.2697451], [24.68334079, 60.26970581], [24.68331039, 60.26970978], [24.68317738, 60.26973136], [24.68295714, 60.26974861], [24.68276946, 60.26976189], [24.68245064, 60.26977163], [24.68225413, 60.26974424], [24.68215602, 60.26974481], [24.68187716, 60.26971371], [24.68174694, 60.2697266], [24.68153444, 60.2697277], [24.6812982, 60.26977354], [24.68106304, 60.26987628], [24.68090552, 60.2699644], [24.68082452, 60.26998907], [24.68059529, 60.26998223], [24.68046392, 60.26994637], [24.68039871, 60.26996282], [24.68028391, 60.26995124], [24.68018656, 60.2699843], [24.68009032, 60.27007014], [24.6800108, 60.27016383], [24.67984007, 60.27021745], [24.67976009, 60.27030316], [24.67936983, 60.27041073], [24.67879303, 60.27058013], [24.67863795, 60.27058506], [24.6781637, 60.27057933], [24.67796738, 60.27058846], [24.67773797, 60.27054491], [24.67755795, 60.27054986], [24.67736946, 60.27053459], [24.67714925, 60.27054797], [24.67699371, 60.27054472], [24.67684634, 60.27053736], [24.67679686, 60.27049703], [24.67676277, 60.27043618], [24.67661578, 60.27044507], [24.67649399, 60.2704822], [24.67642027, 60.27048265], [24.67633849, 60.27047491], [24.67620632, 60.27041059], [24.67604265, 60.27040732], [24.67578132, 60.27041279], [24.67556, 60.27037329], [24.67533784, 60.27030938], [24.67502502, 60.27020549], [24.67475369, 60.27012567], [24.67449978, 60.27009453], [24.67427877, 60.27007927], [24.67418091, 60.27010829], [24.67404183, 60.27008461], [24.67385119, 60.27001341], [24.67373243, 60.26996367], [24.67362023, 60.26990891], [24.67350724, 60.26982427], [24.67336927, 60.26968948], [24.67330635, 60.2696396], [24.67321909, 60.26958472], [24.67308221, 60.26955791], [24.67302043, 60.26950292], [24.6729632, 60.2694255], [24.67288702, 60.26940081], [24.67273866, 60.26938456], [24.67264895, 60.26935678], [24.67248016, 60.26926975], [24.67232628, 60.26915521], [24.67226724, 60.26909654], [24.67224003, 60.26899864], [24.67223293, 60.26889595], [24.67213959, 60.26879851], [24.67204262, 60.26873877], [24.67193603, 60.26871921], [24.67183384, 60.26874794], [24.67175786, 60.26875772], [24.67141726, 60.26877707], [24.67109106, 60.26876648], [24.67094531, 60.26876091], [24.67078005, 60.26875476], [24.67049427, 60.2687133], [24.67045587, 60.26870414], [24.67030214, 60.26862971], [24.6701439, 60.2685174], [24.67007263, 60.26849021], [24.66998012, 60.2684179], [24.66990736, 60.26832303], [24.6699059, 60.26825275], [24.66993519, 60.26819736], [24.66990867, 60.26813976], [24.66979226, 60.2680726], [24.66961741, 60.26805036], [24.6696029, 60.26803829], [24.66956744, 60.26800697], [24.66955134, 60.26799087], [24.66953742, 60.26797441], [24.66953046, 60.26796532], [24.66948888, 60.26789647], [24.66947767, 60.26787957], [24.66946483, 60.26786275], [24.66944927, 60.26784647], [24.66944067, 60.26783918], [24.66940521, 60.26780794], [24.66938912, 60.26779193], [24.66937519, 60.26777538], [24.66937151, 60.26776388], [24.66936898, 60.26774601], [24.66936916, 60.26772806], [24.66937169, 60.26769226], [24.66937079, 60.26767439], [24.66936663, 60.26765643], [24.66935597, 60.26763935], [24.66934899, 60.2676326], [24.66932963, 60.26761739], [24.66930918, 60.26760271], [24.66929091, 60.26758722], [24.66927972, 60.26756763], [24.66927719, 60.26754967], [24.66927954, 60.26753182], [24.66928514, 60.26751406], [24.66931837, 60.26744413], [24.66932451, 60.26742656], [24.66932848, 60.26740871], [24.66932812, 60.26739084], [24.66932761, 60.26738761], [24.66931857, 60.26737018], [24.6693041, 60.26735372], [24.66928529, 60.2673385], [24.66926375, 60.26732436], [24.66924865, 60.26731606], [24.66921839, 60.26730683], [24.66920538, 60.26730743], [24.66917386, 60.26731614], [24.66911942, 60.26733961], [24.66908682, 60.26734689], [24.66905978, 60.26734063], [24.66900746, 60.267316], [24.66899449, 60.26731211], [24.6689604, 60.26730655], [24.66892463, 60.26730601], [24.66888883, 60.26730843], [24.66881828, 60.26731696], [24.66878302, 60.26732056], [24.66874722, 60.26732244], [24.66871092, 60.26732145], [24.66867461, 60.26732127], [24.66866267, 60.26732241], [24.66862954, 60.26732933], [24.66860124, 60.26734057], [24.66857834, 60.26735424], [24.66855975, 60.26736954], [24.66854549, 60.26738611], [24.66853777, 60.26739938], [24.66852007, 60.26743425], [24.66850581, 60.26745072], [24.66848183, 60.26746386], [24.66845084, 60.26747321], [24.66841771, 60.26747985], [24.66827715, 60.26749736], [24.66824946, 60.26750196], [24.66821687, 60.26750942], [24.66818911, 60.26752066], [24.66817052, 60.26753659], [24.66816005, 60.2675538], [24.66814614, 60.26758894], [24.66813783, 60.26760643], [24.66812357, 60.26762291], [24.66811702, 60.26762756], [24.66809034, 60.2676397], [24.66805882, 60.26764805], [24.66802461, 60.26765389], [24.66791933, 60.26766646], [24.66790305, 60.26766867], [24.66786884, 60.26767433], [24.66783571, 60.2676816], [24.66780472, 60.26769104], [24.66777965, 60.26770372], [24.66776654, 60.26771419], [24.66775498, 60.26773121], [24.66775047, 60.26774888], [24.66774974, 60.26776701], [24.66775209, 60.26780274], [24.66774649, 60.26782059], [24.66773818, 60.26783843], [24.66772717, 60.26785545], [24.66771236, 60.26787184], [24.66769432, 60.26788741], [24.66767357, 60.26790208], [24.66762884, 60.26793033], [24.66760539, 60.26794409], [24.66759558, 60.26794964], [24.66754599, 60.26797581], [24.66751985, 60.26798831], [24.66749263, 60.26800009], [24.66746325, 60.26801025], [24.66743012, 60.26801734], [24.66739485, 60.26802085], [24.66737967, 60.26802117], [24.66734392, 60.26801901], [24.66727299, 60.26801174], [24.66723723, 60.26800968], [24.66720144, 60.2680113], [24.66717591, 60.26801662], [24.66715194, 60.26802867], [24.6671458, 60.26804616], [24.66715376, 60.26806359], [24.66717835, 60.26809731], [24.66718521, 60.26811492], [24.66718463, 60.26811923], [24.66717254, 60.26813589], [24.6671507, 60.26815119], [24.66712725, 60.26816486], [24.66710219, 60.2681779], [24.66707604, 60.26819022], [24.66699276, 60.26822457], [24.66697045, 60.26823331], [24.66686922, 60.26822022], [24.66677938, 60.26826083], [24.66663972, 60.26834943], [24.66661001, 60.26839216], [24.66653536, 60.26843021], [24.6664142, 60.26845845], [24.66628383, 60.26848666], [24.66612756, 60.26850252], [24.66603686, 60.26852051], [24.66595186, 60.26856365], [24.66590248, 60.26862159], [24.665863, 60.268667], [24.66573231, 60.26872546], [24.66549654, 60.26877674], [24.66524474, 60.26880555], [24.66500187, 60.26880924], [24.66483055, 60.26881258], [24.66458437, 60.26882138], [24.66436016, 60.26880242], [24.66408641, 60.2687511], [24.66389392, 60.26870439], [24.66377666, 60.26866972], [24.66366029, 60.26865291], [24.66354956, 60.26866852], [24.66342423, 60.26873193], [24.66339922, 60.26873949], [24.66332522, 60.26882008], [24.6632205, 60.26888336], [24.66311492, 60.26892402], [24.66304587, 60.26899727], [24.66303138, 60.26903609], [24.66301242, 60.26908774], [24.6629976, 60.2691053], [24.66297442, 60.26919831], [24.66290566, 60.26929651], [24.66278072, 60.26937491], [24.66269351, 60.2694218], [24.6626238, 60.269506], [24.66235772, 60.2695002], [24.6618508, 60.26693474], [24.65610242, 60.26743256], [24.65617464, 60.26726545], [24.65618946, 60.26714396], [24.65621355, 60.26701819], [24.6561513, 60.26690709], [24.65614735, 60.26686965], [24.65609591, 60.26660681], [24.65606749, 60.26647471], [24.6560294, 60.26633388], [24.65602614, 60.26623128], [24.65602268, 60.26588913], [24.65612418, 60.26572074], [24.65615794, 60.26565343], [24.65616953, 60.26558174], [24.65621143, 60.26551436], [24.65626664, 60.26541855], [24.65628889, 60.26526037], [24.65630943, 60.26516268], [24.65635691, 60.26507916], [24.65635943, 60.26504524], [24.65630117, 60.26496754], [24.6562918, 60.2649308], [24.6563255, 60.26486986], [24.6564146, 60.26474578], [24.65646574, 60.26467626], [24.65649467, 60.26460453], [24.6564896, 60.26457095], [24.65648557, 60.26454204], [24.65643102, 60.26447252], [24.65638134, 60.26440337], [24.65634516, 60.26433857], [24.65635318, 60.2642973], [24.65630227, 60.26419072], [24.65618477, 60.26402617], [24.65613718, 60.26396456], [24.65601325, 60.26389585], [24.65583129, 60.26383057], [24.65574291, 60.26378322], [24.65565675, 60.26373023], [24.65563877, 60.26368773], [24.6555066, 60.26342315], [24.66033941, 60.26230434], [24.66021176, 60.26191421], [24.66594074, 60.26146418], [24.66546415, 60.2600542], [24.66132936, 60.25854402], [24.65911621, 60.25876544], [24.65803609, 60.25524762], [24.66024039, 60.25502037], [24.66026002, 60.25495633], [24.66028933, 60.25484655], [24.66032781, 60.25468814], [24.66040835, 60.25449717], [24.66047235, 60.25422906], [24.66050551, 60.25400961], [24.66051982, 60.25377781], [24.66049885, 60.25355346], [24.66046444, 60.25326616], [24.66042635, 60.25296826], [24.66034161, 60.25267607], [24.66022426, 60.25239314], [24.66011944, 60.25215673], [24.65996182, 60.25183994], [24.65984779, 60.25155154], [24.65983772, 60.25153042], [24.65641601, 60.2519413], [24.65635337, 60.25187023], [24.65629241, 60.25179414], [24.65623792, 60.25172094], [24.65610548, 60.25158929], [24.65605787, 60.25153199], [24.65603272, 60.2515015], [24.65593121, 60.25146973], [24.6559187, 60.25142267], [24.6559075, 60.25140594], [24.65586963, 60.25134939], [24.65569444, 60.25116225], [24.65567493, 60.25105943], [24.65560879, 60.25101277], [24.65562041, 60.25098919], [24.65554066, 60.25084556], [24.65554555, 60.2507927], [24.65547872, 60.25070771], [24.65547157, 60.25066659], [24.65544205, 60.25064003], [24.65542262, 60.25058173], [24.6554035, 60.25049363], [24.65540195, 60.25043475], [24.65540726, 60.25039357], [24.65537082, 60.2503556], [24.6554471, 60.25031415], [24.65541671, 60.25026722], [24.65546316, 60.25022883], [24.65541487, 60.25018491], [24.65549708, 60.25014635], [24.65550757, 60.25007574], [24.65552354, 60.24999922], [24.65555004, 60.24984922], [24.65558437, 60.24977849], [24.65567169, 60.24971643], [24.65573489, 60.24963079], [24.6558524, 60.24958317], [24.65597474, 60.24948861], [24.65626801, 60.2493665], [24.65640765, 60.24927477], [24.65667225, 60.24919997], [24.6568537, 60.2490992], [24.65687646, 60.24904603], [24.65699391, 60.24900442], [24.65712979, 60.24901258], [24.65722457, 60.24901507], [24.65728436, 60.24904709], [24.657297, 60.2490823], [24.65737982, 60.24908772], [24.65745034, 60.24907857], [24.65746715, 60.24902548], [24.65744865, 60.24898163], [24.65740116, 60.24896428], [24.65741185, 60.24892589], [24.65737524, 60.24885274], [24.65745439, 60.24869066], [24.65749435, 60.2485994], [24.65745133, 60.24851725], [24.65734934, 60.2484275], [24.6572781, 60.24840228], [24.65724135, 60.24834223], [24.65719841, 60.24830388], [24.6572026, 60.24826664], [24.65718673, 60.24822936], [24.65716972, 60.2481988], [24.65717473, 60.24818552], [24.65719834, 60.24805212], [24.65721445, 60.24796115], [24.65708802, 60.24787816], [24.65702288, 60.24778752], [24.65691503, 60.24774102], [24.65681997, 60.24771492], [24.65658977, 60.24771316], [24.65641742, 60.24767008], [24.65635679, 60.24761446], [24.65622648, 60.24759159], [24.65621978, 60.24755926], [24.65608384, 60.24745282], [24.65606506, 60.24743572], [24.65607498, 60.24741977], [24.65610704, 60.24741052], [24.65612508, 60.2473945], [24.65611926, 60.24738138], [24.6560897, 60.24735913], [24.65602018, 60.24732521], [24.6559772, 60.24729099], [24.65595216, 60.24725152], [24.65594734, 60.24719478], [24.65597913, 60.24705602], [24.65598871, 60.2470205], [24.65601387, 60.24699741], [24.6560287, 60.24697716], [24.65605239, 60.2468881], [24.65606194, 60.246855], [24.65613246, 60.2467937], [24.65618768, 60.24674502], [24.65630384, 60.24667083], [24.65637461, 60.24663744], [24.65643595, 60.24662441], [24.65656867, 60.24662376], [24.65661959, 60.24662353], [24.65673144, 60.24659762], [24.65680842, 60.24659216], [24.65687957, 60.24657403], [24.65693503, 60.24655344], [24.65699063, 60.24652002], [24.65708889, 60.24649927], [24.65719287, 60.24650151], [24.65730233, 60.24649821], [24.65733703, 60.24649507], [24.65737681, 60.24647201], [24.65742255, 60.24644888], [24.65752066, 60.24644249], [24.65759033, 60.24646233], [24.65763692, 60.246462], [24.65769439, 60.24645605], [24.65776361, 60.24646718], [24.65779831, 60.24646421], [24.65787316, 60.24645507], [24.65795986, 60.24645188], [24.65805824, 60.24647152], [24.65813342, 60.24648258], [24.65817446, 60.2464939], [24.65825003, 60.24651932], [24.65835462, 60.24656761], [24.65844159, 60.24659009], [24.65854015, 60.2465925], [24.65864373, 60.24658056], [24.65868945, 60.24656021], [24.65879351, 60.24655393], [24.65885093, 60.24655362], [24.65890842, 60.24654758], [24.65898922, 60.24653863], [24.65906287, 60.24654017], [24.65910894, 60.24653705], [24.65917747, 60.24651102], [24.65927482, 60.24647313], [24.65942844, 60.24633745], [24.65945678, 60.24632011], [24.65959392, 60.24625925], [24.65963382, 60.24622444], [24.65966734, 60.24617839], [24.65967853, 60.24614396], [24.65981019, 60.24608874], [24.65987287, 60.24605111], [24.65998171, 60.24600167], [24.66014144, 60.24590343], [24.6601922, 60.24586587], [24.66020848, 60.24581125], [24.6603001, 60.24575045], [24.66042504, 60.24566371], [24.66055777, 60.24555679], [24.66067836, 60.24547121], [24.66075033, 60.24542642], [24.66085571, 60.24539743], [24.66092821, 60.24535265], [24.6609918, 60.24527939], [24.66101472, 60.24521061], [24.66103776, 60.24512944], [24.66103602, 60.24503645], [24.66099319, 60.24493546], [24.6609094, 60.24481444], [24.66088273, 60.24472156], [24.6609057, 60.24464865], [24.66094503, 60.24456348], [24.66095245, 60.24452697], [24.66097574, 60.24447426], [24.66094958, 60.24438542], [24.66091592, 60.244341], [24.66091409, 60.244256], [24.66087205, 60.24418346], [24.66087142, 60.24413894], [24.6608463, 60.24410665], [24.66079684, 60.24407054], [24.66059168, 60.24400682], [24.66046935, 60.24399942], [24.66035593, 60.24402013], [24.66031564, 60.24404058], [24.66030818, 60.24408104], [24.66026872, 60.24412573], [24.66018005, 60.24416257], [24.66007746, 60.24418421], [24.66003246, 60.24418894], [24.65997779, 60.24418476], [24.65992794, 60.24418715], [24.65990509, 60.24419642], [24.65989626, 60.24421229], [24.65988357, 60.24423478], [24.65985628, 60.24425536], [24.65982041, 60.24426684], [24.65976139, 60.24426481], [24.65973864, 60.24426493], [24.6596257, 60.24429264], [24.65952587, 60.2443089], [24.65941704, 60.24430485], [24.65937147, 60.24431191], [24.65928961, 60.24431906], [24.65924422, 60.24430809], [24.65921631, 60.24428333], [24.65917493, 60.2442519], [24.65911985, 60.24423641], [24.65903813, 60.24422992], [24.65900629, 60.24421889], [24.65894166, 60.244183], [24.65883649, 60.24414073], [24.65876346, 60.24413192], [24.65870489, 60.24413904], [24.65866457, 60.24416183], [24.65866478, 60.24419342], [24.65870253, 60.24426101], [24.65870329, 60.24429261], [24.65865378, 60.2443133], [24.65859039, 60.24431583], [24.65854449, 60.24430252], [24.65851658, 60.24427777], [24.6584931, 60.24424405], [24.65851089, 60.24419958], [24.65853137, 60.24415717], [24.65853067, 60.24412109], [24.65852571, 60.24407665], [24.65849909, 60.24403242], [24.65846383, 60.24398602], [24.65842085, 60.24395225], [24.65835185, 60.24392084], [24.65827075, 60.24390654], [24.65815973, 60.24390491], [24.65802369, 60.24391407], [24.65782021, 60.24394891], [24.65776056, 60.24395549], [24.657714, 60.24395366], [24.65767083, 60.24393901], [24.65761051, 60.24390547], [24.65758465, 60.2438922], [24.65753073, 60.24386963], [24.65744862, 60.24384877], [24.66141252, 60.24329914], [24.66076212, 60.24281918], [24.66084435, 60.24272327], [24.66232124, 60.24078565], [24.66237647, 60.24083937], [24.66238577, 60.24088257], [24.6624157, 60.24092169], [24.66251236, 60.24100154], [24.66253016, 60.24106137], [24.66256407, 60.24108174], [24.66264009, 60.241168], [24.66262487, 60.24122568], [24.66267227, 60.24130388], [24.66271529, 60.24138612], [24.6627619, 60.24143533], [24.66288709, 60.24148017], [24.66294183, 60.24152931], [24.66297601, 60.24157652], [24.66309316, 60.24161299], [24.66325539, 60.24163701], [24.66335844, 60.24162201], [24.66351888, 60.24155734], [24.66361854, 60.24155679], [24.66372733, 60.2415629], [24.66398634, 60.24170923], [24.66409816, 60.24179047], [24.66411682, 60.24192497], [24.66415578, 60.24198134], [24.66413131, 60.24209724], [24.66407857, 60.24217017], [24.66381781, 60.24240583], [24.66379692, 60.24243549], [24.66392077, 60.24239981], [24.66392144, 60.2424402], [24.66389193, 60.24257242], [24.66392515, 60.24260724], [24.66412229, 60.24271392], [24.66420385, 60.24273504], [24.6642135, 60.24269189], [24.66428863, 60.24265394], [24.66434679, 60.24258075], [24.66435695, 60.24254039], [24.6644949, 60.24239704], [24.66449267, 60.24229732], [24.66464621, 60.24216622], [24.66477825, 60.2421232], [24.66515072, 60.24213814], [24.6652137, 60.24222913], [24.66528953, 60.24244177], [24.66543664, 60.24267434], [24.66555381, 60.24292217], [24.66563593, 60.24294222], [24.66569569, 60.24287083], [24.66577676, 60.24283496], [24.66591681, 60.24269727], [24.66602506, 60.2425446], [24.66622412, 60.24235706], [24.6665629, 60.24206298], [24.66673485, 60.24203703], [24.66755518, 60.24200255], [24.6680721, 60.24197988], [24.66871111, 60.24198668], [24.66953907, 60.24200131], [24.67005271, 60.24198141], [24.67035833, 60.24201897], [24.67078629, 60.24206446], [24.67103836, 60.24204148], [24.67130993, 60.24212679], [24.67160768, 60.24219457], [24.67198162, 60.2421709], [24.67236579, 60.24220802], [24.67268925, 60.24224966], [24.67297635, 60.24229901], [24.67319136, 60.2423542], [24.67344442, 60.2424497], [24.67369686, 60.24249842], [24.67401935, 60.2425843], [24.67427785, 60.24262362], [24.67462972, 60.24264064], [24.67488179, 60.24267366], [24.67512679, 60.24265362], [24.67522732, 60.24267504], [24.67526669, 60.24274667], [24.67536207, 60.24279618], [24.67557388, 60.24279212], [24.67607324, 60.24229907], [24.67877818, 60.23962504], [24.68288114, 60.2355239], [24.68583444, 60.23252541], [24.6838706, 60.23162895], [24.6856755, 60.2298991], [24.68692838, 60.22972013], [24.68665398, 60.22937051], [24.68642133, 60.22918507], [24.68580774, 60.22875325], [24.68559703, 60.22865258], [24.68529573, 60.22851365], [24.6850616, 60.2283711], [24.68481722, 60.22816794], [24.68447806, 60.22796959], [24.68413455, 60.22783037], [24.68417936, 60.22778713], [24.68387096, 60.22760006], [24.68408461, 60.22739423], [24.68667921, 60.22893948], [24.6871244, 60.22920495], [24.68747953, 60.22949174], [24.6875981, 60.22971892], [24.68875858, 60.22906312], [24.68932402, 60.22915276], [24.6893152, 60.22905464], [24.68834921, 60.22838667], [24.68752923, 60.22825164], [24.68771816, 60.22796828], [24.68764086, 60.22795535], [24.68731717, 60.22817826], [24.68705388, 60.22808366], [24.6867906, 60.22798916], [24.68652677, 60.22789456], [24.68626349, 60.22780006], [24.68600021, 60.22770546], [24.68632391, 60.22748247], [24.6865068, 60.22754824], [24.68662537, 60.22748982], [24.6864993, 60.22742643], [24.68689255, 60.22723313], [24.68717001, 60.22737272], [24.6873359, 60.22729126], [24.68740635, 60.22739716], [24.68751467, 60.22744947], [24.68764238, 60.22751134], [24.68775822, 60.2275695], [24.68799313, 60.22768781], [24.68766462, 60.22784887], [24.68779919, 60.22787252], [24.68790188, 60.22789035], [24.68853825, 60.22757735], [24.68860393, 60.22761601], [24.68907767, 60.22789697], [24.68949597, 60.22814424], [24.69000321, 60.22797543], [24.69043006, 60.22783345], [24.69075212, 60.22801155], [24.69081242, 60.22804661], [24.69093507, 60.2281301], [24.69102701, 60.22819763], [24.69127044, 60.22839018], [24.69133494, 60.22843969], [24.69163162, 60.22866863], [24.69185271, 60.2287623], [24.69216978, 60.22889633], [24.6923089, 60.22872513], [24.6926764, 60.2287933], [24.6932077, 60.22900338], [24.69411171, 60.22820082], [24.69465545, 60.22788758], [24.69337118, 60.22761419], [24.69296367, 60.22794659], [24.69284946, 60.22806049], [24.69269283, 60.228021], [24.69315562, 60.22756603], [24.69324304, 60.22748033], [24.69325943, 60.22746422], [24.69308264, 60.22743984], [24.69291128, 60.22741234], [24.69280291, 60.2273656], [24.69271172, 60.22733343], [24.69256663, 60.22727593], [24.69249185, 60.2272263], [24.69242369, 60.2271634], [24.6923817, 60.22708028], [24.69236579, 60.22698717], [24.69234511, 60.22694054], [24.69229734, 60.22689735], [24.69228306, 60.22686087], [24.69222226, 60.22682115], [24.69216063, 60.22675486], [24.69211322, 60.22673016], [24.69201915, 60.22671719], [24.6918914, 60.22671627], [24.69184524, 60.22673151], [24.69181896, 60.22676322], [24.69179591, 60.22679673], [24.69174972, 60.2268153], [24.69169286, 60.22681714], [24.69162584, 60.22680612], [24.69158824, 60.22677444], [24.69157508, 60.22673492], [24.69149079, 60.22671803], [24.69146442, 60.22670172], [24.69140175, 60.22668838], [24.69136608, 60.22668139], [24.6913511, 60.22666322], [24.69136642, 60.22664603], [24.69137249, 60.22663374], [24.6913721, 60.22661696], [24.69133672, 60.22658026], [24.69133489, 60.22654453], [24.69131841, 60.22651209], [24.69127357, 60.22650265], [24.69123417, 60.22649044], [24.69122466, 60.22646556], [24.69124129, 60.22642395], [24.6911978, 60.2263858], [24.69109953, 60.22630084], [24.69106073, 60.22628271], [24.69099117, 60.22625373], [24.69090928, 60.22621145], [24.69086245, 60.22618352], [24.69083348, 60.22615527], [24.69076704, 60.22614021], [24.69070128, 60.22610954], [24.6906859, 60.22607648], [24.69069163, 60.22604238], [24.69068631, 60.22603295], [24.690634, 60.22601164], [24.6905521, 60.22597034], [24.69053281, 60.22595028], [24.69053237, 60.22593951], [24.69054016, 60.22591646], [24.69053126, 60.22588431], [24.69048724, 60.22584543], [24.69043502, 60.2258148], [24.69037784, 60.22579348], [24.69036433, 60.22579085], [24.69030405, 60.22575346], [24.69027313, 60.22570384], [24.69028077, 60.22563968], [24.69031549, 60.22551617], [24.6903936, 60.22544285], [24.69056399, 60.22528366], [24.69202812, 60.22391464], [24.6923684, 60.22364625], [24.69247045, 60.22355817], [24.69276817, 60.22332577], [24.69293115, 60.22320399], [24.69456839, 60.22194142], [24.69547336, 60.22124378], [24.69499639, 60.22108256], [24.69469438, 60.22084878], [24.69506173, 60.22063259], [24.69513635, 60.22058152], [24.69421958, 60.22016384], [24.69393351, 60.22007962], [24.69280568, 60.21989508], [24.69220583, 60.2197964], [24.69078879, 60.21957662], [24.69085626, 60.21896393], [24.68964557, 60.21884802], [24.68866472, 60.21817929], [24.68655626, 60.21777447], [24.68561531, 60.2175843], [24.68491454, 60.21740627], [24.67747122, 60.21539709], [24.67743469, 60.21531461], [24.67663846, 60.21351911], [24.67557286, 60.21155815], [24.6752875, 60.2110314], [24.67297585, 60.21174995], [24.66982546, 60.21272918], [24.66912572, 60.21257575], [24.66684144, 60.21361263], [24.66627583, 60.21378542], [24.66628578, 60.21381829], [24.66629317, 60.21383581], [24.6663022, 60.21385325], [24.66630432, 60.21385684], [24.66616243, 60.21392138], [24.66615283, 60.21390762], [24.66611407, 60.213835], [24.66601473, 60.21386527], [24.66540896, 60.21415446], [24.66304612, 60.21480925], [24.66258192, 60.2149042], [24.66160541, 60.21498249], [24.661522, 60.2149891], [24.66083978, 60.21513007], [24.66030672, 60.2151839], [24.65986743, 60.21522371], [24.65919891, 60.21534657], [24.6587925, 60.21539893], [24.65858763, 60.21542829], [24.65871482, 60.21547852], [24.65818578, 60.21577003], [24.65808968, 60.21580003], [24.65775943, 60.21560549], [24.65712681, 60.2153984], [24.65635039, 60.21610878], [24.65556403, 60.2163699], [24.65505572, 60.21653875], [24.65292248, 60.21724701], [24.65045947, 60.21806476], [24.65014054, 60.21813096], [24.64990301, 60.21817611], [24.6496596, 60.21821451], [24.6494146, 60.21824896], [24.64916535, 60.21827666], [24.64882621, 60.21830862], [24.65027015, 60.21937656], [24.65017877, 60.21947011], [24.65014299, 60.21952657], [24.65011207, 60.21958366], [24.65009791, 60.21964241], [24.65008917, 60.21970144], [24.65009774, 60.21976044], [24.65011173, 60.21981926], [24.65014197, 60.21987652], [24.65017763, 60.21993298], [24.65026864, 60.22002665], [24.65048325, 60.22020367], [24.65065167, 60.22024558], [24.64892199, 60.22109476], [24.64866354, 60.22127179], [24.64873875, 60.22127388], [24.64836363, 60.22152949], [24.64828566, 60.22158251], [24.64805557, 60.22173906], [24.64756212, 60.22207514], [24.64754249, 60.22208855], [24.64685709, 60.2225556], [24.6469024, 60.22257026], [24.64761335, 60.22279914], [24.64752938, 60.22285591], [24.64649008, 60.22356374], [24.64639804, 60.22366626], [24.6466567, 60.22372349], [24.64854203, 60.22443289], [24.64497748, 60.22543655], [24.64493184, 60.22545214], [24.64471452, 60.22542463], [24.64449108, 60.22541335], [24.64437845, 60.22541646], [24.64427775, 60.22541781], [24.64417877, 60.22540946], [24.64408036, 60.22539969], [24.64398746, 60.2253805], [24.64389565, 60.22536006], [24.64381368, 60.22533139], [24.64372311, 60.22529757], [24.64361646, 60.22524711], [24.64356218, 60.2252117], [24.64351441, 60.22517387], [24.64345722, 60.2251064], [24.64339885, 60.2250479], [24.64334632, 60.22499983], [24.64327804, 60.22495675], [24.6431936, 60.2249068], [24.64315213, 60.22488748], [24.64309111, 60.22487394], [24.64296205, 60.22484505], [24.64287341, 60.22483207], [24.6427831, 60.2248241], [24.64269164, 60.22482197], [24.64259958, 60.22482514], [24.64250962, 60.22483414], [24.64242232, 60.22484817], [24.64233928, 60.22486779], [24.64226107, 60.2248919], [24.64215178, 60.22493675], [24.64202801, 60.22506818], [24.64192746, 60.22520451], [24.6417316, 60.22554227], [24.64166834, 60.22568436], [24.64162369, 60.22580729], [24.64157634, 60.22593013], [24.64155742, 60.22597702], [24.64135043, 60.22649075], [24.64133285, 60.22651494], [24.64124073, 60.22662177], [24.64114754, 60.22672823], [24.64100905, 60.22691796], [24.64098388, 60.22699131], [24.64144733, 60.22703636], [24.64195096, 60.22741738], [24.64280178, 60.22743592], [24.64294947, 60.22744529], [24.64309877, 60.22745539], [24.64319026, 60.22745564], [24.64328072, 60.22745085], [24.64336292, 60.22750888], [24.64391254, 60.22789621], [24.64430011, 60.22740063], [24.64437204, 60.22745746], [24.64386447, 60.22823472], [24.64429621, 60.22945959], [24.64507494, 60.23009112], [24.64393075, 60.23070898], [24.63702203, 60.234456], [24.62718782, 60.2397878], [24.62316495, 60.24196806], [24.62208531, 60.24255316], [24.61190164, 60.24807446], [24.61189021, 60.24817082], [24.6118814, 60.24909867], [24.61191706, 60.25015967], [24.61192976, 60.25151249], [24.61193623, 60.25215676], [24.61196908, 60.25519576], [24.61196888, 60.25603649], [24.61204063, 60.25981876], [24.61206914, 60.26208083], [24.61203204, 60.2635666], [24.61201788, 60.26458015], [24.61198742, 60.26962595], [24.61198412, 60.27013431], [24.61197582, 60.27147602], [24.61193194, 60.27325894], [24.61189269, 60.27780837], [24.61184518, 60.27925632], [24.61492306, 60.27909573], [24.61711118, 60.27897855], [24.61774615, 60.279533], [24.61864973, 60.27955893], [24.61872012, 60.28054571], [24.61835279, 60.28061242], [24.61817927, 60.28061317], [24.61780723, 60.28061821], [24.61770527, 60.28066638], [24.61756528, 60.28072127], [24.61724684, 60.28087257], [24.61719071, 60.28094296], [24.61715967, 60.28100049], [24.61703933, 60.28109035], [24.61694525, 60.28120559], [24.61692104, 60.28128208], [24.61698051, 60.28139022], [24.61697518, 60.28142844], [24.61677716, 60.28148361], [24.61667547, 60.28155422], [24.61664526, 60.28163402], [24.61663383, 60.28172975], [24.61669392, 60.28183152], [24.61676768, 60.282016], [24.61680817, 60.28212409], [24.61682896, 60.28220071], [24.61687607, 60.28229922], [24.61699211, 60.28234649], [24.61708959, 60.28240341], [24.6171999, 60.28247625], [24.61736157, 60.28251693], [24.61754202, 60.28257354], [24.61762582, 60.28259541], [24.61770468, 60.28266834], [24.61777543, 60.2826935], [24.61800748, 60.28274344], [24.61829162, 60.28283778], [24.61846007, 60.28290073], [24.61859016, 60.28299903], [24.61868861, 60.2831133], [24.61873701, 60.28328827], [24.61875749, 60.2833456], [24.61887385, 60.28341208], [24.61904191, 60.28346219], [24.61913215, 60.28349046], [24.61918906, 60.28353954], [24.61955212, 60.28346922], [24.61984582, 60.28344206], [24.62009568, 60.28340651], [24.62038868, 60.28334497], [24.62064688, 60.28329231], [24.62087194, 60.28329133], [24.62101052, 60.28331201], [24.62108954, 60.28337192], [24.62118666, 60.2834616], [24.62138015, 60.28365817], [24.62160934, 60.28386319], [24.62173269, 60.28398283], [24.62182064, 60.28406825], [24.62197958, 60.28425225], [24.62219132, 60.28446602], [24.6222277, 60.28455588], [24.6223161, 60.28465001], [24.62237831, 60.28475708], [24.62240646, 60.28485562], [24.62239896, 60.28494159], [24.62239245, 60.28503608], [24.62243332, 60.28511275], [24.62256471, 60.28519391], [24.62273193, 60.28531878], [24.62284745, 60.28541254], [24.6228621, 60.28550674], [24.62295364, 60.28565706], [24.62307014, 60.28580737], [24.62328813, 60.28595079], [24.62349253, 60.28605037], [24.62369751, 60.28619393], [24.62385114, 60.28627487], [24.62408024, 60.28634912], [24.62437312, 60.28644212], [24.62491857, 60.28650227], [24.62552732, 60.28657489], [24.62599709, 60.28666059], [24.6265696, 60.28682133], [24.62700312, 60.28699514], [24.62732321, 60.28717591], [24.62769539, 60.28745061], [24.62804183, 60.28770029], [24.62841231, 60.28788703], [24.62869267, 60.28798618], [24.62890833, 60.28800401], [24.62922461, 60.28799628], [24.62950114, 60.28790694], [24.62967704, 60.28784344], [24.62983251, 60.28771633], [24.62980393, 60.28760585], [24.62973015, 60.28751167], [24.62967717, 60.28740077], [24.62963518, 60.28718049], [24.62963199, 60.28703149], [24.62968813, 60.28686318], [24.6298969, 60.28672159], [24.63011484, 60.28663226], [24.63032937, 60.28655782], [24.63059937, 60.28651657], [24.63092474, 60.28651927], [24.63122972, 60.28655153], [24.63179288, 60.2865802], [24.63211934, 60.28663118], [24.63235416, 60.28672886], [24.63253001, 60.28686227], [24.63271161, 60.28706301], [24.63279528, 60.28724311], [24.63280729, 60.28743001], [24.63278064, 60.28758126], [24.63266578, 60.28776449], [24.63251264, 60.28792679], [24.63235627, 60.2880381], [24.63228359, 60.28813573], [24.6322696, 60.28827023], [24.63237367, 60.28842095], [24.63242284, 60.28863111], [24.63245994, 60.28890101], [24.63246261, 60.28905046], [24.63243232, 60.2891395], [24.6323377, 60.28920987], [24.63215929, 60.28925516], [24.63203884, 60.2893067], [24.63196353, 60.28939598], [24.63192727, 60.28948518], [24.63190309, 60.28956158], [24.63200078, 60.28965322], [24.63218192, 60.28975084], [24.63230554, 60.28985197], [24.63246763, 60.28995609], [24.63266769, 60.29005995], [24.63286768, 60.29012252], [24.63301507, 60.2901345], [24.63319341, 60.2900956], [24.63340994, 60.29003731], [24.63359512, 60.29001736], [24.63380593, 60.28998473], [24.63396552, 60.28997431], [24.63406237, 60.28999621], [24.63417875, 60.29006546], [24.63432216, 60.29019196], [24.63443379, 60.29034709], [24.6345197, 60.2904737], [24.63457299, 60.29060704], [24.63459567, 60.29076256], [24.63459117, 60.29087384], [24.6345099, 60.29096319], [24.63436371, 60.29103702], [24.63407172, 60.29114957], [24.63375979, 60.29124968], [24.63354431, 60.29135868], [24.63343092, 60.29145772], [24.63336329, 60.2915884], [24.63337213, 60.29171866], [24.63342564, 60.29183279], [24.63351148, 60.29196577], [24.63367995, 60.29208256], [24.63388011, 60.29218013], [24.63423271, 60.29232453], [24.6346519, 60.29257708], [24.63502188, 60.29306044], [24.6351516, 60.29363737], [24.6350501, 60.29383805], [24.63474312, 60.29393046], [24.63426372, 60.29396693], [24.63373923, 60.29391154], [24.63323672, 60.29383252], [24.63285271, 60.29382796], [24.63232857, 60.29388772], [24.63156975, 60.29402465], [24.63121346, 60.29416], [24.63094115, 60.29430419], [24.63085995, 60.29438519], [24.63076547, 60.2944894], [24.63068519, 60.29463279], [24.63068303, 60.29468017], [24.63067592, 60.29482977], [24.63072357, 60.29498212], [24.63087408, 60.29515298], [24.63111343, 60.29528657], [24.63132063, 60.29538606], [24.63154556, 60.29545166], [24.63177403, 60.29549269], [24.63188745, 60.29558554], [24.63214016, 60.2957381], [24.63240006, 60.29592739], [24.63276711, 60.29609113], [24.63294533, 60.29625946], [24.63300487, 60.29641714], [24.63309003, 60.2965153], [24.63325078, 60.29659697], [24.63335924, 60.29664915], [24.63345867, 60.29668335], [24.63354283, 60.29672522], [24.63364578, 60.29673718], [24.6336613, 60.29675625], [24.63373862, 60.29677881], [24.63381773, 60.29688529], [24.63396796, 60.29708326], [24.63406981, 60.29719348], [24.63432057, 60.29742538], [24.63436809, 60.2974939], [24.63440145, 60.29761597], [24.63439471, 60.29768479], [24.63440491, 60.29779154], [24.63441363, 60.29793346], [24.63467068, 60.29828376], [24.63490761, 60.29863813], [24.63510993, 60.29883713], [24.63531119, 60.29898524], [24.63577039, 60.29925908], [24.63584294, 60.29936985], [24.63588378, 60.29950298], [24.63576237, 60.29983357], [24.6354188, 60.30018661], [24.63552679, 60.3001844], [24.63557652, 60.30025014], [24.63556518, 60.30034229], [24.63546549, 60.30047629], [24.63540344, 60.30059091], [24.63545866, 60.30079723], [24.63548742, 60.30094324], [24.63545193, 60.30110874], [24.63533972, 60.30124594], [24.63529062, 60.30136697], [24.63528715, 60.30153211], [24.63523304, 60.30171353], [24.63519163, 60.30187587], [24.6352138, 60.30202833], [24.63520992, 60.3020846], [24.63519332, 60.30230795], [24.63512736, 60.30253071], [24.63507324, 60.30271214], [24.63508924, 60.30288361], [24.63521477, 60.30306104], [24.63531386, 60.30322583], [24.63543212, 60.3033747], [24.63562693, 60.30351991], [24.63573287, 60.30370366], [24.63574206, 60.30385303], [24.63572761, 60.30407863], [24.63567558, 60.30436498], [24.63563663, 60.30454959], [24.63763046, 60.30384635], [24.64112108, 60.30261534], [24.64104686, 60.30295108], [24.64099846, 60.30345617], [24.64102273, 60.30371661], [24.64109196, 60.30393508], [24.6410805, 60.30433715], [24.64113567, 60.30484835], [24.64115108, 60.30497701], [24.64129313, 60.30528516], [24.64135585, 60.30550352], [24.64132078, 60.30568383], [24.64132343, 60.30583812], [24.64131333, 60.30596698], [24.64126395, 60.30611503], [24.64125599, 60.30634675], [24.64125977, 60.3065461], [24.64131625, 60.30679029], [24.64135764, 60.30692495], [24.64179425, 60.30684768], [24.64216321, 60.30710187], [24.64240789, 60.3070581], [24.64405704, 60.30676356], [24.64699257, 60.30623959], [24.64629302, 60.30534092], [24.64490536, 60.30355122], [24.64469978, 60.30329397], [24.64354222, 60.30176506], [24.64450255, 60.30161954], [24.64679869, 60.30127545], [24.650047, 60.30077882], [24.65299147, 60.30032529], [24.65894861, 60.29940809], [24.66036888, 60.29858357], [24.66469116, 60.29605084], [24.66962623, 60.2931463], [24.67164687, 60.29195418], [24.6719252, 60.29151355], [24.6719938, 60.29143411], [24.67254267, 60.2911688], [24.67296021, 60.29118078], [24.67400171, 60.29057364], [24.67471316, 60.29015507], [24.67586474, 60.29053135], [24.67738961, 60.28974245], [24.68262958, 60.28941095], [24.68276349, 60.28919362], [24.68394903, 60.28903534], [24.68461683, 60.28845801], [24.68442894, 60.28797586], [24.68338005, 60.28752307], [24.68192547, 60.28741145], [24.68223147, 60.28661642], [24.68388708, 60.28623829], [24.6859826, 60.28573346], [24.68636745, 60.28615092], [24.68679366, 60.28655339], [24.68738974, 60.2871162], [24.68740497, 60.28711157], [24.68819372, 60.28686606], [24.6887132, 60.2872735], [24.68956809, 60.28697196], [24.69108028, 60.28643867], [24.69110864, 60.2864224], [24.69113808, 60.28640559], [24.69277623, 60.28602668], [24.69405454, 60.28573102], [24.69395375, 60.28554787], [24.69392548, 60.28549701], [24.69502807, 60.28380168], [24.69567406, 60.28192085], [24.69612476, 60.28080157], [24.6961408, 60.28076679], [24.69320778, 60.28036702], [24.69031813, 60.27997527], [24.68586087, 60.27936992], [24.68578495, 60.27937082], [24.68548199, 60.27805754], [24.68556721, 60.27804715], [24.68417272, 60.27674987], [24.68512372, 60.27663455], [24.68416268, 60.27649781], [24.67918799, 60.27580655]]]}, "geometry_name": "geom", "properties": {"posnro": "02740", "postitoimi": "ESPOO", "postitoiru": "ESBO", "nimi": "Bemböle-Pakankylä", "nimiru": "Bemböle-Backby", "kunta": "Espoo", "kunta_nro": "049"}}, {"type": "Feature", "id": "pks_postinumeroalueet_2024.160", "geometry": {"type": "MultiPolygon", "coordinates": [[[[24.75349082, 60.19820325], [24.7536593, 60.1981673], [24.75334325, 60.19783121], [24.75301649, 60.19748047], [24.7526892, 60.19713027], [24.75210267, 60.1973777], [24.75175382, 60.19716137], [24.75147873, 60.19699077], [24.75085916, 60.19724244], [24.75000787, 60.19645845], [24.75033201, 60.19636356], [24.75023152, 60.19627856], [24.75332639, 60.19539282], [24.75336238, 60.1954979], [24.75336733, 60.19555894], [24.75336579, 60.19562033], [24.75334748, 60.19568088], [24.75332378, 60.19574106], [24.7532844, 60.19579897], [24.75323908, 60.19585606], [24.75313401, 60.19594885], [24.75337375, 60.1960001], [24.75334026, 60.19606753], [24.75332528, 60.19611696], [24.75332329, 60.19616694], [24.75333049, 60.19621659], [24.75335121, 60.19626555], [24.75339182, 60.19633204], [24.75431304, 60.19594781], [24.75476119, 60.19626475], [24.75621626, 60.19565513], [24.75720526, 60.19524066], [24.75783451, 60.19498323], [24.75806777, 60.19488681], [24.7592146, 60.19440422], [24.75899185, 60.1943216], [24.7587745, 60.19424106], [24.75192809, 60.19169906], [24.75232669, 60.19147784], [24.75326731, 60.19108638], [24.75353317, 60.19096831], [24.75387026, 60.19079687], [24.75428931, 60.19058386], [24.75435097, 60.19050956], [24.75478328, 60.1899686], [24.75486085, 60.18986383], [24.75432087, 60.18961735], [24.75356181, 60.18916663], [24.75346922, 60.18911215], [24.75076902, 60.18751657], [24.75111416, 60.18720837], [24.74976718, 60.18686692], [24.74980344, 60.18743172], [24.74982378, 60.18774321], [24.75045813, 60.18787168], [24.75146193, 60.18819524], [24.75168039, 60.18826584], [24.75177604, 60.18848825], [24.75139231, 60.18867952], [24.75104308, 60.1885261], [24.75054405, 60.18830643], [24.75021474, 60.1885214], [24.75012957, 60.18862949], [24.74965519, 60.18843903], [24.74833761, 60.18842065], [24.74763432, 60.18832642], [24.74749172, 60.1883073], [24.7473013, 60.18845898], [24.74718841, 60.18872596], [24.74703289, 60.18904977], [24.74691712, 60.18926801], [24.74678946, 60.18948515], [24.74658694, 60.18980223], [24.74641156, 60.19003624], [24.74625041, 60.19024757], [24.74607036, 60.19045519], [24.7458696, 60.19068386], [24.74552298, 60.19103324], [24.74541359, 60.19112332], [24.74529826, 60.19121214], [24.74520161, 60.19126257], [24.74513056, 60.19129071], [24.74505358, 60.1913147], [24.74492628, 60.19134363], [24.74407597, 60.1921374], [24.74369465, 60.19249343], [24.74337041, 60.19288055], [24.74332099, 60.19297613], [24.74319835, 60.19316788], [24.74315018, 60.19324318], [24.74304474, 60.19344761], [24.7430486, 60.19350659], [24.7428518, 60.19398397], [24.7428314, 60.19403401], [24.74278928, 60.19430275], [24.74274092, 60.1946089], [24.74269548, 60.19543886], [24.74262153, 60.19569631], [24.74263015, 60.19590815], [24.74064899, 60.19557507], [24.74079114, 60.19544915], [24.73951575, 60.19518995], [24.73993865, 60.19355205], [24.73963307, 60.1935562], [24.73920289, 60.19522291], [24.73766192, 60.19544569], [24.73448179, 60.19538506], [24.73455048, 60.19518352], [24.73425579, 60.19510942], [24.73387974, 60.19519699], [24.73308334, 60.19443552], [24.73251289, 60.19388992], [24.7323329, 60.19387816], [24.73234408, 60.19383358], [24.73128954, 60.1937644], [24.73038409, 60.19378204], [24.72964848, 60.19379633], [24.72949165, 60.19379628], [24.72935, 60.19379088], [24.72919489, 60.19377916], [24.72903767, 60.19376062], [24.72813665, 60.19363528], [24.72771315, 60.19357643], [24.72758129, 60.19356386], [24.72739038, 60.1935649], [24.72720578, 60.19358813], [24.72658891, 60.19376098], [24.72645121, 60.19380091], [24.72634474, 60.19385768], [24.72638396, 60.19388954], [24.72569298, 60.19425853], [24.72722114, 60.19447476], [24.72661949, 60.19619734], [24.72476761, 60.19639411], [24.7237296, 60.19434923], [24.72342371, 60.19445307], [24.72310448, 60.19453471], [24.72276704, 60.19459611], [24.72171925, 60.19475036], [24.72161154, 60.19456964], [24.72265986, 60.1944153], [24.72286837, 60.19437975], [24.72317021, 60.19430821], [24.72326888, 60.19427925], [24.72345057, 60.19421716], [24.72363064, 60.19415498], [24.72272358, 60.19237451], [24.72016884, 60.19314848], [24.71911203, 60.19347681], [24.7185515, 60.19369687], [24.7178298, 60.1939812], [24.7177873, 60.19395419], [24.71671663, 60.19437949], [24.71434058, 60.19291445], [24.71551914, 60.19151869], [24.7144917, 60.19083121], [24.71378737, 60.19111125], [24.71366421, 60.19115829], [24.71285227, 60.19143531], [24.71327192, 60.18988283], [24.71310967, 60.18982414], [24.70919994, 60.19137439], [24.70781156, 60.1904887], [24.70533903, 60.19147833], [24.70521204, 60.19152903], [24.70380465, 60.19066344], [24.70216181, 60.18965299], [24.70103042, 60.18895717], [24.70018361, 60.18842831], [24.69709463, 60.18653519], [24.69539025, 60.18549955], [24.69248787, 60.18683738], [24.68793372, 60.18893624], [24.6868105, 60.18946243], [24.68375294, 60.19089448], [24.68314153, 60.19216593], [24.68443434, 60.19241054], [24.68447103, 60.19241924], [24.6849321, 60.19289308], [24.68609791, 60.1935865], [24.68618124, 60.19403503], [24.68620914, 60.19417215], [24.6861667, 60.19436852], [24.68655469, 60.19491183], [24.68690013, 60.19538116], [24.68750947, 60.19574171], [24.6882618, 60.19636638], [24.68832709, 60.19643923], [24.68893454, 60.19665903], [24.68917393, 60.19668167], [24.6915482, 60.19691995], [24.69173203, 60.19704199], [24.69205723, 60.19725726], [24.69252609, 60.19755373], [24.69255874, 60.19758971], [24.69322588, 60.19762087], [24.69313979, 60.19803687], [24.69307008, 60.19843504], [24.69297636, 60.19891456], [24.69294953, 60.19906483], [24.6937884, 60.19941897], [24.69393118, 60.19947935], [24.69559072, 60.20017266], [24.6971905, 60.2008432], [24.69839293, 60.20114204], [24.69877126, 60.20123606], [24.69898984, 60.20129032], [24.69857747, 60.20136945], [24.69836465, 60.20139428], [24.69797508, 60.20146421], [24.69763746, 60.20164887], [24.69804956, 60.20201313], [24.69826956, 60.20220688], [24.69921858, 60.20194776], [24.70101914, 60.20197202], [24.69940567, 60.20313967], [24.69954219, 60.2032353], [24.69882276, 60.203703], [24.69879858, 60.20368526], [24.69874269, 60.20364447], [24.69862232, 60.20355678], [24.69792049, 60.20393054], [24.69772152, 60.20403644], [24.69770467, 60.20404529], [24.69694303, 60.20445077], [24.69615962, 60.20486786], [24.6957709, 60.20507484], [24.69549487, 60.20514637], [24.69526169, 60.20520669], [24.69489401, 60.20530179], [24.69443414, 60.20542091], [24.69373403, 60.20560195], [24.69301873, 60.20578699], [24.69253878, 60.20591144], [24.69183593, 60.20609309], [24.69179146, 60.20610456], [24.69075074, 60.20637392], [24.69020419, 60.20673193], [24.69190962, 60.206947], [24.69216287, 60.20699875], [24.6926062, 60.20708918], [24.69263041, 60.20704597], [24.6928357, 60.2070784], [24.69335577, 60.20717869], [24.69506619, 60.20744328], [24.69545525, 60.20749525], [24.69654352, 60.20758453], [24.69691344, 60.20760037], [24.69770339, 60.20759499], [24.69803223, 60.20754853], [24.69878416, 60.20750105], [24.69950181, 60.20741544], [24.70020036, 60.20728723], [24.70086569, 60.2071235], [24.70148908, 60.20693004], [24.7020467, 60.20677091], [24.70214108, 60.20674392], [24.70274268, 60.2065654], [24.70339108, 60.20641598], [24.7040241, 60.20629227], [24.70448686, 60.2062093], [24.70448686, 60.2062093], [24.70456185, 60.20653348], [24.70535164, 60.20648398], [24.70713905, 60.20643409], [24.70713804, 60.20648749], [24.70713441, 60.20671214], [24.70729596, 60.2067974], [24.70767332, 60.20700961], [24.70784026, 60.20709739], [24.70932522, 60.20711367], [24.70957019, 60.20749405], [24.7098262, 60.20748204], [24.70971281, 60.20757882], [24.70983502, 60.20764784], [24.71004162, 60.20747219], [24.71106275, 60.20763284], [24.7114019, 60.20770242], [24.7118263, 60.20780036], [24.71252954, 60.20799729], [24.71307445, 60.20817322], [24.71400693, 60.20851513], [24.7142555, 60.20861395], [24.7141378, 60.20870982], [24.71545557, 60.20923476], [24.71583562, 60.20908397], [24.71592777, 60.209126], [24.71648969, 60.2089047], [24.71670521, 60.20881989], [24.71804994, 60.20829078], [24.718209, 60.2082282], [24.718342, 60.20817589], [24.71886424, 60.2079702], [24.7195439, 60.20770265], [24.71927468, 60.20742474], [24.71894147, 60.20710127], [24.71886957, 60.20703138], [24.7188422, 60.20700494], [24.71879498, 60.20695933], [24.7187821, 60.2069471], [24.71870356, 60.20702152], [24.71854072, 60.20721055], [24.71837625, 60.20727321], [24.71740522, 60.20700933], [24.71773797, 60.20675406], [24.71744973, 60.2065515], [24.7180363, 60.20622353], [24.7178072, 60.20600108], [24.7172401, 60.20544941], [24.71682486, 60.20504526], [24.71588664, 60.20412237], [24.71630029, 60.20402013], [24.71728533, 60.20377648], [24.71736448, 60.20375708], [24.71744038, 60.20373822], [24.71752766, 60.20371659], [24.71803891, 60.20358628], [24.71846395, 60.20347786], [24.71912044, 60.20331626], [24.71955574, 60.20320956], [24.71994116, 60.2031156], [24.72020191, 60.20305197], [24.72039272, 60.20300535], [24.72091856, 60.20287433], [24.7212411, 60.20279414], [24.72195286, 60.20261837], [24.7221762, 60.20256265], [24.7224452, 60.20273698], [24.72320211, 60.20323733], [24.72400648, 60.20375635], [24.72458378, 60.20413317], [24.72466449, 60.20418504], [24.72662958, 60.20545356], [24.72708266, 60.20574772], [24.72746632, 60.20599731], [24.72817155, 60.20556919], [24.728129, 60.20554604], [24.72863171, 60.20526838], [24.72892383, 60.20540173], [24.72904033, 60.20544433], [24.72914921, 60.20536225], [24.729774, 60.20563278], [24.73046481, 60.2054396], [24.73091268, 60.20531647], [24.73162656, 60.20541072], [24.73203453, 60.20547016], [24.73303202, 60.20561542], [24.73441007, 60.20580191], [24.73453166, 60.20581831], [24.73426215, 60.20596317], [24.73410035, 60.20603573], [24.73395522, 60.20611873], [24.73391646, 60.20616173], [24.73417793, 60.20641025], [24.73455555, 60.20661205], [24.73592121, 60.20686277], [24.73662841, 60.20617765], [24.73674368, 60.20630712], [24.73731369, 60.2066731], [24.73754405, 60.20702522], [24.7376185, 60.20732317], [24.73772631, 60.20730516], [24.73916211, 60.2071099], [24.73972425, 60.20840545], [24.73995858, 60.20894488], [24.73999631, 60.20903175], [24.74011958, 60.20931633], [24.74068928, 60.20932085], [24.74096854, 60.20931207], [24.74125808, 60.20930294], [24.74156286, 60.20928127], [24.74182271, 60.20926284], [24.74237833, 60.20920064], [24.7423831, 60.20921277], [24.74277296, 60.20917511], [24.74276075, 60.2091443], [24.74359193, 60.20899189], [24.74449776, 60.20876961], [24.74483145, 60.2086472], [24.74498663, 60.20859033], [24.74497328, 60.20842901], [24.74491197, 60.20768456], [24.74485165, 60.2074396], [24.74473566, 60.20704894], [24.74420632, 60.20638311], [24.74351466, 60.2055134], [24.74331754, 60.20533154], [24.74320969, 60.20521671], [24.7431089, 60.2051002], [24.7430211, 60.2049811], [24.74294143, 60.20486068], [24.74287531, 60.20473812], [24.74281731, 60.2046146], [24.74274587, 60.20441117], [24.74175255, 60.20400893], [24.74038422, 60.20362588], [24.73971615, 60.20348572], [24.73937661, 60.20339485], [24.73810093, 60.20306779], [24.73681054, 60.20275621], [24.73560801, 60.20248698], [24.73439458, 60.20222965], [24.73451808, 60.20207579], [24.734947, 60.20154405], [24.73496014, 60.20152442], [24.73540743, 60.20159891], [24.73673344, 60.20184568], [24.73804416, 60.20211296], [24.73975865, 60.20249088], [24.74027489, 60.20260525], [24.74108564, 60.20275996], [24.74117536, 60.20276884], [24.74177265, 60.20282789], [24.74238259, 60.20251512], [24.74255856, 60.20242481], [24.74283861, 60.20230733], [24.74312943, 60.20219695], [24.7434915, 60.20210449], [24.74371095, 60.20205743], [24.74393199, 60.20201352], [24.74415893, 60.20197689], [24.74438746, 60.20194358], [24.74462027, 60.20191791], [24.74485412, 60.20189548], [24.74525786, 60.2018704], [24.74545836, 60.20161463], [24.74554741, 60.2015009], [24.74840973, 60.20167878], [24.74859889, 60.20198412], [24.74862186, 60.20202222], [24.75368012, 60.2026074], [24.75382001, 60.20263584], [24.75349548, 60.20234129], [24.75388079, 60.20239263], [24.75302413, 60.2007111], [24.75382716, 60.20045347], [24.75401976, 60.1998707], [24.75386088, 60.19985075], [24.75357599, 60.19982841], [24.75339701, 60.19982107], [24.75321691, 60.19981832], [24.7529291, 60.19982451], [24.75283008, 60.19982971], [24.75297367, 60.19965227], [24.75282078, 60.19905206], [24.75282086, 60.19904183], [24.75282362, 60.19903519], [24.75282799, 60.19902892], [24.75283398, 60.19902301], [24.7528416, 60.19901764], [24.75285137, 60.19901299], [24.75286222, 60.19900879], [24.7528801, 60.19900415], [24.75404726, 60.19879747], [24.75398931, 60.1987357], [24.75375803, 60.19849024], [24.75349082, 60.19820325]]], [[[24.74635162, 60.21196421], [24.74564322, 60.21085887], [24.7456213, 60.21082463], [24.74492326, 60.21069046], [24.74339108, 60.21046222], [24.7431626, 60.21041169], [24.74305682, 60.21037657], [24.74295158, 60.21034101], [24.7428594, 60.21029694], [24.7427683, 60.21025296], [24.74269296, 60.21020157], [24.74261923, 60.21015026], [24.74251027, 60.21003849], [24.74234798, 60.20982716], [24.74198535, 60.20984225], [24.74168335, 60.20985252], [24.74138143, 60.20985382], [24.7410173, 60.20985257], [24.74073869, 60.2098479], [24.74034384, 60.20983187], [24.74057519, 60.21033934], [24.74060692, 60.21043257], [24.74097206, 60.21126683], [24.74108107, 60.21150956], [24.74135584, 60.21214251], [24.7416237, 60.21275928], [24.74166137, 60.21285476], [24.74178683, 60.21313998], [24.74254707, 60.21321424], [24.74321793, 60.21330045], [24.74391472, 60.21339353], [24.74457128, 60.21350986], [24.74523861, 60.21363357], [24.74589546, 60.213784], [24.74653655, 60.21394364], [24.74714886, 60.21411705], [24.74775734, 60.21429771], [24.74795596, 60.21436496], [24.74801954, 60.21447117], [24.74836376, 60.21509992], [24.74867062, 60.21573345], [24.7489412, 60.21637104], [24.74917388, 60.2170125], [24.7493692, 60.21765677], [24.75087234, 60.21819615], [24.75069258, 60.21749357], [24.75062526, 60.21723621], [24.75056768, 60.21705094], [24.75051551, 60.21686532], [24.75043032, 60.21660945], [24.75003937, 60.2156435], [24.75001541, 60.21559166], [24.74987523, 60.21531002], [24.74973614, 60.21502739], [24.74970893, 60.214976], [24.74946795, 60.21450138], [24.74767279, 60.2138924], [24.74758944, 60.21375366], [24.74698038, 60.2127372], [24.74668761, 60.2122491], [24.74649085, 60.21194212], [24.74635162, 60.21196421]]]]}, "geometry_name": "geom", "properties": {"posnro": "02750", "postitoimi": "ESPOO", "postitoiru": "ESBO", "nimi": "Sepänkylä-Kuurinniitty", "nimiru": "Smedsby-Kurängen", "kunta": "Espoo", "kunta_nro": "049"}}, {"type": "Feature", "id": "pks_postinumeroalueet_2024.161", "geometry": {"type": "Polygon", "coordinates": [[[24.66203602, 60.20132141], [24.66255756, 60.20126062], [24.66365373, 60.20187015], [24.66462784, 60.20241186], [24.6645572, 60.20244319], [24.66447338, 60.20249324], [24.66443625, 60.20252689], [24.6644056, 60.20256236], [24.66438953, 60.20260001], [24.66438048, 60.20263832], [24.66439064, 60.20270332], [24.66443976, 60.20276664], [24.66451491, 60.20282337], [24.66492587, 60.20305158], [24.66521865, 60.20335838], [24.66534588, 60.20340125], [24.66525483, 60.20384315], [24.66548785, 60.20396284], [24.66558426, 60.20405697], [24.6658457, 60.20420213], [24.66608423, 60.2040996], [24.66623353, 60.20399407], [24.66681612, 60.20431811], [24.66688418, 60.2042752], [24.6672516, 60.20447942], [24.66740243, 60.20438178], [24.66862258, 60.2048407], [24.66881204, 60.20493739], [24.67132455, 60.20621932], [24.67157646, 60.20634785], [24.67202262, 60.20614889], [24.67209417, 60.20613497], [24.67214024, 60.20612593], [24.67223814, 60.20623747], [24.67248314, 60.2065164], [24.67252272, 60.20656156], [24.67136942, 60.20665609], [24.67131107, 60.20675629], [24.67122534, 60.2067813], [24.67045484, 60.2070053], [24.67018264, 60.20706539], [24.6699865, 60.20709461], [24.66985435, 60.20710828], [24.66972063, 60.20711657], [24.66951555, 60.20712036], [24.66837753, 60.20703692], [24.66803496, 60.20699343], [24.66801501, 60.20714812], [24.6680115, 60.20717342], [24.66766049, 60.20785836], [24.66764437, 60.20790077], [24.66762988, 60.20794193], [24.66763649, 60.20798369], [24.66764418, 60.20802652], [24.66770077, 60.20810178], [24.66774803, 60.20813619], [24.66779692, 60.20817015], [24.66792084, 60.20822198], [24.66800288, 60.20824103], [24.66808548, 60.20825901], [24.66818874, 60.20826654], [24.66829258, 60.20827075], [24.66866491, 60.20826118], [24.66921855, 60.20824658], [24.66950473, 60.20830285], [24.66973799, 60.20835056], [24.66974835, 60.20834196], [24.66975707, 60.20833534], [24.66976903, 60.2083299], [24.66978153, 60.2083249], [24.66979617, 60.20832144], [24.66981135, 60.20831852], [24.66982705, 60.2083173], [24.66984329, 60.20831671], [24.66985897, 60.20831801], [24.66987842, 60.20832012], [24.67107449, 60.20855538], [24.67256702, 60.20884897], [24.67297133, 60.20877943], [24.67366261, 60.20874325], [24.67381627, 60.20874336], [24.67397154, 60.20874455], [24.67397175, 60.20894201], [24.67422024, 60.20892709], [24.67277377, 60.20938541], [24.6728929, 60.20948425], [24.67264156, 60.20956729], [24.67308933, 60.209917], [24.67330002, 60.20994974], [24.67326758, 60.21000109], [24.67314009, 60.20998139], [24.67296559, 60.20995448], [24.67288506, 60.20989136], [24.67220702, 60.2102785], [24.67192189, 60.21016875], [24.67156204, 60.20984707], [24.67168417, 60.2097543], [24.67183709, 60.20971986], [24.67145266, 60.2096392], [24.67099999, 60.20951162], [24.67081469, 60.20948199], [24.66969504, 60.20933901], [24.6695309, 60.20930503], [24.66959748, 60.2094637], [24.67001652, 60.20954624], [24.67118079, 60.20998947], [24.67087961, 60.21018537], [24.66972237, 60.20995784], [24.66954371, 60.21018313], [24.66853715, 60.20998531], [24.66846741, 60.20965789], [24.66866963, 60.20940341], [24.66848495, 60.20936704], [24.66837918, 60.20950069], [24.66751088, 60.20932987], [24.66742969, 60.20927895], [24.66720765, 60.20913955], [24.66756003, 60.20869615], [24.66748584, 60.20864947], [24.66690267, 60.20853482], [24.66628227, 60.20931646], [24.6660148, 60.20965336], [24.66597808, 60.20969958], [24.66647055, 60.2097965], [24.6665888, 60.21019423], [24.66558435, 60.21026826], [24.6671055, 60.21057043], [24.66747161, 60.21064315], [24.66969529, 60.2110903], [24.67297585, 60.21174995], [24.6752875, 60.2110314], [24.67628072, 60.21072337], [24.67650655, 60.21064906], [24.67656843, 60.21062875], [24.67705202, 60.21047753], [24.67836108, 60.21007169], [24.67849133, 60.21003135], [24.67951163, 60.20971501], [24.67985515, 60.20960975], [24.68034521, 60.20945853], [24.68150547, 60.20910015], [24.6822384, 60.20889807], [24.68444513, 60.20830136], [24.68540625, 60.20805161], [24.68633559, 60.20778535], [24.68799916, 60.20734104], [24.68819012, 60.20728656], [24.68955056, 60.20691162], [24.68968942, 60.20687335], [24.68982829, 60.20683517], [24.69017272, 60.20674092], [24.69020419, 60.20673193], [24.69075074, 60.20637392], [24.69179146, 60.20610456], [24.69183593, 60.20609309], [24.69253878, 60.20591144], [24.69301873, 60.20578699], [24.69373403, 60.20560195], [24.69443414, 60.20542091], [24.69489401, 60.20530179], [24.69526169, 60.20520669], [24.69549487, 60.20514637], [24.6957709, 60.20507484], [24.69615962, 60.20486786], [24.69694303, 60.20445077], [24.69770467, 60.20404529], [24.69772152, 60.20403644], [24.69792049, 60.20393054], [24.69862232, 60.20355678], [24.69874269, 60.20364447], [24.69879858, 60.20368526], [24.69882276, 60.203703], [24.69954219, 60.2032353], [24.69940567, 60.20313967], [24.70101914, 60.20197202], [24.69921858, 60.20194776], [24.69826956, 60.20220688], [24.69804956, 60.20201313], [24.69763746, 60.20164887], [24.69797508, 60.20146421], [24.69836465, 60.20139428], [24.69857747, 60.20136945], [24.69898984, 60.20129032], [24.69877126, 60.20123606], [24.69839293, 60.20114204], [24.6971905, 60.2008432], [24.69559072, 60.20017266], [24.69393118, 60.19947935], [24.6937884, 60.19941897], [24.69294953, 60.19906483], [24.69297636, 60.19891456], [24.69307008, 60.19843504], [24.69313979, 60.19803687], [24.69322588, 60.19762087], [24.69255874, 60.19758971], [24.69252609, 60.19755373], [24.69205723, 60.19725726], [24.69173203, 60.19704199], [24.6915482, 60.19691995], [24.68917393, 60.19668167], [24.68893454, 60.19665903], [24.68832709, 60.19643923], [24.6882618, 60.19636638], [24.68750947, 60.19574171], [24.68690013, 60.19538116], [24.68655469, 60.19491183], [24.6861667, 60.19436852], [24.68620914, 60.19417215], [24.68618124, 60.19403503], [24.68609791, 60.1935865], [24.6849321, 60.19289308], [24.68447103, 60.19241924], [24.68443434, 60.19241054], [24.68314153, 60.19216593], [24.68375294, 60.19089448], [24.6868105, 60.18946243], [24.68793372, 60.18893624], [24.6866281, 60.18851509], [24.68596397, 60.18886832], [24.68459254, 60.18860316], [24.68540769, 60.18812141], [24.6845194, 60.18782921], [24.68450767, 60.18781231], [24.68374617, 60.18794396], [24.68111687, 60.18948862], [24.68029812, 60.18905188], [24.68001742, 60.1891677], [24.67980465, 60.18925075], [24.67958274, 60.18932776], [24.67935708, 60.18940154], [24.67912336, 60.18946918], [24.6788859, 60.18953332], [24.678642, 60.18959107], [24.67830819, 60.18966404], [24.68005277, 60.18853627], [24.67896556, 60.18779829], [24.67767466, 60.18859433], [24.67429323, 60.19124685], [24.67290761, 60.19132], [24.6727816, 60.19164685], [24.67247616, 60.19185495], [24.67229392, 60.19196311], [24.67210845, 60.19207026], [24.67191006, 60.19217102], [24.6717079, 60.1922705], [24.67149391, 60.19236305], [24.67127668, 60.19245433], [24.67104817, 60.19253813], [24.67081751, 60.19262049], [24.67057665, 60.19269493], [24.67033365, 60.19276793], [24.66987333, 60.19288624], [24.6670325, 60.19348023], [24.66699269, 60.19351298], [24.66610592, 60.19413751], [24.66538382, 60.1944685], [24.66339397, 60.19517307], [24.66286217, 60.19529531], [24.66308414, 60.19558937], [24.66314443, 60.19566967], [24.66291933, 60.19573382], [24.66243905, 60.19589343], [24.66191422, 60.19612349], [24.66198509, 60.19627993], [24.66271793, 60.19649173], [24.66322058, 60.19657783], [24.66357323, 60.19684036], [24.66423743, 60.19710206], [24.66409701, 60.19729378], [24.6642236, 60.19755574], [24.66432919, 60.19754407], [24.66433712, 60.19756159], [24.66584135, 60.19739431], [24.66588049, 60.19748192], [24.66609166, 60.19745849], [24.66619902, 60.19769796], [24.66714765, 60.1979705], [24.66755483, 60.19808758], [24.66764071, 60.19852723], [24.66806988, 60.19866339], [24.6676446, 60.19878439], [24.66687239, 60.19898054], [24.66588532, 60.19913477], [24.66556121, 60.19919938], [24.66520137, 60.19926705], [24.66500169, 60.19932812], [24.66482263, 60.19938421], [24.66465537, 60.1994485], [24.66448974, 60.19951351], [24.664337, 60.1995861], [24.66416957, 60.19966798], [24.66377311, 60.19987709], [24.66340742, 60.19993378], [24.66326084, 60.1999861], [24.66335055, 60.20009969], [24.66242755, 60.20059467], [24.66217361, 60.20088169], [24.66208374, 60.20104724], [24.66203602, 60.20132141]]]}, "geometry_name": "geom", "properties": {"posnro": "02760", "postitoimi": "ESPOO", "postitoiru": "ESBO", "nimi": "Tuomarila-Suvela", "nimiru": "Domsby-Södrik", "kunta": "Espoo", "kunta_nro": "049"}}, {"type": "Feature", "id": "pks_postinumeroalueet_2024.162", "geometry": {"type": "Polygon", "coordinates": [[[24.66615283, 60.21390762], [24.66616243, 60.21392138], [24.66630432, 60.21385684], [24.6663022, 60.21385325], [24.66629317, 60.21383581], [24.66628578, 60.21381829], [24.66627583, 60.21378542], [24.66684144, 60.21361263], [24.66912572, 60.21257575], [24.66982546, 60.21272918], [24.67297585, 60.21174995], [24.66969529, 60.2110903], [24.66747161, 60.21064315], [24.6671055, 60.21057043], [24.66558435, 60.21026826], [24.6665888, 60.21019423], [24.66647055, 60.2097965], [24.66597808, 60.20969958], [24.6660148, 60.20965336], [24.66628227, 60.20931646], [24.66690267, 60.20853482], [24.66748584, 60.20864947], [24.66756003, 60.20869615], [24.66720765, 60.20913955], [24.66742969, 60.20927895], [24.66751088, 60.20932987], [24.66837918, 60.20950069], [24.66848495, 60.20936704], [24.66866963, 60.20940341], [24.66846741, 60.20965789], [24.66853715, 60.20998531], [24.66954371, 60.21018313], [24.66972237, 60.20995784], [24.67087961, 60.21018537], [24.67118079, 60.20998947], [24.67001652, 60.20954624], [24.66959748, 60.2094637], [24.6695309, 60.20930503], [24.66969504, 60.20933901], [24.67081469, 60.20948199], [24.67099999, 60.20951162], [24.67145266, 60.2096392], [24.67183709, 60.20971986], [24.67168417, 60.2097543], [24.67156204, 60.20984707], [24.67192189, 60.21016875], [24.67220702, 60.2102785], [24.67288506, 60.20989136], [24.67296559, 60.20995448], [24.67314009, 60.20998139], [24.67326758, 60.21000109], [24.67330002, 60.20994974], [24.67308933, 60.209917], [24.67264156, 60.20956729], [24.6728929, 60.20948425], [24.67277377, 60.20938541], [24.67422024, 60.20892709], [24.67397175, 60.20894201], [24.67397154, 60.20874455], [24.67381627, 60.20874336], [24.67366261, 60.20874325], [24.67297133, 60.20877943], [24.67256702, 60.20884897], [24.67107449, 60.20855538], [24.66987842, 60.20832012], [24.66985897, 60.20831801], [24.66984329, 60.20831671], [24.66982705, 60.2083173], [24.66981135, 60.20831852], [24.66979617, 60.20832144], [24.66978153, 60.2083249], [24.66976903, 60.2083299], [24.66975707, 60.20833534], [24.66974835, 60.20834196], [24.66973799, 60.20835056], [24.66950473, 60.20830285], [24.66921855, 60.20824658], [24.66866491, 60.20826118], [24.66829258, 60.20827075], [24.66818874, 60.20826654], [24.66808548, 60.20825901], [24.66800288, 60.20824103], [24.66792084, 60.20822198], [24.66779692, 60.20817015], [24.66774803, 60.20813619], [24.66770077, 60.20810178], [24.66764418, 60.20802652], [24.66763649, 60.20798369], [24.66762988, 60.20794193], [24.66764437, 60.20790077], [24.66766049, 60.20785836], [24.6680115, 60.20717342], [24.66801501, 60.20714812], [24.66803496, 60.20699343], [24.66837753, 60.20703692], [24.66951555, 60.20712036], [24.66972063, 60.20711657], [24.66985435, 60.20710828], [24.6699865, 60.20709461], [24.67018264, 60.20706539], [24.67045484, 60.2070053], [24.67122534, 60.2067813], [24.67131107, 60.20675629], [24.67136942, 60.20665609], [24.67252272, 60.20656156], [24.67248314, 60.2065164], [24.67223814, 60.20623747], [24.67214024, 60.20612593], [24.67209417, 60.20613497], [24.67202262, 60.20614889], [24.67157646, 60.20634785], [24.67132455, 60.20621932], [24.66881204, 60.20493739], [24.66862258, 60.2048407], [24.66740243, 60.20438178], [24.6672516, 60.20447942], [24.66688418, 60.2042752], [24.66681612, 60.20431811], [24.66623353, 60.20399407], [24.66608423, 60.2040996], [24.6658457, 60.20420213], [24.66558426, 60.20405697], [24.66548785, 60.20396284], [24.66525483, 60.20384315], [24.66534588, 60.20340125], [24.66521865, 60.20335838], [24.66492587, 60.20305158], [24.66451491, 60.20282337], [24.66443976, 60.20276664], [24.66439064, 60.20270332], [24.66438048, 60.20263832], [24.66438953, 60.20260001], [24.6644056, 60.20256236], [24.66443625, 60.20252689], [24.66447338, 60.20249324], [24.6645572, 60.20244319], [24.66462784, 60.20241186], [24.66365373, 60.20187015], [24.66255756, 60.20126062], [24.66203602, 60.20132141], [24.66208374, 60.20104724], [24.66217361, 60.20088169], [24.66242755, 60.20059467], [24.66335055, 60.20009969], [24.66326084, 60.1999861], [24.66340742, 60.19993378], [24.66377311, 60.19987709], [24.66416957, 60.19966798], [24.664337, 60.1995861], [24.66448974, 60.19951351], [24.66465537, 60.1994485], [24.66482263, 60.19938421], [24.66500169, 60.19932812], [24.66520137, 60.19926705], [24.66556121, 60.19919938], [24.66588532, 60.19913477], [24.66687239, 60.19898054], [24.6676446, 60.19878439], [24.66806988, 60.19866339], [24.66764071, 60.19852723], [24.66755483, 60.19808758], [24.66714765, 60.1979705], [24.66619902, 60.19769796], [24.66609166, 60.19745849], [24.66588049, 60.19748192], [24.66584135, 60.19739431], [24.66433712, 60.19756159], [24.66432919, 60.19754407], [24.6642236, 60.19755574], [24.66409701, 60.19729378], [24.66423743, 60.19710206], [24.66357323, 60.19684036], [24.66322058, 60.19657783], [24.66271793, 60.19649173], [24.66198509, 60.19627993], [24.66191422, 60.19612349], [24.66243905, 60.19589343], [24.66291933, 60.19573382], [24.66314443, 60.19566967], [24.66308414, 60.19558937], [24.66286217, 60.19529531], [24.66339397, 60.19517307], [24.66538382, 60.1944685], [24.66610592, 60.19413751], [24.66699269, 60.19351298], [24.6670325, 60.19348023], [24.66987333, 60.19288624], [24.67033365, 60.19276793], [24.67057665, 60.19269493], [24.67081751, 60.19262049], [24.67104817, 60.19253813], [24.67127668, 60.19245433], [24.67149391, 60.19236305], [24.6717079, 60.1922705], [24.67191006, 60.19217102], [24.67210845, 60.19207026], [24.67229392, 60.19196311], [24.67247616, 60.19185495], [24.6727816, 60.19164685], [24.67290761, 60.19132], [24.67429323, 60.19124685], [24.67767466, 60.18859433], [24.67316227, 60.18811468], [24.66837712, 60.1876165], [24.66788605, 60.18757408], [24.66770394, 60.18756411], [24.66744927, 60.18756392], [24.66697732, 60.18808986], [24.66661362, 60.18796329], [24.66633161, 60.18825886], [24.66453239, 60.18929198], [24.66431415, 60.18943037], [24.66425918, 60.1894655], [24.66412599, 60.18985201], [24.664137, 60.18999152], [24.66464232, 60.19070805], [24.66532706, 60.1915971], [24.66556203, 60.1919419], [24.66599814, 60.19245012], [24.66610344, 60.19283785], [24.66615034, 60.19301165], [24.66616371, 60.19339951], [24.66608723, 60.1937411], [24.66608469, 60.19388471], [24.66593806, 60.1941054], [24.66584246, 60.19403964], [24.6654735, 60.19378623], [24.66507561, 60.19350761], [24.66453421, 60.1931422], [24.66403747, 60.19279978], [24.66362501, 60.19251987], [24.66319332, 60.19221756], [24.66269921, 60.19188582], [24.66262831, 60.19183843], [24.66261381, 60.19182816], [24.66217785, 60.19152216], [24.66179597, 60.19126834], [24.66135998, 60.19096574], [24.66090416, 60.19064748], [24.66084135, 60.19060378], [24.66068884, 60.19050071], [24.66027366, 60.19022698], [24.65998262, 60.19002958], [24.65962017, 60.18978371], [24.65945317, 60.18967028], [24.65923946, 60.18952549], [24.65889253, 60.18929536], [24.6584382, 60.18899379], [24.65613139, 60.18672645], [24.64674291, 60.19084863], [24.64458053, 60.18948845], [24.63514833, 60.19267032], [24.64011687, 60.19644453], [24.640652, 60.19835265], [24.63568232, 60.20104341], [24.635119, 60.20135519], [24.63507167, 60.20133029], [24.63498438, 60.20130025], [24.63488844, 60.20126866], [24.63440283, 60.20120692], [24.6338286, 60.20113712], [24.63360496, 60.20110922], [24.63176181, 60.2008879], [24.6317806, 60.20085231], [24.6316418, 60.20083299], [24.63105094, 60.20075156], [24.63037279, 60.20064089], [24.6296893, 60.20052454], [24.62900385, 60.2003906], [24.62834461, 60.20023527], [24.62768314, 60.20008631], [24.62705616, 60.19990109], [24.62613171, 60.19961917], [24.62544555, 60.19945468], [24.62491686, 60.19923778], [24.62458543, 60.1993677], [24.62420208, 60.1995446], [24.62207084, 60.20054048], [24.61422586, 60.19690373], [24.61209766, 60.19804334], [24.61129323, 60.19933722], [24.61125573, 60.1993977], [24.61105904, 60.19938061], [24.61060719, 60.19939759], [24.61049308, 60.19944159], [24.61044612, 60.19947951], [24.6193445, 60.20489424], [24.61906368, 60.20513119], [24.61923001, 60.20520401], [24.61953999, 60.20525121], [24.62001404, 60.20533308], [24.62010564, 60.2053644], [24.6207331, 60.20546708], [24.62170937, 60.20567496], [24.62320451, 60.20606839], [24.62446628, 60.20648233], [24.62529424, 60.20679648], [24.62619219, 60.20719007], [24.62768016, 60.20798877], [24.62781709, 60.20808025], [24.62936632, 60.20945111], [24.62982469, 60.20992324], [24.63032311, 60.21058747], [24.6298327, 60.21084486], [24.62938992, 60.21119574], [24.62933424, 60.21128686], [24.62928186, 60.21137333], [24.62924438, 60.21143417], [24.62922674, 60.21146293], [24.62899011, 60.21190978], [24.62898125, 60.21192726], [24.62814882, 60.21175458], [24.62736228, 60.21159225], [24.6257194, 60.21174272], [24.62583642, 60.21201671], [24.6257561, 60.21203731], [24.62549276, 60.21178373], [24.62468382, 60.21192514], [24.62446968, 60.2120553], [24.62466071, 60.21224271], [24.62484907, 60.21242742], [24.62455562, 60.21267907], [24.62422167, 60.21296938], [24.62403164, 60.21316702], [24.62490742, 60.2133833], [24.62504031, 60.21321368], [24.6251429, 60.21323344], [24.62514484, 60.21344204], [24.62546214, 60.2135203], [24.62583664, 60.21361273], [24.62605172, 60.21330494], [24.62606878, 60.2132804], [24.6264854, 60.21333228], [24.62689605, 60.21338513], [24.62749954, 60.21308768], [24.62770006, 60.21320375], [24.6271009, 60.21350185], [24.62772219, 60.21382968], [24.62832562, 60.2141587], [24.62894945, 60.21459881], [24.62887163, 60.21463755], [24.62854951, 60.2144102], [24.62824022, 60.2142931], [24.62649923, 60.21411444], [24.62576953, 60.21370849], [24.62494229, 60.21350421], [24.62483383, 60.21347733], [24.62394457, 60.2132577], [24.62375471, 60.21372361], [24.62417625, 60.21433873], [24.62359047, 60.2147862], [24.62306358, 60.21495829], [24.62241545, 60.21541375], [24.62293181, 60.21559473], [24.62317347, 60.21613403], [24.62307834, 60.21631291], [24.62433261, 60.21647022], [24.62473201, 60.21613791], [24.625106, 60.21585041], [24.62543587, 60.21568188], [24.62635976, 60.21533848], [24.62672319, 60.2153115], [24.62711072, 60.21525847], [24.62946304, 60.21512289], [24.62960637, 60.21517831], [24.63034128, 60.2152729], [24.6308797, 60.21527538], [24.63114817, 60.21522264], [24.6312638, 60.21562407], [24.63153405, 60.21589444], [24.63267857, 60.2158513], [24.63337986, 60.21551774], [24.63343828, 60.21561672], [24.63390728, 60.216022], [24.63409684, 60.21620338], [24.63461373, 60.21643978], [24.63479689, 60.21656523], [24.63510102, 60.21695659], [24.63560978, 60.21729322], [24.63566028, 60.21732746], [24.63635906, 60.21770895], [24.63660449, 60.21783178], [24.63701211, 60.21796995], [24.6373412, 60.21811329], [24.63753388, 60.21821049], [24.63775866, 60.21839088], [24.63819731, 60.21861215], [24.63846482, 60.21879508], [24.63860598, 60.21900101], [24.63876375, 60.21922169], [24.6387802, 60.21925163], [24.63882719, 60.21935892], [24.63884, 60.21942385], [24.63884524, 60.21948903], [24.63883587, 60.21955407], [24.63881892, 60.21961874], [24.63876525, 60.21972522], [24.64146987, 60.21852787], [24.64173937, 60.21847986], [24.64239782, 60.21839915], [24.6434533, 60.21843861], [24.64365063, 60.21845736], [24.64422869, 60.21855441], [24.64458357, 60.21841885], [24.64491349, 60.21833868], [24.64553362, 60.21824718], [24.64559817, 60.21818389], [24.64601075, 60.21821659], [24.64625464, 60.21823528], [24.64644876, 60.21825123], [24.64709604, 60.21830232], [24.64745193, 60.21832257], [24.64770566, 60.21833239], [24.64796107, 60.21833567], [24.64821546, 60.21833411], [24.64846991, 60.21832616], [24.64882621, 60.21830862], [24.64916535, 60.21827666], [24.6494146, 60.21824896], [24.6496596, 60.21821451], [24.64990301, 60.21817611], [24.65014054, 60.21813096], [24.65045947, 60.21806476], [24.65292248, 60.21724701], [24.65505572, 60.21653875], [24.65556403, 60.2163699], [24.65635039, 60.21610878], [24.65712681, 60.2153984], [24.65775943, 60.21560549], [24.65808968, 60.21580003], [24.65818578, 60.21577003], [24.65871482, 60.21547852], [24.65858763, 60.21542829], [24.6587925, 60.21539893], [24.65919891, 60.21534657], [24.65986743, 60.21522371], [24.66030672, 60.2151839], [24.66083978, 60.21513007], [24.661522, 60.2149891], [24.66160541, 60.21498249], [24.66258192, 60.2149042], [24.66304612, 60.21480925], [24.66540896, 60.21415446], [24.66601473, 60.21386527], [24.66611407, 60.213835], [24.66615283, 60.21390762]]]}, "geometry_name": "geom", "properties": {"posnro": "02770", "postitoimi": "ESPOO", "postitoiru": "ESBO", "nimi": "Espoon Keskus", "nimiru": "Esbo centrum", "kunta": "Espoo", "kunta_nro": "049"}}, {"type": "Feature", "id": "pks_postinumeroalueet_2024.163", "geometry": {"type": "Polygon", "coordinates": [[[24.65593953, 60.18423749], [24.65113007, 60.18254112], [24.64840432, 60.18157516], [24.64677787, 60.18100008], [24.64615341, 60.18125781], [24.64547218, 60.18111489], [24.64436592, 60.18088279], [24.64444215, 60.18068212], [24.63729254, 60.180318], [24.63714047, 60.17876464], [24.63697505, 60.17705103], [24.63680663, 60.17531713], [24.6359241, 60.17535555], [24.63517841, 60.17538671], [24.63489667, 60.17539787], [24.62442267, 60.17583462], [24.62421924, 60.17462127], [24.62413168, 60.17410125], [24.62388202, 60.17409722], [24.6216589, 60.17406109], [24.62137286, 60.17402464], [24.62075095, 60.17377433], [24.62025602, 60.17357429], [24.61962867, 60.17365569], [24.61783429, 60.17388865], [24.61780244, 60.17374603], [24.61766288, 60.17370954], [24.61746997, 60.17365944], [24.61727437, 60.17360844], [24.61631703, 60.17343621], [24.6153923, 60.17320349], [24.61538572, 60.17321128], [24.61521699, 60.17317381], [24.61502491, 60.17337753], [24.6144348, 60.17327745], [24.61443284, 60.17326075], [24.61442545, 60.17319969], [24.61472122, 60.17281882], [24.61481131, 60.17269405], [24.61490843, 60.17261634], [24.61532974, 60.17222129], [24.61540296, 60.17215266], [24.61553246, 60.17203142], [24.61603134, 60.17156434], [24.61610055, 60.17151563], [24.61683287, 60.17100291], [24.61687318, 60.17097556], [24.61653235, 60.17100626], [24.61540599, 60.17110756], [24.61521501, 60.17112478], [24.61505271, 60.17113938], [24.61420558, 60.1712545], [24.61380931, 60.17163427], [24.61375684, 60.17168438], [24.6134202, 60.17181767], [24.61337107, 60.17172122], [24.61295211, 60.17173158], [24.61292821, 60.17169543], [24.61276572, 60.1714501], [24.61272242, 60.17145572], [24.61209995, 60.17153791], [24.61113635, 60.17167483], [24.61055717, 60.1712485], [24.61085259, 60.17117442], [24.61022763, 60.17100995], [24.61085223, 60.17074745], [24.61054772, 60.17058608], [24.61092506, 60.17043819], [24.61106082, 60.17033744], [24.61117165, 60.17028759], [24.61113989, 60.17014047], [24.61137939, 60.17004029], [24.61155455, 60.16989765], [24.61167928, 60.1698613], [24.61189569, 60.16983994], [24.61225366, 60.16972988], [24.61135389, 60.16917991], [24.61102955, 60.16905088], [24.61049707, 60.16870106], [24.61000851, 60.16843135], [24.60968714, 60.16846334], [24.60946726, 60.16845812], [24.60909506, 60.16849283], [24.60898735, 60.1685531], [24.6076499, 60.16873252], [24.60603801, 60.16894881], [24.60574341, 60.16895574], [24.60543164, 60.16899762], [24.60486947, 60.16865084], [24.60488293, 60.16842981], [24.60572789, 60.16786032], [24.60679007, 60.16747115], [24.60650751, 60.16724054], [24.60543503, 60.16763335], [24.60470196, 60.16698484], [24.60451161, 60.16681643], [24.60449825, 60.16680463], [24.6042422, 60.16666295], [24.60398347, 60.16651955], [24.60307538, 60.16609526], [24.60356768, 60.16577828], [24.60295678, 60.16549004], [24.6026833, 60.16536105], [24.602509, 60.16529752], [24.60170187, 60.16573328], [24.6015896, 60.16572289], [24.60149949, 60.16575691], [24.60065535, 60.16545539], [24.6006597, 60.16545244], [24.60074856, 60.16538782], [24.6006324, 60.16538693], [24.60056882, 60.16537193], [24.60029296, 60.16530665], [24.59997889, 60.16514019], [24.60048547, 60.16467149], [24.6009383, 60.16449038], [24.60106643, 60.16443925], [24.60101656, 60.16440822], [24.60094026, 60.16437272], [24.60089286, 60.16436073], [24.60084383, 60.164349], [24.60079094, 60.16434453], [24.60073749, 60.1643406], [24.60063421, 60.16434738], [24.60010863, 60.16442362], [24.60006691, 60.16443336], [24.60003708, 60.16444207], [24.60001101, 60.16445366], [24.59998, 60.16447053], [24.59945222, 60.1648609], [24.59937652, 60.16482064], [24.59998773, 60.16436832], [24.60003314, 60.16401051], [24.59941551, 60.15988546], [24.59255499, 60.15987621], [24.58900703, 60.16391108], [24.58778363, 60.16530181], [24.57701166, 60.16376994], [24.56738213, 60.16792515], [24.57229319, 60.1726188], [24.57011598, 60.17408438], [24.56847258, 60.17522261], [24.56829203, 60.1753475], [24.56820471, 60.17545268], [24.56799904, 60.17576203], [24.5679551, 60.17593897], [24.56795011, 60.17615437], [24.56792893, 60.17628525], [24.5679013, 60.17637214], [24.56781596, 60.17665593], [24.56778897, 60.17673528], [24.5676887, 60.17700305], [24.56760016, 60.17719996], [24.56760298, 60.1773556], [24.56770374, 60.17758597], [24.56789106, 60.17789292], [24.5681509, 60.17815253], [24.56849062, 60.17842129], [24.56873904, 60.17860412], [24.5688901, 60.17875083], [24.56899604, 60.1789577], [24.56902501, 60.17913964], [24.56907598, 60.17929212], [24.56904939, 60.17930047], [24.56899185, 60.17931832], [24.56894083, 60.1793344], [24.56851628, 60.1794734], [24.56371246, 60.18088156], [24.56356329, 60.1809193], [24.56349929, 60.18093534], [24.56315378, 60.18102207], [24.56305398, 60.18104687], [24.56044897, 60.1816837], [24.5599722, 60.18180113], [24.55881529, 60.18208316], [24.55867155, 60.18207864], [24.55759794, 60.18207506], [24.55702792, 60.18229109], [24.55632182, 60.18253537], [24.55680796, 60.18276776], [24.5565341, 60.18283003], [24.55622799, 60.18283852], [24.55476183, 60.1828766], [24.55337917, 60.18325458], [24.55384085, 60.18405352], [24.55292027, 60.18448008], [24.55222608, 60.18479727], [24.55181422, 60.18498643], [24.55154498, 60.1851048], [24.55019496, 60.18569576], [24.54921299, 60.18613752], [24.54882288, 60.18631534], [24.54581054, 60.18765956], [24.54554016, 60.18777855], [24.5408641, 60.18986954], [24.53807986, 60.19109751], [24.53584565, 60.19211589], [24.53259694, 60.19357701], [24.53137264, 60.19414057], [24.52867781, 60.19538203], [24.52875353, 60.19560777], [24.52810725, 60.19602059], [24.52808433, 60.19603505], [24.52669657, 60.19539221], [24.5248309, 60.19541516], [24.52103679, 60.19546174], [24.516388, 60.19551864], [24.52039553, 60.19570966], [24.52341404, 60.19585347], [24.52799348, 60.19607206], [24.52917218, 60.19613388], [24.53158329, 60.19624644], [24.53271071, 60.19630266], [24.53343713, 60.19633672], [24.53411924, 60.19636802], [24.53483, 60.1964004], [24.536212, 60.19646843], [24.53633384, 60.19757015], [24.53645359, 60.19897417], [24.53651289, 60.20017701], [24.53650054, 60.20032425], [24.53648082, 60.20057137], [24.53647909, 60.20084781], [24.53647541, 60.20176097], [24.53645454, 60.2027798], [24.53643968, 60.20352696], [24.53641852, 60.20456644], [24.53524856, 60.20493492], [24.53483093, 60.20531626], [24.5347011, 60.20558265], [24.53458012, 60.2056061], [24.53380303, 60.20558282], [24.53383463, 60.20564342], [24.533884, 60.20578649], [24.53394853, 60.20600509], [24.53302895, 60.20610956], [24.53229035, 60.20619348], [24.53057334, 60.20625806], [24.52980901, 60.20628676], [24.52817914, 60.20634802], [24.52816753, 60.20628991], [24.5281317, 60.20618567], [24.5276994, 60.2062255], [24.52474786, 60.2053481], [24.52254837, 60.20611533], [24.52117262, 60.20659541], [24.52003283, 60.20699277], [24.51855314, 60.20750898], [24.51637727, 60.20826793], [24.51566756, 60.20851549], [24.50320091, 60.21286221], [24.50294439, 60.21411549], [24.50259865, 60.21536269], [24.50669266, 60.21640137], [24.5068618, 60.2165623], [24.50771422, 60.21738924], [24.510263, 60.21987538], [24.51060195, 60.21990275], [24.51159103, 60.22090609], [24.51157171, 60.22111309], [24.51512155, 60.22450459], [24.51578107, 60.22416081], [24.51639139, 60.22384889], [24.51649118, 60.22339509], [24.51700921, 60.22324763], [24.5182946, 60.22289148], [24.51865072, 60.22230389], [24.51917152, 60.22270447], [24.52499109, 60.22673121], [24.52675047, 60.22800968], [24.52768003, 60.22868499], [24.52526409, 60.2289293], [24.52356692, 60.23000504], [24.52464732, 60.23058298], [24.52897131, 60.22962321], [24.53258028, 60.22882467], [24.53627112, 60.23064951], [24.53771733, 60.23064369], [24.53862409, 60.23092096], [24.54371072, 60.22811746], [24.55378213, 60.22256454], [24.55532572, 60.2228152], [24.55825688, 60.22329091], [24.56345671, 60.22413467], [24.56633841, 60.22460205], [24.56968366, 60.22514465], [24.57005568, 60.22579577], [24.5705561, 60.22548917], [24.57604378, 60.22538861], [24.57695065, 60.22516685], [24.57658694, 60.22474303], [24.57646915, 60.22447384], [24.57622816, 60.22427256], [24.57608826, 60.22399791], [24.57598649, 60.22399839], [24.57594116, 60.2239873], [24.57596253, 60.22392535], [24.57610348, 60.22386746], [24.57624348, 60.22379888], [24.5761222, 60.22375927], [24.57555302, 60.22352858], [24.57560734, 60.22338811], [24.5756977, 60.22326543], [24.5758471, 60.22309753], [24.57602789, 60.2229299], [24.57630647, 60.22273477], [24.57661438, 60.22244656], [24.57681571, 60.2223228], [24.57712266, 60.22223537], [24.57751091, 60.22272784], [24.57755454, 60.2227444], [24.5796494, 60.22354081], [24.5807672, 60.22451522], [24.58100682, 60.22482635], [24.58122841, 60.22502344], [24.58137512, 60.22519246], [24.58148968, 60.22537816], [24.58156645, 60.22547076], [24.58146705, 60.22553992], [24.58142532, 60.22562829], [24.58140459, 60.22581024], [24.58140588, 60.22587927], [24.58166491, 60.22585801], [24.58201621, 60.22581783], [24.5828016, 60.22590987], [24.58283616, 60.22570337], [24.58317808, 60.22367203], [24.58331953, 60.22284799], [24.58340879, 60.22225526], [24.58444898, 60.2163636], [24.58459024, 60.21636251], [24.58472568, 60.21635091], [24.58504777, 60.21630121], [24.58551257, 60.21609227], [24.58584379, 60.21604807], [24.58613853, 60.21602099], [24.58639829, 60.21597773], [24.58669325, 60.21593323], [24.58695975, 60.21595677], [24.58714359, 60.21601281], [24.58725706, 60.21606971], [24.58738503, 60.21613563], [24.5875215, 60.21617151], [24.58761358, 60.2161647], [24.58786445, 60.21609718], [24.58816971, 60.21600819], [24.58857563, 60.21591862], [24.588812, 60.2158847], [24.58908821, 60.21591096], [24.58939795, 60.21593921], [24.58968577, 60.21594665], [24.58996446, 60.21594778], [24.59014533, 60.21598173], [24.59024667, 60.21601354], [24.5903767, 60.21608889], [24.5904752, 60.216175], [24.59054434, 60.21622871], [24.59060587, 60.21611123], [24.59159708, 60.21421444], [24.5964535, 60.21463831], [24.59866337, 60.21137578], [24.59983372, 60.20964696], [24.59898638, 60.20933897], [24.5985546, 60.20916219], [24.5985824, 60.20914576], [24.60113784, 60.20678241], [24.60118041, 60.20675238], [24.60125735, 60.20669849], [24.60142779, 60.20669631], [24.60168761, 60.2066856], [24.60191056, 60.20668205], [24.60212311, 60.2066878], [24.60227446, 60.20669885], [24.60236368, 60.2067474], [24.60247471, 60.20682645], [24.60249875, 60.20689653], [24.60251069, 60.20698345], [24.60255245, 60.20701912], [24.6026296, 60.20708173], [24.60272788, 60.20714261], [24.60291884, 60.20718869], [24.60314678, 60.20721989], [24.60336307, 60.20723014], [24.60347803, 60.20725283], [24.60354054, 60.20727348], [24.60363171, 60.20729529], [24.6037157, 60.20732974], [24.60381005, 60.20735722], [24.60392853, 60.20735712], [24.604059, 60.20735033], [24.6041541, 60.20731543], [24.60430399, 60.20731373], [24.60438374, 60.20734008], [24.60447432, 60.2074109], [24.60450864, 60.20743703], [24.6045726, 60.20747151], [24.60455173, 60.20749757], [24.60456734, 60.20754958], [24.60463083, 60.20762328], [24.60468065, 60.20766489], [24.60474089, 60.20769442], [24.60478757, 60.20772678], [24.60491356, 60.20777742], [24.60496811, 60.20778548], [24.6051314, 60.20779414], [24.60519959, 60.20779246], [24.60530293, 60.20779195], [24.6054441, 60.20779534], [24.6055315, 60.2078166], [24.60561315, 60.20782034], [24.60580968, 60.20785458], [24.60585822, 60.20786685], [24.60590515, 60.20787856], [24.60595416, 60.20789729], [24.60605008, 60.20792926], [24.60611856, 60.20794921], [24.60617065, 60.20798158], [24.60622319, 60.20802186], [24.60628027, 60.20804465], [24.60636781, 60.20805361], [24.60641152, 60.2080629], [24.60650126, 60.20806927], [24.60660147, 60.20805924], [24.60669897, 60.20804948], [24.60684027, 60.208042], [24.60696273, 60.20802657], [24.60716904, 60.2080121], [24.6072345, 60.20801292], [24.60731564, 60.20801415], [24.6074299, 60.20800551], [24.60750882, 60.20801185], [24.60752505, 60.20801181], [24.60756253, 60.20799953], [24.60762806, 60.2079938], [24.60769835, 60.20799751], [24.60781533, 60.20798879], [24.6079291, 60.20797611], [24.60809455, 60.20794025], [24.60815413, 60.2079345], [24.608225, 60.20793471], [24.60833916, 60.20793505], [24.60844823, 60.20795359], [24.60853562, 60.20797485], [24.60860134, 60.20799883], [24.60873939, 60.20812804], [24.60884667, 60.20820599], [24.60887767, 60.20823839], [24.60891105, 60.20829773], [24.6089501, 60.20833536], [24.60905977, 60.20839438], [24.60913892, 60.20842648], [24.60928672, 60.20846372], [24.60944495, 60.20848869], [24.60949398, 60.20850606], [24.60957627, 60.20854768], [24.60966408, 60.20857971], [24.60975706, 60.20863204], [24.60982884, 60.20869257], [24.60988457, 60.20873833], [24.6099208, 60.20878547], [24.60993758, 60.20883013], [24.60994738, 60.20891668], [24.60997609, 60.20900445], [24.60994763, 60.20907761], [24.60991336, 60.20913872], [24.60987336, 60.2091807], [24.60981981, 60.20922569], [24.6098096, 60.20926497], [24.60983515, 60.20930005], [24.60991202, 60.209343], [24.60995029, 60.20935487], [24.6100241, 60.20938183], [24.61097297, 60.20866326], [24.61100424, 60.21036331], [24.62154797, 60.21362929], [24.62156419, 60.21447554], [24.62177832, 60.21519455], [24.62241545, 60.21541375], [24.62306358, 60.21495829], [24.62359047, 60.2147862], [24.62417625, 60.21433873], [24.62375471, 60.21372361], [24.62394457, 60.2132577], [24.62483383, 60.21347733], [24.62494229, 60.21350421], [24.62576953, 60.21370849], [24.62649923, 60.21411444], [24.62824022, 60.2142931], [24.62854951, 60.2144102], [24.62887163, 60.21463755], [24.62894945, 60.21459881], [24.62832562, 60.2141587], [24.62772219, 60.21382968], [24.6271009, 60.21350185], [24.62770006, 60.21320375], [24.62749954, 60.21308768], [24.62689605, 60.21338513], [24.6264854, 60.21333228], [24.62606878, 60.2132804], [24.62605172, 60.21330494], [24.62583664, 60.21361273], [24.62546214, 60.2135203], [24.62514484, 60.21344204], [24.6251429, 60.21323344], [24.62504031, 60.21321368], [24.62490742, 60.2133833], [24.62403164, 60.21316702], [24.62422167, 60.21296938], [24.62455562, 60.21267907], [24.62484907, 60.21242742], [24.62466071, 60.21224271], [24.62446968, 60.2120553], [24.62468382, 60.21192514], [24.62549276, 60.21178373], [24.6257561, 60.21203731], [24.62583642, 60.21201671], [24.6257194, 60.21174272], [24.62736228, 60.21159225], [24.62814882, 60.21175458], [24.62898125, 60.21192726], [24.62899011, 60.21190978], [24.62922674, 60.21146293], [24.62924438, 60.21143417], [24.62928186, 60.21137333], [24.62933424, 60.21128686], [24.62938992, 60.21119574], [24.6298327, 60.21084486], [24.63032311, 60.21058747], [24.62982469, 60.20992324], [24.62936632, 60.20945111], [24.62781709, 60.20808025], [24.62768016, 60.20798877], [24.62619219, 60.20719007], [24.62529424, 60.20679648], [24.62446628, 60.20648233], [24.62320451, 60.20606839], [24.62170937, 60.20567496], [24.6207331, 60.20546708], [24.62010564, 60.2053644], [24.62001404, 60.20533308], [24.61953999, 60.20525121], [24.61923001, 60.20520401], [24.61906368, 60.20513119], [24.6193445, 60.20489424], [24.61044612, 60.19947951], [24.61049308, 60.19944159], [24.61060719, 60.19939759], [24.61105904, 60.19938061], [24.61125573, 60.1993977], [24.61129323, 60.19933722], [24.61209766, 60.19804334], [24.61422586, 60.19690373], [24.62207084, 60.20054048], [24.62420208, 60.1995446], [24.62458543, 60.1993677], [24.62491686, 60.19923778], [24.62544555, 60.19945468], [24.62613171, 60.19961917], [24.62705616, 60.19990109], [24.62768314, 60.20008631], [24.62834461, 60.20023527], [24.62900385, 60.2003906], [24.6296893, 60.20052454], [24.63037279, 60.20064089], [24.63105094, 60.20075156], [24.6316418, 60.20083299], [24.6317806, 60.20085231], [24.63176181, 60.2008879], [24.63360496, 60.20110922], [24.6338286, 60.20113712], [24.63440283, 60.20120692], [24.63488844, 60.20126866], [24.63498438, 60.20130025], [24.63507167, 60.20133029], [24.635119, 60.20135519], [24.63568232, 60.20104341], [24.640652, 60.19835265], [24.64011687, 60.19644453], [24.63514833, 60.19267032], [24.64458053, 60.18948845], [24.64674291, 60.19084863], [24.65613139, 60.18672645], [24.65857849, 60.18516906], [24.65736915, 60.18474185], [24.65593953, 60.18423749]]]}, "geometry_name": "geom", "properties": {"posnro": "02780", "postitoimi": "ESPOO", "postitoiru": "ESBO", "nimi": "Kauklahti", "nimiru": "Köklax", "kunta": "Espoo", "kunta_nro": "049"}}, {"type": "Feature", "id": "pks_postinumeroalueet_2024.164", "geometry": {"type": "Polygon", "coordinates": [[[24.64846991, 60.21832616], [24.64821546, 60.21833411], [24.64796107, 60.21833567], [24.64770566, 60.21833239], [24.64745193, 60.21832257], [24.64709604, 60.21830232], [24.64644876, 60.21825123], [24.64625464, 60.21823528], [24.64601075, 60.21821659], [24.64559817, 60.21818389], [24.64553362, 60.21824718], [24.64491349, 60.21833868], [24.64458357, 60.21841885], [24.64422869, 60.21855441], [24.64365063, 60.21845736], [24.6434533, 60.21843861], [24.64239782, 60.21839915], [24.64173937, 60.21847986], [24.64146987, 60.21852787], [24.63876525, 60.21972522], [24.63881892, 60.21961874], [24.63883587, 60.21955407], [24.63884524, 60.21948903], [24.63884, 60.21942385], [24.63882719, 60.21935892], [24.6387802, 60.21925163], [24.63876375, 60.21922169], [24.63860598, 60.21900101], [24.63846482, 60.21879508], [24.63819731, 60.21861215], [24.63775866, 60.21839088], [24.63753388, 60.21821049], [24.6373412, 60.21811329], [24.63701211, 60.21796995], [24.63660449, 60.21783178], [24.63635906, 60.21770895], [24.63566028, 60.21732746], [24.63560978, 60.21729322], [24.63510102, 60.21695659], [24.63479689, 60.21656523], [24.63461373, 60.21643978], [24.63409684, 60.21620338], [24.63390728, 60.216022], [24.63343828, 60.21561672], [24.63337986, 60.21551774], [24.63267857, 60.2158513], [24.63153405, 60.21589444], [24.6312638, 60.21562407], [24.63114817, 60.21522264], [24.6308797, 60.21527538], [24.63034128, 60.2152729], [24.62960637, 60.21517831], [24.62946304, 60.21512289], [24.62711072, 60.21525847], [24.62672319, 60.2153115], [24.62635976, 60.21533848], [24.62543587, 60.21568188], [24.625106, 60.21585041], [24.62473201, 60.21613791], [24.62433261, 60.21647022], [24.62307834, 60.21631291], [24.62317347, 60.21613403], [24.62293181, 60.21559473], [24.62241545, 60.21541375], [24.62177832, 60.21519455], [24.62156419, 60.21447554], [24.62154797, 60.21362929], [24.61100424, 60.21036331], [24.61097297, 60.20866326], [24.6100241, 60.20938183], [24.60995029, 60.20935487], [24.60991202, 60.209343], [24.60983515, 60.20930005], [24.6098096, 60.20926497], [24.60981981, 60.20922569], [24.60987336, 60.2091807], [24.60991336, 60.20913872], [24.60994763, 60.20907761], [24.60997609, 60.20900445], [24.60994738, 60.20891668], [24.60993758, 60.20883013], [24.6099208, 60.20878547], [24.60988457, 60.20873833], [24.60982884, 60.20869257], [24.60975706, 60.20863204], [24.60966408, 60.20857971], [24.60957627, 60.20854768], [24.60949398, 60.20850606], [24.60944495, 60.20848869], [24.60928672, 60.20846372], [24.60913892, 60.20842648], [24.60905977, 60.20839438], [24.6089501, 60.20833536], [24.60891105, 60.20829773], [24.60887767, 60.20823839], [24.60884667, 60.20820599], [24.60873939, 60.20812804], [24.60860134, 60.20799883], [24.60853562, 60.20797485], [24.60844823, 60.20795359], [24.60833916, 60.20793505], [24.608225, 60.20793471], [24.60815413, 60.2079345], [24.60809455, 60.20794025], [24.6079291, 60.20797611], [24.60781533, 60.20798879], [24.60769835, 60.20799751], [24.60762806, 60.2079938], [24.60756253, 60.20799953], [24.60752505, 60.20801181], [24.60750882, 60.20801185], [24.6074299, 60.20800551], [24.60731564, 60.20801415], [24.6072345, 60.20801292], [24.60716904, 60.2080121], [24.60696273, 60.20802657], [24.60684027, 60.208042], [24.60669897, 60.20804948], [24.60660147, 60.20805924], [24.60650126, 60.20806927], [24.60641152, 60.2080629], [24.60636781, 60.20805361], [24.60628027, 60.20804465], [24.60622319, 60.20802186], [24.60617065, 60.20798158], [24.60611856, 60.20794921], [24.60605008, 60.20792926], [24.60595416, 60.20789729], [24.60590515, 60.20787856], [24.60585822, 60.20786685], [24.60580968, 60.20785458], [24.60561315, 60.20782034], [24.6055315, 60.2078166], [24.6054441, 60.20779534], [24.60530293, 60.20779195], [24.60519959, 60.20779246], [24.6051314, 60.20779414], [24.60496811, 60.20778548], [24.60491356, 60.20777742], [24.60478757, 60.20772678], [24.60474089, 60.20769442], [24.60468065, 60.20766489], [24.60463083, 60.20762328], [24.60456734, 60.20754958], [24.60455173, 60.20749757], [24.6045726, 60.20747151], [24.60450864, 60.20743703], [24.60447432, 60.2074109], [24.60438374, 60.20734008], [24.60430399, 60.20731373], [24.6041541, 60.20731543], [24.604059, 60.20735033], [24.60392853, 60.20735712], [24.60381005, 60.20735722], [24.6037157, 60.20732974], [24.60363171, 60.20729529], [24.60354054, 60.20727348], [24.60347803, 60.20725283], [24.60336307, 60.20723014], [24.60314678, 60.20721989], [24.60291884, 60.20718869], [24.60272788, 60.20714261], [24.6026296, 60.20708173], [24.60255245, 60.20701912], [24.60251069, 60.20698345], [24.60249875, 60.20689653], [24.60247471, 60.20682645], [24.60236368, 60.2067474], [24.60227446, 60.20669885], [24.60212311, 60.2066878], [24.60191056, 60.20668205], [24.60168761, 60.2066856], [24.60142779, 60.20669631], [24.60125735, 60.20669849], [24.60118041, 60.20675238], [24.60113784, 60.20678241], [24.5985824, 60.20914576], [24.5985546, 60.20916219], [24.59898638, 60.20933897], [24.59983372, 60.20964696], [24.59866337, 60.21137578], [24.5964535, 60.21463831], [24.6014932, 60.21508751], [24.60503681, 60.21615758], [24.6049987, 60.21716684], [24.60481477, 60.21716064], [24.6048445, 60.21648856], [24.60242141, 60.21668605], [24.6023402, 60.21668868], [24.60233677, 60.21688317], [24.60243977, 60.21704719], [24.60268707, 60.21722798], [24.60323688, 60.21732162], [24.60344782, 60.21737646], [24.60328697, 60.21752067], [24.60263736, 60.21775837], [24.60238486, 60.21800722], [24.60233665, 60.21805518], [24.6022762, 60.2182206], [24.60232656, 60.21839631], [24.6040121, 60.21905243], [24.6033748, 60.21970332], [24.60328, 60.21980015], [24.60280708, 60.2202826], [24.6027731, 60.22031724], [24.60292052, 60.22043481], [24.60303469, 60.22057256], [24.60317182, 60.22073498], [24.60327841, 60.22087289], [24.60338901, 60.22099143], [24.60357723, 60.2210927], [24.60379763, 60.22112899], [24.60389752, 60.22114841], [24.6039528, 60.2211877], [24.60399283, 60.22123459], [24.60410072, 60.22130922], [24.60413102, 60.22135527], [24.60415362, 60.22141125], [24.60418752, 60.22151762], [24.60420577, 60.22162009], [24.60422573, 60.22167005], [24.60425724, 60.22170542], [24.60426569, 60.22176827], [24.60422937, 60.2218625], [24.60425489, 60.22190027], [24.6043843, 60.22203161], [24.60449387, 60.22210203], [24.60457915, 60.22212221], [24.60467814, 60.22212709], [24.60473045, 60.22209807], [24.60490179, 60.22207354], [24.60512522, 60.22203821], [24.60532678, 60.22202095], [24.60545335, 60.22202833], [24.60557673, 60.22207618], [24.60563495, 60.22214061], [24.60572159, 60.22222775], [24.60576109, 60.22227391], [24.60584257, 60.2222948], [24.60602618, 60.22233008], [24.60619326, 60.22234485], [24.60630779, 60.22236323], [24.60638068, 60.22237816], [24.60641171, 60.22240904], [24.60647553, 60.22241273], [24.60648382, 60.22244417], [24.60637716, 60.22253702], [24.60639191, 60.22257081], [24.60633312, 60.22264361], [24.60634406, 60.22267873], [24.60631628, 60.22273861], [24.60624799, 60.22279118], [24.60619032, 60.22281596], [24.60617786, 60.22286161], [24.60619479, 60.22289406], [24.60620972, 60.2230037], [24.60626438, 60.2230946], [24.60631962, 60.22313704], [24.60640097, 60.22316959], [24.60651934, 60.22322927], [24.6065987, 60.22329162], [24.60668856, 60.22338137], [24.60679555, 60.2233973], [24.60685327, 60.22341399], [24.6068686, 60.22344428], [24.6070053, 60.22351057], [24.60711025, 60.22356087], [24.60717959, 60.22360129], [24.60725452, 60.22362754], [24.60727029, 60.22366636], [24.60729798, 60.22370521], [24.60730297, 60.22378529], [24.60728835, 60.22387671], [24.60731769, 60.22391278], [24.60736922, 60.22394875], [24.6073833, 60.22399331], [24.60741003, 60.22402139], [24.60743537, 60.22407532], [24.6075034, 60.22408979], [24.60759851, 60.22410407], [24.60759987, 60.22412607], [24.60759046, 60.22414336], [24.60756839, 60.22417839], [24.6072751, 60.22462208], [24.60979507, 60.22501968], [24.60999607, 60.22505105], [24.61019004, 60.22521893], [24.6111234, 60.22488912], [24.61160686, 60.22479217], [24.61352214, 60.22432332], [24.61638031, 60.22376203], [24.61732186, 60.22365067], [24.61778335, 60.22367076], [24.61851802, 60.22361336], [24.62005311, 60.22352182], [24.62000671, 60.22402333], [24.62056331, 60.22410471], [24.62033798, 60.22458578], [24.62012181, 60.22488243], [24.62001577, 60.22511172], [24.6201787, 60.22525265], [24.62040846, 60.22555982], [24.61857253, 60.22642248], [24.61802707, 60.22668335], [24.61785892, 60.22680539], [24.6174069, 60.22699005], [24.61709609, 60.22708986], [24.61693778, 60.22720205], [24.61733717, 60.22730633], [24.6181947, 60.2274446], [24.61856888, 60.22883364], [24.61923548, 60.23064106], [24.6187649, 60.23134832], [24.61852353, 60.23171131], [24.61890254, 60.23227022], [24.61940768, 60.23301978], [24.61989444, 60.23353412], [24.62185236, 60.23560236], [24.62002216, 60.23723524], [24.61547712, 60.24121255], [24.61475608, 60.241875], [24.61191445, 60.24433551], [24.61568016, 60.24602612], [24.62208531, 60.24255316], [24.62316495, 60.24196806], [24.62718782, 60.2397878], [24.63702203, 60.234456], [24.64393075, 60.23070898], [24.64507494, 60.23009112], [24.64429621, 60.22945959], [24.64386447, 60.22823472], [24.64437204, 60.22745746], [24.64430011, 60.22740063], [24.64391254, 60.22789621], [24.64336292, 60.22750888], [24.64328072, 60.22745085], [24.64319026, 60.22745564], [24.64309877, 60.22745539], [24.64294947, 60.22744529], [24.64280178, 60.22743592], [24.64195096, 60.22741738], [24.64144733, 60.22703636], [24.64098388, 60.22699131], [24.64100905, 60.22691796], [24.64114754, 60.22672823], [24.64124073, 60.22662177], [24.64133285, 60.22651494], [24.64135043, 60.22649075], [24.64155742, 60.22597702], [24.64157634, 60.22593013], [24.64162369, 60.22580729], [24.64166834, 60.22568436], [24.6417316, 60.22554227], [24.64192746, 60.22520451], [24.64202801, 60.22506818], [24.64215178, 60.22493675], [24.64226107, 60.2248919], [24.64233928, 60.22486779], [24.64242232, 60.22484817], [24.64250962, 60.22483414], [24.64259958, 60.22482514], [24.64269164, 60.22482197], [24.6427831, 60.2248241], [24.64287341, 60.22483207], [24.64296205, 60.22484505], [24.64309111, 60.22487394], [24.64315213, 60.22488748], [24.6431936, 60.2249068], [24.64327804, 60.22495675], [24.64334632, 60.22499983], [24.64339885, 60.2250479], [24.64345722, 60.2251064], [24.64351441, 60.22517387], [24.64356218, 60.2252117], [24.64361646, 60.22524711], [24.64372311, 60.22529757], [24.64381368, 60.22533139], [24.64389565, 60.22536006], [24.64398746, 60.2253805], [24.64408036, 60.22539969], [24.64417877, 60.22540946], [24.64427775, 60.22541781], [24.64437845, 60.22541646], [24.64449108, 60.22541335], [24.64471452, 60.22542463], [24.64493184, 60.22545214], [24.64497748, 60.22543655], [24.64854203, 60.22443289], [24.6466567, 60.22372349], [24.64639804, 60.22366626], [24.64649008, 60.22356374], [24.64752938, 60.22285591], [24.64761335, 60.22279914], [24.6469024, 60.22257026], [24.64685709, 60.2225556], [24.64754249, 60.22208855], [24.64756212, 60.22207514], [24.64805557, 60.22173906], [24.64828566, 60.22158251], [24.64836363, 60.22152949], [24.64873875, 60.22127388], [24.64866354, 60.22127179], [24.64892199, 60.22109476], [24.65065167, 60.22024558], [24.65048325, 60.22020367], [24.65026864, 60.22002665], [24.65017763, 60.21993298], [24.65014197, 60.21987652], [24.65011173, 60.21981926], [24.65009774, 60.21976044], [24.65008917, 60.21970144], [24.65009791, 60.21964241], [24.65011207, 60.21958366], [24.65014299, 60.21952657], [24.65017877, 60.21947011], [24.65027015, 60.21937656], [24.64882621, 60.21830862], [24.64846991, 60.21832616]]]}, "geometry_name": "geom", "properties": {"posnro": "02810", "postitoimi": "ESPOO", "postitoiru": "ESBO", "nimi": "Gumböle-Karhusuo", "nimiru": "Gumböle-Björnkärr", "kunta": "Espoo", "kunta_nro": "049"}}, {"type": "Feature", "id": "pks_postinumeroalueet_2024.165", "geometry": {"type": "Polygon", "coordinates": [[[24.63111343, 60.29528657], [24.63087408, 60.29515298], [24.63072357, 60.29498212], [24.63067592, 60.29482977], [24.63068303, 60.29468017], [24.63068519, 60.29463279], [24.63076547, 60.2944894], [24.63085995, 60.29438519], [24.63094115, 60.29430419], [24.63121346, 60.29416], [24.63156975, 60.29402465], [24.63232857, 60.29388772], [24.63285271, 60.29382796], [24.63323672, 60.29383252], [24.63373923, 60.29391154], [24.63426372, 60.29396693], [24.63474312, 60.29393046], [24.6350501, 60.29383805], [24.6351516, 60.29363737], [24.63502188, 60.29306044], [24.6346519, 60.29257708], [24.63423271, 60.29232453], [24.63388011, 60.29218013], [24.63367995, 60.29208256], [24.63351148, 60.29196577], [24.63342564, 60.29183279], [24.63337213, 60.29171866], [24.63336329, 60.2915884], [24.63343092, 60.29145772], [24.63354431, 60.29135868], [24.63375979, 60.29124968], [24.63407172, 60.29114957], [24.63436371, 60.29103702], [24.6345099, 60.29096319], [24.63459117, 60.29087384], [24.63459567, 60.29076256], [24.63457299, 60.29060704], [24.6345197, 60.2904737], [24.63443379, 60.29034709], [24.63432216, 60.29019196], [24.63417875, 60.29006546], [24.63406237, 60.28999621], [24.63396552, 60.28997431], [24.63380593, 60.28998473], [24.63359512, 60.29001736], [24.63340994, 60.29003731], [24.63319341, 60.2900956], [24.63301507, 60.2901345], [24.63286768, 60.29012252], [24.63266769, 60.29005995], [24.63246763, 60.28995609], [24.63230554, 60.28985197], [24.63218192, 60.28975084], [24.63200078, 60.28965322], [24.63190309, 60.28956158], [24.63192727, 60.28948518], [24.63196353, 60.28939598], [24.63203884, 60.2893067], [24.63215929, 60.28925516], [24.6323377, 60.28920987], [24.63243232, 60.2891395], [24.63246261, 60.28905046], [24.63245994, 60.28890101], [24.63242284, 60.28863111], [24.63237367, 60.28842095], [24.6322696, 60.28827023], [24.63228359, 60.28813573], [24.63235627, 60.2880381], [24.63251264, 60.28792679], [24.63266578, 60.28776449], [24.63278064, 60.28758126], [24.63280729, 60.28743001], [24.63279528, 60.28724311], [24.63271161, 60.28706301], [24.63253001, 60.28686227], [24.63235416, 60.28672886], [24.63211934, 60.28663118], [24.63179288, 60.2865802], [24.63122972, 60.28655153], [24.63092474, 60.28651927], [24.63059937, 60.28651657], [24.63032937, 60.28655782], [24.63011484, 60.28663226], [24.6298969, 60.28672159], [24.62968813, 60.28686318], [24.62963199, 60.28703149], [24.62963518, 60.28718049], [24.62967717, 60.28740077], [24.62973015, 60.28751167], [24.62980393, 60.28760585], [24.62983251, 60.28771633], [24.62967704, 60.28784344], [24.62950114, 60.28790694], [24.62922461, 60.28799628], [24.62890833, 60.28800401], [24.62869267, 60.28798618], [24.62841231, 60.28788703], [24.62804183, 60.28770029], [24.62769539, 60.28745061], [24.62732321, 60.28717591], [24.62700312, 60.28699514], [24.6265696, 60.28682133], [24.62599709, 60.28666059], [24.62552732, 60.28657489], [24.62491857, 60.28650227], [24.62437312, 60.28644212], [24.62408024, 60.28634912], [24.62385114, 60.28627487], [24.62369751, 60.28619393], [24.62349253, 60.28605037], [24.62328813, 60.28595079], [24.62307014, 60.28580737], [24.62295364, 60.28565706], [24.6228621, 60.28550674], [24.62284745, 60.28541254], [24.62273193, 60.28531878], [24.62256471, 60.28519391], [24.62243332, 60.28511275], [24.62239245, 60.28503608], [24.62239896, 60.28494159], [24.62240646, 60.28485562], [24.62237831, 60.28475708], [24.6223161, 60.28465001], [24.6222277, 60.28455588], [24.62219132, 60.28446602], [24.62197958, 60.28425225], [24.62182064, 60.28406825], [24.62173269, 60.28398283], [24.62160934, 60.28386319], [24.62138015, 60.28365817], [24.62118666, 60.2834616], [24.62108954, 60.28337192], [24.62101052, 60.28331201], [24.62087194, 60.28329133], [24.62064688, 60.28329231], [24.62038868, 60.28334497], [24.62009568, 60.28340651], [24.61984582, 60.28344206], [24.61955212, 60.28346922], [24.61918906, 60.28353954], [24.61913215, 60.28349046], [24.61904191, 60.28346219], [24.61887385, 60.28341208], [24.61875749, 60.2833456], [24.61873701, 60.28328827], [24.61868861, 60.2831133], [24.61859016, 60.28299903], [24.61846007, 60.28290073], [24.61829162, 60.28283778], [24.61800748, 60.28274344], [24.61777543, 60.2826935], [24.61770468, 60.28266834], [24.61762582, 60.28259541], [24.61754202, 60.28257354], [24.61736157, 60.28251693], [24.6171999, 60.28247625], [24.61708959, 60.28240341], [24.61699211, 60.28234649], [24.61687607, 60.28229922], [24.61682896, 60.28220071], [24.61680817, 60.28212409], [24.61676768, 60.282016], [24.61669392, 60.28183152], [24.61663383, 60.28172975], [24.61664526, 60.28163402], [24.61667547, 60.28155422], [24.61677716, 60.28148361], [24.61697518, 60.28142844], [24.61698051, 60.28139022], [24.61692104, 60.28128208], [24.61694525, 60.28120559], [24.61703933, 60.28109035], [24.61715967, 60.28100049], [24.61719071, 60.28094296], [24.61724684, 60.28087257], [24.61756528, 60.28072127], [24.61770527, 60.28066638], [24.61780723, 60.28061821], [24.61817927, 60.28061317], [24.61835279, 60.28061242], [24.61872012, 60.28054571], [24.61864973, 60.27955893], [24.61774615, 60.279533], [24.61711118, 60.27897855], [24.61492306, 60.27909573], [24.61184518, 60.27925632], [24.61189269, 60.27780837], [24.61193194, 60.27325894], [24.61197582, 60.27147602], [24.61198412, 60.27013431], [24.61198742, 60.26962595], [24.61201788, 60.26458015], [24.61203204, 60.2635666], [24.61206914, 60.26208083], [24.61204063, 60.25981876], [24.61196888, 60.25603649], [24.61196908, 60.25519576], [24.61193623, 60.25215676], [24.61192976, 60.25151249], [24.61191706, 60.25015967], [24.6118814, 60.24909867], [24.61189021, 60.24817082], [24.61190164, 60.24807446], [24.61568016, 60.24602612], [24.61191445, 60.24433551], [24.61475608, 60.241875], [24.61547712, 60.24121255], [24.62002216, 60.23723524], [24.62185236, 60.23560236], [24.61989444, 60.23353412], [24.61940768, 60.23301978], [24.61890254, 60.23227022], [24.61852353, 60.23171131], [24.6187649, 60.23134832], [24.61923548, 60.23064106], [24.61856888, 60.22883364], [24.6181947, 60.2274446], [24.61733717, 60.22730633], [24.61693778, 60.22720205], [24.61709609, 60.22708986], [24.6174069, 60.22699005], [24.61785892, 60.22680539], [24.61802707, 60.22668335], [24.61857253, 60.22642248], [24.62040846, 60.22555982], [24.6201787, 60.22525265], [24.62001577, 60.22511172], [24.62012181, 60.22488243], [24.62033798, 60.22458578], [24.62056331, 60.22410471], [24.62000671, 60.22402333], [24.62005311, 60.22352182], [24.61851802, 60.22361336], [24.61778335, 60.22367076], [24.61732186, 60.22365067], [24.61638031, 60.22376203], [24.61352214, 60.22432332], [24.61160686, 60.22479217], [24.6111234, 60.22488912], [24.61019004, 60.22521893], [24.60999607, 60.22505105], [24.60979507, 60.22501968], [24.6072751, 60.22462208], [24.60756839, 60.22417839], [24.60759046, 60.22414336], [24.60759987, 60.22412607], [24.60759851, 60.22410407], [24.6075034, 60.22408979], [24.60743537, 60.22407532], [24.60741003, 60.22402139], [24.6073833, 60.22399331], [24.60736922, 60.22394875], [24.60731769, 60.22391278], [24.60728835, 60.22387671], [24.60730297, 60.22378529], [24.60729798, 60.22370521], [24.60727029, 60.22366636], [24.60725452, 60.22362754], [24.60717959, 60.22360129], [24.60711025, 60.22356087], [24.6070053, 60.22351057], [24.6068686, 60.22344428], [24.60685327, 60.22341399], [24.60679555, 60.2233973], [24.60668856, 60.22338137], [24.6065987, 60.22329162], [24.60651934, 60.22322927], [24.60640097, 60.22316959], [24.60631962, 60.22313704], [24.60626438, 60.2230946], [24.60620972, 60.2230037], [24.60619479, 60.22289406], [24.60617786, 60.22286161], [24.60619032, 60.22281596], [24.60624799, 60.22279118], [24.60631628, 60.22273861], [24.60634406, 60.22267873], [24.60633312, 60.22264361], [24.60639191, 60.22257081], [24.60637716, 60.22253702], [24.60648382, 60.22244417], [24.60647553, 60.22241273], [24.60641171, 60.22240904], [24.60638068, 60.22237816], [24.60630779, 60.22236323], [24.60619326, 60.22234485], [24.60602618, 60.22233008], [24.60584257, 60.2222948], [24.60576109, 60.22227391], [24.60572159, 60.22222775], [24.60563495, 60.22214061], [24.60557673, 60.22207618], [24.60545335, 60.22202833], [24.60532678, 60.22202095], [24.60512522, 60.22203821], [24.60490179, 60.22207354], [24.60473045, 60.22209807], [24.60467814, 60.22212709], [24.60457915, 60.22212221], [24.60449387, 60.22210203], [24.6043843, 60.22203161], [24.60425489, 60.22190027], [24.60422937, 60.2218625], [24.60426569, 60.22176827], [24.60425724, 60.22170542], [24.60422573, 60.22167005], [24.60420577, 60.22162009], [24.60418752, 60.22151762], [24.60415362, 60.22141125], [24.60413102, 60.22135527], [24.60410072, 60.22130922], [24.60399283, 60.22123459], [24.6039528, 60.2211877], [24.60389752, 60.22114841], [24.60379763, 60.22112899], [24.60357723, 60.2210927], [24.60338901, 60.22099143], [24.60327841, 60.22087289], [24.60317182, 60.22073498], [24.60303469, 60.22057256], [24.60292052, 60.22043481], [24.6027731, 60.22031724], [24.60280708, 60.2202826], [24.60328, 60.21980015], [24.6033748, 60.21970332], [24.6040121, 60.21905243], [24.60232656, 60.21839631], [24.6022762, 60.2182206], [24.60233665, 60.21805518], [24.60238486, 60.21800722], [24.60263736, 60.21775837], [24.60328697, 60.21752067], [24.60344782, 60.21737646], [24.60323688, 60.21732162], [24.60268707, 60.21722798], [24.60243977, 60.21704719], [24.60233677, 60.21688317], [24.6023402, 60.21668868], [24.60242141, 60.21668605], [24.6048445, 60.21648856], [24.60481477, 60.21716064], [24.6049987, 60.21716684], [24.60503681, 60.21615758], [24.6014932, 60.21508751], [24.5964535, 60.21463831], [24.59159708, 60.21421444], [24.59060587, 60.21611123], [24.59054434, 60.21622871], [24.5904752, 60.216175], [24.5903767, 60.21608889], [24.59024667, 60.21601354], [24.59014533, 60.21598173], [24.58996446, 60.21594778], [24.58968577, 60.21594665], [24.58939795, 60.21593921], [24.58908821, 60.21591096], [24.588812, 60.2158847], [24.58857563, 60.21591862], [24.58816971, 60.21600819], [24.58786445, 60.21609718], [24.58761358, 60.2161647], [24.5875215, 60.21617151], [24.58738503, 60.21613563], [24.58725706, 60.21606971], [24.58714359, 60.21601281], [24.58695975, 60.21595677], [24.58669325, 60.21593323], [24.58639829, 60.21597773], [24.58613853, 60.21602099], [24.58584379, 60.21604807], [24.58551257, 60.21609227], [24.58504777, 60.21630121], [24.58472568, 60.21635091], [24.58459024, 60.21636251], [24.58444898, 60.2163636], [24.58340879, 60.22225526], [24.58331953, 60.22284799], [24.58317808, 60.22367203], [24.58283616, 60.22570337], [24.5828016, 60.22590987], [24.58201621, 60.22581783], [24.58166491, 60.22585801], [24.58140588, 60.22587927], [24.58140459, 60.22581024], [24.58142532, 60.22562829], [24.58146705, 60.22553992], [24.58156645, 60.22547076], [24.58148968, 60.22537816], [24.58137512, 60.22519246], [24.58122841, 60.22502344], [24.58100682, 60.22482635], [24.5807672, 60.22451522], [24.5796494, 60.22354081], [24.57755454, 60.2227444], [24.57751091, 60.22272784], [24.57712266, 60.22223537], [24.57681571, 60.2223228], [24.57661438, 60.22244656], [24.57630647, 60.22273477], [24.57602789, 60.2229299], [24.5758471, 60.22309753], [24.5756977, 60.22326543], [24.57560734, 60.22338811], [24.57555302, 60.22352858], [24.5761222, 60.22375927], [24.57624348, 60.22379888], [24.57610348, 60.22386746], [24.57596253, 60.22392535], [24.57594116, 60.2239873], [24.57598649, 60.22399839], [24.57608826, 60.22399791], [24.57622816, 60.22427256], [24.57646915, 60.22447384], [24.57658694, 60.22474303], [24.57695065, 60.22516685], [24.57604378, 60.22538861], [24.5705561, 60.22548917], [24.57005568, 60.22579577], [24.56968366, 60.22514465], [24.56633841, 60.22460205], [24.56345671, 60.22413467], [24.55825688, 60.22329091], [24.55532572, 60.2228152], [24.55378213, 60.22256454], [24.54371072, 60.22811746], [24.53862409, 60.23092096], [24.53771733, 60.23064369], [24.53627112, 60.23064951], [24.53258028, 60.22882467], [24.52897131, 60.22962321], [24.52464732, 60.23058298], [24.52540654, 60.23102146], [24.52534362, 60.2335386], [24.52523041, 60.23810843], [24.52514737, 60.2414516], [24.52506681, 60.2446973], [24.52506479, 60.24472475], [24.52500908, 60.24550488], [24.52502624, 60.24634011], [24.52501897, 60.24658009], [24.52478622, 60.24668077], [24.52458517, 60.24676119], [24.52341917, 60.24726664], [24.52233279, 60.24773278], [24.5220319, 60.24786166], [24.52073341, 60.24842011], [24.52040687, 60.24856029], [24.51871256, 60.24928728], [24.51783267, 60.24966509], [24.51776016, 60.24969616], [24.51677618, 60.25011371], [24.51549075, 60.25065599], [24.51543569, 60.25067912], [24.51444844, 60.25109405], [24.51439502, 60.25111647], [24.51143234, 60.25237743], [24.51069997, 60.25269704], [24.5062034, 60.25462538], [24.50569134, 60.25484436], [24.50433391, 60.25542998], [24.50433697, 60.25551373], [24.50434167, 60.2559198], [24.5043411, 60.25595777], [24.5043474, 60.25658069], [24.504353, 60.25703469], [24.50436279, 60.25753412], [24.50436935, 60.25882069], [24.50436522, 60.25927304], [24.50437253, 60.25972149], [24.50437984, 60.26017002], [24.50439211, 60.26075661], [24.50438633, 60.2610675], [24.50440298, 60.2619372], [24.50440506, 60.26205119], [24.5044052, 60.26207776], [24.50443352, 60.26206853], [24.50444182, 60.26205726], [24.5044844, 60.2620365], [24.50453511, 60.26201623], [24.50460078, 60.26200992], [24.50465076, 60.26200149], [24.50470792, 60.26198465], [24.50478226, 60.26197837], [24.50484455, 60.26198013], [24.50489409, 60.2619656], [24.5049809, 60.2619591], [24.5050758, 60.26195461], [24.50512531, 60.26194205], [24.50518692, 60.26191714], [24.50525702, 60.26190466], [24.50532706, 60.26189613], [24.5054217, 60.26187323], [24.5054916, 60.26183804], [24.50554914, 60.2618317], [24.5056274, 60.26181682], [24.50569753, 60.26180236], [24.50579028, 60.26176133], [24.50588979, 60.26173908], [24.5059943, 60.26170824], [24.50605444, 60.26167328], [24.50616288, 60.26163392], [24.50626299, 60.26160755], [24.50638953, 60.26158971], [24.50645878, 60.26156133], [24.50657465, 60.26153232], [24.50668467, 60.26149539], [24.50675433, 60.26147564], [24.50681447, 60.26144068], [24.50694678, 60.26139934], [24.50697995, 60.26139228], [24.50703197, 60.26139221], [24.50711056, 60.26139187], [24.50718025, 60.26136987], [24.50725811, 60.26134575], [24.50728394, 60.26132179], [24.50735749, 60.26129585], [24.50748606, 60.26125064], [24.50761618, 60.26121101], [24.5077851, 60.2611497], [24.50785056, 60.26112122], [24.50792408, 60.26109717], [24.50801573, 60.26109258], [24.50810378, 60.26107585], [24.50815452, 60.26105288], [24.50823222, 60.26100272], [24.50829255, 60.26095493], [24.50835769, 60.26091128], [24.5083921, 60.26089373], [24.50841786, 60.26087417], [24.50847889, 60.26085213], [24.50852344, 60.26080805], [24.50855669, 60.26079552], [24.50864362, 60.26078013], [24.5087092, 60.26077983], [24.50877898, 60.26078826], [24.50884408, 60.26078365], [24.5089057, 60.2607942], [24.5089954, 60.26081114], [24.50907863, 60.26086288], [24.50912723, 60.26091045], [24.50914115, 60.26095807], [24.50918947, 60.26098823], [24.50923785, 60.26101416], [24.5093421, 60.26103726], [24.50941504, 60.26105144], [24.5095204, 60.26107265], [24.50957736, 60.2611049], [24.50962619, 60.26113722], [24.50965242, 60.26115894], [24.50974102, 60.26117785], [24.50978411, 60.26119524], [24.50980211, 60.26122331], [24.50977704, 60.26130588], [24.50972785, 60.26136988], [24.50974645, 60.26143053], [24.50975559, 60.26147176], [24.50980039, 60.26151986], [24.50982029, 60.26160223], [24.50985711, 60.2616407], [24.50983709, 60.26167482], [24.50983021, 60.26169983], [24.50986149, 60.26171009], [24.50991507, 60.26171496], [24.50992391, 60.26174003], [24.50989728, 60.26181766], [24.50995453, 60.26183035], [24.51008245, 60.26186529], [24.5101854, 60.26190282], [24.51021233, 60.26191351], [24.51031908, 60.26198733], [24.5103554, 60.26202265], [24.5103666, 60.26203507], [24.51037717, 60.2620527], [24.5104095, 60.26206494], [24.51046344, 60.26208255], [24.51049574, 60.26209649], [24.5105138, 60.26212124], [24.51052522, 60.26215494], [24.51056859, 60.2621902], [24.51063325, 60.2622153], [24.51069607, 60.26225475], [24.51071448, 60.26229198], [24.5107261, 60.26234874], [24.51069911, 60.26244989], [24.51067804, 60.26248176], [24.51063922, 60.26250496], [24.51057681, 60.26254718], [24.51066741, 60.26257677], [24.51159935, 60.26288196], [24.51228267, 60.26310554], [24.51302045, 60.26334861], [24.51313893, 60.26332598], [24.51454645, 60.26379794], [24.51484353, 60.26357267], [24.51481569, 60.26351261], [24.51478765, 60.26346637], [24.51477321, 60.26341678], [24.51479297, 60.26336353], [24.5148334, 60.26330516], [24.51487742, 60.26326035], [24.5148835, 60.26321559], [24.51489374, 60.26318305], [24.51492772, 60.26315723], [24.51496107, 60.26310054], [24.5149988, 60.26307806], [24.51505346, 60.26304702], [24.51518327, 60.2629546], [24.51519204, 60.26294763], [24.51521069, 60.26293217], [24.51523097, 60.26291735], [24.51525449, 60.26290235], [24.51534959, 60.26284831], [24.51537093, 60.26283438], [24.5153939, 60.26282047], [24.51541574, 60.26280924], [24.51546759, 60.26278456], [24.51548726, 60.26277414], [24.51551022, 60.26276031], [24.51555346, 60.26273165], [24.51555893, 60.26272808], [24.51562406, 60.26268524], [24.51562973, 60.26266821], [24.51567937, 60.26264613], [24.51572596, 60.26261084], [24.51577562, 60.26258715], [24.51588063, 60.26252246], [24.51594465, 60.26248123], [24.51595848, 60.26242554], [24.51602444, 60.26236259], [24.51608068, 60.26233426], [24.51614203, 60.26229005], [24.51617962, 60.2622402], [24.51624656, 60.26218434], [24.51633444, 60.26214158], [24.51638365, 60.26211205], [24.5164244, 60.26206804], [24.51651102, 60.26192708], [24.51654025, 60.2618561], [24.51659808, 60.26179304], [24.51661226, 60.26175054], [24.51665655, 60.26168707], [24.51667123, 60.26164709], [24.51671441, 60.26158541], [24.516725, 60.26152827], [24.51674837, 60.26148716], [24.51675395, 60.26143979], [24.51677229, 60.26137209], [24.51678563, 60.26131263], [24.51680361, 60.26126997], [24.51680766, 60.26121542], [24.51681659, 60.26116079], [24.51683481, 60.26110135], [24.51685289, 60.26105142], [24.51685691, 60.26099938], [24.51688467, 60.26095415], [24.51690777, 60.26089464], [24.5169167, 60.26084019], [24.51694449, 60.26079263], [24.51695839, 60.26076881], [24.51701023, 60.26074494], [24.51702921, 60.26070687], [24.5170236, 60.26068324], [24.51703757, 60.26065466], [24.51702732, 60.26061441], [24.51702188, 60.26057885], [24.51704101, 60.26053126], [24.5170235, 60.2605057], [24.5169997, 60.26046586], [24.51699952, 60.26040455], [24.51699346, 60.26037491], [24.51699085, 60.26036817], [24.51697075, 60.26029809], [24.51696167, 60.26025228], [24.51695066, 60.26022684], [24.51692674, 60.26019507], [24.516933, 60.26013792], [24.51690251, 60.26011097], [24.51686371, 60.26005994], [24.51686601, 60.26001408], [24.51688768, 60.25994074], [24.51685858, 60.25989289], [24.51679228, 60.2598317], [24.51675339, 60.25978597], [24.51669008, 60.25970675], [24.51665881, 60.25962191], [24.51664989, 60.25956533], [24.51662631, 60.25951076], [24.51661071, 60.25946664], [24.51658634, 60.25942885], [24.51655199, 60.25936967], [24.51649365, 60.25932], [24.51639689, 60.25923025], [24.51632013, 60.25918079], [24.51625135, 60.25914167], [24.51619035, 60.25912547], [24.51618041, 60.25910165], [24.51616074, 60.25907564], [24.516065, 60.25906425], [24.51604115, 60.25906435], [24.51590714, 60.25903882], [24.51574896, 60.25899902], [24.51564327, 60.25896381], [24.51555661, 60.25892391], [24.51548467, 60.25887904], [24.51542444, 60.25884731], [24.51537155, 60.25883321], [24.51528585, 60.25883837], [24.51520944, 60.25883863], [24.51516143, 60.25882454], [24.51507346, 60.25876328], [24.51501648, 60.25873264], [24.51495895, 60.25870192], [24.51489658, 60.25866902], [24.51484339, 60.2586384], [24.5147682, 60.25859235], [24.51470366, 60.25855953], [24.51470354, 60.25853126], [24.51463778, 60.25850777], [24.51456718, 60.25848202], [24.51454502, 60.25844092], [24.51453493, 60.25835409], [24.51455993, 60.25827601], [24.51458515, 60.25821956], [24.51463953, 60.25816967], [24.51439929, 60.25807293], [24.51427814, 60.2580207], [24.51423243, 60.25799765], [24.51408297, 60.25791803], [24.51403464, 60.25788814], [24.5139755, 60.25789358], [24.51391468, 60.25790233], [24.51385616, 60.2579023], [24.51378807, 60.25788984], [24.51374203, 60.25788851], [24.51368122, 60.2578969], [24.51357864, 60.25790801], [24.51345231, 60.25791294], [24.51335216, 60.25790673], [24.51319744, 60.2578892], [24.51314184, 60.257875], [24.51307173, 60.25785266], [24.51304324, 60.25783748], [24.5129602, 60.25780962], [24.51281539, 60.25778198], [24.51262341, 60.25775659], [24.5125077, 60.25773975], [24.51235438, 60.25773802], [24.51229554, 60.25772326], [24.51221225, 60.25771272], [24.51213383, 60.2577022], [24.51205327, 60.25769015], [24.51201131, 60.25767016], [24.5119385, 60.25764673], [24.51185786, 60.25764042], [24.51177176, 60.25763652], [24.51175877, 60.25763593], [24.51171389, 60.25762957], [24.51168418, 60.25762327], [24.51165721, 60.25761464], [24.51163244, 60.25760423], [24.51161203, 60.25759204], [24.51159489, 60.25757851], [24.51158211, 60.25756384], [24.51156998, 60.25754126], [24.51154502, 60.25743427], [24.51152545, 60.25740252], [24.5114577, 60.25736735], [24.51129923, 60.25734774], [24.51119856, 60.25733947], [24.51107677, 60.25733122], [24.51097212, 60.25733595], [24.51084662, 60.25735819], [24.51076568, 60.25737172], [24.51071796, 60.25737414], [24.51066918, 60.25737477], [24.51058587, 60.25736612], [24.51051301, 60.25734619], [24.51045002, 60.25731903], [24.51055229, 60.25725631], [24.51041754, 60.25709946], [24.5106163, 60.25706995], [24.51070221, 60.25704989], [24.51075883, 60.25703206], [24.51080847, 60.25700962], [24.5108522, 60.2569842], [24.51088622, 60.25695552], [24.51091269, 60.25692492], [24.51092834, 60.2568924], [24.51093825, 60.25684558], [24.51092451, 60.25682246], [24.5108897, 60.25679496], [24.51084242, 60.25676759], [24.51082065, 60.25673789], [24.51081992, 60.25671455], [24.51089676, 60.25668459], [24.51100715, 60.25665861], [24.51106229, 60.25663081], [24.51109167, 60.25658604], [24.51109562, 60.25657546], [24.51110792, 60.25651366], [24.51111098, 60.25645417], [24.51107164, 60.2564034], [24.5109781, 60.25635333], [24.51075542, 60.25627972], [24.51062638, 60.25624882], [24.51049732, 60.25621953], [24.51036054, 60.2561991], [24.51022374, 60.25618029], [24.51008192, 60.25617088], [24.50994062, 60.25616282], [24.50979863, 60.25616472], [24.50965553, 60.25616787], [24.50939238, 60.25619221], [24.50929913, 60.2562318], [24.5092315, 60.25626171], [24.5091674, 60.2562726], [24.50905669, 60.25628368], [24.50891963, 60.2562821], [24.50882541, 60.25627807], [24.50875395, 60.25627377], [24.50866915, 60.2562564], [24.50852328, 60.25622732], [24.50836069, 60.25619387], [24.50817177, 60.25614578], [24.50796981, 60.25609979], [24.50779385, 60.25605381], [24.50760541, 60.25600985], [24.50755406, 60.25600158], [24.50746848, 60.25599974], [24.50738255, 60.25598515], [24.50718381, 60.25594178], [24.50602, 60.25550627], [24.50572437, 60.25527702], [24.50590545, 60.25508992], [24.51067642, 60.25405737], [24.51684448, 60.25272205], [24.51730996, 60.25282679], [24.51826097, 60.25288849], [24.51915053, 60.2529286], [24.52000943, 60.25291645], [24.5206235, 60.25286401], [24.52166149, 60.2527202], [24.52282009, 60.25247799], [24.5237425, 60.25223286], [24.52424552, 60.25206574], [24.52448824, 60.25199104], [24.52461981, 60.25199618], [24.52481696, 60.2519249], [24.52521676, 60.25181468], [24.5255404, 60.25172536], [24.5259011, 60.25162083], [24.52632309, 60.25151203], [24.52683443, 60.25133012], [24.5275571, 60.25103175], [24.52836366, 60.25062452], [24.52929266, 60.25021594], [24.52984006, 60.25000982], [24.53099, 60.24971824], [24.53184586, 60.24957173], [24.53239977, 60.24951561], [24.5330244, 60.24939969], [24.53374904, 60.24952753], [24.53427019, 60.24945038], [24.53410308, 60.24924003], [24.53446901, 60.24914483], [24.53477864, 60.24908497], [24.53511935, 60.24904973], [24.53554787, 60.24897134], [24.53645992, 60.24883299], [24.53851671, 60.24849343], [24.53889164, 60.24845013], [24.54068433, 60.24816706], [24.54104285, 60.24813464], [24.54319408, 60.24777613], [24.54339703, 60.24771167], [24.54451648, 60.24753421], [24.54624886, 60.24725741], [24.5472272, 60.24709677], [24.54671405, 60.24695231], [24.54501302, 60.2472355], [24.54456161, 60.24732685], [24.54415855, 60.247369], [24.5422096, 60.24767464], [24.5422202, 60.24769191], [24.54178863, 60.24775782], [24.54130925, 60.24713596], [24.57390907, 60.23958996], [24.57667605, 60.2389497], [24.57583758, 60.23992419], [24.57612223, 60.24006718], [24.5752483, 60.24064007], [24.57418569, 60.24118498], [24.57303754, 60.24055956], [24.56916649, 60.24232114], [24.57025482, 60.24279858], [24.56934983, 60.24320735], [24.56816191, 60.24358863], [24.56676141, 60.24394649], [24.56629067, 60.24386929], [24.56625985, 60.24382422], [24.56612589, 60.24379686], [24.56599781, 60.24381574], [24.56524195, 60.24367334], [24.56473987, 60.24363175], [24.56328929, 60.2435988], [24.56268109, 60.24363549], [24.56190394, 60.24370913], [24.56112327, 60.24364174], [24.56095108, 60.24351722], [24.56068818, 60.2435729], [24.56080238, 60.24374103], [24.56009728, 60.24409717], [24.55940643, 60.2443584], [24.55877063, 60.24455384], [24.55809541, 60.24469861], [24.556972, 60.24510209], [24.55680536, 60.24520906], [24.55663018, 60.24526583], [24.55623701, 60.24533991], [24.55606845, 60.24538817], [24.55568767, 60.24546723], [24.55452952, 60.2456731], [24.55414587, 60.24572378], [24.55324347, 60.24588204], [24.55208635, 60.24684264], [24.55236515, 60.246974], [24.55244118, 60.24918294], [24.55249416, 60.25097767], [24.55254661, 60.25277249], [24.54566309, 60.25724493], [24.54479203, 60.2596471], [24.54323197, 60.26154912], [24.54389613, 60.26160561], [24.5447402, 60.26166281], [24.54559713, 60.26173108], [24.54541099, 60.26237515], [24.54506047, 60.26244495], [24.54610843, 60.26253425], [24.54675435, 60.26261777], [24.54711382, 60.26264548], [24.54754934, 60.26266034], [24.54868105, 60.26265072], [24.54915712, 60.26263269], [24.54960906, 60.26259625], [24.55056443, 60.26248344], [24.55102923, 60.26245709], [24.55142946, 60.26239759], [24.55247702, 60.26227915], [24.55191601, 60.26470503], [24.55179418, 60.26473639], [24.55168672, 60.26478728], [24.55153631, 60.26484744], [24.55142938, 60.26489842], [24.55138782, 60.26496515], [24.55135402, 60.26505892], [24.5513414, 60.2651489], [24.55133249, 60.26520649], [24.55134168, 60.2652873], [24.55131088, 60.26535954], [24.55126587, 60.26544071], [24.55122053, 60.26550571], [24.55116392, 60.2655635], [24.55108978, 60.26563416], [24.55102693, 60.26571185], [24.5510035, 60.26580009], [24.55093614, 60.26585076], [24.55084404, 60.26592692], [24.55074899, 60.26602093], [24.55068229, 60.26610229], [24.55063434, 60.26620005], [24.55059389, 60.26630412], [24.55051508, 60.26639881], [24.55036543, 60.26652189], [24.55019227, 60.26665926], [24.55002357, 60.26678731], [24.54987331, 60.26687512], [24.54960151, 60.2670905], [24.54947988, 60.26718532], [24.5493816, 60.26727681], [24.54900825, 60.26762432], [24.54876082, 60.26787982], [24.54863116, 60.26804543], [24.54856087, 60.2681117], [24.54836844, 60.26823024], [24.54800607, 60.26840842], [24.54787937, 60.26847728], [24.54772003, 60.26859351], [24.54761318, 60.26871638], [24.54752098, 60.268877], [24.5474756, 60.26902332], [24.54745879, 60.2691412], [24.54746996, 60.2692353], [24.54757262, 60.26941633], [24.54765543, 60.26954334], [24.54772316, 60.26962318], [24.54789558, 60.26973794], [24.5481153, 60.26984298], [24.54855486, 60.27000379], [24.54873565, 60.27006203], [24.54897915, 60.27013277], [24.54909827, 60.27018182], [24.5491754, 60.27024976], [24.54922891, 60.27033916], [24.54927473, 60.27051559], [24.54929998, 60.27065076], [24.54934675, 60.27083662], [24.54935407, 60.27085657], [24.54942334, 60.27102213], [24.54958125, 60.27128672], [24.549691, 60.27146544], [24.54976778, 60.27163758], [24.54980951, 60.27175682], [24.54982324, 60.27178335], [24.54992555, 60.2719124], [24.54997478, 60.27203814], [24.55001041, 60.27216732], [24.55018264, 60.27249515], [24.55020233, 60.2725217], [24.55029901, 60.27266617], [24.55039189, 60.27281179], [24.55048518, 60.27300544], [24.55056078, 60.27314607], [24.55065618, 60.27326523], [24.55072105, 60.27343679], [24.55076784, 60.27354331], [24.55080311, 60.27365939], [24.55083135, 60.27373551], [24.55090544, 60.27378826], [24.55103325, 60.27383743], [24.55119354, 60.27385009], [24.55134056, 60.27384278], [24.55139441, 60.27386908], [24.5513819, 60.2739123], [24.55131579, 60.27394906], [24.55119606, 60.27398276], [24.55107692, 60.27405281], [24.55099197, 60.27415933], [24.5508954, 60.27436221], [24.55087439, 60.27470886], [24.55084939, 60.27483174], [24.55089104, 60.27491777], [24.5509589, 60.27499044], [24.55110709, 60.27505628], [24.55128892, 60.27511963], [24.55152275, 60.27514735], [24.55173642, 60.27514322], [24.55188972, 60.27511277], [24.55204217, 60.27506563], [24.5521825, 60.27507176], [24.55231072, 60.27513089], [24.55243289, 60.27523649], [24.55252173, 60.27536056], [24.55254967, 60.27545894], [24.55251848, 60.27555954], [24.55247943, 60.27563937], [24.55241432, 60.27572254], [24.55231646, 60.27582175], [24.55223288, 60.27598697], [24.55210166, 60.27614674], [24.55193687, 60.27626358], [24.551764, 60.27629746], [24.55157622, 60.2762717], [24.55142188, 60.27621921], [24.55134145, 60.27619309], [24.55122008, 60.27618765], [24.55110099, 60.27621391], [24.55094835, 60.27627425], [24.55072966, 60.27636802], [24.55053755, 60.27645999], [24.55043227, 60.27654607], [24.55028968, 60.27682266], [24.55017277, 60.27708417], [24.55006981, 60.2772382], [24.55001232, 60.27739768], [24.54998179, 60.277449], [24.54992778, 60.27755222], [24.54984283, 60.27765865], [24.54969045, 60.27773891], [24.54930599, 60.27789979], [24.54908723, 60.27799688], [24.54893456, 60.27805901], [24.54877559, 60.2781458], [24.54864157, 60.27827055], [24.5485592, 60.27838552], [24.54856072, 60.27847178], [24.54866242, 60.27856753], [24.54888114, 60.27867041], [24.54918852, 60.27875349], [24.54931563, 60.27881532], [24.54939415, 60.2789013], [24.54952569, 60.2790353], [24.54963915, 60.27906521], [24.54971985, 60.2790715], [24.54981302, 60.27907774], [24.54993677, 60.27906864], [24.54951774, 60.28016564], [24.54885741, 60.28189045], [24.54757982, 60.28526831], [24.54538426, 60.29106908], [24.54364796, 60.292239], [24.54044849, 60.29236826], [24.53984544, 60.29316912], [24.54381151, 60.2944774], [24.54362212, 60.29456058], [24.54348231, 60.29466655], [24.54330994, 60.29485005], [24.54319074, 60.29507303], [24.54306144, 60.29528154], [24.54279077, 60.29578386], [24.54268557, 60.29597494], [24.54258723, 60.29610214], [24.54224895, 60.29635678], [24.54222072, 60.29639725], [24.5421937, 60.29666112], [24.54212672, 60.2968343], [24.54184605, 60.29719665], [24.54183879, 60.29728926], [24.54185966, 60.29754252], [24.54160936, 60.29786639], [24.54151844, 60.29796669], [24.54131901, 60.29810584], [24.54095959, 60.29831804], [24.54012992, 60.29879095], [24.53990922, 60.29897571], [24.53930161, 60.29951321], [24.53908632, 60.29981368], [24.53903462, 60.29994014], [24.53903017, 60.30014073], [24.5327892, 60.30145986], [24.5085248, 60.30202971], [24.50804814, 60.30334689], [24.50605972, 60.30926006], [24.50523796, 60.31167022], [24.50522375, 60.3117128], [24.50506058, 60.31216617], [24.50475854, 60.31300838], [24.50458398, 60.31349608], [24.50381299, 60.3157297], [24.50232691, 60.32010737], [24.50204821, 60.32086861], [24.50193502, 60.32124282], [24.50016675, 60.3262862], [24.50575649, 60.32520249], [24.50659031, 60.32503559], [24.50779207, 60.32481027], [24.50773524, 60.32487029], [24.50767446, 60.32494007], [24.50760018, 60.32504086], [24.50756075, 60.32509959], [24.50758136, 60.32510048], [24.51028158, 60.32521079], [24.51029087, 60.3252067], [24.51031718, 60.32519073], [24.51031845, 60.32517826], [24.51030117, 60.32509957], [24.51028618, 60.32501272], [24.51029238, 60.32496078], [24.51032781, 60.3249154], [24.5104374, 60.32481277], [24.51051522, 60.32469234], [24.51056037, 60.32457789], [24.51059861, 60.32449016], [24.51062491, 60.3244014], [24.51065711, 60.32431832], [24.51065252, 60.32426202], [24.51270035, 60.32387732], [24.51709801, 60.32301602], [24.52493536, 60.32145049], [24.529442, 60.32059213], [24.53412991, 60.31968328], [24.53963861, 60.31860244], [24.54540791, 60.317494], [24.55080755, 60.3164353], [24.55239744, 60.31612357], [24.55295154, 60.31601413], [24.55436341, 60.31573669], [24.55482386, 60.31564695], [24.55537578, 60.31553661], [24.55760893, 60.31509556], [24.55850378, 60.31491301], [24.55860391, 60.31489405], [24.56172756, 60.3143033], [24.56248668, 60.31415968], [24.58519844, 60.32108885], [24.59565354, 60.32418532], [24.59868223, 60.32320847], [24.60351888, 60.32163362], [24.60386226, 60.32152254], [24.60505484, 60.32113522], [24.6024458, 60.31768028], [24.60056065, 60.31517598], [24.60376167, 60.31369287], [24.60697386, 60.31220424], [24.60714766, 60.31169702], [24.60637373, 60.31160309], [24.60389903, 60.31221064], [24.60007192, 60.31315039], [24.59642658, 60.31324089], [24.59565633, 60.31056541], [24.59812089, 60.30932926], [24.59822347, 60.30915114], [24.59825957, 60.30908421], [24.5983171, 60.30899606], [24.59834966, 60.30895146], [24.59848646, 60.30881617], [24.59859344, 60.30872234], [24.59950234, 60.30833376], [24.59961493, 60.30826884], [24.5997314, 60.30819685], [24.59994729, 60.30802787], [24.59982691, 60.30797581], [24.59043258, 60.30782737], [24.5850648, 60.30457609], [24.5890793, 60.3027987], [24.59238391, 60.30139381], [24.59636289, 60.29970441], [24.59695825, 60.30004216], [24.59766019, 60.29974523], [24.60018935, 60.29860931], [24.5995847, 60.29827612], [24.60532452, 60.29572453], [24.60881331, 60.29417798], [24.60881986, 60.29417504], [24.61033712, 60.29353731], [24.6115247, 60.29366186], [24.6145184, 60.29689678], [24.61399238, 60.29701597], [24.61445155, 60.29796591], [24.61446371, 60.29799287], [24.61455105, 60.29804015], [24.61461284, 60.29809059], [24.61465193, 60.29813487], [24.61478242, 60.29824878], [24.61500244, 60.29836206], [24.61518283, 60.29843134], [24.61533805, 60.29851956], [24.61560946, 60.29864538], [24.61579026, 60.29872713], [24.61585603, 60.29880944], [24.61599893, 60.29883795], [24.61610294, 60.2988509], [24.61618485, 60.2988524], [24.61627557, 60.29884198], [24.61638913, 60.29882794], [24.61950149, 60.30215858], [24.62107345, 60.30384057], [24.62139992, 60.30418561], [24.62149786, 60.30416202], [24.62160007, 60.30414552], [24.62168528, 60.30414379], [24.62178511, 60.3041447], [24.62187894, 60.30414856], [24.62194696, 60.30417882], [24.62200619, 60.30421938], [24.62206349, 60.30428461], [24.6221294, 60.30435705], [24.62218609, 60.30442911], [24.62221194, 60.30454012], [24.62219161, 60.30470323], [24.62215268, 60.30483156], [24.62210967, 60.30493806], [24.62518949, 60.30822637], [24.63552604, 60.3045886], [24.63563663, 60.30454959], [24.63567558, 60.30436498], [24.63572761, 60.30407863], [24.63574206, 60.30385303], [24.63573287, 60.30370366], [24.63562693, 60.30351991], [24.63543212, 60.3033747], [24.63531386, 60.30322583], [24.63521477, 60.30306104], [24.63508924, 60.30288361], [24.63507324, 60.30271214], [24.63512736, 60.30253071], [24.63519332, 60.30230795], [24.63520992, 60.3020846], [24.6352138, 60.30202833], [24.63519163, 60.30187587], [24.63523304, 60.30171353], [24.63528715, 60.30153211], [24.63529062, 60.30136697], [24.63533972, 60.30124594], [24.63545193, 60.30110874], [24.63548742, 60.30094324], [24.63545866, 60.30079723], [24.63540344, 60.30059091], [24.63546549, 60.30047629], [24.63556518, 60.30034229], [24.63557652, 60.30025014], [24.63552679, 60.3001844], [24.6354188, 60.30018661], [24.63576237, 60.29983357], [24.63588378, 60.29950298], [24.63584294, 60.29936985], [24.63577039, 60.29925908], [24.63531119, 60.29898524], [24.63510993, 60.29883713], [24.63490761, 60.29863813], [24.63467068, 60.29828376], [24.63441363, 60.29793346], [24.63440491, 60.29779154], [24.63439471, 60.29768479], [24.63440145, 60.29761597], [24.63436809, 60.2974939], [24.63432057, 60.29742538], [24.63406981, 60.29719348], [24.63396796, 60.29708326], [24.63381773, 60.29688529], [24.63373862, 60.29677881], [24.6336613, 60.29675625], [24.63364578, 60.29673718], [24.63354283, 60.29672522], [24.63345867, 60.29668335], [24.63335924, 60.29664915], [24.63325078, 60.29659697], [24.63309003, 60.2965153], [24.63300487, 60.29641714], [24.63294533, 60.29625946], [24.63276711, 60.29609113], [24.63240006, 60.29592739], [24.63214016, 60.2957381], [24.63188745, 60.29558554], [24.63177403, 60.29549269], [24.63154556, 60.29545166], [24.63132063, 60.29538606], [24.63111343, 60.29528657]]]}, "geometry_name": "geom", "properties": {"posnro": "02820", "postitoimi": "ESPOO", "postitoiru": "ESBO", "nimi": "Nupuri-Nuuksio", "nimiru": "Nupurböle-Noux", "kunta": "Espoo", "kunta_nro": "049"}}, {"type": "Feature", "id": "pks_postinumeroalueet_2024.166", "geometry": {"type": "Polygon", "coordinates": [[[24.54541099, 60.26237515], [24.54559713, 60.26173108], [24.5447402, 60.26166281], [24.54389613, 60.26160561], [24.54323197, 60.26154912], [24.54479203, 60.2596471], [24.54566309, 60.25724493], [24.55254661, 60.25277249], [24.55249416, 60.25097767], [24.55244118, 60.24918294], [24.55236515, 60.246974], [24.55208631, 60.24684525], [24.55324347, 60.24588204], [24.55414587, 60.24572414], [24.55452952, 60.24567265], [24.55568768, 60.24546678], [24.55606845, 60.24538817], [24.55623701, 60.24533991], [24.55663018, 60.24526583], [24.55680537, 60.24520825], [24.556972, 60.24510209], [24.55809541, 60.24469861], [24.55877063, 60.24455384], [24.55940643, 60.2443584], [24.56009728, 60.24409717], [24.56080238, 60.24374103], [24.56068818, 60.2435729], [24.56095108, 60.24351722], [24.56112327, 60.24364174], [24.56190394, 60.24370913], [24.56268109, 60.24363549], [24.56328929, 60.2435988], [24.56473987, 60.24363175], [24.56524195, 60.24367334], [24.56599781, 60.24381574], [24.56612589, 60.24379686], [24.56625985, 60.24382422], [24.56629067, 60.24386929], [24.56676141, 60.24394649], [24.56816191, 60.24358863], [24.56934983, 60.24320735], [24.57025482, 60.24279858], [24.56916649, 60.24232114], [24.57303754, 60.24055956], [24.57418569, 60.24118498], [24.5752483, 60.24064007], [24.57612865, 60.2400733], [24.57583758, 60.23992419], [24.57667605, 60.2389497], [24.54130925, 60.24713596], [24.54179293, 60.24775999], [24.5422202, 60.24769191], [24.5422096, 60.24767464], [24.54415855, 60.247369], [24.54456161, 60.24732685], [24.54500382, 60.24723547], [24.54670532, 60.24695668], [24.54721799, 60.24709674], [24.54624886, 60.24725741], [24.54451648, 60.24753421], [24.54339703, 60.24771167], [24.54319408, 60.24777613], [24.54104285, 60.24813464], [24.54068433, 60.24816706], [24.53889164, 60.24845013], [24.53851671, 60.24849343], [24.53645992, 60.24883299], [24.53554789, 60.24897009], [24.53511937, 60.24904838], [24.53477864, 60.24908497], [24.53446901, 60.24914483], [24.53410308, 60.24924003], [24.5342675, 60.24944902], [24.53374904, 60.24952753], [24.53303686, 60.24939964], [24.53239977, 60.24951561], [24.53184586, 60.24957173], [24.53099, 60.24971824], [24.52984006, 60.25000982], [24.52929266, 60.25021594], [24.52836366, 60.25062452], [24.5275571, 60.25103175], [24.52683443, 60.25133012], [24.52632309, 60.25151203], [24.5259011, 60.25162083], [24.5255404, 60.25172536], [24.52521676, 60.25181468], [24.52481696, 60.2519249], [24.52461981, 60.25199618], [24.52448824, 60.25199104], [24.52424552, 60.25206574], [24.5237425, 60.25223286], [24.52282009, 60.25247799], [24.52166149, 60.2527202], [24.5206235, 60.25286401], [24.52000943, 60.25291645], [24.51915053, 60.2529286], [24.51826097, 60.25288849], [24.51730996, 60.25282679], [24.51684448, 60.25272205], [24.51067642, 60.25405737], [24.50590545, 60.25508992], [24.50572437, 60.25527702], [24.50602, 60.25550627], [24.50718381, 60.25594178], [24.50738255, 60.25598515], [24.50746848, 60.25599974], [24.50755406, 60.25600158], [24.50760541, 60.25600985], [24.50779385, 60.25605381], [24.50796981, 60.25609979], [24.50817177, 60.25614578], [24.50836069, 60.25619387], [24.50852328, 60.25622732], [24.50866915, 60.2562564], [24.50875395, 60.25627377], [24.50882541, 60.25627807], [24.50891963, 60.2562821], [24.50905669, 60.25628368], [24.5091674, 60.2562726], [24.5092315, 60.25626171], [24.50929913, 60.2562318], [24.50939238, 60.25619221], [24.50965553, 60.25616787], [24.50979863, 60.25616472], [24.50994062, 60.25616282], [24.51008192, 60.25617088], [24.51022374, 60.25618029], [24.51036054, 60.2561991], [24.51049732, 60.25621953], [24.51062638, 60.25624882], [24.51075542, 60.25627972], [24.5109781, 60.25635333], [24.51107164, 60.2564034], [24.51111098, 60.25645417], [24.51110792, 60.25651366], [24.51109562, 60.25657546], [24.51109167, 60.25658604], [24.51106229, 60.25663081], [24.51100715, 60.25665861], [24.51089676, 60.25668459], [24.51081992, 60.25671455], [24.51082065, 60.25673789], [24.51084242, 60.25676759], [24.5108897, 60.25679496], [24.51092451, 60.25682246], [24.51093825, 60.25684558], [24.51092834, 60.2568924], [24.51091269, 60.25692492], [24.51088622, 60.25695552], [24.5108522, 60.2569842], [24.51080847, 60.25700962], [24.51075883, 60.25703206], [24.51070221, 60.25704989], [24.5106163, 60.25706995], [24.51041754, 60.25709946], [24.51055229, 60.25725631], [24.51045002, 60.25731903], [24.51051301, 60.25734619], [24.51058587, 60.25736612], [24.51066918, 60.25737477], [24.51071796, 60.25737414], [24.51076568, 60.25737172], [24.51084662, 60.25735819], [24.51097212, 60.25733595], [24.51107677, 60.25733122], [24.51119856, 60.25733947], [24.51129923, 60.25734774], [24.5114577, 60.25736735], [24.51152545, 60.25740252], [24.51154502, 60.25743427], [24.51156998, 60.25754126], [24.51158211, 60.25756384], [24.51159489, 60.25757851], [24.51161203, 60.25759204], [24.51163244, 60.25760423], [24.51165721, 60.25761464], [24.51168418, 60.25762327], [24.51171389, 60.25762957], [24.51175877, 60.25763593], [24.51177176, 60.25763652], [24.51185786, 60.25764042], [24.5119385, 60.25764673], [24.51201131, 60.25767016], [24.51205327, 60.25769015], [24.51213383, 60.2577022], [24.51221225, 60.25771272], [24.51229554, 60.25772326], [24.51235438, 60.25773802], [24.5125077, 60.25773975], [24.51262341, 60.25775659], [24.51281539, 60.25778198], [24.5129602, 60.25780962], [24.51304324, 60.25783748], [24.51307173, 60.25785266], [24.51314184, 60.257875], [24.51319744, 60.2578892], [24.51335216, 60.25790673], [24.51345231, 60.25791294], [24.51357864, 60.25790801], [24.51368122, 60.2578969], [24.51374203, 60.25788851], [24.51378807, 60.25788984], [24.51385616, 60.2579023], [24.51391468, 60.25790233], [24.5139755, 60.25789358], [24.51403464, 60.25788814], [24.51408297, 60.25791803], [24.51423243, 60.25799765], [24.51427814, 60.2580207], [24.51439929, 60.25807293], [24.51463953, 60.25816967], [24.51458515, 60.25821956], [24.51455993, 60.25827601], [24.51453493, 60.25835409], [24.51454502, 60.25844092], [24.51456718, 60.25848202], [24.51463778, 60.25850777], [24.51470354, 60.25853126], [24.51470366, 60.25855953], [24.5147682, 60.25859235], [24.51484339, 60.2586384], [24.51489658, 60.25866902], [24.51495895, 60.25870192], [24.51501648, 60.25873264], [24.51507346, 60.25876328], [24.51516143, 60.25882454], [24.51520944, 60.25883863], [24.51528585, 60.25883837], [24.51537155, 60.25883321], [24.51542444, 60.25884731], [24.51548467, 60.25887904], [24.51555661, 60.25892391], [24.51564327, 60.25896381], [24.51574896, 60.25899902], [24.51590714, 60.25903882], [24.51604115, 60.25906435], [24.516065, 60.25906425], [24.51616074, 60.25907564], [24.51618041, 60.25910165], [24.51619035, 60.25912547], [24.51625135, 60.25914167], [24.51632013, 60.25918079], [24.51639689, 60.25923025], [24.51649365, 60.25932], [24.51655199, 60.25936967], [24.51658634, 60.25942885], [24.51661071, 60.25946664], [24.51662631, 60.25951076], [24.51664989, 60.25956533], [24.51665881, 60.25962191], [24.51669008, 60.25970675], [24.51675339, 60.25978597], [24.51679228, 60.2598317], [24.51685858, 60.25989289], [24.51688768, 60.25994074], [24.51686601, 60.26001408], [24.51686371, 60.26005994], [24.51690251, 60.26011097], [24.516933, 60.26013792], [24.51692674, 60.26019507], [24.51695066, 60.26022684], [24.51696167, 60.26025228], [24.51697075, 60.26029809], [24.51699085, 60.26036817], [24.51699346, 60.26037491], [24.51699952, 60.26040455], [24.5169997, 60.26046586], [24.5170235, 60.2605057], [24.51704101, 60.26053126], [24.51702188, 60.26057885], [24.51702732, 60.26061441], [24.51703757, 60.26065466], [24.5170236, 60.26068324], [24.51702921, 60.26070687], [24.51701023, 60.26074494], [24.51695839, 60.26076881], [24.51694449, 60.26079263], [24.5169167, 60.26084019], [24.51690777, 60.26089464], [24.51688467, 60.26095415], [24.51685691, 60.26099938], [24.51685289, 60.26105142], [24.51683481, 60.26110135], [24.51681659, 60.26116079], [24.51680766, 60.26121542], [24.51680361, 60.26126997], [24.51678563, 60.26131263], [24.51677229, 60.26137209], [24.51675395, 60.26143979], [24.51674837, 60.26148716], [24.516725, 60.26152827], [24.51671441, 60.26158541], [24.51667123, 60.26164709], [24.51665655, 60.26168707], [24.51661226, 60.26175054], [24.51659808, 60.26179304], [24.51654025, 60.2618561], [24.51651102, 60.26192708], [24.5164244, 60.26206804], [24.51638365, 60.26211205], [24.51633444, 60.26214158], [24.51624656, 60.26218434], [24.51617962, 60.2622402], [24.51614203, 60.26229005], [24.51608068, 60.26233426], [24.51602444, 60.26236259], [24.51595848, 60.26242554], [24.51594465, 60.26248123], [24.51588063, 60.26252246], [24.51577562, 60.26258715], [24.51572596, 60.26261084], [24.51567937, 60.26264613], [24.51562973, 60.26266821], [24.51562406, 60.26268524], [24.51555893, 60.26272808], [24.51555346, 60.26273165], [24.51551022, 60.26276031], [24.51548726, 60.26277414], [24.51546759, 60.26278456], [24.51541574, 60.26280924], [24.5153939, 60.26282047], [24.51537093, 60.26283438], [24.51534959, 60.26284831], [24.51525449, 60.26290235], [24.51523097, 60.26291735], [24.51521069, 60.26293217], [24.51519204, 60.26294763], [24.51518327, 60.2629546], [24.51505346, 60.26304702], [24.5149988, 60.26307806], [24.51496107, 60.26310054], [24.51492772, 60.26315723], [24.51489374, 60.26318305], [24.5148835, 60.26321559], [24.51487742, 60.26326035], [24.5148334, 60.26330516], [24.51479297, 60.26336353], [24.51477321, 60.26341678], [24.51478765, 60.26346637], [24.51481569, 60.26351261], [24.51484353, 60.26357267], [24.51454645, 60.26379794], [24.51313893, 60.26332598], [24.51302045, 60.26334861], [24.51228267, 60.26310554], [24.51159935, 60.26288196], [24.51066741, 60.26257677], [24.51057681, 60.26254718], [24.51063922, 60.26250496], [24.51067804, 60.26248176], [24.51069911, 60.26244989], [24.5107261, 60.26234874], [24.51071448, 60.26229198], [24.51069607, 60.26225475], [24.51063325, 60.2622153], [24.51056859, 60.2621902], [24.51052522, 60.26215494], [24.5105138, 60.26212124], [24.51049574, 60.26209649], [24.51046344, 60.26208255], [24.5104095, 60.26206494], [24.51037717, 60.2620527], [24.5103666, 60.26203507], [24.5103554, 60.26202265], [24.51031908, 60.26198733], [24.51021233, 60.26191351], [24.5101854, 60.26190282], [24.51008245, 60.26186529], [24.50995453, 60.26183035], [24.50989728, 60.26181766], [24.50992391, 60.26174003], [24.50991507, 60.26171496], [24.50986149, 60.26171009], [24.50983021, 60.26169983], [24.50983709, 60.26167482], [24.50985711, 60.2616407], [24.50982029, 60.26160223], [24.50980039, 60.26151986], [24.50975559, 60.26147176], [24.50974645, 60.26143053], [24.50972785, 60.26136988], [24.50977704, 60.26130588], [24.50980211, 60.26122331], [24.50978411, 60.26119524], [24.50974102, 60.26117785], [24.50965242, 60.26115894], [24.50962619, 60.26113722], [24.50957736, 60.2611049], [24.5095204, 60.26107265], [24.50941504, 60.26105144], [24.5093421, 60.26103726], [24.50923785, 60.26101416], [24.50918947, 60.26098823], [24.50914115, 60.26095807], [24.50912723, 60.26091045], [24.50907863, 60.26086288], [24.5089954, 60.26081114], [24.5089057, 60.2607942], [24.50884408, 60.26078365], [24.50877898, 60.26078826], [24.5087092, 60.26077983], [24.50864362, 60.26078013], [24.50855669, 60.26079552], [24.50852344, 60.26080805], [24.50847889, 60.26085213], [24.50841786, 60.26087417], [24.5083921, 60.26089373], [24.50835769, 60.26091128], [24.50829255, 60.26095493], [24.50823222, 60.26100272], [24.50815452, 60.26105288], [24.50810378, 60.26107585], [24.50801573, 60.26109258], [24.50792408, 60.26109717], [24.50785056, 60.26112122], [24.5077851, 60.2611497], [24.50761618, 60.26121101], [24.50748606, 60.26125064], [24.50735749, 60.26129585], [24.50728394, 60.26132179], [24.50725811, 60.26134575], [24.50718025, 60.26136987], [24.50711056, 60.26139187], [24.50703197, 60.26139221], [24.50697995, 60.26139228], [24.50694678, 60.26139934], [24.50681447, 60.26144068], [24.50675433, 60.26147564], [24.50668467, 60.26149539], [24.50657465, 60.26153232], [24.50645878, 60.26156133], [24.50638953, 60.26158971], [24.50626299, 60.26160755], [24.50616288, 60.26163392], [24.50605444, 60.26167328], [24.5059943, 60.26170824], [24.50588979, 60.26173908], [24.50579028, 60.26176133], [24.50569753, 60.26180236], [24.5056274, 60.26181682], [24.50554914, 60.2618317], [24.5054916, 60.26183804], [24.5054217, 60.26187323], [24.50532706, 60.26189613], [24.50525702, 60.26190466], [24.50518692, 60.26191714], [24.50512531, 60.26194205], [24.5050758, 60.26195461], [24.5049809, 60.2619591], [24.50489409, 60.2619656], [24.50484455, 60.26198013], [24.50478226, 60.26197837], [24.50470792, 60.26198465], [24.50465076, 60.26200149], [24.50460078, 60.26200992], [24.50453511, 60.26201623], [24.5044844, 60.2620365], [24.50444182, 60.26205726], [24.50443352, 60.26206853], [24.5044052, 60.26207776], [24.50440683, 60.26304542], [24.50441242, 60.26597324], [24.50441633, 60.26804497], [24.50442142, 60.26864078], [24.50442806, 60.26913383], [24.50442972, 60.26956125], [24.50443173, 60.27007411], [24.50444368, 60.27408754], [24.50537026, 60.27469298], [24.5061268, 60.27518047], [24.50626481, 60.27526804], [24.50779459, 60.2762551], [24.50785527, 60.2762941], [24.51060134, 60.27807447], [24.51534032, 60.28114314], [24.51556859, 60.28129099], [24.51550057, 60.2814908], [24.51530782, 60.28205735], [24.51529137, 60.28210594], [24.51519103, 60.28240086], [24.51514058, 60.28254815], [24.51481015, 60.28351261], [24.51466165, 60.28394603], [24.51430769, 60.28499585], [24.51145857, 60.28549135], [24.51059785, 60.28564005], [24.50974745, 60.28578707], [24.50889704, 60.28593418], [24.50780475, 60.28611737], [24.50438883, 60.28670988], [24.49930226, 60.28759204], [24.50503879, 60.28945816], [24.50712712, 60.29013397], [24.50848084, 60.29057546], [24.51074846, 60.29131407], [24.51174057, 60.29163958], [24.51203642, 60.29173356], [24.51172464, 60.29259935], [24.51135751, 60.29368295], [24.51068165, 60.29563989], [24.51038019, 60.29653579], [24.5085248, 60.30202971], [24.5327892, 60.30145986], [24.53903017, 60.30014073], [24.53903462, 60.29994014], [24.53908632, 60.29981368], [24.53930161, 60.29951321], [24.53990922, 60.29897571], [24.54012992, 60.29879095], [24.54095959, 60.29831804], [24.54131901, 60.29810584], [24.54151844, 60.29796669], [24.54160936, 60.29786639], [24.54185966, 60.29754252], [24.54183879, 60.29728926], [24.54184605, 60.29719665], [24.54212672, 60.2968343], [24.5421937, 60.29666112], [24.54222072, 60.29639725], [24.54224895, 60.29635678], [24.54258723, 60.29610214], [24.54268557, 60.29597494], [24.54279077, 60.29578386], [24.54306144, 60.29528154], [24.54319074, 60.29507303], [24.54330994, 60.29485005], [24.54348231, 60.29466655], [24.54362212, 60.29456058], [24.54381151, 60.2944774], [24.53984544, 60.29316912], [24.54044849, 60.29236826], [24.54364796, 60.292239], [24.54538426, 60.29106908], [24.54757982, 60.28526831], [24.54885741, 60.28189045], [24.54951774, 60.28016564], [24.54993677, 60.27906864], [24.54981302, 60.27907774], [24.54971985, 60.2790715], [24.54963915, 60.27906521], [24.54952569, 60.2790353], [24.54939415, 60.2789013], [24.54931563, 60.27881532], [24.54918852, 60.27875349], [24.54888114, 60.27867041], [24.54866242, 60.27856753], [24.54856072, 60.27847178], [24.5485592, 60.27838552], [24.54864157, 60.27827055], [24.54877559, 60.2781458], [24.54893456, 60.27805901], [24.54908723, 60.27799688], [24.54930599, 60.27789979], [24.54969045, 60.27773891], [24.54984283, 60.27765865], [24.54992778, 60.27755222], [24.54998179, 60.277449], [24.55001232, 60.27739768], [24.55006981, 60.2772382], [24.55017277, 60.27708417], [24.55028968, 60.27682266], [24.55043227, 60.27654607], [24.55053755, 60.27645999], [24.55072966, 60.27636802], [24.55094835, 60.27627425], [24.55110099, 60.27621391], [24.55122008, 60.27618765], [24.55134145, 60.27619309], [24.55142188, 60.27621921], [24.55157622, 60.2762717], [24.551764, 60.27629746], [24.55193687, 60.27626358], [24.55210166, 60.27614674], [24.55223288, 60.27598697], [24.55231646, 60.27582175], [24.55241432, 60.27572254], [24.55247943, 60.27563937], [24.55251848, 60.27555954], [24.55254967, 60.27545894], [24.55252173, 60.27536056], [24.55243289, 60.27523649], [24.55231072, 60.27513089], [24.5521825, 60.27507176], [24.55204217, 60.27506563], [24.55188972, 60.27511277], [24.55173642, 60.27514322], [24.55152275, 60.27514735], [24.55128892, 60.27511963], [24.55110709, 60.27505628], [24.5509589, 60.27499044], [24.55089104, 60.27491777], [24.55084939, 60.27483174], [24.55087439, 60.27470886], [24.5508954, 60.27436221], [24.55099197, 60.27415933], [24.55107692, 60.27405281], [24.55119606, 60.27398276], [24.55131579, 60.27394906], [24.5513819, 60.2739123], [24.55139441, 60.27386908], [24.55134056, 60.27384278], [24.55119354, 60.27385009], [24.55103325, 60.27383743], [24.55090544, 60.27378826], [24.55083135, 60.27373551], [24.55080311, 60.27365939], [24.55076784, 60.27354331], [24.55072105, 60.27343679], [24.55065618, 60.27326523], [24.55056078, 60.27314607], [24.55048518, 60.27300544], [24.55039189, 60.27281179], [24.55029901, 60.27266617], [24.55020233, 60.2725217], [24.55018264, 60.27249515], [24.55001041, 60.27216732], [24.54997478, 60.27203814], [24.54992555, 60.2719124], [24.54982324, 60.27178335], [24.54980951, 60.27175682], [24.54976778, 60.27163758], [24.549691, 60.27146544], [24.54958125, 60.27128672], [24.54942334, 60.27102213], [24.54935407, 60.27085657], [24.54934675, 60.27083662], [24.54929998, 60.27065076], [24.54927473, 60.27051559], [24.54922891, 60.27033916], [24.5491754, 60.27024976], [24.54909827, 60.27018182], [24.54897915, 60.27013277], [24.54873565, 60.27006203], [24.54855486, 60.27000379], [24.5481153, 60.26984298], [24.54789558, 60.26973794], [24.54772316, 60.26962318], [24.54765543, 60.26954334], [24.54757262, 60.26941633], [24.54746996, 60.2692353], [24.54745879, 60.2691412], [24.5474756, 60.26902332], [24.54752098, 60.268877], [24.54761318, 60.26871638], [24.54772003, 60.26859351], [24.54787937, 60.26847728], [24.54800607, 60.26840842], [24.54836844, 60.26823024], [24.54856087, 60.2681117], [24.54863116, 60.26804543], [24.54876082, 60.26787982], [24.54900825, 60.26762432], [24.5493816, 60.26727681], [24.54947988, 60.26718532], [24.54960151, 60.2670905], [24.54987331, 60.26687512], [24.55002357, 60.26678731], [24.55019227, 60.26665926], [24.55036543, 60.26652189], [24.55051508, 60.26639881], [24.55059389, 60.26630412], [24.55063434, 60.26620005], [24.55068229, 60.26610229], [24.55074899, 60.26602093], [24.55084404, 60.26592692], [24.55093614, 60.26585076], [24.5510035, 60.26580009], [24.55102693, 60.26571185], [24.55108978, 60.26563416], [24.55116392, 60.2655635], [24.55122053, 60.26550571], [24.55126587, 60.26544071], [24.55131088, 60.26535954], [24.55134168, 60.2652873], [24.55133249, 60.26520649], [24.5513414, 60.2651489], [24.55135402, 60.26505892], [24.55138782, 60.26496515], [24.55142938, 60.26489842], [24.55153631, 60.26484744], [24.55168672, 60.26478728], [24.55179418, 60.26473639], [24.55191601, 60.26470503], [24.55247702, 60.26227915], [24.55142946, 60.26239759], [24.55102923, 60.26245709], [24.55056443, 60.26248344], [24.54960906, 60.26259625], [24.54915712, 60.26263269], [24.54868105, 60.26265072], [24.54754934, 60.26266034], [24.54711382, 60.26264548], [24.54675435, 60.26261777], [24.54610843, 60.26253425], [24.54506047, 60.26244495], [24.54541099, 60.26237515]]]}, "geometry_name": "geom", "properties": {"posnro": "02860", "postitoimi": "ESPOO", "postitoiru": "ESBO", "nimi": "Siikajärvi", "nimiru": "Siikajärvi", "kunta": "Espoo", "kunta_nro": "049"}}, {"type": "Feature", "id": "pks_postinumeroalueet_2024.167", "geometry": {"type": "Polygon", "coordinates": [[[24.76743002, 60.26563783], [24.75538688, 60.25621962], [24.74609372, 60.25120595], [24.74336522, 60.24978412], [24.74012739, 60.24806523], [24.73457974, 60.25062579], [24.73331585, 60.25182497], [24.7327082, 60.252398], [24.73235006, 60.25273457], [24.73215021, 60.25292489], [24.73176799, 60.2532887], [24.73182364, 60.25337372], [24.73149673, 60.2542609], [24.731391, 60.25453471], [24.73130677, 60.25476323], [24.73181435, 60.25477485], [24.73213994, 60.25478017], [24.73257006, 60.25478894], [24.73291513, 60.25479627], [24.73299966, 60.25479591], [24.73385666, 60.2548145], [24.73400888, 60.25481768], [24.7347424, 60.25482902], [24.73474854, 60.2552077], [24.73470448, 60.25630108], [24.73160884, 60.25664894], [24.7302839, 60.25679794], [24.72935538, 60.25690546], [24.72884081, 60.25701508], [24.72883908, 60.25656819], [24.72882801, 60.25620323], [24.72850314, 60.25624134], [24.72878704, 60.25585113], [24.72896189, 60.2554765], [24.72912745, 60.25511225], [24.72912139, 60.25505884], [24.72799126, 60.25537372], [24.7270963, 60.25561969], [24.72634961, 60.25582136], [24.72527761, 60.25611255], [24.72412951, 60.25642852], [24.7240122, 60.25646086], [24.72395215, 60.25664303], [24.72380259, 60.25703072], [24.72267835, 60.25708465], [24.72106892, 60.25716457], [24.72088841, 60.25717362], [24.71999453, 60.25651932], [24.71915753, 60.25580751], [24.71872192, 60.25542612], [24.71780665, 60.25437199], [24.71751452, 60.25394325], [24.71746743, 60.25387431], [24.7173445, 60.25349097], [24.71733469, 60.25305708], [24.71751298, 60.25242299], [24.71753003, 60.25220511], [24.71382867, 60.25226719], [24.71349544, 60.25227302], [24.71285553, 60.2522825], [24.71245294, 60.252288], [24.71233103, 60.25228962], [24.7119382, 60.25229505], [24.7126714, 60.25295427], [24.71138158, 60.25330591], [24.71014224, 60.25364383], [24.70977531, 60.25335402], [24.70907553, 60.25271918], [24.70875172, 60.25453015], [24.70890442, 60.2556998], [24.71274609, 60.25667374], [24.71273177, 60.25682414], [24.71267926, 60.26028241], [24.71562685, 60.26019766], [24.71543547, 60.26064431], [24.71803375, 60.26091543], [24.71834941, 60.26094752], [24.71881449, 60.26131236], [24.7188554, 60.2613444], [24.71910423, 60.26190365], [24.71943972, 60.26265838], [24.71973589, 60.26332453], [24.72066547, 60.2634989], [24.72174145, 60.26366675], [24.72169755, 60.26379429], [24.72143875, 60.26465691], [24.72102416, 60.26484632], [24.71992018, 60.26535065], [24.71990168, 60.26535914], [24.71956266, 60.26602539], [24.71898745, 60.26610728], [24.71931091, 60.26656284], [24.71922865, 60.26673804], [24.71909178, 60.26702407], [24.71903216, 60.26715076], [24.71870979, 60.26783023], [24.71867888, 60.26789515], [24.71848954, 60.26829415], [24.71838908, 60.26850558], [24.71822347, 60.26885401], [24.71820304, 60.26889776], [24.71935068, 60.26938774], [24.71880828, 60.27012364], [24.71792757, 60.27130428], [24.71683848, 60.27275229], [24.7160482, 60.27380332], [24.71587173, 60.27377369], [24.71523228, 60.27499036], [24.71507986, 60.27537301], [24.71644437, 60.27525854], [24.71669337, 60.27524049], [24.71710166, 60.27523481], [24.71738538, 60.27521351], [24.71746856, 60.2755648], [24.71754911, 60.27590577], [24.71789801, 60.27587115], [24.71822359, 60.2757758], [24.71966333, 60.27535808], [24.71991469, 60.27563496], [24.71938296, 60.27574747], [24.71955329, 60.27598909], [24.71958115, 60.27602891], [24.7198013, 60.2763418], [24.71995932, 60.27656625], [24.72006967, 60.27672229], [24.72034933, 60.27667128], [24.72050303, 60.27689356], [24.72064068, 60.27709167], [24.72084636, 60.27738748], [24.7207354, 60.27742835], [24.72077009, 60.27749358], [24.72094974, 60.27753579], [24.72120317, 60.27789067], [24.7215546, 60.27839052], [24.72188447, 60.27830164], [24.72226891, 60.27868219], [24.72183468, 60.27880119], [24.72186578, 60.2788429], [24.72208596, 60.27915714], [24.72230185, 60.27946617], [24.72248932, 60.27973878], [24.72270466, 60.28004915], [24.72305336, 60.28055671], [24.72159448, 60.28084348], [24.72129882, 60.28162542], [24.72140344, 60.28252209], [24.72034071, 60.28219073], [24.71895287, 60.28360394], [24.71990784, 60.2850613], [24.71982058, 60.28505493], [24.71875234, 60.28497916], [24.7185926, 60.28602463], [24.71697057, 60.28626756], [24.71535667, 60.28370075], [24.71153917, 60.28355412], [24.70974991, 60.28480794], [24.70968279, 60.28497698], [24.70951044, 60.28508789], [24.7092818, 60.2852468], [24.70901224, 60.28543406], [24.70875356, 60.28561614], [24.70850525, 60.28579079], [24.70926482, 60.28606001], [24.70919443, 60.28623084], [24.7091078, 60.28645916], [24.70862596, 60.28764501], [24.70854013, 60.28814833], [24.70852109, 60.28851996], [24.71200009, 60.28892219], [24.71227791, 60.2891557], [24.71154957, 60.28994736], [24.71106295, 60.28989757], [24.71029891, 60.29208364], [24.70990321, 60.29321574], [24.70996333, 60.29322619], [24.70902568, 60.29588541], [24.70914942, 60.2958794], [24.70942852, 60.29597264], [24.70996635, 60.29613079], [24.7105797, 60.29627717], [24.71198714, 60.29662362], [24.7125398, 60.29676457], [24.71316314, 60.29688807], [24.71370755, 60.29697998], [24.71434082, 60.29702299], [24.71524736, 60.29708597], [24.71583348, 60.29712357], [24.71736619, 60.29710943], [24.71891279, 60.29680512], [24.71891961, 60.2968318], [24.71972165, 60.29775732], [24.72010257, 60.29819289], [24.72171702, 60.30005587], [24.72399219, 60.29957963], [24.72572619, 60.30152153], [24.72721001, 60.29997589], [24.73236218, 60.30030059], [24.73373326, 60.29883068], [24.73434149, 60.29815749], [24.73498832, 60.29813966], [24.73545991, 60.29812274], [24.73565252, 60.2981216], [24.73605354, 60.29811046], [24.7385497, 60.29804206], [24.73918947, 60.29802447], [24.74152832, 60.2976773], [24.74288777, 60.30003981], [24.74381505, 60.29989486], [24.74436098, 60.29980957], [24.74402746, 60.29930487], [24.745123, 60.29865986], [24.74562206, 60.29811054], [24.74747133, 60.29792477], [24.75035853, 60.29772487], [24.75113366, 60.29767068], [24.75121243, 60.2976562], [24.75137248, 60.29765677], [24.75228551, 60.29765973], [24.75260232, 60.2976622], [24.75266956, 60.29766673], [24.75326307, 60.29773927], [24.75398677, 60.29781394], [24.75439116, 60.29785795], [24.75477929, 60.29790031], [24.75493866, 60.29791748], [24.75549373, 60.29798061], [24.75515715, 60.29648695], [24.7550264, 60.29590708], [24.75486563, 60.29506365], [24.75468972, 60.2941421], [24.75422991, 60.29173174], [24.75417659, 60.29146399], [24.75409825, 60.29106229], [24.75405435, 60.29084043], [24.75401773, 60.2906614], [24.75394196, 60.29027837], [24.75386308, 60.28987559], [24.75379458, 60.28953646], [24.75371989, 60.28915479], [24.7537005, 60.28906392], [24.75447042, 60.28902621], [24.75463265, 60.28901834], [24.75472377, 60.28901824], [24.75482352, 60.28902372], [24.75491991, 60.28904454], [24.75498308, 60.28908254], [24.75501109, 60.28910826], [24.75503367, 60.28913558], [24.75505229, 60.28918382], [24.75508153, 60.28933609], [24.75508137, 60.28935745], [24.75508615, 60.28937065], [24.75509365, 60.28938332], [24.75510603, 60.28939537], [24.75512114, 60.28940644], [24.75513951, 60.2894159], [24.7551606, 60.28942428], [24.75519849, 60.28943459], [24.75524726, 60.28943934], [24.75529663, 60.28943818], [24.75625445, 60.28936858], [24.75606809, 60.28853847], [24.75595796, 60.28803251], [24.75883448, 60.28768432], [24.76175817, 60.28733031], [24.76251445, 60.28729639], [24.76820763, 60.28704032], [24.76881633, 60.28701302], [24.76590692, 60.27514004], [24.76574654, 60.27452126], [24.76568956, 60.27430037], [24.76567162, 60.27423275], [24.7655814, 60.27388507], [24.765488, 60.27345265], [24.76532836, 60.27280615], [24.7652014, 60.27229271], [24.76494008, 60.27123801], [24.76493956, 60.27123531], [24.76493905, 60.27123074], [24.76524834, 60.27058272], [24.76530278, 60.27047449], [24.76548351, 60.27006508], [24.76553752, 60.27009201], [24.76639486, 60.26981538], [24.76681049, 60.26968112], [24.76681103, 60.26968112], [24.76681212, 60.26968067], [24.76727093, 60.26949533], [24.7677917, 60.26928523], [24.76797381, 60.26921132], [24.76925558, 60.26869604], [24.76985995, 60.26838878], [24.76998287, 60.26832868], [24.76958887, 60.26793515], [24.76924924, 60.26759556], [24.76864853, 60.26700205], [24.7686286, 60.26698488], [24.76858599, 60.26695536], [24.76857197, 60.26694529], [24.76715702, 60.26630206], [24.76715757, 60.26630045], [24.76714514, 60.26629495], [24.76743002, 60.26563783]]]}, "geometry_name": "geom", "properties": {"posnro": "02920", "postitoimi": "ESPOO", "postitoiru": "ESBO", "nimi": "Niipperi", "nimiru": "Nipert", "kunta": "Espoo", "kunta_nro": "049"}}, {"type": "Feature", "id": "pks_postinumeroalueet_2024.168", "geometry": {"type": "Polygon", "coordinates": [[[24.66962623, 60.2931463], [24.66469116, 60.29605084], [24.66036888, 60.29858357], [24.65894861, 60.29940809], [24.65299147, 60.30032529], [24.650047, 60.30077882], [24.64679869, 60.30127545], [24.64450255, 60.30161954], [24.64354222, 60.30176506], [24.64469978, 60.30329397], [24.64490536, 60.30355122], [24.64629302, 60.30534092], [24.64699257, 60.30623959], [24.65247456, 60.31323927], [24.65666186, 60.31243403], [24.65774522, 60.31222599], [24.66270125, 60.31127174], [24.67099476, 60.30972562], [24.67305782, 60.31073854], [24.6754472, 60.30989255], [24.67747373, 60.30917614], [24.6779666, 60.30900177], [24.67782899, 60.30892237], [24.67800774, 60.30884687], [24.67818961, 60.3087852], [24.67854596, 60.30869487], [24.67945509, 60.30846362], [24.67999605, 60.30830875], [24.68011051, 60.30825841], [24.6802017, 60.30820065], [24.68052938, 60.30793361], [24.68071361, 60.30774046], [24.6845359, 60.30682387], [24.68456364, 60.30681729], [24.68759485, 60.30745847], [24.68764712, 60.3073271], [24.68771303, 60.30718733], [24.68786269, 60.30702891], [24.68783448, 60.30691378], [24.68799371, 60.30711951], [24.68816573, 60.30723417], [24.68826727, 60.30717104], [24.68853094, 60.30700687], [24.68778524, 60.30672841], [24.68769131, 60.30678994], [24.68742023, 60.30670655], [24.68718695, 60.30664282], [24.68687067, 60.30657664], [24.68663174, 60.3065365], [24.6862598, 60.30638897], [24.68780631, 60.30213103], [24.69018792, 60.30217044], [24.69744998, 60.30229084], [24.69806066, 60.30243915], [24.69785202, 60.30229247], [24.69757761, 60.30210148], [24.69739058, 60.30167248], [24.69725912, 60.30163116], [24.69715778, 60.30173433], [24.6970928, 60.30183731], [24.69705345, 60.30192742], [24.69704564, 60.30200818], [24.69319386, 60.30188455], [24.69453319, 60.30058155], [24.69535707, 60.29950388], [24.69498183, 60.29843442], [24.69523991, 60.2983931], [24.69599679, 60.29827142], [24.696124, 60.29777601], [24.69667556, 60.29773741], [24.69667808, 60.29787474], [24.69687301, 60.29791576], [24.69697652, 60.29775174], [24.69724827, 60.29775865], [24.69718794, 60.29800569], [24.69727663, 60.29844631], [24.6969736, 60.29877115], [24.69652216, 60.29912752], [24.69643412, 60.29937764], [24.69662357, 60.29965945], [24.69729686, 60.3001312], [24.69759119, 60.30039692], [24.69779237, 60.30064384], [24.69770344, 60.30128384], [24.69787147, 60.30159639], [24.69798291, 60.301985], [24.69838811, 60.30229252], [24.69938252, 60.30272352], [24.69977377, 60.30295732], [24.70009032, 60.30328886], [24.70059272, 60.30365125], [24.70092592, 60.30394487], [24.70245369, 60.30295796], [24.70022426, 60.30235115], [24.6999791, 60.30198495], [24.70091592, 60.30195143], [24.7009449, 60.30186811], [24.70349768, 60.30175832], [24.70384839, 60.30173639], [24.70337933, 60.3026046], [24.70603851, 60.30189105], [24.70592786, 60.3016447], [24.70907518, 60.30142554], [24.71084087, 60.30147265], [24.71119303, 60.30103884], [24.7122085, 60.30094132], [24.71227085, 60.30057616], [24.72010257, 60.29819289], [24.71972165, 60.29775732], [24.71891961, 60.2968318], [24.71891279, 60.29680512], [24.71736619, 60.29710943], [24.71583348, 60.29712357], [24.71524736, 60.29708597], [24.71434082, 60.29702299], [24.71370755, 60.29697998], [24.71316314, 60.29688807], [24.7125398, 60.29676457], [24.71198714, 60.29662362], [24.7105797, 60.29627717], [24.70996635, 60.29613079], [24.70942852, 60.29597264], [24.70914942, 60.2958794], [24.70902568, 60.29588541], [24.70996333, 60.29322619], [24.70990321, 60.29321574], [24.71029891, 60.29208364], [24.71106295, 60.28989757], [24.71154957, 60.28994736], [24.71227791, 60.2891557], [24.71200009, 60.28892219], [24.70852109, 60.28851996], [24.70854013, 60.28814833], [24.70862596, 60.28764501], [24.7091078, 60.28645916], [24.70919443, 60.28623084], [24.70926482, 60.28606001], [24.70850525, 60.28579079], [24.70875356, 60.28561614], [24.70901224, 60.28543406], [24.7092818, 60.2852468], [24.70951044, 60.28508789], [24.70968279, 60.28497698], [24.70974991, 60.28480794], [24.71153917, 60.28355412], [24.71535667, 60.28370075], [24.71697057, 60.28626756], [24.7185926, 60.28602463], [24.71875234, 60.28497916], [24.71982058, 60.28505493], [24.71990784, 60.2850613], [24.71895287, 60.28360394], [24.72034071, 60.28219073], [24.72140344, 60.28252209], [24.72129882, 60.28162542], [24.72159448, 60.28084348], [24.72305336, 60.28055671], [24.72270466, 60.28004915], [24.72248932, 60.27973878], [24.72230185, 60.27946617], [24.72208596, 60.27915714], [24.72186578, 60.2788429], [24.72183468, 60.27880119], [24.72226891, 60.27868219], [24.72188447, 60.27830164], [24.7215546, 60.27839052], [24.72120317, 60.27789067], [24.72094974, 60.27753579], [24.72077009, 60.27749358], [24.7207354, 60.27742835], [24.72084636, 60.27738748], [24.72064068, 60.27709167], [24.72050303, 60.27689356], [24.72034933, 60.27667128], [24.72006967, 60.27672229], [24.71995932, 60.27656625], [24.7198013, 60.2763418], [24.71958115, 60.27602891], [24.71955329, 60.27598909], [24.71938296, 60.27574747], [24.71991469, 60.27563496], [24.71966333, 60.27535808], [24.71822359, 60.2757758], [24.71789801, 60.27587115], [24.71754911, 60.27590577], [24.71746856, 60.2755648], [24.71738538, 60.27521351], [24.71710166, 60.27523481], [24.71669337, 60.27524049], [24.71644437, 60.27525854], [24.71507986, 60.27537301], [24.71523228, 60.27499036], [24.71587173, 60.27377369], [24.7160482, 60.27380332], [24.71683848, 60.27275229], [24.71792757, 60.27130428], [24.71880828, 60.27012364], [24.71935068, 60.26938774], [24.71820304, 60.26889776], [24.71822347, 60.26885401], [24.71838908, 60.26850558], [24.71848954, 60.26829415], [24.71867888, 60.26789515], [24.71870979, 60.26783023], [24.71903216, 60.26715076], [24.71909178, 60.26702407], [24.71922865, 60.26673804], [24.71931091, 60.26656284], [24.71898745, 60.26610728], [24.71956266, 60.26602539], [24.71990168, 60.26535914], [24.71992018, 60.26535065], [24.72102416, 60.26484632], [24.72143875, 60.26465691], [24.72169755, 60.26379429], [24.72174145, 60.26366675], [24.72066547, 60.2634989], [24.71973589, 60.26332453], [24.71943972, 60.26265838], [24.71910423, 60.26190365], [24.7188554, 60.2613444], [24.71881449, 60.26131236], [24.71834941, 60.26094752], [24.71803375, 60.26091543], [24.71543547, 60.26064431], [24.71562685, 60.26019766], [24.71267926, 60.26028241], [24.71273177, 60.25682414], [24.71274609, 60.25667374], [24.70890442, 60.2556998], [24.70875172, 60.25453015], [24.70907553, 60.25271918], [24.70977531, 60.25335402], [24.71014224, 60.25364383], [24.71138158, 60.25330591], [24.7126714, 60.25295427], [24.7119382, 60.25229505], [24.71233103, 60.25228962], [24.71245294, 60.252288], [24.71285553, 60.2522825], [24.71349544, 60.25227302], [24.71382867, 60.25226719], [24.71753003, 60.25220511], [24.71751298, 60.25242299], [24.71733469, 60.25305708], [24.7173445, 60.25349097], [24.71746743, 60.25387431], [24.71751452, 60.25394325], [24.71780665, 60.25437199], [24.71872192, 60.25542612], [24.71915753, 60.25580751], [24.71999453, 60.25651932], [24.72088841, 60.25717362], [24.72106892, 60.25716457], [24.72267835, 60.25708465], [24.72380259, 60.25703072], [24.72395215, 60.25664303], [24.7240122, 60.25646086], [24.72412951, 60.25642852], [24.72527761, 60.25611255], [24.72634961, 60.25582136], [24.7270963, 60.25561969], [24.72799126, 60.25537372], [24.72912139, 60.25505884], [24.72912745, 60.25511225], [24.72896189, 60.2554765], [24.72878704, 60.25585113], [24.72850314, 60.25624134], [24.72882801, 60.25620323], [24.72883908, 60.25656819], [24.72884081, 60.25701508], [24.72935538, 60.25690546], [24.7302839, 60.25679794], [24.73160884, 60.25664894], [24.73470448, 60.25630108], [24.73474854, 60.2552077], [24.7347424, 60.25482902], [24.73400888, 60.25481768], [24.73385666, 60.2548145], [24.73299966, 60.25479591], [24.73291513, 60.25479627], [24.73257006, 60.25478894], [24.73213994, 60.25478017], [24.73181435, 60.25477485], [24.73130677, 60.25476323], [24.731391, 60.25453471], [24.73149673, 60.2542609], [24.73182364, 60.25337372], [24.73176799, 60.2532887], [24.73215021, 60.25292489], [24.73235006, 60.25273457], [24.7327082, 60.252398], [24.73331585, 60.25182497], [24.73457974, 60.25062579], [24.74012739, 60.24806523], [24.73993373, 60.2479628], [24.73876486, 60.24733744], [24.73710529, 60.24643994], [24.72975044, 60.24282766], [24.72201672, 60.23912613], [24.7232052, 60.23838159], [24.72531108, 60.23756076], [24.72623483, 60.2358832], [24.72578624, 60.235847], [24.72613729, 60.23413988], [24.72797646, 60.23422893], [24.72865573, 60.23426245], [24.72864438, 60.23373512], [24.72760798, 60.23374081], [24.72755527, 60.23363354], [24.72752619, 60.23348386], [24.72747281, 60.23319573], [24.7273235, 60.23291898], [24.7271947, 60.23278112], [24.72989218, 60.23291265], [24.72998234, 60.23399769], [24.73000993, 60.23432948], [24.73845301, 60.23474696], [24.73963838, 60.23480547], [24.73964234, 60.23471626], [24.73964019, 60.23464562], [24.73962072, 60.2345754], [24.73959582, 60.23450561], [24.73955466, 60.23443795], [24.73949577, 60.23435373], [24.73948563, 60.23433468], [24.73948249, 60.23432148], [24.73948314, 60.23430811], [24.73949033, 60.23428874], [24.73950362, 60.23425205], [24.73949999, 60.23423203], [24.73949527, 60.23421219], [24.73946739, 60.2341774], [24.73936266, 60.23406967], [24.73882815, 60.23387556], [24.73771112, 60.23346874], [24.73707944, 60.23324023], [24.73407672, 60.23214984], [24.73003074, 60.23068021], [24.72645904, 60.22938241], [24.72636292, 60.22928833], [24.72629738, 60.22922743], [24.72624707, 60.22915759], [24.72616642, 60.22909056], [24.72608307, 60.22902343], [24.72600768, 60.22897418], [24.72591657, 60.22892875], [24.72584844, 60.22885385], [24.72580613, 60.22879919], [24.72572322, 60.22874364], [24.72561798, 60.22863976], [24.72560133, 60.22862375], [24.72555782, 60.22858264], [24.72552311, 60.22852548], [24.72551168, 60.22846811], [24.72550594, 60.22844261], [24.72547752, 60.22840979], [24.72545349, 60.22837033], [24.72544666, 60.2283451], [24.72543933, 60.22831556], [24.72540389, 60.22821505], [24.72535583, 60.22813632], [24.72524232, 60.22798521], [24.72516726, 60.227834], [24.7251145, 60.22773417], [24.72511397, 60.2277322], [24.72503365, 60.22769191], [24.72478835, 60.22756889], [24.72469401, 60.22752166], [24.72459758, 60.22746483], [24.72448919, 60.22741434], [24.72446871, 60.22740362], [24.72434368, 60.22733613], [24.72427069, 60.22726139], [24.72424399, 60.22721691], [24.7242195, 60.22716866], [24.72411327, 60.22711827], [24.72399758, 60.22709972], [24.72377956, 60.22708302], [24.72363387, 60.22709016], [24.72349879, 60.22712408], [24.72335418, 60.22719621], [24.72319128, 60.22725457], [24.72314571, 60.22726659], [24.72303074, 60.22729058], [24.72290337, 60.22730863], [24.72264566, 60.22731132], [24.72226789, 60.22730075], [24.72184248, 60.22728873], [24.72166269, 60.22729553], [24.72125723, 60.22735858], [24.72108088, 60.22740677], [24.72094406, 60.22745307], [24.71934652, 60.22694582], [24.71328637, 60.22499435], [24.71308269, 60.22513411], [24.71305359, 60.22524274], [24.71287221, 60.22549482], [24.71287182, 60.22591092], [24.71276083, 60.22591329], [24.7110404, 60.2256139], [24.71071227, 60.22556292], [24.7098134, 60.2254091], [24.70916749, 60.22529872], [24.70849403, 60.22518361], [24.70753927, 60.22510827], [24.70626373, 60.22500771], [24.70631257, 60.22487328], [24.70671455, 60.22441247], [24.70681949, 60.2243006], [24.70691676, 60.22419742], [24.70719152, 60.22391871], [24.70749955, 60.22361216], [24.70789165, 60.2232243], [24.70706049, 60.2229524], [24.7064318, 60.22304139], [24.70567133, 60.22303675], [24.70450177, 60.22289969], [24.70299078, 60.22280899], [24.70127245, 60.22254529], [24.69987426, 60.22213816], [24.69921459, 60.22194602], [24.69864971, 60.22174656], [24.69758483, 60.22135748], [24.6969053, 60.22109178], [24.6966651, 60.22102069], [24.69565626, 60.22078134], [24.69529535, 60.22065386], [24.69513635, 60.22058152], [24.69506173, 60.22063259], [24.69469438, 60.22084878], [24.69499639, 60.22108256], [24.69547336, 60.22124378], [24.69456839, 60.22194142], [24.69293115, 60.22320399], [24.69276817, 60.22332577], [24.69247045, 60.22355817], [24.6923684, 60.22364625], [24.69202812, 60.22391464], [24.69056399, 60.22528366], [24.6903936, 60.22544285], [24.69031549, 60.22551617], [24.69028077, 60.22563968], [24.69027313, 60.22570384], [24.69030405, 60.22575346], [24.69036433, 60.22579085], [24.69037784, 60.22579348], [24.69043502, 60.2258148], [24.69048724, 60.22584543], [24.69053126, 60.22588431], [24.69054016, 60.22591646], [24.69053237, 60.22593951], [24.69053281, 60.22595028], [24.6905521, 60.22597034], [24.690634, 60.22601164], [24.69068631, 60.22603295], [24.69069163, 60.22604238], [24.6906859, 60.22607648], [24.69070128, 60.22610954], [24.69076704, 60.22614021], [24.69083348, 60.22615527], [24.69086245, 60.22618352], [24.69090928, 60.22621145], [24.69099117, 60.22625373], [24.69106073, 60.22628271], [24.69109953, 60.22630084], [24.6911978, 60.2263858], [24.69124129, 60.22642395], [24.69122466, 60.22646556], [24.69123417, 60.22649044], [24.69127357, 60.22650265], [24.69131841, 60.22651209], [24.69133489, 60.22654453], [24.69133672, 60.22658026], [24.6913721, 60.22661696], [24.69137249, 60.22663374], [24.69136642, 60.22664603], [24.6913511, 60.22666322], [24.69136608, 60.22668139], [24.69140175, 60.22668838], [24.69146442, 60.22670172], [24.69149079, 60.22671803], [24.69157508, 60.22673492], [24.69158824, 60.22677444], [24.69162584, 60.22680612], [24.69169286, 60.22681714], [24.69174972, 60.2268153], [24.69179591, 60.22679673], [24.69181896, 60.22676322], [24.69184524, 60.22673151], [24.6918914, 60.22671627], [24.69201915, 60.22671719], [24.69211322, 60.22673016], [24.69216063, 60.22675486], [24.69222226, 60.22682115], [24.69228306, 60.22686087], [24.69229734, 60.22689735], [24.69234511, 60.22694054], [24.69236579, 60.22698717], [24.6923817, 60.22708028], [24.69242369, 60.2271634], [24.69249185, 60.2272263], [24.69256663, 60.22727593], [24.69271172, 60.22733343], [24.69280291, 60.2273656], [24.69291128, 60.22741234], [24.69308264, 60.22743984], [24.69325943, 60.22746422], [24.69324304, 60.22748033], [24.69315562, 60.22756603], [24.69269283, 60.228021], [24.69284946, 60.22806049], [24.69296367, 60.22794659], [24.69337118, 60.22761419], [24.69465545, 60.22788758], [24.69411171, 60.22820082], [24.6932077, 60.22900338], [24.6926764, 60.2287933], [24.6923089, 60.22872513], [24.69216978, 60.22889633], [24.69185271, 60.2287623], [24.69163162, 60.22866863], [24.69133494, 60.22843969], [24.69127044, 60.22839018], [24.69102701, 60.22819763], [24.69093507, 60.2281301], [24.69081242, 60.22804661], [24.69075212, 60.22801155], [24.69043006, 60.22783345], [24.69000321, 60.22797543], [24.68949597, 60.22814424], [24.68907767, 60.22789697], [24.68860393, 60.22761601], [24.68853825, 60.22757735], [24.68790188, 60.22789035], [24.68779919, 60.22787252], [24.68766462, 60.22784887], [24.68799313, 60.22768781], [24.68775822, 60.2275695], [24.68764238, 60.22751134], [24.68751467, 60.22744947], [24.68740635, 60.22739716], [24.6873359, 60.22729126], [24.68717001, 60.22737272], [24.68689255, 60.22723313], [24.6864993, 60.22742643], [24.68662537, 60.22748982], [24.6865068, 60.22754824], [24.68632391, 60.22748247], [24.68600021, 60.22770546], [24.68626349, 60.22780006], [24.68652677, 60.22789456], [24.6867906, 60.22798916], [24.68705388, 60.22808366], [24.68731717, 60.22817826], [24.68764086, 60.22795535], [24.68771816, 60.22796828], [24.68752923, 60.22825164], [24.68834921, 60.22838667], [24.6893152, 60.22905464], [24.68932402, 60.22915276], [24.68875858, 60.22906312], [24.6875981, 60.22971892], [24.68747953, 60.22949174], [24.6871244, 60.22920495], [24.68667921, 60.22893948], [24.68408461, 60.22739423], [24.68387096, 60.22760006], [24.68417936, 60.22778713], [24.68413455, 60.22783037], [24.68447806, 60.22796959], [24.68481722, 60.22816794], [24.6850616, 60.2283711], [24.68529573, 60.22851365], [24.68559703, 60.22865258], [24.68580774, 60.22875325], [24.68642133, 60.22918507], [24.68665398, 60.22937051], [24.68692838, 60.22972013], [24.6856755, 60.2298991], [24.6838706, 60.23162895], [24.68583444, 60.23252541], [24.68288114, 60.2355239], [24.67877818, 60.23962504], [24.67607324, 60.24229907], [24.67557388, 60.24279212], [24.67536207, 60.24279618], [24.67526669, 60.24274667], [24.67522732, 60.24267504], [24.67512679, 60.24265362], [24.67488179, 60.24267366], [24.67462972, 60.24264064], [24.67427785, 60.24262362], [24.67401935, 60.2425843], [24.67369686, 60.24249842], [24.67344442, 60.2424497], [24.67319136, 60.2423542], [24.67297635, 60.24229901], [24.67268925, 60.24224966], [24.67236579, 60.24220802], [24.67198162, 60.2421709], [24.67160768, 60.24219457], [24.67130993, 60.24212679], [24.67103836, 60.24204148], [24.67078629, 60.24206446], [24.67035833, 60.24201897], [24.67005271, 60.24198141], [24.66953907, 60.24200131], [24.66871111, 60.24198668], [24.6680721, 60.24197988], [24.66755518, 60.24200255], [24.66673485, 60.24203703], [24.6665629, 60.24206298], [24.66622412, 60.24235706], [24.66602506, 60.2425446], [24.66591681, 60.24269727], [24.66577676, 60.24283496], [24.66569569, 60.24287083], [24.66563593, 60.24294222], [24.66555381, 60.24292217], [24.66543664, 60.24267434], [24.66528953, 60.24244177], [24.6652137, 60.24222913], [24.66515072, 60.24213814], [24.66477825, 60.2421232], [24.66464621, 60.24216622], [24.66449267, 60.24229732], [24.6644949, 60.24239704], [24.66435695, 60.24254039], [24.66434679, 60.24258075], [24.66428863, 60.24265394], [24.6642135, 60.24269189], [24.66420385, 60.24273504], [24.66412229, 60.24271392], [24.66392515, 60.24260724], [24.66389193, 60.24257242], [24.66392144, 60.2424402], [24.66392077, 60.24239981], [24.66379692, 60.24243549], [24.66381781, 60.24240583], [24.66407857, 60.24217017], [24.66413131, 60.24209724], [24.66415578, 60.24198134], [24.66411682, 60.24192497], [24.66409816, 60.24179047], [24.66398634, 60.24170923], [24.66372733, 60.2415629], [24.66361854, 60.24155679], [24.66351888, 60.24155734], [24.66335844, 60.24162201], [24.66325539, 60.24163701], [24.66309316, 60.24161299], [24.66297601, 60.24157652], [24.66294183, 60.24152931], [24.66288709, 60.24148017], [24.6627619, 60.24143533], [24.66271529, 60.24138612], [24.66267227, 60.24130388], [24.66262487, 60.24122568], [24.66264009, 60.241168], [24.66256407, 60.24108174], [24.66253016, 60.24106137], [24.66251236, 60.24100154], [24.6624157, 60.24092169], [24.66238577, 60.24088257], [24.66237647, 60.24083937], [24.66232124, 60.24078565], [24.66084435, 60.24272327], [24.66076212, 60.24281918], [24.66141252, 60.24329914], [24.65744862, 60.24384877], [24.65753073, 60.24386963], [24.65758465, 60.2438922], [24.65761051, 60.24390547], [24.65767083, 60.24393901], [24.657714, 60.24395366], [24.65776056, 60.24395549], [24.65782021, 60.24394891], [24.65802369, 60.24391407], [24.65815973, 60.24390491], [24.65827075, 60.24390654], [24.65835185, 60.24392084], [24.65842085, 60.24395225], [24.65846383, 60.24398602], [24.65849909, 60.24403242], [24.65852571, 60.24407665], [24.65853067, 60.24412109], [24.65853137, 60.24415717], [24.65851089, 60.24419958], [24.6584931, 60.24424405], [24.65851658, 60.24427777], [24.65854449, 60.24430252], [24.65859039, 60.24431583], [24.65865378, 60.2443133], [24.65870329, 60.24429261], [24.65870253, 60.24426101], [24.65866478, 60.24419342], [24.65866457, 60.24416183], [24.65870489, 60.24413904], [24.65876346, 60.24413192], [24.65883649, 60.24414073], [24.65894166, 60.244183], [24.65900629, 60.24421889], [24.65903813, 60.24422992], [24.65911985, 60.24423641], [24.65917493, 60.2442519], [24.65921631, 60.24428333], [24.65924422, 60.24430809], [24.65928961, 60.24431906], [24.65937147, 60.24431191], [24.65941704, 60.24430485], [24.65952587, 60.2443089], [24.6596257, 60.24429264], [24.65973864, 60.24426493], [24.65976139, 60.24426481], [24.65982041, 60.24426684], [24.65985628, 60.24425536], [24.65988357, 60.24423478], [24.65989626, 60.24421229], [24.65990509, 60.24419642], [24.65992794, 60.24418715], [24.65997779, 60.24418476], [24.66003246, 60.24418894], [24.66007746, 60.24418421], [24.66018005, 60.24416257], [24.66026872, 60.24412573], [24.66030818, 60.24408104], [24.66031564, 60.24404058], [24.66035593, 60.24402013], [24.66046935, 60.24399942], [24.66059168, 60.24400682], [24.66079684, 60.24407054], [24.6608463, 60.24410665], [24.66087142, 60.24413894], [24.66087205, 60.24418346], [24.66091409, 60.244256], [24.66091592, 60.244341], [24.66094958, 60.24438542], [24.66097574, 60.24447426], [24.66095245, 60.24452697], [24.66094503, 60.24456348], [24.6609057, 60.24464865], [24.66088273, 60.24472156], [24.6609094, 60.24481444], [24.66099319, 60.24493546], [24.66103602, 60.24503645], [24.66103776, 60.24512944], [24.66101472, 60.24521061], [24.6609918, 60.24527939], [24.66092821, 60.24535265], [24.66085571, 60.24539743], [24.66075033, 60.24542642], [24.66067836, 60.24547121], [24.66055777, 60.24555679], [24.66042504, 60.24566371], [24.6603001, 60.24575045], [24.66020848, 60.24581125], [24.6601922, 60.24586587], [24.66014144, 60.24590343], [24.65998171, 60.24600167], [24.65987287, 60.24605111], [24.65981019, 60.24608874], [24.65967853, 60.24614396], [24.65966734, 60.24617839], [24.65963382, 60.24622444], [24.65959392, 60.24625925], [24.65945678, 60.24632011], [24.65942844, 60.24633745], [24.65927482, 60.24647313], [24.65917747, 60.24651102], [24.65910894, 60.24653705], [24.65906287, 60.24654017], [24.65898922, 60.24653863], [24.65890842, 60.24654758], [24.65885093, 60.24655362], [24.65879351, 60.24655393], [24.65868945, 60.24656021], [24.65864373, 60.24658056], [24.65854015, 60.2465925], [24.65844159, 60.24659009], [24.65835462, 60.24656761], [24.65825003, 60.24651932], [24.65817446, 60.2464939], [24.65813342, 60.24648258], [24.65805824, 60.24647152], [24.65795986, 60.24645188], [24.65787316, 60.24645507], [24.65779831, 60.24646421], [24.65776361, 60.24646718], [24.65769439, 60.24645605], [24.65763692, 60.246462], [24.65759033, 60.24646233], [24.65752066, 60.24644249], [24.65742255, 60.24644888], [24.65737681, 60.24647201], [24.65733703, 60.24649507], [24.65730233, 60.24649821], [24.65719287, 60.24650151], [24.65708889, 60.24649927], [24.65699063, 60.24652002], [24.65693503, 60.24655344], [24.65687957, 60.24657403], [24.65680842, 60.24659216], [24.65673144, 60.24659762], [24.65661959, 60.24662353], [24.65656867, 60.24662376], [24.65643595, 60.24662441], [24.65637461, 60.24663744], [24.65630384, 60.24667083], [24.65618768, 60.24674502], [24.65613246, 60.2467937], [24.65606194, 60.246855], [24.65605239, 60.2468881], [24.6560287, 60.24697716], [24.65601387, 60.24699741], [24.65598871, 60.2470205], [24.65597913, 60.24705602], [24.65594734, 60.24719478], [24.65595216, 60.24725152], [24.6559772, 60.24729099], [24.65602018, 60.24732521], [24.6560897, 60.24735913], [24.65611926, 60.24738138], [24.65612508, 60.2473945], [24.65610704, 60.24741052], [24.65607498, 60.24741977], [24.65606506, 60.24743572], [24.65608384, 60.24745282], [24.65621978, 60.24755926], [24.65622648, 60.24759159], [24.65635679, 60.24761446], [24.65641742, 60.24767008], [24.65658977, 60.24771316], [24.65681997, 60.24771492], [24.65691503, 60.24774102], [24.65702288, 60.24778752], [24.65708802, 60.24787816], [24.65721445, 60.24796115], [24.65719834, 60.24805212], [24.65717473, 60.24818552], [24.65716972, 60.2481988], [24.65718673, 60.24822936], [24.6572026, 60.24826664], [24.65719841, 60.24830388], [24.65724135, 60.24834223], [24.6572781, 60.24840228], [24.65734934, 60.2484275], [24.65745133, 60.24851725], [24.65749435, 60.2485994], [24.65745439, 60.24869066], [24.65737524, 60.24885274], [24.65741185, 60.24892589], [24.65740116, 60.24896428], [24.65744865, 60.24898163], [24.65746715, 60.24902548], [24.65745034, 60.24907857], [24.65737982, 60.24908772], [24.657297, 60.2490823], [24.65728436, 60.24904709], [24.65722457, 60.24901507], [24.65712979, 60.24901258], [24.65699391, 60.24900442], [24.65687646, 60.24904603], [24.6568537, 60.2490992], [24.65667225, 60.24919997], [24.65640765, 60.24927477], [24.65626801, 60.2493665], [24.65597474, 60.24948861], [24.6558524, 60.24958317], [24.65573489, 60.24963079], [24.65567169, 60.24971643], [24.65558437, 60.24977849], [24.65555004, 60.24984922], [24.65552354, 60.24999922], [24.65550757, 60.25007574], [24.65549708, 60.25014635], [24.65541487, 60.25018491], [24.65546316, 60.25022883], [24.65541671, 60.25026722], [24.6554471, 60.25031415], [24.65537082, 60.2503556], [24.65540726, 60.25039357], [24.65540195, 60.25043475], [24.6554035, 60.25049363], [24.65542262, 60.25058173], [24.65544205, 60.25064003], [24.65547157, 60.25066659], [24.65547872, 60.25070771], [24.65554555, 60.2507927], [24.65554066, 60.25084556], [24.65562041, 60.25098919], [24.65560879, 60.25101277], [24.65567493, 60.25105943], [24.65569444, 60.25116225], [24.65586963, 60.25134939], [24.6559075, 60.25140594], [24.6559187, 60.25142267], [24.65593121, 60.25146973], [24.65603272, 60.2515015], [24.65605787, 60.25153199], [24.65610548, 60.25158929], [24.65623792, 60.25172094], [24.65629241, 60.25179414], [24.65635337, 60.25187023], [24.65641601, 60.2519413], [24.65983772, 60.25153042], [24.65984779, 60.25155154], [24.65996182, 60.25183994], [24.66011944, 60.25215673], [24.66022426, 60.25239314], [24.66034161, 60.25267607], [24.66042635, 60.25296826], [24.66046444, 60.25326616], [24.66049885, 60.25355346], [24.66051982, 60.25377781], [24.66050551, 60.25400961], [24.66047235, 60.25422906], [24.66040835, 60.25449717], [24.66032781, 60.25468814], [24.66028933, 60.25484655], [24.66026002, 60.25495633], [24.66024039, 60.25502037], [24.65803609, 60.25524762], [24.65911621, 60.25876544], [24.66132936, 60.25854402], [24.66546415, 60.2600542], [24.66594074, 60.26146418], [24.66021176, 60.26191421], [24.66033941, 60.26230434], [24.6555066, 60.26342315], [24.65563877, 60.26368773], [24.65565675, 60.26373023], [24.65574291, 60.26378322], [24.65583129, 60.26383057], [24.65601325, 60.26389585], [24.65613718, 60.26396456], [24.65618477, 60.26402617], [24.65630227, 60.26419072], [24.65635318, 60.2642973], [24.65634516, 60.26433857], [24.65638134, 60.26440337], [24.65643102, 60.26447252], [24.65648557, 60.26454204], [24.6564896, 60.26457095], [24.65649467, 60.26460453], [24.65646574, 60.26467626], [24.6564146, 60.26474578], [24.6563255, 60.26486986], [24.6562918, 60.2649308], [24.65630117, 60.26496754], [24.65635943, 60.26504524], [24.65635691, 60.26507916], [24.65630943, 60.26516268], [24.65628889, 60.26526037], [24.65626664, 60.26541855], [24.65621143, 60.26551436], [24.65616953, 60.26558174], [24.65615794, 60.26565343], [24.65612418, 60.26572074], [24.65602268, 60.26588913], [24.65602614, 60.26623128], [24.6560294, 60.26633388], [24.65606749, 60.26647471], [24.65609591, 60.26660681], [24.65614735, 60.26686965], [24.6561513, 60.26690709], [24.65621355, 60.26701819], [24.65618946, 60.26714396], [24.65617464, 60.26726545], [24.65610242, 60.26743256], [24.6618508, 60.26693474], [24.66235772, 60.2695002], [24.6626238, 60.269506], [24.66269351, 60.2694218], [24.66278072, 60.26937491], [24.66290566, 60.26929651], [24.66297442, 60.26919831], [24.6629976, 60.2691053], [24.66301242, 60.26908774], [24.66303138, 60.26903609], [24.66304587, 60.26899727], [24.66311492, 60.26892402], [24.6632205, 60.26888336], [24.66332522, 60.26882008], [24.66339922, 60.26873949], [24.66342423, 60.26873193], [24.66354956, 60.26866852], [24.66366029, 60.26865291], [24.66377666, 60.26866972], [24.66389392, 60.26870439], [24.66408641, 60.2687511], [24.66436016, 60.26880242], [24.66458437, 60.26882138], [24.66483055, 60.26881258], [24.66500187, 60.26880924], [24.66524474, 60.26880555], [24.66549654, 60.26877674], [24.66573231, 60.26872546], [24.665863, 60.268667], [24.66590248, 60.26862159], [24.66595186, 60.26856365], [24.66603686, 60.26852051], [24.66612756, 60.26850252], [24.66628383, 60.26848666], [24.6664142, 60.26845845], [24.66653536, 60.26843021], [24.66661001, 60.26839216], [24.66663972, 60.26834943], [24.66677938, 60.26826083], [24.66686922, 60.26822022], [24.66697045, 60.26823331], [24.66699276, 60.26822457], [24.66707604, 60.26819022], [24.66710219, 60.2681779], [24.66712725, 60.26816486], [24.6671507, 60.26815119], [24.66717254, 60.26813589], [24.66718463, 60.26811923], [24.66718521, 60.26811492], [24.66717835, 60.26809731], [24.66715376, 60.26806359], [24.6671458, 60.26804616], [24.66715194, 60.26802867], [24.66717591, 60.26801662], [24.66720144, 60.2680113], [24.66723723, 60.26800968], [24.66727299, 60.26801174], [24.66734392, 60.26801901], [24.66737967, 60.26802117], [24.66739485, 60.26802085], [24.66743012, 60.26801734], [24.66746325, 60.26801025], [24.66749263, 60.26800009], [24.66751985, 60.26798831], [24.66754599, 60.26797581], [24.66759558, 60.26794964], [24.66760539, 60.26794409], [24.66762884, 60.26793033], [24.66767357, 60.26790208], [24.66769432, 60.26788741], [24.66771236, 60.26787184], [24.66772717, 60.26785545], [24.66773818, 60.26783843], [24.66774649, 60.26782059], [24.66775209, 60.26780274], [24.66774974, 60.26776701], [24.66775047, 60.26774888], [24.66775498, 60.26773121], [24.66776654, 60.26771419], [24.66777965, 60.26770372], [24.66780472, 60.26769104], [24.66783571, 60.2676816], [24.66786884, 60.26767433], [24.66790305, 60.26766867], [24.66791933, 60.26766646], [24.66802461, 60.26765389], [24.66805882, 60.26764805], [24.66809034, 60.2676397], [24.66811702, 60.26762756], [24.66812357, 60.26762291], [24.66813783, 60.26760643], [24.66814614, 60.26758894], [24.66816005, 60.2675538], [24.66817052, 60.26753659], [24.66818911, 60.26752066], [24.66821687, 60.26750942], [24.66824946, 60.26750196], [24.66827715, 60.26749736], [24.66841771, 60.26747985], [24.66845084, 60.26747321], [24.66848183, 60.26746386], [24.66850581, 60.26745072], [24.66852007, 60.26743425], [24.66853777, 60.26739938], [24.66854549, 60.26738611], [24.66855975, 60.26736954], [24.66857834, 60.26735424], [24.66860124, 60.26734057], [24.66862954, 60.26732933], [24.66866267, 60.26732241], [24.66867461, 60.26732127], [24.66871092, 60.26732145], [24.66874722, 60.26732244], [24.66878302, 60.26732056], [24.66881828, 60.26731696], [24.66888883, 60.26730843], [24.66892463, 60.26730601], [24.6689604, 60.26730655], [24.66899449, 60.26731211], [24.66900746, 60.267316], [24.66905978, 60.26734063], [24.66908682, 60.26734689], [24.66911942, 60.26733961], [24.66917386, 60.26731614], [24.66920538, 60.26730743], [24.66921839, 60.26730683], [24.66924865, 60.26731606], [24.66926375, 60.26732436], [24.66928529, 60.2673385], [24.6693041, 60.26735372], [24.66931857, 60.26737018], [24.66932761, 60.26738761], [24.66932812, 60.26739084], [24.66932848, 60.26740871], [24.66932451, 60.26742656], [24.66931837, 60.26744413], [24.66928514, 60.26751406], [24.66927954, 60.26753182], [24.66927719, 60.26754967], [24.66927972, 60.26756763], [24.66929091, 60.26758722], [24.66930918, 60.26760271], [24.66932963, 60.26761739], [24.66934899, 60.2676326], [24.66935597, 60.26763935], [24.66936663, 60.26765643], [24.66937079, 60.26767439], [24.66937169, 60.26769226], [24.66936916, 60.26772806], [24.66936898, 60.26774601], [24.66937151, 60.26776388], [24.66937519, 60.26777538], [24.66938912, 60.26779193], [24.66940521, 60.26780794], [24.66944067, 60.26783918], [24.66944927, 60.26784647], [24.66946483, 60.26786275], [24.66947767, 60.26787957], [24.66948888, 60.26789647], [24.66953046, 60.26796532], [24.66953742, 60.26797441], [24.66955134, 60.26799087], [24.66956744, 60.26800697], [24.6696029, 60.26803829], [24.66961741, 60.26805036], [24.66979226, 60.2680726], [24.66990867, 60.26813976], [24.66993519, 60.26819736], [24.6699059, 60.26825275], [24.66990736, 60.26832303], [24.66998012, 60.2684179], [24.67007263, 60.26849021], [24.6701439, 60.2685174], [24.67030214, 60.26862971], [24.67045587, 60.26870414], [24.67049427, 60.2687133], [24.67078005, 60.26875476], [24.67094531, 60.26876091], [24.67109106, 60.26876648], [24.67141726, 60.26877707], [24.67175786, 60.26875772], [24.67183384, 60.26874794], [24.67193603, 60.26871921], [24.67204262, 60.26873877], [24.67213959, 60.26879851], [24.67223293, 60.26889595], [24.67224003, 60.26899864], [24.67226724, 60.26909654], [24.67232628, 60.26915521], [24.67248016, 60.26926975], [24.67264895, 60.26935678], [24.67273866, 60.26938456], [24.67288702, 60.26940081], [24.6729632, 60.2694255], [24.67302043, 60.26950292], [24.67308221, 60.26955791], [24.67321909, 60.26958472], [24.67330635, 60.2696396], [24.67336927, 60.26968948], [24.67350724, 60.26982427], [24.67362023, 60.26990891], [24.67373243, 60.26996367], [24.67385119, 60.27001341], [24.67404183, 60.27008461], [24.67418091, 60.27010829], [24.67427877, 60.27007927], [24.67449978, 60.27009453], [24.67475369, 60.27012567], [24.67502502, 60.27020549], [24.67533784, 60.27030938], [24.67556, 60.27037329], [24.67578132, 60.27041279], [24.67604265, 60.27040732], [24.67620632, 60.27041059], [24.67633849, 60.27047491], [24.67642027, 60.27048265], [24.67649399, 60.2704822], [24.67661578, 60.27044507], [24.67676277, 60.27043618], [24.67679686, 60.27049703], [24.67684634, 60.27053736], [24.67699371, 60.27054472], [24.67714925, 60.27054797], [24.67736946, 60.27053459], [24.67755795, 60.27054986], [24.67773797, 60.27054491], [24.67796738, 60.27058846], [24.6781637, 60.27057933], [24.67863795, 60.27058506], [24.67879303, 60.27058013], [24.67936983, 60.27041073], [24.67976009, 60.27030316], [24.67984007, 60.27021745], [24.6800108, 60.27016383], [24.68009032, 60.27007014], [24.68018656, 60.2699843], [24.68028391, 60.26995124], [24.68039871, 60.26996282], [24.68046392, 60.26994637], [24.68059529, 60.26998223], [24.68082452, 60.26998907], [24.68090552, 60.2699644], [24.68106304, 60.26987628], [24.6812982, 60.26977354], [24.68153444, 60.2697277], [24.68174694, 60.2697266], [24.68187716, 60.26971371], [24.68215602, 60.26974481], [24.68225413, 60.26974424], [24.68245064, 60.26977163], [24.68276946, 60.26976189], [24.68295714, 60.26974861], [24.68317738, 60.26973136], [24.68331039, 60.26970978], [24.68334079, 60.26970581], [24.68336643, 60.2697451], [24.68334825, 60.26977503], [24.68327535, 60.26980286], [24.68311494, 60.26985391], [24.68303805, 60.26990246], [24.6829562, 60.26995764], [24.68293399, 60.2700127], [24.68295317, 60.27004694], [24.68299553, 60.27009488], [24.68302436, 60.27014036], [24.68302995, 60.27017933], [24.68301699, 60.27022965], [24.6830414, 60.27028455], [24.68308294, 60.27030493], [24.68314345, 60.27032518], [24.68318027, 60.27032958], [24.68325395, 60.27033379], [24.68334164, 60.27034702], [24.68340218, 60.27036511], [24.68342976, 60.27037173], [24.68347145, 60.27037614], [24.68356316, 60.27036657], [24.68364575, 60.2703455], [24.68372842, 60.27031769], [24.68381973, 60.27029188], [24.68389305, 60.27027778], [24.68399446, 60.27027282], [24.68414638, 60.27025819], [24.68421963, 60.27025092], [24.68429456, 60.27023745], [24.68434456, 60.27022465], [24.68440651, 60.27020837], [24.68447063, 60.27019192], [24.68450827, 60.27016768], [24.68476185, 60.27181239], [24.68485606, 60.27238803], [24.68453205, 60.27349778], [24.68412447, 60.27354384], [24.68375014, 60.27357185], [24.68355369, 60.27359239], [24.68327575, 60.27363148], [24.68301375, 60.27370338], [24.68214448, 60.27400844], [24.6815659, 60.27424463], [24.68119975, 60.27443403], [24.68072081, 60.27468033], [24.68010052, 60.27496641], [24.67981048, 60.27507737], [24.67936505, 60.27522106], [24.67915301, 60.27528221], [24.67866394, 60.27539789], [24.67828439, 60.27545809], [24.67792989, 60.27550597], [24.67753581, 60.2755542], [24.67744139, 60.27556286], [24.67918799, 60.27580655], [24.68416268, 60.27649781], [24.68512372, 60.27663455], [24.68417272, 60.27674987], [24.68556721, 60.27804715], [24.68548199, 60.27805754], [24.68578495, 60.27937082], [24.68586087, 60.27936992], [24.69031813, 60.27997527], [24.69320778, 60.28036702], [24.6961408, 60.28076679], [24.69612476, 60.28080157], [24.69567406, 60.28192085], [24.69502807, 60.28380168], [24.69392548, 60.28549701], [24.69395375, 60.28554787], [24.69405454, 60.28573102], [24.69277623, 60.28602668], [24.69113808, 60.28640559], [24.69110864, 60.2864224], [24.69108028, 60.28643867], [24.68956809, 60.28697196], [24.6887132, 60.2872735], [24.68819372, 60.28686606], [24.68740497, 60.28711157], [24.68738974, 60.2871162], [24.68679366, 60.28655339], [24.68636745, 60.28615092], [24.6859826, 60.28573346], [24.68388708, 60.28623829], [24.68223147, 60.28661642], [24.68192547, 60.28741145], [24.68338005, 60.28752307], [24.68442894, 60.28797586], [24.68461683, 60.28845801], [24.68394903, 60.28903534], [24.68276349, 60.28919362], [24.68262958, 60.28941095], [24.67738961, 60.28974245], [24.67586474, 60.29053135], [24.67471316, 60.29015507], [24.67400171, 60.29057364], [24.67296021, 60.29118078], [24.67254267, 60.2911688], [24.6719938, 60.29143411], [24.6719252, 60.29151355], [24.67164687, 60.29195418], [24.66962623, 60.2931463]]]}, "geometry_name": "geom", "properties": {"posnro": "02940", "postitoimi": "ESPOO", "postitoiru": "ESBO", "nimi": "Lippajärvi-Järvenperä", "nimiru": "Klappträsk-Träskända", "kunta": "Espoo", "kunta_nro": "049"}}, {"type": "Feature", "id": "pks_postinumeroalueet_2024.169", "geometry": {"type": "Polygon", "coordinates": [[[24.76030376, 60.32524274], [24.76058459, 60.32530194], [24.76092776, 60.32537445], [24.76092776, 60.32537463], [24.76662113, 60.31171935], [24.77180193, 60.29923196], [24.77171374, 60.29888662], [24.77171375, 60.29888509], [24.77170056, 60.29883131], [24.7716642, 60.29867741], [24.77163995, 60.29857514], [24.7716347, 60.29855117], [24.77163207, 60.29853878], [24.77161516, 60.29847404], [24.77158241, 60.29834644], [24.77157872, 60.29833189], [24.77157395, 60.29831537], [24.77152908, 60.29813731], [24.77151641, 60.29808667], [24.77151377, 60.29807634], [24.77149898, 60.2980187], [24.77146204, 60.29787009], [24.77142456, 60.29772086], [24.7713423, 60.29738172], [24.77121728, 60.29687305], [24.77119776, 60.29679458], [24.77117983, 60.2967205], [24.77107226, 60.2962764], [24.77105188, 60.29616632], [24.77102311, 60.29601253], [24.77065918, 60.2945299], [24.77024836, 60.29285359], [24.76913897, 60.2883291], [24.76881633, 60.28701302], [24.76820763, 60.28704032], [24.76251445, 60.28729639], [24.76175817, 60.28733031], [24.75883448, 60.28768432], [24.75595796, 60.28803251], [24.75606809, 60.28853847], [24.75625445, 60.28936858], [24.75529663, 60.28943818], [24.75524726, 60.28943934], [24.75519849, 60.28943459], [24.7551606, 60.28942428], [24.75513951, 60.2894159], [24.75512114, 60.28940644], [24.75510603, 60.28939537], [24.75509365, 60.28938332], [24.75508615, 60.28937065], [24.75508137, 60.28935745], [24.75508153, 60.28933609], [24.75505229, 60.28918382], [24.75503367, 60.28913558], [24.75501109, 60.28910826], [24.75498308, 60.28908254], [24.75491991, 60.28904454], [24.75482352, 60.28902372], [24.75472377, 60.28901824], [24.75463265, 60.28901834], [24.75447042, 60.28902621], [24.7537005, 60.28906392], [24.75371989, 60.28915479], [24.75379458, 60.28953646], [24.75386308, 60.28987559], [24.75394196, 60.29027837], [24.75401773, 60.2906614], [24.75405435, 60.29084043], [24.75409825, 60.29106229], [24.75417659, 60.29146399], [24.75422991, 60.29173174], [24.75468972, 60.2941421], [24.75486563, 60.29506365], [24.7550264, 60.29590708], [24.75515715, 60.29648695], [24.75549373, 60.29798061], [24.75493866, 60.29791748], [24.75477929, 60.29790031], [24.75439116, 60.29785795], [24.75398677, 60.29781394], [24.75326307, 60.29773927], [24.75266956, 60.29766673], [24.75260232, 60.2976622], [24.75228551, 60.29765973], [24.75137248, 60.29765677], [24.75121243, 60.2976562], [24.75113366, 60.29767068], [24.75035853, 60.29772487], [24.74747133, 60.29792477], [24.74562206, 60.29811054], [24.745123, 60.29865986], [24.74402746, 60.29930487], [24.74436098, 60.29980957], [24.74381505, 60.29989486], [24.74288777, 60.30003981], [24.74152832, 60.2976773], [24.73918947, 60.29802447], [24.7385497, 60.29804206], [24.73605354, 60.29811046], [24.73565252, 60.2981216], [24.73545991, 60.29812274], [24.73498832, 60.29813966], [24.73434149, 60.29815749], [24.73373326, 60.29883068], [24.73236218, 60.30030059], [24.72721001, 60.29997589], [24.72572619, 60.30152153], [24.72399219, 60.29957963], [24.72171702, 60.30005587], [24.72010257, 60.29819289], [24.71227085, 60.30057616], [24.7122085, 60.30094132], [24.71119303, 60.30103884], [24.71084087, 60.30147265], [24.70907518, 60.30142554], [24.70592786, 60.3016447], [24.70603851, 60.30189105], [24.70337933, 60.3026046], [24.70384839, 60.30173639], [24.70349768, 60.30175832], [24.7009449, 60.30186811], [24.70091592, 60.30195143], [24.6999791, 60.30198495], [24.70022426, 60.30235115], [24.70245369, 60.30295796], [24.70092592, 60.30394487], [24.70059272, 60.30365125], [24.70009032, 60.30328886], [24.69977377, 60.30295732], [24.69938252, 60.30272352], [24.69838811, 60.30229252], [24.69798291, 60.301985], [24.69787147, 60.30159639], [24.69770344, 60.30128384], [24.69779237, 60.30064384], [24.69759119, 60.30039692], [24.69729686, 60.3001312], [24.69662357, 60.29965945], [24.69643412, 60.29937764], [24.69652216, 60.29912752], [24.6969736, 60.29877115], [24.69727663, 60.29844631], [24.69718794, 60.29800569], [24.69724827, 60.29775865], [24.69697652, 60.29775174], [24.69687301, 60.29791576], [24.69667808, 60.29787474], [24.69667556, 60.29773741], [24.696124, 60.29777601], [24.69599679, 60.29827142], [24.69523991, 60.2983931], [24.69498183, 60.29843442], [24.69535707, 60.29950388], [24.69453319, 60.30058155], [24.69319386, 60.30188455], [24.69704564, 60.30200818], [24.69705345, 60.30192742], [24.6970928, 60.30183731], [24.69715778, 60.30173433], [24.69725912, 60.30163116], [24.69739058, 60.30167248], [24.69757761, 60.30210148], [24.69785202, 60.30229247], [24.69806066, 60.30243915], [24.69744998, 60.30229084], [24.69018792, 60.30217044], [24.68780631, 60.30213103], [24.6862598, 60.30638897], [24.68663174, 60.3065365], [24.68687067, 60.30657664], [24.68718695, 60.30664282], [24.68742023, 60.30670655], [24.68769131, 60.30678994], [24.68778524, 60.30672841], [24.68853094, 60.30700687], [24.68826727, 60.30717104], [24.68816573, 60.30723417], [24.68799371, 60.30711951], [24.68783448, 60.30691378], [24.68786269, 60.30702891], [24.68771303, 60.30718733], [24.68764712, 60.3073271], [24.68759485, 60.30745847], [24.68456364, 60.30681729], [24.6845359, 60.30682387], [24.68071361, 60.30774046], [24.68052938, 60.30793361], [24.6802017, 60.30820065], [24.68011051, 60.30825841], [24.67999605, 60.30830875], [24.67945509, 60.30846362], [24.67854596, 60.30869487], [24.67818961, 60.3087852], [24.67800774, 60.30884687], [24.67782899, 60.30892237], [24.6779666, 60.30900177], [24.67747373, 60.30917614], [24.6754472, 60.30989255], [24.67305782, 60.31073854], [24.67099476, 60.30972562], [24.66270125, 60.31127174], [24.65774522, 60.31222599], [24.65666186, 60.31243403], [24.65247456, 60.31323927], [24.65269678, 60.31843324], [24.65299515, 60.32551429], [24.6530032, 60.32577899], [24.65301867, 60.32631755], [24.6536863, 60.32628949], [24.65372322, 60.32644441], [24.65404874, 60.3278052], [24.65447676, 60.32959168], [24.65481328, 60.33099692], [24.65412575, 60.33099666], [24.65437709, 60.33141781], [24.65446828, 60.33157646], [24.65459786, 60.33180216], [24.65475511, 60.33203153], [24.6548966, 60.33220952], [24.655297, 60.33271129], [24.6552988, 60.33279862], [24.65525304, 60.33286268], [24.65513591, 60.33294899], [24.65496226, 60.33308936], [24.65496964, 60.33311119], [24.65501116, 60.33313957], [24.65511666, 60.33317763], [24.65520256, 60.33322102], [24.65521317, 60.33324439], [24.65515392, 60.33335229], [24.6550807, 60.33344554], [24.65482968, 60.33376459], [24.65545189, 60.33383504], [24.65740899, 60.34008295], [24.66623244, 60.33929886], [24.67606256, 60.33834872], [24.67919745, 60.33806148], [24.68775108, 60.33726392], [24.68994593, 60.33481458], [24.69207129, 60.33244286], [24.69524449, 60.32890081], [24.69674226, 60.3271948], [24.69854254, 60.32723282], [24.69981684, 60.33339983], [24.70134887, 60.34143373], [24.69705456, 60.34271879], [24.69072495, 60.34708173], [24.69077166, 60.34800225], [24.6872912, 60.3514355], [24.67245419, 60.35416805], [24.67110495, 60.35566233], [24.67013655, 60.35672978], [24.67007995, 60.3567913], [24.6696314, 60.35675429], [24.66926892, 60.3568032], [24.6691249, 60.35685598], [24.66881062, 60.35697663], [24.66845655, 60.35716163], [24.6680288, 60.35726934], [24.66762642, 60.35739471], [24.66740546, 60.35747673], [24.66911206, 60.35785516], [24.67034689, 60.35812964], [24.67007036, 60.35860195], [24.66981801, 60.35915438], [24.66823476, 60.35882374], [24.66470857, 60.36276877], [24.66512685, 60.36311546], [24.66560823, 60.36351176], [24.66596131, 60.36380345], [24.66597692, 60.36381848], [24.66606958, 60.36390083], [24.66607569, 60.36388801], [24.66611011, 60.36381836], [24.66611841, 60.36380357], [24.66614051, 60.36376943], [24.66615318, 60.36375268], [24.66616749, 60.36373611], [24.66618341, 60.36372018], [24.66620206, 60.36370425], [24.66622178, 60.36368931], [24.66624313, 60.36367473], [24.66626611, 60.36366088], [24.66631476, 60.36363425], [24.66641639, 60.36358317], [24.66642678, 60.36357781], [24.6665295, 60.363527], [24.66658248, 60.36350263], [24.66663816, 60.36347979], [24.66666981, 60.36346785], [24.66672927, 60.36344744], [24.66682143, 60.36341886], [24.66684761, 60.36341112], [24.66687923, 60.36340204], [24.66697516, 60.3633767], [24.66700785, 60.36336925], [24.66704109, 60.36336224], [24.6670754, 60.36335604], [24.66708737, 60.36335419], [24.66712222, 60.36334889], [24.66715706, 60.3633444], [24.6672278, 60.36333704], [24.66744322, 60.36332223], [24.66747369, 60.36331997], [24.66783114, 60.36329008], [24.66826093, 60.36325713], [24.66827997, 60.36325548], [24.66853024, 60.36323474], [24.66863794, 60.36322881], [24.66866513, 60.36322789], [24.66880977, 60.36322332], [24.66884568, 60.36322098], [24.66888159, 60.36321766], [24.66891642, 60.36321326], [24.66895073, 60.36320733], [24.66898396, 60.36320006], [24.66901558, 60.36319107], [24.66904558, 60.36318127], [24.6691045, 60.36316042], [24.66911541, 60.36315658], [24.66926757, 60.36310787], [24.66929703, 60.36309744], [24.66932542, 60.36308638], [24.66934344, 60.36307871], [24.66936966, 60.36306639], [24.66939479, 60.36305352], [24.66941885, 60.36304012], [24.66948831, 60.36299856], [24.66950034, 60.36299123], [24.66957196, 60.36295057], [24.66962224, 60.36292485], [24.66963644, 60.36291788], [24.66988159, 60.36281132], [24.6698887, 60.36280784], [24.66993897, 60.36278194], [24.66998654, 60.36275477], [24.67003086, 60.36272643], [24.67007247, 60.36269709], [24.67008561, 60.36268716], [24.67010479, 60.36267204], [24.67028846, 60.36251723], [24.6703027, 60.36250649], [24.670444, 60.3624021], [24.6704577, 60.36239172], [24.67053279, 60.36233043], [24.67063594, 60.36223564], [24.67064033, 60.36223125], [24.670771, 60.36210296], [24.67077978, 60.36209526], [24.6709694, 60.36194261], [24.67097707, 60.36193635], [24.67101272, 60.36190529], [24.67118066, 60.36174622], [24.67119437, 60.36173368], [24.67128214, 60.36165519], [24.67134021, 60.36160974], [24.67134842, 60.36160401], [24.67143056, 60.36154489], [24.67144974, 60.36152959], [24.67146674, 60.36151392], [24.67147278, 60.36150819], [24.67148762, 60.36149181], [24.67150084, 60.36147506], [24.67151188, 60.36145803], [24.67152184, 60.36144073], [24.67153017, 60.36142334], [24.67153796, 60.36140568], [24.67154353, 60.3613916], [24.67154915, 60.36137384], [24.67155766, 60.36133832], [24.67156581, 60.36128458], [24.67156587, 60.36127893], [24.67156894, 60.36124321], [24.67157184, 60.36122527], [24.67157691, 60.36120751], [24.6715847, 60.36119003], [24.67159519, 60.36117318], [24.67160841, 60.36115661], [24.67162488, 60.3611405], [24.67164297, 60.36112492], [24.67166215, 60.36110971], [24.67168241, 60.36109495], [24.6717032, 60.36108109], [24.67172563, 60.36106688], [24.6717486, 60.36105329], [24.6717732, 60.36103989], [24.67179833, 60.36102712], [24.67182508, 60.36101507], [24.67183491, 60.36101105], [24.67191788, 60.36097607], [24.6719441, 60.36096384], [24.67194847, 60.36096143], [24.67197198, 60.36094776], [24.67199333, 60.36093309], [24.67201251, 60.36091797], [24.67203006, 60.3609023], [24.67207946, 60.36085423], [24.67209867, 60.36083597], [24.67215295, 60.36078943], [24.67219293, 60.36075946], [24.67221482, 60.36074515], [24.6722274, 60.36073702], [24.67227388, 60.36070949], [24.67237279, 60.36065714], [24.67244928, 60.3606181], [24.6725028, 60.36059373], [24.67251099, 60.36059016], [24.67253882, 60.36057856], [24.67259612, 60.3605568], [24.67277826, 60.36049775], [24.67289933, 60.36045739], [24.67292771, 60.36044642], [24.67295501, 60.36043455], [24.67298068, 60.36042186], [24.67300418, 60.36040882], [24.67302715, 60.36039487], [24.6730485, 60.36038039], [24.67314709, 60.36030506], [24.67316461, 60.36029289], [24.67322647, 60.36024862], [24.67324565, 60.36023341], [24.6732632, 60.36021756], [24.67327584, 60.36020413], [24.67328959, 60.36018765], [24.67331276, 60.3601536], [24.67331995, 60.36014168], [24.6733299, 60.36012438], [24.67334765, 60.3600896], [24.67336159, 60.36005437], [24.67336438, 60.36004665], [24.67339082, 60.35995804], [24.67343519, 60.35986876], [24.67345022, 60.35983361], [24.6734519, 60.35982895], [24.67345642, 60.35981119], [24.67347996, 60.35968604], [24.67348503, 60.35966828], [24.67348615, 60.35966515], [24.67349339, 60.35964757], [24.67350226, 60.35963027], [24.67351276, 60.35961306], [24.67352435, 60.35959595], [24.67353756, 60.35957929], [24.67355131, 60.35956281], [24.67359854, 60.35951428], [24.6736188, 60.35949934], [24.67364177, 60.35948548], [24.67365652, 60.35947771], [24.67368328, 60.35946557], [24.67371273, 60.35945496], [24.67374327, 60.3594457], [24.67377596, 60.35943762], [24.67380919, 60.35943052], [24.67384349, 60.35942459], [24.67387832, 60.35941965], [24.6739137, 60.3594156], [24.6739496, 60.35941237], [24.6739855, 60.35940995], [24.6740937, 60.35940644], [24.674166, 60.35940536], [24.67418557, 60.35940523], [24.67436659, 60.35940352], [24.67443887, 60.35940459], [24.67447473, 60.3594063], [24.67451057, 60.35940899], [24.67454641, 60.3594124], [24.67456053, 60.35941405], [24.67459581, 60.35941871], [24.67463, 60.35942409], [24.67466419, 60.35943019], [24.67469782, 60.359437], [24.67479652, 60.3594595], [24.67482526, 60.35946603], [24.67498958, 60.35950395], [24.67505301, 60.35952089], [24.67508444, 60.35953021], [24.67509907, 60.35953491], [24.67521988, 60.3595747], [24.67525187, 60.35958294], [24.6752855, 60.35958949], [24.67532079, 60.35959406], [24.67535012, 60.35959584], [24.67538654, 60.35959575], [24.6754219, 60.35959314], [24.67545673, 60.35958829], [24.67548996, 60.35958101], [24.67551996, 60.35957094], [24.6755429, 60.35955933], [24.67556208, 60.35954412], [24.6755742, 60.35952719], [24.67557927, 60.35950943], [24.67558162, 60.35949148], [24.67558289, 60.35947363], [24.67558252, 60.35945576], [24.67558206, 60.35944777], [24.67558711, 60.35932231], [24.67558727, 60.35930616], [24.67557856, 60.35919861], [24.67557928, 60.35918066], [24.67558163, 60.35916272], [24.67558615, 60.35914487], [24.67559285, 60.35912721], [24.67560172, 60.3591099], [24.67561385, 60.35909288], [24.67561551, 60.35909019], [24.67563089, 60.35907381], [24.67564844, 60.35905814], [24.67566869, 60.35904329], [24.67569112, 60.35902917], [24.67571517, 60.35901594], [24.67574192, 60.35900362], [24.67576976, 60.35899211], [24.67579921, 60.35898186], [24.67583028, 60.3589726], [24.67584827, 60.35896798], [24.67588095, 60.35896043], [24.67591526, 60.35895423], [24.67595009, 60.3589492], [24.67598546, 60.35894525], [24.67605672, 60.35893941], [24.67612851, 60.35893509], [24.67614809, 60.35893415], [24.67619921, 60.35893194], [24.67634374, 60.35893696], [24.67635406, 60.35893717], [24.67664374, 60.35893976], [24.67671601, 60.35894227], [24.67673393, 60.3589433], [24.67694901, 60.35895971], [24.67698487, 60.35896159], [24.67702127, 60.35896275], [24.67703051, 60.35896278], [24.67706639, 60.3589625], [24.67710282, 60.35896134], [24.67713871, 60.358959], [24.67717408, 60.35895558], [24.67720945, 60.35895109], [24.67724375, 60.35894525], [24.6772639, 60.35894108], [24.67729714, 60.35893335], [24.6773282, 60.35892454], [24.67735874, 60.35891484], [24.6773882, 60.35890414], [24.67741603, 60.35889272], [24.67744278, 60.35888066], [24.67746899, 60.35886816], [24.6775209, 60.35884046], [24.67768004, 60.35874257], [24.67770246, 60.35872916], [24.67775055, 60.35870235], [24.67780135, 60.35867663], [24.67785431, 60.35865243], [24.67788215, 60.35864092], [24.67791052, 60.35862977], [24.67793998, 60.35861916], [24.67796561, 60.35861052], [24.67802721, 60.35859182], [24.67809097, 60.35857474], [24.67825441, 60.358536], [24.67828002, 60.35852978], [24.67860368, 60.35844961], [24.6786369, 60.35844224], [24.67865978, 60.35843745], [24.67876107, 60.35841804], [24.67907243, 60.35837032], [24.67910128, 60.35836608], [24.67948339, 60.35830992], [24.67955359, 60.35830121], [24.67958189, 60.35829777], [24.67968852, 60.35828708], [24.67976032, 60.35828178], [24.67979621, 60.35827989], [24.67983264, 60.35827854], [24.67986852, 60.358278], [24.67990493, 60.35827827], [24.6799408, 60.35827925], [24.6799522, 60.35827973], [24.6799886, 60.35828179], [24.6800239, 60.35828484], [24.68005974, 60.35828842], [24.68009448, 60.35829299], [24.68012922, 60.35829801], [24.68019758, 60.35830994], [24.68026485, 60.35832338], [24.68029793, 60.35833073], [24.68031528, 60.35833481], [24.68073055, 60.35844513], [24.68075765, 60.35845237], [24.68095341, 60.35849879], [24.68122407, 60.35855617], [24.68149369, 60.35860923], [24.68163587, 60.3586321], [24.68174064, 60.35864572], [24.68184762, 60.35865621], [24.68191931, 60.3586614], [24.68199103, 60.35866463], [24.68206385, 60.35866588], [24.68213941, 60.35866498], [24.68221118, 60.35866183], [24.68256963, 60.35863504], [24.68258649, 60.35863401], [24.68273113, 60.35862753], [24.68276703, 60.3586251], [24.68280239, 60.35862178], [24.68283722, 60.35861728], [24.68287152, 60.35861126], [24.68290421, 60.3586038], [24.68293582, 60.35859481], [24.68296473, 60.35858429], [24.68299256, 60.35857251], [24.68301769, 60.35855982], [24.68304228, 60.35854651], [24.68306524, 60.35853265], [24.68308438, 60.35852067], [24.6832305, 60.35841816], [24.68324089, 60.35841163], [24.68338678, 60.3583321], [24.68339552, 60.35832745], [24.68344415, 60.358301], [24.68346928, 60.35828814], [24.68349657, 60.35827618], [24.68352385, 60.35826601], [24.68355437, 60.35825666], [24.68358706, 60.35824893], [24.68362136, 60.35824255], [24.6836562, 60.3582376], [24.68369156, 60.35823383], [24.68372692, 60.35823095], [24.68390746, 60.35822133], [24.68398796, 60.35821533], [24.68405869, 60.35820822], [24.68412889, 60.35819942], [24.68423286, 60.35818369], [24.68436898, 60.3581587], [24.68439893, 60.35815249], [24.68476332, 60.35807284], [24.6847949, 60.35806673], [24.68493155, 60.35804308], [24.68514056, 60.35801297], [24.6851509, 60.35801165], [24.68543115, 60.35797597], [24.68550243, 60.3579685], [24.68550896, 60.35796771], [24.68561612, 60.35795836], [24.6856879, 60.3579544], [24.68572433, 60.35795323], [24.6857602, 60.35795305], [24.68579661, 60.3579543], [24.68583245, 60.35795717], [24.68586719, 60.35796165], [24.6858889, 60.35796529], [24.68592198, 60.35797255], [24.68595342, 60.35798151], [24.68598322, 60.35799172], [24.68601137, 60.35800291], [24.68603789, 60.358015], [24.68606331, 60.35802781], [24.68608764, 60.35804124], [24.68620438, 60.35810991], [24.68622709, 60.3581227], [24.68627738, 60.35814876], [24.68632987, 60.35817348], [24.68638508, 60.35819676], [24.68650099, 60.35823976], [24.68662451, 60.35828107], [24.6866863, 60.3582997], [24.68674972, 60.35831708], [24.6867828, 60.35832488], [24.68681644, 60.3583316], [24.68685117, 60.35833662], [24.68688647, 60.35833993], [24.68691092, 60.35834107], [24.68694679, 60.35834088], [24.68698269, 60.35833881], [24.68701805, 60.35833504], [24.68705289, 60.35832937], [24.68708611, 60.35832263], [24.6871188, 60.35831508], [24.68715149, 60.3583069], [24.68721416, 60.35828919], [24.68723924, 60.35828153], [24.6873292, 60.35825176], [24.68741648, 60.35821947], [24.68749998, 60.35818494], [24.68752672, 60.35817288], [24.68753873, 60.35816726], [24.68777028, 60.35805337], [24.68779703, 60.35804131], [24.6878194, 60.35803167], [24.68787614, 60.35800919], [24.68796503, 60.35797816], [24.6881809, 60.35791243], [24.68819616, 60.3579078], [24.68856629, 60.35779441], [24.68862896, 60.3577767], [24.68865021, 60.35777109], [24.68913995, 60.35765439], [24.68915465, 60.35765084], [24.6896706, 60.35752037], [24.68970329, 60.35751282], [24.68973106, 60.35750669], [24.68986449, 60.357479], [24.69000114, 60.35745491], [24.69013993, 60.35743441], [24.69028085, 60.35741813], [24.69035374, 60.35741157], [24.69049732, 60.35740194], [24.69064195, 60.35739644], [24.69096807, 60.35739496], [24.69104306, 60.35739585], [24.69147995, 60.35740656], [24.69184125, 60.35742023], [24.69191295, 60.35742443], [24.69192164, 60.35742508], [24.69210143, 60.35743708], [24.69217315, 60.3574402], [24.69220956, 60.35744083], [24.69224597, 60.357441], [24.69225902, 60.35744094], [24.6922949, 60.35744004], [24.69233078, 60.35743841], [24.69236668, 60.35743589], [24.69240258, 60.35743248], [24.69243741, 60.35742798], [24.6924717, 60.35742231], [24.69250493, 60.35741521], [24.6925131, 60.35741335], [24.6925447, 60.3574048], [24.69257523, 60.357395], [24.69260413, 60.35738439], [24.69263142, 60.3573726], [24.69265708, 60.35736001], [24.69268113, 60.3573466], [24.6927265, 60.35731852], [24.69278996, 60.35727478], [24.69280967, 60.35725975], [24.69282061, 60.35725169], [24.69296906, 60.35712854], [24.69300414, 60.35709711], [24.69317849, 60.35693614], [24.69318287, 60.35693238], [24.69327708, 60.35685559], [24.69333836, 60.35681113], [24.69338211, 60.3567826], [24.69342857, 60.35675515], [24.69344441, 60.35674621], [24.69352032, 60.3567077], [24.6938445, 60.3565643], [24.69385378, 60.35656038], [24.69403288, 60.35647149], [24.69420603, 60.35637926], [24.69440971, 60.35627696], [24.69451669, 60.35622865], [24.69462907, 60.3561834], [24.69465143, 60.35617511], [24.69474031, 60.35614417], [24.69483242, 60.35611593], [24.69489618, 60.35609839], [24.69496046, 60.3560822], [24.6950269, 60.35606773], [24.69505358, 60.3560624], [24.69515538, 60.35604397], [24.69525988, 60.35602868], [24.69550635, 60.35599936], [24.6955341, 60.35599637], [24.69581593, 60.35596291], [24.69591988, 60.35594771], [24.69594873, 60.35594302], [24.69601732, 60.35593088], [24.6960843, 60.3559173], [24.69614966, 60.35590201], [24.6961818, 60.35589356], [24.69621286, 60.35588456], [24.69624285, 60.35587458], [24.69627175, 60.35586378], [24.69629904, 60.355852], [24.6963247, 60.35583922], [24.6963482, 60.35582572], [24.69637007, 60.35581132], [24.69638977, 60.3557962], [24.69640731, 60.35578053], [24.69642268, 60.35576423], [24.69643588, 60.35574757], [24.69644745, 60.35573054], [24.69646679, 60.35569594], [24.69648234, 60.35566098], [24.69649462, 60.35562564], [24.69649798, 60.3556156], [24.69650809, 60.35557963], [24.69652146, 60.3555443], [24.69653809, 60.35550942], [24.69656847, 60.35545761], [24.69660482, 60.3554069], [24.69669938, 60.35529043], [24.69670322, 60.35528595], [24.69686432, 60.3550859], [24.6969247, 60.35502079], [24.69693513, 60.35501014], [24.6971801, 60.35479017], [24.69719709, 60.35477459], [24.697422, 60.35454929], [24.69743515, 60.35453729], [24.69759352, 60.35439602], [24.69765209, 60.35435074], [24.69771554, 60.35430717], [24.69773084, 60.3542976], [24.69775325, 60.35428365], [24.69780078, 60.35425648], [24.69785048, 60.35423029], [24.69790234, 60.35420519], [24.69791981, 60.35419724], [24.69793127, 60.35419215], [24.69814411, 60.35409498], [24.69859388, 60.35388293], [24.69965217, 60.35338962], [24.69966581, 60.35338346], [24.70015794, 60.35317168], [24.70016721, 60.35316766], [24.70051375, 60.35300958], [24.70053941, 60.35299698], [24.70055196, 60.3529909], [24.70060868, 60.35296868], [24.70062177, 60.35296405], [24.70065229, 60.35295415], [24.70068335, 60.35294489], [24.70070406, 60.35293892], [24.70096664, 60.35286816], [24.70327255, 60.352856], [24.70352093, 60.3528518], [24.70438905, 60.35270366], [24.70578285, 60.35235465], [24.70704261, 60.35204096], [24.70994985, 60.35131387], [24.71139526, 60.35095119], [24.72000768, 60.34885637], [24.7224222, 60.34824187], [24.72488299, 60.34767104], [24.72573945, 60.34745928], [24.72637372, 60.34730801], [24.7276281, 60.34700507], [24.72851989, 60.34678816], [24.73005073, 60.34642625], [24.73102744, 60.3461868], [24.73139169, 60.3460924], [24.7320183, 60.34594063], [24.73229269, 60.34587252], [24.73396789, 60.34545575], [24.73658209, 60.34480765], [24.74019679, 60.34397243], [24.74296794, 60.34330188], [24.74463016, 60.34291053], [24.74495509, 60.34283406], [24.74592018, 60.34259241], [24.74793237, 60.34210753], [24.7492881, 60.34178349], [24.74917687, 60.34105817], [24.74915789, 60.34091228], [24.74915737, 60.34090977], [24.74915684, 60.34090743], [24.74899634, 60.33987893], [24.74886374, 60.3390377], [24.74880815, 60.3387082], [24.74869129, 60.33801105], [24.74867619, 60.33785503], [24.74867469, 60.33783869], [24.74838478, 60.33598467], [24.74476393, 60.33635688], [24.74266286, 60.33575185], [24.74311771, 60.33503076], [24.74810891, 60.33421512], [24.7479911, 60.3335045], [24.7478365, 60.33249512], [24.74762344, 60.33124994], [24.74756578, 60.33076956], [24.74755063, 60.33062189], [24.74628673, 60.32252783], [24.74624796, 60.32227735], [24.74693528, 60.3224202], [24.74694341, 60.32242192], [24.74695154, 60.32242373], [24.75125928, 60.32333333], [24.75126416, 60.32333442], [24.75126579, 60.3233346], [24.75126579, 60.32333478], [24.75126687, 60.32333496], [24.75127934, 60.32333759], [24.75284757, 60.32366883], [24.75284811, 60.32366892], [24.75284866, 60.32366892], [24.7556773, 60.32426607], [24.75569736, 60.3242705], [24.75571579, 60.32427431], [24.75599443, 60.32433325], [24.7560107, 60.3243366], [24.75601124, 60.32433669], [24.76028804, 60.32523957], [24.76030376, 60.32524274]]]}, "geometry_name": "geom", "properties": {"posnro": "02970", "postitoimi": "ESPOO", "postitoiru": "ESBO", "nimi": "Kalajärvi", "nimiru": "Kalajärvi", "kunta": "Espoo", "kunta_nro": "049"}}, {"type": "Feature", "id": "pks_postinumeroalueet_2024.170", "geometry": {"type": "Polygon", "coordinates": [[[24.64216321, 60.30710187], [24.64179425, 60.30684768], [24.64135764, 60.30692495], [24.64131625, 60.30679029], [24.64125977, 60.3065461], [24.64125599, 60.30634675], [24.64126395, 60.30611503], [24.64131333, 60.30596698], [24.64132343, 60.30583812], [24.64132078, 60.30568383], [24.64135585, 60.30550352], [24.64129313, 60.30528516], [24.64115108, 60.30497701], [24.64113567, 60.30484835], [24.6410805, 60.30433715], [24.64109196, 60.30393508], [24.64102273, 60.30371661], [24.64099846, 60.30345617], [24.64104686, 60.30295108], [24.64112108, 60.30261534], [24.63763046, 60.30384635], [24.63563663, 60.30454959], [24.63552604, 60.3045886], [24.62518949, 60.30822637], [24.62210967, 60.30493806], [24.62215268, 60.30483156], [24.62219161, 60.30470323], [24.62221194, 60.30454012], [24.62218609, 60.30442911], [24.6221294, 60.30435705], [24.62206349, 60.30428461], [24.62200619, 60.30421938], [24.62194696, 60.30417882], [24.62187894, 60.30414856], [24.62178511, 60.3041447], [24.62168528, 60.30414379], [24.62160007, 60.30414552], [24.62149786, 60.30416202], [24.62139992, 60.30418561], [24.62107345, 60.30384057], [24.61950149, 60.30215858], [24.61638913, 60.29882794], [24.61627557, 60.29884198], [24.61618485, 60.2988524], [24.61610294, 60.2988509], [24.61599893, 60.29883795], [24.61585603, 60.29880944], [24.61579026, 60.29872713], [24.61560946, 60.29864538], [24.61533805, 60.29851956], [24.61518283, 60.29843134], [24.61500244, 60.29836206], [24.61478242, 60.29824878], [24.61465193, 60.29813487], [24.61461284, 60.29809059], [24.61455105, 60.29804015], [24.61446371, 60.29799287], [24.61445155, 60.29796591], [24.61399238, 60.29701597], [24.6145184, 60.29689678], [24.6115247, 60.29366186], [24.61033712, 60.29353731], [24.60881986, 60.29417504], [24.60881331, 60.29417798], [24.60532452, 60.29572453], [24.5995847, 60.29827612], [24.60018935, 60.29860931], [24.59766019, 60.29974523], [24.59695825, 60.30004216], [24.59636289, 60.29970441], [24.59238391, 60.30139381], [24.5890793, 60.3027987], [24.5850648, 60.30457609], [24.59043258, 60.30782737], [24.59982691, 60.30797581], [24.59994729, 60.30802787], [24.5997314, 60.30819685], [24.59961493, 60.30826884], [24.59950234, 60.30833376], [24.59859344, 60.30872234], [24.59848646, 60.30881617], [24.59834966, 60.30895146], [24.5983171, 60.30899606], [24.59825957, 60.30908421], [24.59822347, 60.30915114], [24.59812089, 60.30932926], [24.59565633, 60.31056541], [24.59642658, 60.31324089], [24.60007192, 60.31315039], [24.60389903, 60.31221064], [24.60637373, 60.31160309], [24.60714766, 60.31169702], [24.60697386, 60.31220424], [24.60376167, 60.31369287], [24.60056065, 60.31517598], [24.6024458, 60.31768028], [24.60505484, 60.32113522], [24.60386226, 60.32152254], [24.60351888, 60.32163362], [24.59868223, 60.32320847], [24.59565354, 60.32418532], [24.59746828, 60.32584893], [24.59761863, 60.32598653], [24.5991801, 60.32741797], [24.60091356, 60.32900652], [24.60159344, 60.32963118], [24.60177974, 60.3298072], [24.60196603, 60.32998341], [24.60499998, 60.33277974], [24.60581758, 60.33348188], [24.60600929, 60.3336624], [24.60690863, 60.33439126], [24.6079005, 60.335242], [24.60933225, 60.33737623], [24.61382134, 60.3440676], [24.61655961, 60.34804242], [24.61766458, 60.34963989], [24.61815715, 60.35036112], [24.61908465, 60.35120638], [24.62037199, 60.35237541], [24.62055859, 60.35254495], [24.62265267, 60.35445348], [24.62671156, 60.35813627], [24.62783618, 60.35913218], [24.6360189, 60.3582816], [24.63728903, 60.35848576], [24.63799824, 60.35859261], [24.63975893, 60.35887123], [24.64051309, 60.35899407], [24.64068998, 60.35902192], [24.64092384, 60.359059], [24.64229666, 60.35927253], [24.64456378, 60.35962236], [24.64924024, 60.36035279], [24.65009275, 60.36048545], [24.65022191, 60.36050517], [24.65209242, 60.36080177], [24.65321193, 60.36097801], [24.66470857, 60.36276877], [24.66823476, 60.35882374], [24.66981801, 60.35915438], [24.67007036, 60.35860195], [24.67034689, 60.35812964], [24.66911206, 60.35785516], [24.66740546, 60.35747673], [24.66762642, 60.35739471], [24.6680288, 60.35726934], [24.66845655, 60.35716163], [24.66881062, 60.35697663], [24.6691249, 60.35685598], [24.66926892, 60.3568032], [24.6696314, 60.35675429], [24.67007995, 60.3567913], [24.67013655, 60.35672978], [24.67110495, 60.35566233], [24.67245419, 60.35416805], [24.6872912, 60.3514355], [24.69077166, 60.34800225], [24.69072495, 60.34708173], [24.69705456, 60.34271879], [24.70134887, 60.34143373], [24.69981684, 60.33339983], [24.69854254, 60.32723282], [24.69674226, 60.3271948], [24.69524449, 60.32890081], [24.69207129, 60.33244286], [24.68994593, 60.33481458], [24.68775108, 60.33726392], [24.67919745, 60.33806148], [24.67606256, 60.33834872], [24.66623244, 60.33929886], [24.65740899, 60.34008295], [24.65545189, 60.33383504], [24.65482968, 60.33376459], [24.6550807, 60.33344554], [24.65515392, 60.33335229], [24.65521317, 60.33324439], [24.65520256, 60.33322102], [24.65511666, 60.33317763], [24.65501116, 60.33313957], [24.65496964, 60.33311119], [24.65496226, 60.33308936], [24.65513591, 60.33294899], [24.65525304, 60.33286268], [24.6552988, 60.33279862], [24.655297, 60.33271129], [24.6548966, 60.33220952], [24.65475511, 60.33203153], [24.65459786, 60.33180216], [24.65446828, 60.33157646], [24.65437709, 60.33141781], [24.65412575, 60.33099666], [24.65481328, 60.33099692], [24.65447676, 60.32959168], [24.65404874, 60.3278052], [24.65372322, 60.32644441], [24.6536863, 60.32628949], [24.65301867, 60.32631755], [24.6530032, 60.32577899], [24.65299515, 60.32551429], [24.65269678, 60.31843324], [24.65247456, 60.31323927], [24.64699257, 60.30623959], [24.64405704, 60.30676356], [24.64240789, 60.3070581], [24.64216321, 60.30710187]]]}, "geometry_name": "geom", "properties": {"posnro": "02980", "postitoimi": "ESPOO", "postitoiru": "ESBO", "nimi": "Lakisto", "nimiru": "Lakisto", "kunta": "Espoo", "kunta_nro": "049"}}, {"type": "Feature", "id": "pks_postinumeroalueet_2024.171", "geometry": {"type": "Polygon", "coordinates": [[[25.07540469, 60.3701547], [25.07468264, 60.3701605], [25.07360541, 60.37034805], [25.07227223, 60.3710956], [25.07277206, 60.37115789], [25.07742301, 60.37360234], [25.07814708, 60.37327567], [25.07902981, 60.37447612], [25.08460868, 60.37221319], [25.08291907, 60.37043403], [25.08512381, 60.3702044], [25.08522108, 60.36976384], [25.08856842, 60.36924998], [25.08655856, 60.36789488], [25.08655856, 60.36789488], [25.08567212, 60.36822161], [25.08624402, 60.36860888], [25.08581057, 60.36877269], [25.08349822, 60.36919402], [25.08117866, 60.3700183], [25.07903254, 60.3706623], [25.07741963, 60.3710332], [25.07631896, 60.37050511], [25.07540469, 60.3701547]]]}, "geometry_name": "geom", "properties": {"posnro": "04260", "postitoimi": "KERAVA", "postitoiru": "KERVO", "nimi": "Savio", "nimiru": "Savio", "kunta": "Vantaa", "kunta_nro": "092"}}, {"type": "Feature", "id": "pks_postinumeroalueet_2024.172", "geometry": {"type": "Polygon", "coordinates": [[[25.04547281, 60.36539826], [25.04272069, 60.36440463], [25.03613428, 60.36796632], [25.03471152, 60.36955557], [25.03831506, 60.37080922], [25.04299172, 60.36794023], [25.0463825, 60.36934864], [25.04562905, 60.36788272], [25.04547281, 60.36539826]]]}, "geometry_name": "geom", "properties": {"posnro": "04320", "postitoimi": "TUUSULA", "postitoiru": "TUSBY", "nimi": "Riihikallio", "nimiru": "Riihikallio", "kunta": "Vantaa", "kunta_nro": "092"}}], "totalFeatures": 172, "numberMatched": 172, "numberReturned": 172, "timeStamp": "2026-04-14T08:55:29.594Z", "crs": {"type": "name", "properties": {"name": "urn:ogc:def:crs:EPSG::4326"}}}